datetime,open,high,low,close,volume
2026-08-05 22:00:00,64443.4,64559.9,64418.3,64528.7,1051.824
2026-08-05 22:05:00,64528.7,64696.7,64484.1,64668.3,2193.557
2026-08-05 22:10:00,64668.3,64728.5,64593.5,64593.5,2153.17
2026-08-05 22:15:00,64593.6,64606.7,64421.3,64540.7,1489.495
2026-08-05 22:20:00,64540.7,64550.1,64436.2,64463.2,406.219
2026-08-05 22:25:00,64463.3,64555.0,64442.3,64469.3,371.351
2026-08-05 22:30:00,64469.2,64566.5,64469.2,64548.1,345.344
2026-08-05 22:35:00,64548.2,64700.1,64487.0,64640.0,1418.573
2026-08-05 22:40:00,64639.9,64640.0,64521.1,64521.5,343.65
2026-08-05 22:45:00,64521.5,64527.5,64443.2,64480.7,426.856
2026-08-05 22:50:00,64480.7,64480.7,64395.1,64406.3,717.369
2026-08-05 22:55:00,64406.3,64412.0,64348.7,64353.6,630.725
2026-08-05 23:00:00,64353.6,64428.3,64352.5,64406.7,690.938
2026-08-05 23:05:00,64406.7,64495.0,64394.6,64478.5,336.646
2026-08-05 23:10:00,64478.5,64587.0,64473.5,64586.9,662.819
2026-08-05 23:15:00,64587.0,64617.6,64538.6,64598.4,475.76
2026-08-05 23:20:00,64598.4,64728.0,64595.1,64618.9,1291.613
2026-08-05 23:25:00,64618.9,64740.5,64618.9,64719.9,886.319
2026-08-05 23:30:00,64719.9,64731.9,64630.0,64671.6,642.159
2026-08-05 23:35:00,64671.5,64700.0,64620.9,64662.6,438.409
2026-08-05 23:40:00,64662.6,64707.6,64635.3,64654.1,354.039
2026-08-05 23:45:00,64654.0,64654.0,64588.5,64622.4,410.321
2026-08-05 23:50:00,64622.5,64634.5,64590.0,64604.6,162.811
2026-08-05 23:55:00,64604.6,64655.6,64584.0,64631.9,409.619
2026-08-06 00:00:00,64631.8,64667.2,64606.1,64628.7,229.659
2026-08-06 00:05:00,64628.8,64628.8,64581.2,64581.2,184.466
2026-08-06 00:10:00,64581.2,64622.9,64553.7,64553.8,236.432
2026-08-06 00:15:00,64553.8,64570.0,64515.1,64556.2,262.468
2026-08-06 00:20:00,64556.3,64557.5,64506.3,64557.5,238.196
2026-08-06 00:25:00,64557.5,64589.5,64543.0,64574.8,153.426
2026-08-06 00:30:00,64574.9,64587.2,64551.4,64569.9,160.722
2026-08-06 00:35:00,64569.8,64720.7,64566.5,64700.1,540.582
2026-08-06 00:40:00,64700.1,64719.1,64664.4,64664.5,505.214
2026-08-06 00:45:00,64664.5,64705.0,64638.7,64700.0,254.65
2026-08-06 00:50:00,64699.9,64738.0,64693.0,64733.3,515.584
2026-08-06 00:55:00,64733.2,64780.0,64722.6,64733.6,1180.481
2026-08-06 01:00:00,64733.6,64754.7,64714.0,64749.7,494.691
2026-08-06 01:05:00,64749.8,64749.8,64634.1,64652.3,522.704
2026-08-06 01:10:00,64652.3,64774.8,64641.8,64767.8,344.061
2026-08-06 01:15:00,64767.8,64785.5,64669.9,64670.0,629.236
2026-08-06 01:20:00,64669.9,64763.6,64649.9,64658.8,649.415
2026-08-06 01:25:00,64658.8,64701.2,64645.5,64692.8,575.68
2026-08-06 01:30:00,64692.7,64692.8,64641.0,64662.6,236.192
2026-08-06 01:35:00,64662.6,64759.4,64662.6,64755.1,292.227
2026-08-06 01:40:00,64755.1,64770.0,64719.7,64769.9,192.571
2026-08-06 01:45:00,64770.0,64810.0,64753.3,64757.4,1100.258
2026-08-06 01:50:00,64757.4,64771.5,64724.0,64724.0,172.454
2026-08-06 01:55:00,64724.0,64769.8,64724.0,64762.8,176.139
2026-08-06 02:00:00,64762.7,64887.9,64745.2,64865.4,1172.465
2026-08-06 02:05:00,64865.4,64887.9,64825.1,64860.3,716.136
2026-08-06 02:10:00,64860.3,64869.1,64817.5,64850.4,250.011
2026-08-06 02:15:00,64850.5,64854.5,64830.3,64834.0,189.487
2026-08-06 02:20:00,64834.1,64870.0,64832.2,64867.3,177.279
2026-08-06 02:25:00,64867.3,64896.3,64867.2,64877.6,380.525
2026-08-06 02:30:00,64877.5,64889.2,64846.4,64846.4,255.045
2026-08-06 02:35:00,64846.4,64889.2,64835.5,64883.0,217.836
2026-08-06 02:40:00,64882.9,64889.2,64863.1,64863.1,255.117
2026-08-06 02:45:00,64863.2,64863.2,64831.7,64840.8,336.71
2026-08-06 02:50:00,64840.8,64898.0,64840.8,64890.3,296.322
2026-08-06 02:55:00,64890.3,64895.0,64796.5,64805.7,289.033
2026-08-06 03:00:00,64805.7,64834.0,64780.0,64822.4,865.088
2026-08-06 03:05:00,64822.3,64827.2,64772.3,64827.2,320.41
2026-08-06 03:10:00,64827.1,64885.0,64827.1,64885.0,241.121
2026-08-06 03:15:00,64884.9,64893.2,64852.4,64852.4,216.371
2026-08-06 03:20:00,64852.4,65022.0,64838.0,64964.3,4949.14
2026-08-06 03:25:00,64964.3,64964.4,64893.9,64957.1,702.294
2026-08-06 03:30:00,64957.2,64959.8,64920.2,64920.3,255.951
2026-08-06 03:35:00,64920.3,64956.1,64906.6,64931.9,437.532
2026-08-06 03:40:00,64931.9,64968.5,64918.7,64952.2,309.144
2026-08-06 03:45:00,64952.2,64967.9,64872.0,64872.0,456.979
2026-08-06 03:50:00,64872.0,64881.4,64867.4,64875.0,141.374
2026-08-06 03:55:00,64875.0,64875.0,64801.2,64804.2,336.866
2026-08-06 04:00:00,64804.2,64804.3,64683.0,64763.0,756.583
2026-08-06 04:05:00,64762.6,64770.5,64726.4,64726.5,358.926
2026-08-06 04:10:00,64726.5,64793.1,64726.3,64755.7,250.446
2026-08-06 04:15:00,64755.8,64760.0,64735.7,64750.0,187.91
2026-08-06 04:20:00,64749.9,64750.0,64652.2,64668.5,553.116
2026-08-06 04:25:00,64668.4,64671.8,64635.6,64646.7,211.511
2026-08-06 04:30:00,64646.7,64727.7,64646.6,64676.1,296.56
2026-08-06 04:35:00,64676.0,64686.5,64637.7,64667.8,263.323
2026-08-06 04:40:00,64667.7,64714.2,64667.7,64694.1,314.059
2026-08-06 04:45:00,64694.1,64696.4,64648.0,64684.0,167.571
2026-08-06 04:50:00,64684.0,64743.3,64684.0,64714.4,352.585
2026-08-06 04:55:00,64714.3,64733.2,64710.0,64710.1,147.788
2026-08-06 05:00:00,64710.1,64747.5,64622.1,64651.0,440.251
2026-08-06 05:05:00,64651.0,64694.0,64645.8,64652.9,153.993
2026-08-06 05:10:00,64653.0,64714.0,64645.9,64658.4,179.708
2026-08-06 05:15:00,64658.5,64680.8,64655.6,64679.9,82.817
2026-08-06 05:20:00,64679.9,64684.8,64656.2,64678.1,94.157
2026-08-06 05:25:00,64678.1,64707.9,64652.9,64707.8,284.367
2026-08-06 05:30:00,64707.9,64766.2,64707.9,64728.1,249.302
2026-08-06 05:35:00,64728.1,64731.2,64668.5,64668.6,137.548
2026-08-06 05:40:00,64668.5,64669.0,64655.6,64666.3,83.092
2026-08-06 05:45:00,64666.3,64691.4,64658.1,64658.1,104.277
2026-08-06 05:50:00,64658.2,64659.9,64624.0,64624.1,115.473
2026-08-06 05:55:00,64624.0,64628.2,64601.0,64607.0,227.808
2026-08-06 06:00:00,64607.0,64607.0,64552.0,64595.3,437.703
2026-08-06 06:05:00,64595.3,64650.9,64576.7,64645.9,150.088
2026-08-06 06:10:00,64645.8,64665.3,64642.0,64654.2,119.083
2026-08-06 06:15:00,64654.2,64654.3,64598.4,64642.1,136.006
2026-08-06 06:20:00,64642.1,64710.0,64642.0,64700.0,248.511
2026-08-06 06:25:00,64699.9,64721.2,64662.5,64668.1,132.395
2026-08-06 06:30:00,64668.1,64677.3,64635.7,64636.2,94.13
2026-08-06 06:35:00,64636.3,64667.3,64636.3,64665.7,99.189
2026-08-06 06:40:00,64665.6,64684.1,64638.4,64638.4,158.73
2026-08-06 06:45:00,64638.4,64646.5,64535.6,64644.7,817.099
2026-08-06 06:50:00,64644.7,64644.8,64616.7,64641.8,169.399
2026-08-06 06:55:00,64641.8,64641.9,64610.2,64633.9,150.416
2026-08-06 07:00:00,64634.0,64646.4,64586.0,64586.0,230.658
2026-08-06 07:05:00,64586.0,64650.0,64586.0,64587.7,220.623
2026-08-06 07:10:00,64587.8,64616.2,64570.0,64572.9,280.307
2026-08-06 07:15:00,64572.9,64600.8,64533.9,64600.8,306.671
2026-08-06 07:20:00,64600.8,64689.2,64600.7,64680.7,307.156
2026-08-06 07:25:00,64680.6,64681.8,64654.6,64654.9,132.937
2026-08-06 07:30:00,64655.0,64673.4,64651.6,64665.2,117.717
2026-08-06 07:35:00,64665.2,64696.0,64651.0,64658.9,164.628
2026-08-06 07:40:00,64659.0,64665.0,64619.5,64619.6,130.337
2026-08-06 07:45:00,64619.6,64627.4,64593.4,64606.0,165.218
2026-08-06 07:50:00,64606.1,64659.9,64592.3,64653.0,146.901
2026-08-06 07:55:00,64653.1,64669.3,64614.8,64614.8,97.45
2026-08-06 08:00:00,64614.8,64620.3,64581.4,64615.4,270.849
2026-08-06 08:05:00,64615.4,64615.5,64557.7,64601.6,229.974
2026-08-06 08:10:00,64601.7,64606.7,64552.9,64579.7,126.952
2026-08-06 08:15:00,64579.8,64586.4,64550.0,64553.4,133.893
2026-08-06 08:20:00,64553.4,64553.4,64514.5,64533.6,246.507
2026-08-06 08:25:00,64533.7,64540.0,64486.3,64488.9,319.146
2026-08-06 08:30:00,64488.9,64555.5,64461.0,64540.9,517.255
2026-08-06 08:35:00,64540.9,64585.3,64516.4,64541.6,184.543
2026-08-06 08:40:00,64541.5,64553.6,64530.1,64541.3,109.566
2026-08-06 08:45:00,64541.3,64628.9,64535.2,64628.1,264.225
2026-08-06 08:50:00,64628.0,64634.9,64586.4,64591.2,108.774
2026-08-06 08:55:00,64591.1,64591.2,64560.0,64560.0,78.24
2026-08-06 09:00:00,64560.1,64565.9,64505.5,64541.0,175.108
2026-08-06 09:05:00,64540.9,64555.1,64512.5,64552.4,137.935
2026-08-06 09:10:00,64552.3,64627.6,64532.6,64532.6,214.117
2026-08-06 09:15:00,64532.5,64556.4,64488.0,64491.3,275.973
2026-08-06 09:20:00,64491.3,64526.1,64386.3,64520.3,2579.449
2026-08-06 09:25:00,64520.3,64528.1,64454.9,64495.7,335.282
2026-08-06 09:30:00,64495.7,64525.4,64470.9,64525.3,320.182
2026-08-06 09:35:00,64525.3,64536.4,64446.3,64508.4,210.831
2026-08-06 09:40:00,64508.3,64550.0,64504.1,64550.0,174.593
2026-08-06 09:45:00,64550.0,64569.5,64508.4,64546.2,325.898
2026-08-06 09:50:00,64546.3,64566.3,64537.1,64541.0,109.945
2026-08-06 09:55:00,64541.0,64550.7,64524.0,64550.6,133.423
2026-08-06 10:00:00,64550.7,64550.7,64485.4,64524.7,210.547
2026-08-06 10:05:00,64524.7,64537.4,64501.0,64532.1,149.336
2026-08-06 10:10:00,64532.1,64549.1,64527.8,64537.3,153.984
2026-08-06 10:15:00,64537.3,64537.3,64493.5,64499.8,98.869
2026-08-06 10:20:00,64499.7,64510.1,64477.2,64477.3,99.487
2026-08-06 10:25:00,64477.3,64509.9,64477.1,64509.8,172.283
2026-08-06 10:30:00,64509.9,64551.3,64489.1,64511.0,215.151
2026-08-06 10:35:00,64511.0,64521.6,64500.0,64505.1,156.097
2026-08-06 10:40:00,64505.0,64507.2,64471.4,64471.4,128.913
2026-08-06 10:45:00,64471.4,64501.1,64463.2,64501.1,132.553
2026-08-06 10:50:00,64501.1,64501.1,64471.3,64471.4,76.505
2026-08-06 10:55:00,64471.3,64511.0,64463.4,64496.2,273.318
2026-08-06 11:00:00,64496.3,64516.6,64462.4,64462.4,180.817
2026-08-06 11:05:00,64462.3,64529.0,64461.9,64527.1,219.406
2026-08-06 11:10:00,64527.1,64562.3,64518.5,64550.1,127.646
2026-08-06 11:15:00,64550.0,64615.8,64550.0,64598.4,302.66
2026-08-06 11:20:00,64598.3,64668.8,64593.8,64640.0,356.589
2026-08-06 11:25:00,64640.0,64666.9,64639.9,64666.9,191.55
2026-08-06 11:30:00,64666.9,64702.9,64655.8,64655.8,397.474
2026-08-06 11:35:00,64655.8,64694.4,64643.1,64643.1,394.949
2026-08-06 11:40:00,64643.1,64649.9,64623.8,64632.0,230.555
2026-08-06 11:45:00,64631.9,64632.0,64600.4,64619.2,120.741
2026-08-06 11:50:00,64619.3,64673.2,64619.2,64673.2,84.621
2026-08-06 11:55:00,64673.2,64700.0,64661.8,64695.9,256.604
2026-08-06 12:00:00,64695.9,64744.0,64695.6,64742.9,451.519
2026-08-06 12:05:00,64743.0,64971.7,64740.0,64927.5,1851.054
2026-08-06 12:10:00,64927.4,64927.5,64880.0,64885.2,695.367
2026-08-06 12:15:00,64885.2,64968.0,64874.9,64902.5,681.986
2026-08-06 12:20:00,64902.5,64950.0,64885.9,64950.0,378.35
2026-08-06 12:25:00,64949.9,64950.0,64850.8,64861.5,370.8
2026-08-06 12:30:00,64861.5,64889.1,64820.6,64855.4,350.786
2026-08-06 12:35:00,64855.4,64879.0,64822.7,64834.9,227.426
2026-08-06 12:40:00,64835.0,64878.5,64834.9,64877.5,135.769
2026-08-06 12:45:00,64877.6,64880.0,64839.4,64839.4,153.855
2026-08-06 12:50:00,64839.5,64862.8,64836.1,64836.1,130.962
2026-08-06 12:55:00,64836.1,64879.6,64831.3,64879.5,199.92
2026-08-06 13:00:00,64879.6,64879.6,64819.8,64847.1,322.963
2026-08-06 13:05:00,64847.1,64861.9,64815.0,64815.0,257.171
2026-08-06 13:10:00,64815.0,64815.1,64745.2,64755.6,436.517
2026-08-06 13:15:00,64755.6,64761.4,64712.6,64726.0,237.6
2026-08-06 13:20:00,64725.9,64804.5,64725.9,64792.7,190.64
2026-08-06 13:25:00,64792.8,64804.4,64784.1,64797.7,136.007
2026-08-06 13:30:00,64797.7,64820.1,64784.1,64818.9,141.057
2026-08-06 13:35:00,64818.8,64829.0,64791.2,64816.7,165.834
2026-08-06 13:40:00,64816.6,64816.7,64785.0,64811.2,91.089
2026-08-06 13:45:00,64811.2,64813.9,64780.0,64805.0,94.162
2026-08-06 13:50:00,64805.1,64823.8,64797.2,64817.0,163.109
2026-08-06 13:55:00,64817.1,64830.6,64806.6,64830.5,107.83
2026-08-06 14:00:00,64830.5,64830.5,64793.0,64793.6,121.874
2026-08-06 14:05:00,64793.6,64833.0,64793.6,64823.1,261.202
2026-08-06 14:10:00,64823.2,64918.3,64811.2,64911.8,418.175
2026-08-06 14:15:00,64911.8,64911.8,64859.9,64900.0,387.354
2026-08-06 14:20:00,64900.0,64944.3,64880.9,64918.8,501.294
2026-08-06 14:25:00,64918.7,64918.8,64867.6,64867.6,137.775
2026-08-06 14:30:00,64867.7,64867.7,64842.2,64855.6,239.517
2026-08-06 14:35:00,64855.6,64879.0,64834.8,64834.9,196.291
2026-08-06 14:40:00,64834.8,64834.9,64750.0,64787.5,643.219
2026-08-06 14:45:00,64787.6,64816.1,64787.5,64816.0,165.707
2026-08-06 14:50:00,64816.0,64818.6,64761.1,64794.9,401.984
2026-08-06 14:55:00,64795.0,64817.4,64786.0,64789.4,212.746
2026-08-06 15:00:00,64789.3,64830.1,64786.0,64814.7,353.16
2026-08-06 15:05:00,64814.8,64814.8,64765.0,64765.0,162.606
2026-08-06 15:10:00,64765.0,64769.8,64737.5,64745.4,391.889
2026-08-06 15:15:00,64745.4,64768.2,64730.9,64761.1,150.966
2026-08-06 15:20:00,64761.2,64814.8,64761.1,64805.0,257.534
2026-08-06 15:25:00,64805.0,64874.7,64804.9,64874.7,319.015
2026-08-06 15:30:00,64874.6,64896.9,64860.5,64874.5,183.465
2026-08-06 15:35:00,64874.5,64874.6,64840.7,64850.0,125.708
2026-08-06 15:40:00,64849.9,64880.0,64849.9,64853.7,105.449
2026-08-06 15:45:00,64853.7,64890.0,64853.6,64877.7,143.54
2026-08-06 15:50:00,64877.7,64971.0,64877.6,64940.4,741.945
2026-08-06 15:55:00,64940.4,64961.6,64907.4,64913.9,272.543
2026-08-06 16:00:00,64913.9,64917.5,64845.0,64849.5,303.938
2026-08-06 16:05:00,64849.5,64849.6,64757.8,64815.2,408.399
2026-08-06 16:10:00,64815.3,64815.3,64721.6,64746.8,328.398
2026-08-06 16:15:00,64746.7,64786.6,64736.1,64786.6,171.471
2026-08-06 16:20:00,64786.5,64817.8,64757.0,64771.8,380.207
2026-08-06 16:25:00,64771.7,64787.2,64693.2,64699.9,808.521
2026-08-06 16:30:00,64699.9,64700.0,64597.2,64664.5,1924.283
2026-08-06 16:35:00,64664.5,64679.2,64659.1,64659.1,205.201
2026-08-06 16:40:00,64659.2,64659.2,64631.5,64631.6,212.022
2026-08-06 16:45:00,64631.5,64662.9,64600.0,64650.9,346.897
2026-08-06 16:50:00,64650.8,64667.5,64644.9,64660.1,145.722
2026-08-06 16:55:00,64660.0,64664.8,64640.2,64649.1,151.283
2026-08-06 17:00:00,64649.1,64655.9,64605.1,64605.1,216.526
2026-08-06 17:05:00,64605.2,64625.7,64583.2,64604.8,271.182
2026-08-06 17:10:00,64604.8,64604.9,64558.0,64565.2,369.331
2026-08-06 17:15:00,64565.1,64640.4,64552.6,64637.3,373.425
2026-08-06 17:20:00,64637.3,64656.0,64616.9,64639.9,207.599
2026-08-06 17:25:00,64640.0,64652.4,64632.9,64646.6,131.779
2026-08-06 17:30:00,64646.6,64650.0,64631.0,64631.2,137.538
2026-08-06 17:35:00,64631.3,64639.9,64620.0,64621.4,96.513
2026-08-06 17:40:00,64621.4,64621.4,64591.5,64591.6,91.796
2026-08-06 17:45:00,64591.5,64620.8,64583.3,64609.4,186.382
2026-08-06 17:50:00,64609.4,64609.4,64577.7,64577.7,105.599
2026-08-06 17:55:00,64577.7,64589.3,64571.9,64589.2,123.782
2026-08-06 18:00:00,64589.3,64597.4,64520.6,64520.7,492.635
2026-08-06 18:05:00,64520.6,64520.7,64473.0,64517.5,751.974
2026-08-06 18:10:00,64517.6,64550.4,64517.5,64543.3,224.503
2026-08-06 18:15:00,64543.3,64616.2,64543.3,64596.2,291.964
2026-08-06 18:20:00,64596.2,64605.7,64562.6,64562.7,109.86
2026-08-06 18:25:00,64562.6,64566.9,64555.0,64555.1,115.921
2026-08-06 18:30:00,64555.1,64617.7,64552.1,64608.6,289.679
2026-08-06 18:35:00,64608.6,64629.0,64600.0,64612.3,282.018
2026-08-06 18:40:00,64612.3,64623.5,64612.2,64618.5,112.209
2026-08-06 18:45:00,64618.4,64621.5,64590.2,64594.6,202.668
2026-08-06 18:50:00,64594.6,64601.4,64552.0,64572.3,134.841
2026-08-06 18:55:00,64572.3,64603.1,64572.2,64590.1,154.72
2026-08-06 19:00:00,64590.1,64614.3,64519.0,64530.0,420.947
2026-08-06 19:05:00,64530.1,64530.1,64442.4,64442.4,465.063
2026-08-06 19:10:00,64442.5,64476.9,64437.8,64455.1,604.397
2026-08-06 19:15:00,64455.1,64463.3,64420.5,64441.7,464.59
2026-08-06 19:20:00,64441.6,64522.7,64441.6,64522.6,382.494
2026-08-06 19:25:00,64522.7,64522.7,64512.1,64519.7,71.674
2026-08-06 19:30:00,64519.7,64520.7,64477.4,64483.0,194.845
2026-08-06 19:35:00,64483.1,64568.5,64477.4,64568.4,250.649
2026-08-06 19:40:00,64568.5,64568.5,64494.6,64500.1,125.216
2026-08-06 19:45:00,64500.1,64509.0,64465.7,64474.9,143.981
2026-08-06 19:50:00,64475.0,64478.6,64437.0,64437.0,170.54
2026-08-06 19:55:00,64436.9,64445.7,64360.2,64392.4,983.628
2026-08-06 20:00:00,64392.4,64416.3,64337.6,64350.3,1459.677
2026-08-06 20:05:00,64350.3,64350.3,64173.0,64182.5,2617.746
2026-08-06 20:10:00,64182.6,64229.8,64172.0,64229.5,1016.233
2026-08-06 20:15:00,64229.5,64286.5,64195.0,64227.7,997.682
2026-08-06 20:20:00,64227.6,64262.7,64183.8,64189.9,505.351
2026-08-06 20:25:00,64189.9,64222.0,64111.0,64220.5,1157.898
2026-08-06 20:30:00,64220.5,64224.0,64143.0,64214.7,1178.104
2026-08-06 20:35:00,64214.8,64310.3,64173.8,64305.9,1255.418
2026-08-06 20:40:00,64305.9,64409.6,64293.5,64375.5,1180.411
2026-08-06 20:45:00,64375.6,64467.1,64351.8,64433.8,1104.699
2026-08-06 20:50:00,64433.9,64471.9,64376.0,64395.6,529.069
2026-08-06 20:55:00,64395.7,64501.0,64388.0,64404.8,896.75
2026-08-06 21:00:00,64404.8,64449.4,64354.2,64439.0,714.246
2026-08-06 21:05:00,64439.0,64500.0,64427.2,64448.8,763.252
2026-08-06 21:10:00,64448.8,64538.6,64441.3,64441.4,909.831
2026-08-06 21:15:00,64441.3,64467.9,64391.6,64392.3,492.112
2026-08-06 21:20:00,64392.3,64556.8,64392.2,64454.3,550.363
2026-08-06 21:25:00,64454.3,64491.3,64393.7,64402.5,372.138
2026-08-06 21:30:00,64402.4,64546.8,64333.0,64546.8,692.484
2026-08-06 21:35:00,64546.8,64635.1,64529.9,64551.8,1026.43
2026-08-06 21:40:00,64551.8,64813.1,64537.3,64785.1,2584.64
2026-08-06 21:45:00,64785.1,64825.0,64683.0,64688.9,1180.773
2026-08-06 21:50:00,64688.9,64716.6,64651.4,64692.6,598.076
2026-08-06 21:55:00,64692.6,64790.0,64690.9,64748.2,453.7
2026-08-06 22:00:00,64748.2,64813.5,64740.0,64773.2,580.163
2026-08-06 22:05:00,64773.2,64913.3,64739.0,64898.8,1435.116
2026-08-06 22:10:00,64898.8,64962.0,64823.4,64823.4,1942.182
2026-08-06 22:15:00,64823.4,64870.0,64700.0,64714.5,838.013
2026-08-06 22:20:00,64714.5,64797.2,64670.5,64776.0,855.871
2026-08-06 22:25:00,64775.6,64811.3,64737.6,64796.7,428.838
2026-08-06 22:30:00,64796.8,64844.0,64725.1,64725.1,475.31
2026-08-06 22:35:00,64725.1,64799.0,64674.4,64757.7,480.649
2026-08-06 22:40:00,64757.7,64770.0,64715.0,64724.6,225.586
2026-08-06 22:45:00,64724.6,64843.9,64722.1,64807.8,295.004
2026-08-06 22:50:00,64807.9,64834.2,64650.0,64650.1,417.648
2026-08-06 22:55:00,64650.0,64660.0,64588.5,64604.2,1378.421
2026-08-06 23:00:00,64604.2,64655.1,64565.2,64652.4,773.546
2026-08-06 23:05:00,64652.3,64687.4,64617.8,64672.1,426.874
2026-08-06 23:10:00,64672.2,64687.1,64588.1,64611.6,292.508
2026-08-06 23:15:00,64611.6,64661.3,64556.7,64648.7,338.27
2026-08-06 23:20:00,64648.6,64652.2,64572.5,64604.2,337.404
2026-08-06 23:25:00,64604.2,64631.7,64566.6,64617.1,305.332
2026-08-06 23:30:00,64617.2,64669.0,64581.3,64633.2,252.796
2026-08-06 23:35:00,64633.2,64675.3,64600.0,64665.7,220.636
2026-08-06 23:40:00,64665.7,64729.9,64663.5,64680.7,365.101
2026-08-06 23:45:00,64680.7,64702.4,64630.0,64679.5,266.78
2026-08-06 23:50:00,64679.6,64745.5,64679.6,64688.2,246.636
2026-08-06 23:55:00,64688.2,64730.3,64685.0,64723.2,171.718
2026-08-07 00:00:00,64723.3,64799.3,64723.2,64782.9,521.752
2026-08-07 00:05:00,64782.9,64807.4,64708.3,64708.3,277.39
2026-08-07 00:10:00,64708.4,64720.3,64685.8,64685.8,140.617
2026-08-07 00:15:00,64685.8,64700.4,64656.2,64688.4,149.876
2026-08-07 00:20:00,64688.4,64716.0,64640.2,64656.4,140.75
2026-08-07 00:25:00,64656.4,64687.7,64656.2,64656.3,56.251
2026-08-07 00:30:00,64656.2,64687.5,64619.8,64630.7,185.21
2026-08-07 00:35:00,64630.7,64643.4,64545.6,64549.7,405.674
2026-08-07 00:40:00,64549.7,64571.2,64514.1,64569.9,391.378
2026-08-07 00:45:00,64569.8,64600.0,64547.3,64559.1,301.85
2026-08-07 00:50:00,64559.2,64618.8,64559.1,64613.0,158.971
2026-08-07 00:55:00,64612.9,64619.5,64580.0,64583.1,148.075
2026-08-07 01:00:00,64583.1,64589.6,64466.7,64502.4,517.1
2026-08-07 01:05:00,64502.4,64502.4,64441.1,64477.2,343.883
2026-08-07 01:10:00,64477.2,64512.9,64456.0,64511.6,254.124
2026-08-07 01:15:00,64511.6,64537.9,64470.6,64521.6,336.453
2026-08-07 01:20:00,64521.6,64568.1,64503.1,64503.1,174.542
2026-08-07 01:25:00,64503.2,64510.6,64471.4,64484.5,268.004
2026-08-07 01:30:00,64484.5,64489.7,64408.0,64411.7,439.29
2026-08-07 01:35:00,64411.7,64442.2,64408.4,64408.4,239.98
2026-08-07 01:40:00,64408.5,64410.9,64374.3,64384.5,324.722
2026-08-07 01:45:00,64384.5,64421.0,64374.3,64376.9,218.285
2026-08-07 01:50:00,64376.9,64391.3,64355.1,64357.3,288.008
2026-08-07 01:55:00,64357.3,64400.0,64343.7,64388.8,266.83
2026-08-07 02:00:00,64388.8,64432.4,64383.5,64412.7,197.172
2026-08-07 02:05:00,64412.8,64419.4,64380.2,64414.9,143.513
2026-08-07 02:10:00,64414.9,64420.6,64402.9,64402.9,179.681
2026-08-07 02:15:00,64403.0,64411.3,64385.6,64399.7,151.819
2026-08-07 02:20:00,64399.7,64426.7,64390.9,64396.6,150.069
2026-08-07 02:25:00,64396.6,64400.2,64354.6,64366.1,258.32
2026-08-07 02:30:00,64366.1,64381.2,64323.2,64381.2,304.963
2026-08-07 02:35:00,64381.1,64422.1,64360.3,64395.1,226.623
2026-08-07 02:40:00,64395.0,64407.4,64374.7,64395.4,147.535
2026-08-07 02:45:00,64395.4,64406.6,64381.7,64384.8,217.053
2026-08-07 02:50:00,64384.8,64445.6,64368.0,64430.0,317.458
2026-08-07 02:55:00,64430.0,64441.4,64409.2,64412.8,382.531
2026-08-07 03:00:00,64412.8,64492.7,64412.7,64491.5,340.419
2026-08-07 03:05:00,64491.5,64510.7,64477.9,64485.4,281.336
2026-08-07 03:10:00,64485.3,64500.5,64476.6,64490.3,186.893
2026-08-07 03:15:00,64490.3,64494.0,64444.8,64455.8,161.798
2026-08-07 03:20:00,64455.9,64461.4,64408.5,64454.1,367.818
2026-08-07 03:25:00,64454.0,64458.2,64434.4,64450.1,83.093
2026-08-07 03:30:00,64450.2,64454.4,64425.9,64439.7,81.363
2026-08-07 03:35:00,64439.7,64460.0,64426.3,64439.2,84.568
2026-08-07 03:40:00,64439.2,64455.6,64429.3,64429.4,117.213
2026-08-07 03:45:00,64429.3,64431.9,64418.1,64431.9,67.136
2026-08-07 03:50:00,64431.9,64449.9,64403.7,64403.7,151.669
2026-08-07 03:55:00,64403.7,64418.2,64403.7,64403.7,111.478
2026-08-07 04:00:00,64403.7,64468.8,64403.7,64423.2,215.037
2026-08-07 04:05:00,64423.2,64468.5,64416.2,64436.4,181.784
2026-08-07 04:10:00,64436.4,64455.4,64416.2,64455.4,218.697
2026-08-07 04:15:00,64455.3,64490.2,64428.3,64452.2,163.081
2026-08-07 04:20:00,64452.1,64460.4,64430.5,64443.3,73.299
2026-08-07 04:25:00,64443.2,64443.3,64417.6,64417.6,65.306
2026-08-07 04:30:00,64417.7,64445.1,64417.6,64430.5,79.83
2026-08-07 04:35:00,64430.4,64434.0,64371.9,64392.5,247.993
2026-08-07 04:40:00,64392.5,64457.6,64380.9,64418.4,214.909
2026-08-07 04:45:00,64418.4,64437.2,64407.1,64412.7,78.422
2026-08-07 04:50:00,64412.7,64455.4,64412.7,64419.6,61.247
2026-08-07 04:55:00,64419.6,64423.7,64402.8,64411.8,86.414
2026-08-07 05:00:00,64411.9,64419.3,64350.0,64372.2,214.564
2026-08-07 05:05:00,64372.3,64408.9,64367.0,64392.7,82.807
2026-08-07 05:10:00,64392.6,64411.5,64386.6,64403.2,52.211
2026-08-07 05:15:00,64403.3,64407.5,64369.5,64372.5,56.791
2026-08-07 05:20:00,64372.6,64378.2,64294.3,64321.0,361.649
2026-08-07 05:25:00,64321.0,64340.8,64314.8,64335.8,120.452
2026-08-07 05:30:00,64335.9,64360.0,64315.4,64338.9,122.077
2026-08-07 05:35:00,64338.8,64346.9,64323.0,64346.9,77.928
2026-08-07 05:40:00,64347.0,64347.0,64301.7,64310.5,111.921
2026-08-07 05:45:00,64310.5,64340.2,64310.5,64333.7,71.109
2026-08-07 05:50:00,64333.8,64342.7,64320.0,64320.0,42.119
2026-08-07 05:55:00,64320.1,64321.7,64314.3,64317.8,73.756
2026-08-07 06:00:00,64317.7,64329.1,64300.0,64329.1,132.15
2026-08-07 06:05:00,64329.1,64333.1,64316.1,64332.3,75.531
2026-08-07 06:10:00,64332.3,64332.8,64307.3,64307.4,78.709
2026-08-07 06:15:00,64307.3,64312.8,64241.8,64243.5,473.73
2026-08-07 06:20:00,64243.5,64251.5,64205.0,64241.3,320.219
2026-08-07 06:25:00,64241.3,64241.5,64192.2,64219.7,382.304
2026-08-07 06:30:00,64219.6,64229.7,64201.0,64224.1,153.622
2026-08-07 06:35:00,64224.1,64224.1,64177.0,64188.1,245.877
2026-08-07 06:40:00,64188.0,64194.0,64174.2,64193.6,174.373
2026-08-07 06:45:00,64193.7,64220.0,64163.5,64197.1,223.75
2026-08-07 06:50:00,64197.1,64277.6,64197.0,64276.6,290.558
2026-08-07 06:55:00,64276.6,64306.3,64276.6,64300.0,213.078
2026-08-07 07:00:00,64299.9,64332.2,64279.2,64327.6,290.677
2026-08-07 07:05:00,64327.7,64387.3,64327.6,64347.7,288.224
2026-08-07 07:10:00,64347.7,64350.1,64254.4,64263.8,314.188
2026-08-07 07:15:00,64263.7,64272.1,64200.8,64245.7,295.682
2026-08-07 07:20:00,64245.8,64245.8,64195.2,64234.3,281.551
2026-08-07 07:25:00,64234.3,64287.9,64230.2,64244.5,198.903
2026-08-07 07:30:00,64244.5,64312.1,64203.2,64312.1,158.109
2026-08-07 07:35:00,64312.1,64312.1,64220.8,64256.6,142.547
2026-08-07 07:40:00,64256.7,64296.8,64216.7,64296.7,113.24
2026-08-07 07:45:00,64296.8,64312.8,64230.0,64236.9,98.493
2026-08-07 07:50:00,64236.9,64308.5,64236.8,64266.7,185.502
2026-08-07 07:55:00,64266.7,64298.3,64236.8,64291.9,142.707
2026-08-07 08:00:00,64291.9,64439.0,64291.9,64380.1,603.859
2026-08-07 08:05:00,64380.0,64404.2,64338.3,64340.9,213.63
2026-08-07 08:10:00,64340.9,64353.7,64316.6,64334.3,126.13
2026-08-07 08:15:00,64334.4,64334.4,64276.8,64328.8,151.907
2026-08-07 08:20:00,64328.8,64329.5,64291.2,64307.6,131.046
2026-08-07 08:25:00,64307.7,64406.4,64307.6,64397.5,179.472
2026-08-07 08:30:00,64397.5,64450.0,64386.6,64429.1,286.251
2026-08-07 08:35:00,64429.1,64429.1,64314.8,64314.8,149.408
2026-08-07 08:40:00,64314.8,64355.8,64263.0,64351.7,262.034
2026-08-07 08:45:00,64351.7,64404.8,64347.6,64404.8,100.42
2026-08-07 08:50:00,64404.8,64416.0,64357.1,64389.1,115.39
2026-08-07 08:55:00,64389.1,64421.7,64366.1,64394.8,146.949
2026-08-07 09:00:00,64394.7,64405.8,64363.0,64383.0,208.136
2026-08-07 09:05:00,64383.0,64389.7,64300.0,64303.6,118.003
2026-08-07 09:10:00,64303.7,64380.0,64220.0,64370.2,398.764
2026-08-07 09:15:00,64370.3,64524.8,64370.2,64432.7,1754.743
2026-08-07 09:20:00,64432.6,64432.7,64292.3,64338.6,530.841
2026-08-07 09:25:00,64338.6,64338.6,64272.8,64291.9,519.244
2026-08-07 09:30:00,64291.9,64322.5,64275.7,64281.3,194.561
2026-08-07 09:35:00,64281.3,64345.1,64273.7,64273.7,103.437
2026-08-07 09:40:00,64273.7,64393.9,64244.6,64382.5,516.037
2026-08-07 09:45:00,64382.5,64420.0,64376.7,64402.7,274.243
2026-08-07 09:50:00,64402.8,64446.1,64399.3,64399.3,218.315
2026-08-07 09:55:00,64399.4,64403.5,64362.4,64369.5,79.13
2026-08-07 10:00:00,64369.4,64380.5,64286.3,64325.9,526.529
2026-08-07 10:05:00,64325.9,64365.0,64322.7,64346.3,91.584
2026-08-07 10:10:00,64346.4,64354.3,64295.5,64307.5,74.214
2026-08-07 10:15:00,64307.5,64311.5,64285.5,64298.2,83.43
2026-08-07 10:20:00,64298.1,64312.6,64227.8,64278.7,447.731
2026-08-07 10:25:00,64278.7,64316.0,64275.4,64288.1,118.535
2026-08-07 10:30:00,64288.1,64347.0,64285.3,64308.7,142.087
2026-08-07 10:35:00,64308.7,64327.7,64278.4,64293.9,105.785
2026-08-07 10:40:00,64294.0,64324.7,64294.0,64311.3,83.361
2026-08-07 10:45:00,64311.4,64317.7,64276.5,64314.5,111.753
2026-08-07 10:50:00,64314.5,64345.6,64265.7,64286.2,121.158
2026-08-07 10:55:00,64286.3,64286.3,64244.0,64264.0,178.3
2026-08-07 11:00:00,64264.0,64269.8,64212.4,64269.8,233.078
2026-08-07 11:05:00,64269.8,64299.0,64234.2,64281.7,144.467
2026-08-07 11:10:00,64281.7,64300.0,64275.6,64281.1,83.356
2026-08-07 11:15:00,64281.1,64319.3,64277.2,64319.3,120.137
2026-08-07 11:20:00,64319.3,64340.2,64276.5,64287.5,329.218
2026-08-07 11:25:00,64287.6,64287.6,64256.3,64276.4,127.705
2026-08-07 11:30:00,64276.4,64299.9,64258.0,64299.9,231.369
2026-08-07 11:35:00,64300.0,64328.1,64237.2,64247.3,175.731
2026-08-07 11:40:00,64247.2,64250.0,64223.8,64226.0,144.326
2026-08-07 11:45:00,64226.1,64239.2,64189.1,64202.4,643.591
2026-08-07 11:50:00,64202.4,64202.4,64128.3,64175.9,671.631
2026-08-07 11:55:00,64176.0,64227.6,64175.9,64225.8,160.168
2026-08-07 12:00:00,64225.8,64225.8,64203.5,64217.9,198.66
2026-08-07 12:05:00,64217.9,64218.1,64161.2,64218.1,180.468
2026-08-07 12:10:00,64218.1,64235.0,64201.5,64219.1,138.065
2026-08-07 12:15:00,64219.1,64233.0,64176.8,64182.3,161.475
2026-08-07 12:20:00,64182.3,64199.5,64139.7,64150.9,223.196
2026-08-07 12:25:00,64150.9,64160.0,64141.9,64154.3,172.233
2026-08-07 12:30:00,64154.3,64172.3,64154.3,64162.7,140.261
2026-08-07 12:35:00,64162.7,64201.1,64162.6,64200.0,184.394
2026-08-07 12:40:00,64200.0,64254.5,64199.9,64250.1,292.009
2026-08-07 12:45:00,64250.1,64300.0,64226.6,64296.9,311.424
2026-08-07 12:50:00,64296.9,64370.1,64296.9,64355.7,486.42
2026-08-07 12:55:00,64355.8,64357.8,64310.6,64310.6,144.276
2026-08-07 13:00:00,64310.7,64321.1,64288.3,64299.2,264.318
2026-08-07 13:05:00,64299.1,64340.9,64299.1,64316.6,118.9
2026-08-07 13:10:00,64316.6,64397.3,64316.6,64388.5,266.579
2026-08-07 13:15:00,64388.5,64400.0,64358.7,64388.7,263.512
2026-08-07 13:20:00,64388.8,64414.4,64353.9,64414.4,229.893
2026-08-07 13:25:00,64414.4,64441.0,64389.3,64393.3,342.417
2026-08-07 13:30:00,64393.3,64404.2,64312.6,64319.9,290.271
2026-08-07 13:35:00,64320.0,64357.7,64319.9,64334.5,192.248
2026-08-07 13:40:00,64334.5,64346.9,64317.3,64335.4,121.568
2026-08-07 13:45:00,64335.4,64348.0,64276.8,64290.9,283.837
2026-08-07 13:50:00,64290.8,64290.9,64255.0,64288.8,216.337
2026-08-07 13:55:00,64288.9,64309.8,64280.1,64280.1,143.693
2026-08-07 14:00:00,64280.2,64281.4,64229.9,64274.1,156.439
2026-08-07 14:05:00,64274.2,64330.2,64274.1,64330.2,88.818
2026-08-07 14:10:00,64330.1,64347.7,64310.4,64310.5,129.106
2026-08-07 14:15:00,64310.4,64328.3,64308.0,64317.7,133.374
2026-08-07 14:20:00,64317.7,64405.0,64301.5,64400.1,1344.518
2026-08-07 14:25:00,64400.0,64401.1,64372.0,64377.0,349.556
2026-08-07 14:30:00,64377.0,64377.1,64346.2,64369.7,135.893
2026-08-07 14:35:00,64369.6,64393.3,64360.0,64360.0,152.266
2026-08-07 14:40:00,64360.0,64368.3,64337.6,64342.9,127.163
2026-08-07 14:45:00,64342.8,64342.9,64332.6,64342.5,100.785
2026-08-07 14:50:00,64342.6,64347.1,64340.4,64340.4,72.395
2026-08-07 14:55:00,64340.4,64340.5,64274.0,64288.9,249.358
2026-08-07 15:00:00,64288.8,64300.0,64268.9,64300.0,213.413
2026-08-07 15:05:00,64300.0,64315.2,64287.7,64288.5,157.209
2026-08-07 15:10:00,64288.5,64352.0,64285.0,64341.1,250.854
2026-08-07 15:15:00,64341.1,64412.6,64340.9,64390.7,484.659
2026-08-07 15:20:00,64390.6,64395.2,64378.3,64395.1,112.788
2026-08-07 15:25:00,64395.2,64426.8,64395.1,64421.4,171.817
2026-08-07 15:30:00,64421.5,64500.0,64421.4,64497.3,541.004
2026-08-07 15:35:00,64497.3,64498.3,64422.6,64459.7,300.919
2026-08-07 15:40:00,64459.7,64646.6,64459.6,64606.2,1440.624
2026-08-07 15:45:00,64606.3,64606.3,64555.2,64574.4,464.36
2026-08-07 15:50:00,64574.4,64584.0,64555.6,64562.9,216.446
2026-08-07 15:55:00,64562.9,64576.4,64547.8,64576.4,229.574
2026-08-07 16:00:00,64576.3,64666.0,64576.3,64662.5,673.947
2026-08-07 16:05:00,64662.5,64665.9,64635.0,64664.4,268.74
2026-08-07 16:10:00,64664.4,64746.0,64664.3,64700.1,1266.007
2026-08-07 16:15:00,64700.1,64757.4,64700.0,64757.3,585.455
2026-08-07 16:20:00,64757.2,64793.0,64703.6,64785.4,697.761
2026-08-07 16:25:00,64785.5,64857.0,64770.2,64806.0,1403.694
2026-08-07 16:30:00,64806.0,64913.1,64776.6,64895.0,1503.907
2026-08-07 16:35:00,64895.0,64939.4,64879.9,64908.8,1136.428
2026-08-07 16:40:00,64908.9,64922.0,64855.0,64878.0,542.613
2026-08-07 16:45:00,64877.9,64885.4,64811.6,64867.2,538.544
2026-08-07 16:50:00,64867.3,64869.0,64812.1,64831.7,335.894
2026-08-07 16:55:00,64831.7,64831.8,64783.7,64809.0,359.564
2026-08-07 17:00:00,64809.1,64847.3,64768.5,64822.6,715.561
2026-08-07 17:05:00,64822.7,64835.4,64788.0,64804.6,247.523
2026-08-07 17:10:00,64804.6,64823.1,64794.4,64820.3,371.924
2026-08-07 17:15:00,64820.4,64840.0,64804.2,64828.0,194.046
2026-08-07 17:20:00,64827.9,64838.3,64775.8,64778.2,232.602
2026-08-07 17:25:00,64778.2,64864.7,64769.9,64862.0,304.592
2026-08-07 17:30:00,64862.0,64888.7,64849.4,64849.4,486.626
2026-08-07 17:35:00,64849.5,64858.9,64827.9,64837.7,206.868
2026-08-07 17:40:00,64837.7,64850.0,64823.7,64835.0,148.031
2026-08-07 17:45:00,64834.9,64869.1,64834.9,64868.4,184.082
2026-08-07 17:50:00,64868.5,64884.7,64856.4,64864.1,294.869
2026-08-07 17:55:00,64864.1,64867.8,64864.0,64867.3,83.824
2026-08-07 18:00:00,64867.4,64948.0,64867.4,64932.1,670.697
2026-08-07 18:05:00,64932.1,64948.5,64928.7,64948.4,299.137
2026-08-07 18:10:00,64948.4,64948.5,64928.6,64934.2,494.824
2026-08-07 18:15:00,64934.2,64988.8,64905.9,64905.9,958.585
2026-08-07 18:20:00,64905.9,65187.9,64900.8,65115.0,3710.892
2026-08-07 18:25:00,65115.0,65115.1,65054.9,65054.9,818.203
2026-08-07 18:30:00,65055.0,65075.0,64987.0,65001.9,732.139
2026-08-07 18:35:00,65001.9,65059.7,65000.8,65056.0,623.733
2026-08-07 18:40:00,65055.9,65064.4,64990.7,64999.9,480.49
2026-08-07 18:45:00,64999.8,65020.0,64999.8,65014.9,233.081
2026-08-07 18:50:00,65015.0,65017.6,64971.7,64996.4,356.902
2026-08-07 18:55:00,64996.4,64996.5,64987.5,64996.1,181.691
2026-08-07 19:00:00,64996.2,65059.0,64996.1,65021.0,661.134
2026-08-07 19:05:00,65021.0,65122.1,65005.3,65122.0,675.528
2026-08-07 19:10:00,65122.1,65263.0,65120.0,65188.1,2740.305
2026-08-07 19:15:00,65188.1,65209.4,65131.3,65137.6,536.769
2026-08-07 19:20:00,65137.7,65137.7,65070.6,65080.6,413.146
2026-08-07 19:25:00,65080.6,65115.0,65031.0,65096.1,590.276
2026-08-07 19:30:00,65096.1,65300.0,64954.0,64973.6,4655.252
2026-08-07 19:35:00,64973.7,65150.0,64955.1,65112.6,1833.383
2026-08-07 19:40:00,65112.5,65190.0,65095.1,65127.2,826.015
2026-08-07 19:45:00,65127.1,65228.8,65127.1,65214.8,1039.906
2026-08-07 19:50:00,65214.7,65317.0,65214.7,65313.7,1664.692
2026-08-07 19:55:00,65313.7,65358.0,65220.4,65259.1,1998.122
2026-08-07 20:00:00,65259.0,65268.0,65155.3,65258.6,734.504
2026-08-07 20:05:00,65258.6,65296.8,65210.1,65219.5,435.85
2026-08-07 20:10:00,65219.5,65219.5,65171.7,65186.1,375.93
2026-08-07 20:15:00,65186.1,65239.8,65174.1,65238.7,254.384
2026-08-07 20:20:00,65238.6,65245.8,65136.0,65141.5,451.386
2026-08-07 20:25:00,65141.6,65171.2,65073.2,65127.8,803.961
2026-08-07 20:30:00,65127.8,65292.0,65071.2,65264.7,1149.31
2026-08-07 20:35:00,65264.7,65290.0,65088.8,65264.6,834.607
2026-08-07 20:40:00,65264.7,65292.0,65155.0,65271.4,974.028
2026-08-07 20:45:00,65271.3,65305.6,65070.1,65191.8,1466.04
2026-08-07 20:50:00,65191.9,65250.0,65081.5,65109.8,1151.546
2026-08-07 20:55:00,65109.9,65130.7,64946.8,64984.8,1552.754
2026-08-07 21:00:00,64984.9,65020.0,64815.5,64827.5,2595.659
2026-08-07 21:05:00,64827.5,64874.5,64777.0,64797.6,2282.067
2026-08-07 21:10:00,64797.6,64876.7,64756.8,64805.9,1515.947
2026-08-07 21:15:00,64805.9,64975.0,64764.3,64969.3,1270.285
2026-08-07 21:20:00,64969.4,65054.8,64962.3,65049.3,872.218
2026-08-07 21:25:00,65049.3,65211.8,65040.0,65165.1,1546.159
2026-08-07 21:30:00,65165.1,65174.9,65067.9,65165.0,864.293
2026-08-07 21:35:00,65165.0,65250.0,65109.4,65132.3,1018.094
2026-08-07 21:40:00,65132.3,65184.1,65056.7,65075.1,610.653
2026-08-07 21:45:00,65075.1,65132.1,65040.0,65058.2,394.406
2026-08-07 21:50:00,65058.1,65086.8,64919.3,64965.4,821.16
2026-08-07 21:55:00,64965.4,65019.4,64914.7,64927.3,497.453
2026-08-07 22:00:00,64927.3,64953.6,64859.5,64863.2,524.814
2026-08-07 22:05:00,64863.3,64999.7,64863.3,64995.3,543.076
2026-08-07 22:10:00,64995.3,65015.3,64909.3,64935.5,301.034
2026-08-07 22:15:00,64935.5,64976.0,64900.6,64956.8,274.446
2026-08-07 22:20:00,64956.7,65017.6,64935.8,65003.7,265.972
2026-08-07 22:25:00,65003.7,65042.5,64979.3,64996.7,222.505
2026-08-07 22:30:00,64996.8,65117.7,64979.5,65027.7,545.271
2026-08-07 22:35:00,65027.8,65057.9,64955.2,64972.5,296.374
2026-08-07 22:40:00,64972.5,65020.7,64963.0,64990.0,372.61
2026-08-07 22:45:00,64990.0,64999.8,64954.9,64981.4,224.888
2026-08-07 22:50:00,64981.4,65002.1,64904.8,64928.9,194.93
2026-08-07 22:55:00,64928.9,64942.2,64878.4,64885.4,285.15
2026-08-07 23:00:00,64885.5,64951.0,64883.5,64947.0,417.734
2026-08-07 23:05:00,64947.1,65000.0,64941.5,65000.0,313.442
2026-08-07 23:10:00,64999.9,65050.0,64967.0,65012.3,344.827
2026-08-07 23:15:00,65012.3,65027.0,64943.8,64959.8,266.488
2026-08-07 23:20:00,64960.0,65011.4,64870.9,64899.0,441.127
2026-08-07 23:25:00,64899.1,64912.8,64861.8,64907.3,397.623
2026-08-07 23:30:00,64907.4,64945.2,64835.1,64939.2,561.306
2026-08-07 23:35:00,64939.3,64946.0,64900.0,64924.5,178.104
2026-08-07 23:40:00,64924.5,64943.4,64913.4,64926.2,147.571
2026-08-07 23:45:00,64926.2,64928.2,64882.4,64907.2,107.17
2026-08-07 23:50:00,64907.2,64923.8,64844.8,64844.9,155.087
2026-08-07 23:55:00,64844.8,64844.9,64779.9,64779.9,1092.493
2026-08-08 00:00:00,64779.9,64805.1,64673.1,64727.2,1659.385
2026-08-08 00:05:00,64727.3,64792.3,64711.9,64758.9,680.078
2026-08-08 00:10:00,64758.9,64762.9,64664.0,64670.0,971.322
2026-08-08 00:15:00,64670.0,64710.0,64631.3,64678.0,978.998
2026-08-08 00:20:00,64678.0,64698.4,64585.1,64599.9,844.45
2026-08-08 00:25:00,64599.9,64605.0,64549.4,64570.5,1399.642
2026-08-08 00:30:00,64570.5,64571.7,64490.0,64565.7,1548.077
2026-08-08 00:35:00,64565.7,64662.0,64514.4,64650.0,814.354
2026-08-08 00:40:00,64650.1,64664.8,64630.1,64655.9,389.181
2026-08-08 00:45:00,64655.9,64715.7,64631.9,64632.0,460.896
2026-08-08 00:50:00,64631.9,64697.8,64631.9,64695.7,346.157
2026-08-08 00:55:00,64695.7,64740.3,64695.6,64740.3,289.103
2026-08-08 01:00:00,64740.2,64840.0,64734.4,64836.1,765.6
2026-08-08 01:05:00,64836.1,64850.0,64812.1,64840.1,362.759
2026-08-08 01:10:00,64840.0,64857.9,64820.0,64825.3,285.071
2026-08-08 01:15:00,64825.3,64843.8,64787.1,64813.9,360.781
2026-08-08 01:20:00,64813.9,64813.9,64769.4,64769.5,204.195
2026-08-08 01:25:00,64769.5,64804.8,64766.7,64783.8,200.725
2026-08-08 01:30:00,64783.8,64817.9,64770.4,64770.5,160.916
2026-08-08 01:35:00,64770.4,64776.2,64722.2,64736.8,250.123
2026-08-08 01:40:00,64736.8,64763.6,64700.0,64700.1,196.307
2026-08-08 01:45:00,64700.0,64728.0,64675.0,64685.3,211.507
2026-08-08 01:50:00,64685.3,64693.9,64655.0,64655.1,113.726
2026-08-08 01:55:00,64655.0,64713.7,64655.0,64712.1,169.354
2026-08-08 02:00:00,64712.1,64824.4,64712.0,64758.2,385.944
2026-08-08 02:05:00,64758.1,64833.5,64758.1,64829.3,137.916
2026-08-08 02:10:00,64829.3,64850.0,64795.0,64815.7,260.149
2026-08-08 02:15:00,64815.7,64878.4,64815.7,64860.9,384.223
2026-08-08 02:20:00,64860.8,64927.9,64858.0,64906.5,413.433
2026-08-08 02:25:00,64906.6,64961.9,64902.2,64916.7,420.647
2026-08-08 02:30:00,64916.8,64966.5,64905.1,64965.7,290.484
2026-08-08 02:35:00,64965.6,65000.0,64918.6,64965.6,972.598
2026-08-08 02:40:00,64965.7,64992.8,64944.3,64944.3,204.005
2026-08-08 02:45:00,64944.4,64980.3,64937.3,64940.4,141.715
2026-08-08 02:50:00,64940.3,64968.3,64915.0,64929.1,195.514
2026-08-08 02:55:00,64929.1,64959.7,64920.6,64932.9,167.361
2026-08-08 03:00:00,64932.9,65015.3,64928.8,64950.1,374.72
2026-08-08 03:05:00,64950.0,64980.0,64922.7,64970.6,105.257
2026-08-08 03:10:00,64970.6,64970.6,64950.9,64958.6,124.93
2026-08-08 03:15:00,64958.7,64958.7,64931.2,64944.0,123.955
2026-08-08 03:20:00,64943.9,64959.8,64922.7,64959.8,136.17
2026-08-08 03:25:00,64959.8,64974.2,64947.0,64947.1,68.803
2026-08-08 03:30:00,64947.1,64947.1,64916.6,64916.6,144.022
2026-08-08 03:35:00,64916.7,64931.9,64916.6,64931.7,76.046
2026-08-08 03:40:00,64931.8,64931.8,64925.8,64929.9,64.861
2026-08-08 03:45:00,64929.9,64945.7,64925.9,64945.0,152.198
2026-08-08 03:50:00,64945.0,64952.1,64929.8,64946.2,157.005
2026-08-08 03:55:00,64946.1,64946.2,64938.8,64942.1,94.076
2026-08-08 04:00:00,64942.2,64948.8,64942.1,64948.7,92.041
2026-08-08 04:05:00,64948.7,64948.8,64947.8,64947.9,53.89
2026-08-08 04:10:00,64947.8,64996.0,64947.8,64976.5,161.504
2026-08-08 04:15:00,64976.5,64991.6,64931.5,64934.7,159.75
2026-08-08 04:20:00,64934.7,64976.6,64920.0,64960.0,281.683
2026-08-08 04:25:00,64960.0,64967.0,64956.8,64966.9,39.59
2026-08-08 04:30:00,64967.0,64986.2,64966.9,64986.0,92.395
2026-08-08 04:35:00,64986.0,64996.8,64979.6,64987.7,114.302
2026-08-08 04:40:00,64987.6,65078.7,64981.0,64999.9,592.774
2026-08-08 04:45:00,64999.9,65014.5,64937.6,64944.0,137.297
2026-08-08 04:50:00,64944.0,64944.7,64913.0,64913.0,133.557
2026-08-08 04:55:00,64913.0,64913.1,64895.0,64895.3,168.495
2026-08-08 05:00:00,64895.3,64902.2,64863.3,64878.1,292.415
2026-08-08 05:05:00,64878.2,64898.6,64878.1,64898.5,54.133
2026-08-08 05:10:00,64898.6,64901.5,64891.2,64901.5,47.537
2026-08-08 05:15:00,64901.4,64919.6,64875.4,64878.7,174.639
2026-08-08 05:20:00,64878.7,64896.2,64878.7,64896.2,53.886
2026-08-08 05:25:00,64896.3,64896.3,64895.6,64895.6,35.454
2026-08-08 05:30:00,64895.7,64895.7,64842.6,64853.3,180.439
2026-08-08 05:35:00,64853.3,64853.4,64815.3,64843.1,170.372
2026-08-08 05:40:00,64843.0,64844.0,64817.7,64844.0,110.744
2026-08-08 05:45:00,64843.9,64870.6,64843.9,64870.5,110.868
2026-08-08 05:50:00,64870.6,64892.0,64850.0,64851.9,171.997
2026-08-08 05:55:00,64852.0,64857.5,64851.6,64857.3,77.708
2026-08-08 06:00:00,64857.3,64857.4,64854.0,64857.2,62.681
2026-08-08 06:05:00,64857.3,64857.3,64857.2,64857.2,36.235
2026-08-08 06:10:00,64857.2,64859.9,64857.2,64859.9,27.185
2026-08-08 06:15:00,64859.8,64859.9,64848.0,64853.9,101.519
2026-08-08 06:20:00,64853.9,64854.0,64846.3,64850.6,42.954
2026-08-08 06:25:00,64850.6,64852.1,64850.6,64852.0,54.794
2026-08-08 06:30:00,64852.1,64855.6,64852.0,64855.6,38.572
2026-08-08 06:35:00,64855.6,64864.2,64855.6,64862.6,47.167
2026-08-08 06:40:00,64862.6,64869.1,64862.6,64869.0,56.06
2026-08-08 06:45:00,64869.1,64885.8,64869.0,64885.7,65.928
2026-08-08 06:50:00,64885.8,64885.8,64882.2,64882.3,70.033
2026-08-08 06:55:00,64882.2,64885.5,64882.2,64885.4,63.494
2026-08-08 07:00:00,64885.5,64889.8,64874.0,64889.8,146.046
2026-08-08 07:05:00,64889.7,64927.6,64873.7,64873.7,195.574
2026-08-08 07:10:00,64873.8,64873.8,64868.2,64868.2,58.048
2026-08-08 07:15:00,64868.2,64868.3,64784.3,64800.2,364.438
2026-08-08 07:20:00,64800.2,64832.1,64800.1,64832.0,74.668
2026-08-08 07:25:00,64832.0,64850.4,64832.0,64850.4,38.724
2026-08-08 07:30:00,64850.4,64857.6,64840.9,64853.7,72.825
2026-08-08 07:35:00,64853.7,64863.0,64843.8,64863.0,72.955
2026-08-08 07:40:00,64862.9,64872.4,64836.0,64872.4,113.534
2026-08-08 07:45:00,64872.3,64877.0,64872.3,64873.8,35.712
2026-08-08 07:50:00,64873.7,64879.4,64873.7,64879.4,31.762
2026-08-08 07:55:00,64879.3,64890.4,64879.3,64890.3,68.853
2026-08-08 08:00:00,64890.3,64890.4,64887.9,64887.9,62.23
2026-08-08 08:05:00,64887.9,64888.0,64871.6,64878.2,96.201
2026-08-08 08:10:00,64878.2,64927.8,64877.0,64922.2,155.142
2026-08-08 08:15:00,64922.3,64922.3,64885.3,64907.1,108.917
2026-08-08 08:20:00,64907.0,64907.1,64882.5,64886.0,58.434
2026-08-08 08:25:00,64885.9,64886.0,64877.2,64877.2,29.556
2026-08-08 08:30:00,64877.2,64894.4,64875.5,64886.7,89.716
2026-08-08 08:35:00,64886.6,64899.8,64886.6,64898.3,49.883
2026-08-08 08:40:00,64898.2,64907.3,64897.0,64900.1,74.611
2026-08-08 08:45:00,64900.1,64900.2,64881.5,64887.4,53.249
2026-08-08 08:50:00,64887.4,64887.4,64883.4,64883.4,23.528
2026-08-08 08:55:00,64883.4,64889.3,64880.0,64880.6,58.897
2026-08-08 09:00:00,64880.6,64880.7,64870.0,64875.3,77.064
2026-08-08 09:05:00,64875.3,64880.0,64870.2,64870.2,71.301
2026-08-08 09:10:00,64870.2,64871.9,64863.5,64871.9,61.651
2026-08-08 09:15:00,64871.8,64872.4,64864.0,64872.4,42.54
2026-08-08 09:20:00,64872.3,64885.5,64872.3,64879.8,96.217
2026-08-08 09:25:00,64880.0,64900.0,64879.9,64900.0,67.592
2026-08-08 09:30:00,64900.0,64931.8,64884.0,64884.1,222.218
2026-08-08 09:35:00,64884.1,64896.7,64884.0,64896.7,88.637
2026-08-08 09:40:00,64896.7,64896.7,64892.0,64892.0,20.091
2026-08-08 09:45:00,64892.0,64894.2,64887.8,64894.2,84.793
2026-08-08 09:50:00,64894.2,64894.2,64890.4,64893.5,46.538
2026-08-08 09:55:00,64893.6,64893.6,64887.6,64889.5,53.473
2026-08-08 10:00:00,64889.5,64900.0,64884.0,64900.0,69.532
2026-08-08 10:05:00,64900.0,64907.0,64899.9,64907.0,49.579
2026-08-08 10:10:00,64907.0,64910.0,64902.2,64902.3,87.083
2026-08-08 10:15:00,64902.2,64966.0,64902.2,64966.0,118.009
2026-08-08 10:20:00,64965.9,64994.1,64965.9,64977.0,194.2
2026-08-08 10:25:00,64976.9,65009.6,64968.2,64992.2,224.024
2026-08-08 10:30:00,64992.2,65030.3,64992.2,65030.3,171.86
2026-08-08 10:35:00,65030.3,65046.1,64983.0,64983.0,206.344
2026-08-08 10:40:00,64983.0,64985.0,64970.2,64984.9,65.884
2026-08-08 10:45:00,64985.0,65005.6,64982.3,65001.5,106.296
2026-08-08 10:50:00,65001.4,65001.4,64965.9,64966.0,78.978
2026-08-08 10:55:00,64965.9,65009.0,64965.9,65000.0,138.387
2026-08-08 11:00:00,65000.0,65040.1,64978.4,65000.0,193.852
2026-08-08 11:05:00,65000.0,65000.1,64934.9,64938.2,188.587
2026-08-08 11:10:00,64938.2,64951.1,64938.2,64947.1,81.883
2026-08-08 11:15:00,64947.1,64961.2,64941.0,64961.2,61.423
2026-08-08 11:20:00,64961.2,64961.2,64950.4,64950.5,41.214
2026-08-08 11:25:00,64950.5,64973.5,64950.3,64973.0,47.743
2026-08-08 11:30:00,64973.0,65013.7,64968.6,64986.7,240.279
2026-08-08 11:35:00,64986.7,65013.1,64986.6,65013.1,52.272
2026-08-08 11:40:00,65013.1,65036.7,65005.0,65008.4,201.632
2026-08-08 11:45:00,65008.4,65012.1,65002.1,65002.1,59.15
2026-08-08 11:50:00,65002.1,65002.1,64980.0,64988.1,57.795
2026-08-08 11:55:00,64988.0,64988.1,64968.6,64976.5,80.443
2026-08-08 12:00:00,64976.5,64983.0,64976.4,64983.0,57.314
2026-08-08 12:05:00,64982.9,64987.7,64972.1,64972.2,44.219
2026-08-08 12:10:00,64972.2,64973.7,64965.1,64965.1,35.079
2026-08-08 12:15:00,64965.2,64978.9,64965.1,64978.4,54.732
2026-08-08 12:20:00,64978.4,64992.9,64978.4,64992.8,29.169
2026-08-08 12:25:00,64992.9,65000.0,64982.6,64992.5,93.563
2026-08-08 12:30:00,64992.5,64992.5,64981.0,64990.9,65.346
2026-08-08 12:35:00,64990.8,64990.9,64990.8,64990.9,26.699
2026-08-08 12:40:00,64990.8,64990.9,64990.0,64990.1,13.768
2026-08-08 12:45:00,64990.0,64990.1,64969.1,64969.1,67.121
2026-08-08 12:50:00,64969.2,64969.2,64942.6,64951.1,141.783
2026-08-08 12:55:00,64951.1,64967.1,64951.0,64967.0,88.033
2026-08-08 13:00:00,64967.1,64972.3,64955.8,64955.8,49.878
2026-08-08 13:05:00,64955.9,64955.9,64947.3,64953.7,80.402
2026-08-08 13:10:00,64953.7,64953.7,64950.0,64950.1,34.752
2026-08-08 13:15:00,64950.1,64953.2,64945.0,64945.0,65.882
2026-08-08 13:20:00,64945.0,64953.1,64945.0,64953.0,44.585
2026-08-08 13:25:00,64953.0,64959.0,64941.7,64944.5,128.273
2026-08-08 13:30:00,64944.5,64947.8,64941.3,64941.3,56.989
2026-08-08 13:35:00,64941.4,64947.3,64941.3,64945.2,55.808
2026-08-08 13:40:00,64945.2,64959.2,64931.8,64959.2,160.249
2026-08-08 13:45:00,64959.2,64979.4,64959.1,64979.4,75.415
2026-08-08 13:50:00,64979.4,64991.0,64979.0,64979.1,76.767
2026-08-08 13:55:00,64979.0,64982.9,64978.2,64978.2,57.154
2026-08-08 14:00:00,64978.3,64983.0,64976.9,64982.0,97.686
2026-08-08 14:05:00,64981.9,64982.0,64980.5,64980.5,32.801
2026-08-08 14:10:00,64980.5,64980.6,64967.8,64970.8,55.637
2026-08-08 14:15:00,64970.8,64970.9,64967.6,64967.7,30.472
2026-08-08 14:20:00,64967.6,64974.3,64967.6,64974.2,49.939
2026-08-08 14:25:00,64974.3,64974.3,64974.2,64974.2,30.364
2026-08-08 14:30:00,64974.2,64974.3,64965.5,64965.5,73.45
2026-08-08 14:35:00,64965.6,64965.6,64923.8,64923.9,106.332
2026-08-08 14:40:00,64923.9,64924.0,64919.5,64919.5,78.632
2026-08-08 14:45:00,64919.5,64923.8,64919.5,64923.7,53.846
2026-08-08 14:50:00,64923.8,64937.5,64923.7,64936.3,46.464
2026-08-08 14:55:00,64936.2,64936.3,64936.2,64936.3,49.463
2026-08-08 15:00:00,64936.3,64936.3,64920.0,64934.6,136.626
2026-08-08 15:05:00,64934.5,64934.6,64934.5,64934.6,18.786
2026-08-08 15:10:00,64934.5,64938.8,64934.5,64938.7,37.566
2026-08-08 15:15:00,64938.7,64939.3,64938.7,64939.3,25.771
2026-08-08 15:20:00,64939.3,64939.3,64939.2,64939.3,23.694
2026-08-08 15:25:00,64939.2,64956.1,64939.2,64956.0,74.565
2026-08-08 15:30:00,64956.0,64988.0,64956.0,64987.9,113.628
2026-08-08 15:35:00,64987.9,64988.2,64975.0,64975.1,103.985
2026-08-08 15:40:00,64975.1,64986.0,64975.0,64986.0,60.154
2026-08-08 15:45:00,64986.0,64986.0,64962.6,64969.0,106.587
2026-08-08 15:50:00,64968.9,64969.0,64968.9,64969.0,18.206
2026-08-08 15:55:00,64968.9,64969.0,64963.1,64963.2,28.805
2026-08-08 16:00:00,64963.1,64978.2,64963.1,64972.1,81.071
2026-08-08 16:05:00,64972.1,64972.1,64972.0,64972.1,22.048
2026-08-08 16:10:00,64972.1,64975.8,64972.0,64975.7,35.468
2026-08-08 16:15:00,64975.8,64992.0,64975.7,64992.0,67.559
2026-08-08 16:20:00,64992.0,64992.0,64987.7,64987.8,73.869
2026-08-08 16:25:00,64987.7,64990.6,64987.7,64990.6,48.128
2026-08-08 16:30:00,64990.5,65026.9,64981.2,64981.2,365.276
2026-08-08 16:35:00,64981.2,64981.3,64981.0,64981.1,48.275
2026-08-08 16:40:00,64981.0,64981.1,64976.6,64978.8,64.408
2026-08-08 16:45:00,64978.8,64984.1,64964.9,64965.0,90.657
2026-08-08 16:50:00,64964.9,64965.0,64961.4,64961.4,65.611
2026-08-08 16:55:00,64961.4,64961.9,64960.0,64960.1,40.44
2026-08-08 17:00:00,64960.0,64960.1,64960.0,64960.1,19.421
2026-08-08 17:05:00,64960.0,64975.0,64960.0,64974.9,94.825
2026-08-08 17:10:00,64975.0,64977.7,64966.7,64968.3,51.097
2026-08-08 17:15:00,64968.2,64973.1,64968.2,64973.0,31.904
2026-08-08 17:20:00,64973.1,64974.0,64968.1,64974.0,53.276
2026-08-08 17:25:00,64974.0,64996.3,64973.9,64996.3,82.283
2026-08-08 17:30:00,64996.2,64996.3,64992.4,64992.4,47.737
2026-08-08 17:35:00,64992.5,64995.2,64984.0,64987.7,80.227
2026-08-08 17:40:00,64987.8,64987.8,64974.8,64977.1,49.316
2026-08-08 17:45:00,64977.1,64980.7,64977.1,64980.7,20.353
2026-08-08 17:50:00,64980.6,64985.8,64980.6,64985.7,20.778
2026-08-08 17:55:00,64985.8,64985.9,64980.6,64980.6,34.24
2026-08-08 18:00:00,64980.6,64980.7,64974.4,64974.4,42.297
2026-08-08 18:05:00,64974.4,64974.5,64974.4,64974.5,23.109
2026-08-08 18:10:00,64974.4,64995.6,64974.4,64983.3,79.864
2026-08-08 18:15:00,64983.2,64983.3,64963.3,64963.3,49.702
2026-08-08 18:20:00,64963.3,64963.4,64948.0,64948.0,71.426
2026-08-08 18:25:00,64948.0,64948.1,64944.9,64945.0,46.284
2026-08-08 18:30:00,64945.0,64949.2,64944.9,64947.1,90.399
2026-08-08 18:35:00,64947.1,64947.1,64945.3,64945.4,45.398
2026-08-08 18:40:00,64945.3,64945.4,64945.3,64945.4,35.446
2026-08-08 18:45:00,64945.3,64945.4,64930.0,64930.1,64.391
2026-08-08 18:50:00,64930.0,64940.2,64930.0,64940.1,45.868
2026-08-08 18:55:00,64940.2,64945.9,64937.0,64938.5,79.964
2026-08-08 19:00:00,64938.4,64938.5,64924.7,64924.7,91.665
2026-08-08 19:05:00,64924.7,64924.8,64890.8,64894.2,263.839
2026-08-08 19:10:00,64894.2,64986.8,64894.1,64985.5,203.029
2026-08-08 19:15:00,64985.4,65024.7,64985.4,64995.4,247.775
2026-08-08 19:20:00,64995.3,64995.4,64960.1,64960.2,62.71
2026-08-08 19:25:00,64960.1,64960.2,64949.2,64949.2,46.983
2026-08-08 19:30:00,64949.2,64960.2,64949.2,64960.1,70.108
2026-08-08 19:35:00,64960.1,64992.9,64960.1,64992.8,214.175
2026-08-08 19:40:00,64992.9,64998.5,64979.4,64979.4,101.128
2026-08-08 19:45:00,64979.5,64979.5,64979.4,64979.5,25.641
2026-08-08 19:50:00,64979.5,64996.3,64979.4,64996.3,55.293
2026-08-08 19:55:00,64996.2,64996.3,64973.7,64973.8,61.459
2026-08-08 20:00:00,64973.8,64977.8,64973.7,64977.8,45.415
2026-08-08 20:05:00,64977.7,64993.3,64967.2,64972.6,116.254
2026-08-08 20:10:00,64972.5,64978.7,64972.5,64978.7,41.248
2026-08-08 20:15:00,64978.7,64994.6,64978.6,64990.8,62.732
2026-08-08 20:20:00,64990.8,64990.9,64981.9,64982.0,30.789
2026-08-08 20:25:00,64981.9,64990.9,64981.9,64990.8,67.76
2026-08-08 20:30:00,64990.8,64990.9,64973.7,64973.8,52.432
2026-08-08 20:35:00,64973.8,64973.9,64973.7,64973.9,35.316
2026-08-08 20:40:00,64973.9,64978.5,64973.8,64974.8,42.583
2026-08-08 20:45:00,64974.7,64978.4,64967.3,64978.3,54.401
2026-08-08 20:50:00,64978.4,64978.4,64978.3,64978.4,19.74
2026-08-08 20:55:00,64978.4,64985.4,64978.4,64985.4,55.063
2026-08-08 21:00:00,64985.4,64985.7,64985.3,64985.6,40.297
2026-08-08 21:05:00,64985.7,65008.2,64985.6,65004.4,163.095
2026-08-08 21:10:00,65004.5,65032.0,65004.4,65032.0,167.265
2026-08-08 21:15:00,65031.9,65038.1,65013.3,65025.4,200.407
2026-08-08 21:20:00,65025.4,65103.9,65025.3,65092.8,517.944
2026-08-08 21:25:00,65092.8,65119.8,65051.9,65102.4,562.826
2026-08-08 21:30:00,65102.5,65163.0,65102.5,65134.7,700.38
2026-08-08 21:35:00,65134.8,65160.7,65111.5,65111.5,363.593
2026-08-08 21:40:00,65111.5,65111.6,65080.8,65080.8,208.952
2026-08-08 21:45:00,65080.8,65127.5,65080.1,65127.4,262.215
2026-08-08 21:50:00,65127.4,65129.2,65126.2,65126.3,133.953
2026-08-08 21:55:00,65126.3,65151.1,65100.0,65100.0,239.721
2026-08-08 22:00:00,65100.1,65123.8,65084.1,65084.1,191.866
2026-08-08 22:05:00,65084.2,65084.2,65066.8,65070.9,141.98
2026-08-08 22:10:00,65071.0,65079.7,65070.9,65073.6,76.122
2026-08-08 22:15:00,65073.6,65079.4,65057.1,65057.1,132.3
2026-08-08 22:20:00,65057.1,65066.8,65046.1,65066.8,95.575
2026-08-08 22:25:00,65066.7,65066.8,65058.9,65059.8,54.757
2026-08-08 22:30:00,65059.8,65062.2,65049.6,65049.6,84.002
2026-08-08 22:35:00,65049.6,65049.7,65035.3,65035.3,76.753
2026-08-08 22:40:00,65035.3,65039.4,65031.5,65031.5,76.997
2026-08-08 22:45:00,65031.6,65046.1,65027.9,65046.1,90.146
2026-08-08 22:50:00,65046.1,65065.8,65046.1,65065.8,94.255
2026-08-08 22:55:00,65065.8,65069.8,65049.3,65049.3,84.382
2026-08-08 23:00:00,65049.4,65068.4,65049.3,65061.4,128.258
2026-08-08 23:05:00,65061.4,65088.0,65061.0,65061.0,164.481
2026-08-08 23:10:00,65061.1,65061.1,65052.7,65052.8,39.105
2026-08-08 23:15:00,65052.7,65055.0,65046.5,65055.0,72.164
2026-08-08 23:20:00,65054.9,65059.6,65052.9,65053.0,42.838
2026-08-08 23:25:00,65052.9,65053.0,65045.4,65045.5,46.494
2026-08-08 23:30:00,65045.5,65045.6,65015.5,65015.5,192.338
2026-08-08 23:35:00,65015.6,65020.2,65000.1,65020.1,123.483
2026-08-08 23:40:00,65020.1,65034.2,65020.1,65032.7,44.937
2026-08-08 23:45:00,65032.6,65032.7,65031.8,65031.9,32.246
2026-08-08 23:50:00,65031.9,65049.5,65031.8,65049.5,61.605
2026-08-08 23:55:00,65049.4,65056.1,65049.4,65056.1,57.233
2026-08-09 00:00:00,65056.1,65067.2,65056.0,65057.7,87.997
2026-08-09 00:05:00,65057.7,65072.2,65045.6,65072.2,68.062
2026-08-09 00:10:00,65072.1,65110.2,65072.1,65087.8,300.608
2026-08-09 00:15:00,65087.8,65095.5,65081.0,65081.1,50.333
2026-08-09 00:20:00,65081.0,65081.1,65072.3,65079.2,36.359
2026-08-09 00:25:00,65079.1,65081.1,65079.1,65081.1,40.03
2026-08-09 00:30:00,65081.1,65108.8,65080.3,65108.8,62.6
2026-08-09 00:35:00,65108.8,65123.1,65102.8,65102.8,145.72
2026-08-09 00:40:00,65102.8,65102.9,65091.1,65095.3,82.011
2026-08-09 00:45:00,65095.3,65100.0,65095.2,65096.5,101.333
2026-08-09 00:50:00,65096.4,65096.5,65086.0,65086.1,69.515
2026-08-09 00:55:00,65086.1,65086.2,65086.0,65086.2,41.414
2026-08-09 01:00:00,65086.2,65094.1,65086.1,65086.6,69.783
2026-08-09 01:05:00,65086.6,65086.7,65078.2,65078.2,57.73
2026-08-09 01:10:00,65078.3,65078.3,65069.1,65069.2,65.18
2026-08-09 01:15:00,65069.1,65069.2,65038.5,65038.5,95.092
2026-08-09 01:20:00,65038.5,65039.8,65014.0,65014.0,108.837
2026-08-09 01:25:00,65014.0,65024.2,65000.0,65012.1,276.74
2026-08-09 01:30:00,65012.2,65035.9,65010.7,65024.4,272.299
2026-08-09 01:35:00,65024.4,65034.2,65015.2,65015.2,64.15
2026-08-09 01:40:00,65015.3,65028.2,65015.2,65026.8,53.4
2026-08-09 01:45:00,65026.8,65026.8,65026.7,65026.7,38.825
2026-08-09 01:50:00,65026.7,65026.8,65015.4,65015.5,47.915
2026-08-09 01:55:00,65015.5,65015.5,65015.2,65015.3,22.297
2026-08-09 02:00:00,65015.3,65015.3,65012.6,65015.2,49.644
2026-08-09 02:05:00,65015.2,65015.3,64998.4,64998.4,87.79
2026-08-09 02:10:00,64998.4,64998.9,64991.0,64991.4,94.91
2026-08-09 02:15:00,64991.4,64998.8,64991.4,64994.2,68.054
2026-08-09 02:20:00,64994.2,64994.2,64994.1,64994.1,24.91
2026-08-09 02:25:00,64994.2,64996.3,64991.0,64993.0,75.343
2026-08-09 02:30:00,64992.9,64999.9,64986.2,64999.8,72.399
2026-08-09 02:35:00,64999.9,65006.1,64999.8,65006.0,34.133
2026-08-09 02:40:00,65006.1,65011.5,65006.0,65011.5,46.374
2026-08-09 02:45:00,65011.4,65020.4,65008.2,65020.3,96.152
2026-08-09 02:50:00,65020.3,65047.5,65020.3,65047.4,109.311
2026-08-09 02:55:00,65047.4,65089.2,65031.2,65045.5,331.976
2026-08-09 03:00:00,65045.5,65052.6,65035.1,65046.3,81.705
2026-08-09 03:05:00,65046.3,65046.4,65046.3,65046.4,24.806
2026-08-09 03:10:00,65046.4,65050.0,65041.4,65050.0,55.394
2026-08-09 03:15:00,65050.0,65054.8,65040.0,65040.0,45.822
2026-08-09 03:20:00,65040.1,65040.1,65026.7,65026.8,35.514
2026-08-09 03:25:00,65026.7,65035.9,65026.7,65035.9,92.154
2026-08-09 03:30:00,65035.8,65059.1,65035.8,65054.6,77.316
2026-08-09 03:35:00,65054.5,65054.5,65034.1,65034.1,40.255
2026-08-09 03:40:00,65034.2,65050.0,65034.1,65050.0,58.077
2026-08-09 03:45:00,65049.9,65057.2,65029.2,65056.4,284.892
2026-08-09 03:50:00,65056.3,65056.4,65048.0,65048.0,36.011
2026-08-09 03:55:00,65048.0,65048.1,65046.8,65046.9,42.258
2026-08-09 04:00:00,65046.9,65046.9,65046.8,65046.8,19.633
2026-08-09 04:05:00,65046.9,65046.9,65034.9,65034.9,23.346
2026-08-09 04:10:00,65035.0,65035.0,65014.0,65014.1,63.139
2026-08-09 04:15:00,65014.1,65014.1,65005.9,65012.8,64.538
2026-08-09 04:20:00,65012.8,65012.8,65012.7,65012.8,10.248
2026-08-09 04:25:00,65012.8,65022.9,65006.9,65007.0,47.509
2026-08-09 04:30:00,65006.9,65022.8,65002.1,65022.6,55.846
2026-08-09 04:35:00,65022.6,65029.8,65018.8,65021.6,48.74
2026-08-09 04:40:00,65021.7,65033.5,65001.0,65033.5,64.222
2026-08-09 04:45:00,65033.4,65033.5,65001.0,65008.9,114.492
2026-08-09 04:50:00,65008.9,65014.8,65001.0,65001.1,38.588
2026-08-09 04:55:00,65001.1,65001.1,64957.3,64989.8,284.693
2026-08-09 05:00:00,64989.8,65012.8,64982.5,64993.5,143.737
2026-08-09 05:05:00,64993.5,64994.7,64973.0,64986.1,121.615
2026-08-09 05:10:00,64986.1,64987.7,64970.4,64970.5,95.464
2026-08-09 05:15:00,64970.5,64970.5,64970.0,64970.1,29.354
2026-08-09 05:20:00,64970.1,64975.0,64964.8,64974.8,103.33
2026-08-09 05:25:00,64974.8,64974.8,64965.5,64965.6,59.356
2026-08-09 05:30:00,64965.6,64968.7,64950.4,64955.1,222.909
2026-08-09 05:35:00,64955.1,64957.2,64950.0,64950.0,108.649
2026-08-09 05:40:00,64950.1,64950.1,64943.8,64943.9,81.452
2026-08-09 05:45:00,64943.9,64945.3,64943.8,64945.3,46.672
2026-08-09 05:50:00,64945.3,64945.3,64927.8,64930.0,99.258
2026-08-09 05:55:00,64930.0,64930.0,64915.2,64915.2,131.711
2026-08-09 06:00:00,64915.2,64915.3,64910.4,64911.6,108.452
2026-08-09 06:05:00,64911.6,64913.0,64911.6,64913.0,40.505
2026-08-09 06:10:00,64912.9,64913.0,64907.9,64910.9,76.817
2026-08-09 06:15:00,64910.8,64934.6,64910.8,64929.6,103.016
2026-08-09 06:20:00,64929.7,64944.6,64929.6,64944.6,77.484
2026-08-09 06:25:00,64944.5,64945.1,64911.1,64911.1,227.309
2026-08-09 06:30:00,64911.1,64918.5,64911.1,64918.4,81.067
2026-08-09 06:35:00,64918.4,64954.1,64918.4,64945.1,152.522
2026-08-09 06:40:00,64945.0,64945.1,64942.4,64942.4,37.166
2026-08-09 06:45:00,64942.5,64942.5,64942.4,64942.4,32.868
2026-08-09 06:50:00,64942.4,64943.7,64921.9,64937.0,129.775
2026-08-09 06:55:00,64937.0,64937.1,64928.5,64928.5,35.966
2026-08-09 07:00:00,64928.6,64930.6,64928.5,64930.4,65.79
2026-08-09 07:05:00,64930.4,64930.5,64928.4,64928.5,31.174
2026-08-09 07:10:00,64928.4,64937.0,64928.4,64934.7,46.574
2026-08-09 07:15:00,64934.8,64945.1,64934.6,64940.2,60.48
2026-08-09 07:20:00,64940.2,64940.2,64934.7,64934.8,48.281
2026-08-09 07:25:00,64934.8,64934.8,64934.7,64934.7,21.123
2026-08-09 07:30:00,64934.7,64936.8,64934.7,64936.7,31.769
2026-08-09 07:35:00,64936.7,64956.9,64936.7,64952.5,89.746
2026-08-09 07:40:00,64952.5,64952.5,64942.7,64942.7,91.303
2026-08-09 07:45:00,64942.8,64947.8,64929.4,64929.7,70.117
2026-08-09 07:50:00,64929.7,64940.1,64929.6,64940.1,51.824
2026-08-09 07:55:00,64940.1,64957.7,64940.0,64952.9,173.523
2026-08-09 08:00:00,64952.9,64982.4,64945.1,64970.4,124.234
2026-08-09 08:05:00,64970.5,64970.5,64956.0,64956.1,37.139
2026-08-09 08:10:00,64956.0,64968.1,64955.3,64959.5,132.602
2026-08-09 08:15:00,64959.5,64959.5,64950.4,64957.6,46.057
2026-08-09 08:20:00,64957.7,64957.7,64908.4,64917.2,142.369
2026-08-09 08:25:00,64917.2,64917.3,64831.4,64836.1,580.433
2026-08-09 08:30:00,64836.2,64858.9,64826.9,64858.9,180.022
2026-08-09 08:35:00,64858.9,64865.8,64857.6,64859.7,80.323
2026-08-09 08:40:00,64859.7,64860.9,64847.1,64860.9,101.449
2026-08-09 08:45:00,64861.0,64866.0,64859.8,64859.8,69.026
2026-08-09 08:50:00,64859.9,64859.9,64818.0,64845.6,250.078
2026-08-09 08:55:00,64845.6,64846.6,64838.3,64838.4,99.023
2026-08-09 09:00:00,64838.4,64838.4,64813.6,64828.0,145.682
2026-08-09 09:05:00,64827.9,64828.0,64781.5,64813.5,241.767
2026-08-09 09:10:00,64813.6,64833.1,64813.6,64829.1,123.693
2026-08-09 09:15:00,64829.0,64829.1,64810.8,64810.8,107.209
2026-08-09 09:20:00,64810.8,64811.3,64810.8,64811.3,47.281
2026-08-09 09:25:00,64811.2,64820.4,64811.2,64820.1,53.367
2026-08-09 09:30:00,64820.1,64820.1,64806.7,64813.0,78.197
2026-08-09 09:35:00,64813.0,64813.0,64806.7,64806.7,55.078
2026-08-09 09:40:00,64806.8,64808.0,64752.0,64752.0,234.798
2026-08-09 09:45:00,64752.0,64774.3,64752.0,64760.4,145.536
2026-08-09 09:50:00,64760.3,64788.9,64752.0,64788.9,242.626
2026-08-09 09:55:00,64788.9,64804.1,64788.8,64798.0,206.729
2026-08-09 10:00:00,64798.0,64798.0,64780.1,64783.5,102.159
2026-08-09 10:05:00,64783.5,64786.7,64770.0,64770.0,85.285
2026-08-09 10:10:00,64770.0,64770.1,64711.0,64711.0,329.346
2026-08-09 10:15:00,64711.0,64730.4,64700.0,64730.3,317.33
2026-08-09 10:20:00,64730.3,64765.2,64730.3,64765.1,144.745
2026-08-09 10:25:00,64765.1,64767.2,64754.4,64754.5,112.519
2026-08-09 10:30:00,64754.5,64770.0,64752.0,64765.1,130.79
2026-08-09 10:35:00,64765.1,64767.7,64749.3,64767.7,84.159
2026-08-09 10:40:00,64767.7,64784.2,64767.6,64777.7,123.294
2026-08-09 10:45:00,64777.7,64777.7,64770.8,64771.2,98.461
2026-08-09 10:50:00,64771.1,64771.2,64765.4,64765.5,47.299
2026-08-09 10:55:00,64765.4,64765.5,64758.0,64759.0,61.644
2026-08-09 11:00:00,64758.9,64760.2,64758.9,64760.2,57.434
2026-08-09 11:05:00,64760.2,64777.1,64760.1,64777.0,75.532
2026-08-09 11:10:00,64776.9,64795.1,64776.9,64795.1,118.79
2026-08-09 11:15:00,64795.0,64806.2,64785.0,64785.0,152.385
2026-08-09 11:20:00,64785.0,64785.1,64785.0,64785.1,33.943
2026-08-09 11:25:00,64785.0,64806.3,64785.0,64806.3,103.342
2026-08-09 11:30:00,64806.3,64806.3,64787.6,64787.7,70.616
2026-08-09 11:35:00,64787.6,64787.7,64781.1,64785.8,53.477
2026-08-09 11:40:00,64785.9,64785.9,64781.1,64781.1,29.99
2026-08-09 11:45:00,64781.1,64781.2,64781.1,64781.2,21.848
2026-08-09 11:50:00,64781.1,64781.2,64759.7,64759.8,83.926
2026-08-09 11:55:00,64759.7,64759.8,64759.7,64759.8,39.19
2026-08-09 12:00:00,64759.7,64761.5,64759.7,64761.4,51.272
2026-08-09 12:05:00,64761.4,64764.3,64761.4,64762.5,48.156
2026-08-09 12:10:00,64762.4,64762.5,64754.0,64759.1,85.558
2026-08-09 12:15:00,64759.1,64764.7,64759.1,64759.9,49.512
2026-08-09 12:20:00,64759.8,64759.9,64758.8,64758.9,39.832
2026-08-09 12:25:00,64758.8,64759.9,64757.0,64757.1,69.849
2026-08-09 12:30:00,64757.0,64757.1,64757.0,64757.1,25.89
2026-08-09 12:35:00,64757.1,64757.2,64757.0,64757.2,60.137
2026-08-09 12:40:00,64757.2,64760.5,64757.1,64759.1,45.188
2026-08-09 12:45:00,64759.1,64759.1,64747.4,64753.9,111.42
2026-08-09 12:50:00,64753.9,64765.3,64753.8,64765.3,75.287
2026-08-09 12:55:00,64765.3,64777.9,64765.2,64777.9,88.421
2026-08-09 13:00:00,64777.8,64781.6,64777.8,64781.3,98.03
2026-08-09 13:05:00,64781.3,64781.3,64776.9,64777.0,97.701
2026-08-09 13:10:00,64777.0,64786.5,64776.9,64786.5,76.862
2026-08-09 13:15:00,64786.5,64800.6,64786.4,64800.1,127.929
2026-08-09 13:20:00,64800.1,64821.5,64800.1,64811.6,248.878
2026-08-09 13:25:00,64811.6,64815.6,64811.5,64815.6,66.378
2026-08-09 13:30:00,64815.5,64826.1,64815.5,64826.0,130.068
2026-08-09 13:35:00,64826.1,64834.4,64826.0,64834.4,85.255
2026-08-09 13:40:00,64834.4,64834.4,64830.0,64833.1,86.274
2026-08-09 13:45:00,64833.2,64835.0,64830.0,64830.1,76.062
2026-08-09 13:50:00,64830.1,64830.1,64830.0,64830.1,43.267
2026-08-09 13:55:00,64830.1,64832.4,64822.7,64822.9,131.139
2026-08-09 14:00:00,64822.9,64823.6,64822.8,64823.6,63.666
2026-08-09 14:05:00,64823.6,64826.8,64823.5,64826.8,72.412
2026-08-09 14:10:00,64826.8,64827.8,64820.5,64824.9,140.35
2026-08-09 14:15:00,64824.9,64826.6,64822.5,64824.3,124.91
2026-08-09 14:20:00,64824.3,64824.3,64809.1,64809.3,92.583
2026-08-09 14:25:00,64809.3,64810.0,64809.2,64810.0,46.145
2026-08-09 14:30:00,64810.0,64812.9,64808.0,64808.0,78.245
2026-08-09 14:35:00,64808.0,64808.1,64807.0,64807.1,59.824
2026-08-09 14:40:00,64807.1,64807.1,64806.3,64806.3,36.109
2026-08-09 14:45:00,64806.3,64806.4,64795.0,64795.2,90.976
2026-08-09 14:50:00,64795.2,64795.3,64795.2,64795.3,49.726
2026-08-09 14:55:00,64795.2,64795.3,64791.9,64793.6,77.593
2026-08-09 15:00:00,64793.7,64905.4,64793.7,64902.1,558.508
2026-08-09 15:05:00,64902.1,64902.2,64882.1,64892.3,144.872
2026-08-09 15:10:00,64892.3,64892.4,64892.3,64892.3,69.28
2026-08-09 15:15:00,64892.3,64911.1,64890.7,64890.8,178.204
2026-08-09 15:20:00,64890.8,64890.8,64875.0,64875.0,117.446
2026-08-09 15:25:00,64875.0,64877.6,64859.1,64859.8,146.596
2026-08-09 15:30:00,64859.7,64870.0,64859.7,64869.8,71.96
2026-08-09 15:35:00,64869.9,64869.9,64813.4,64813.4,121.45
2026-08-09 15:40:00,64813.4,64813.4,64759.2,64759.2,330.738
2026-08-09 15:45:00,64759.2,64787.6,64759.2,64784.5,338.692
2026-08-09 15:50:00,64784.6,64784.6,64760.1,64779.7,167.069
2026-08-09 15:55:00,64779.7,64793.1,64779.7,64792.5,85.327
2026-08-09 16:00:00,64792.5,64799.9,64792.5,64799.8,54.233
2026-08-09 16:05:00,64799.7,64799.8,64792.7,64792.8,60.155
2026-08-09 16:10:00,64792.8,64797.5,64792.7,64792.9,67.989
2026-08-09 16:15:00,64792.9,64799.1,64792.8,64799.1,56.115
2026-08-09 16:20:00,64799.1,64799.1,64797.3,64797.3,48.379
2026-08-09 16:25:00,64797.4,64797.4,64774.5,64779.8,118.552
2026-08-09 16:30:00,64779.8,64782.5,64775.0,64779.7,79.218
2026-08-09 16:35:00,64779.8,64789.5,64779.7,64788.9,64.493
2026-08-09 16:40:00,64788.9,64788.9,64788.3,64788.3,41.006
2026-08-09 16:45:00,64788.4,64788.4,64783.4,64785.6,36.322
2026-08-09 16:50:00,64785.6,64825.6,64785.5,64825.5,125.666
2026-08-09 16:55:00,64825.5,64850.9,64821.1,64850.9,156.911
2026-08-09 17:00:00,64850.9,64870.0,64850.8,64866.0,121.718
2026-08-09 17:05:00,64866.0,64869.2,64865.9,64869.2,62.953
2026-08-09 17:10:00,64869.2,64926.4,64869.2,64924.2,199.381
2026-08-09 17:15:00,64924.3,64924.3,64918.8,64919.0,149.149
2026-08-09 17:20:00,64918.9,64948.7,64918.9,64935.8,243.107
2026-08-09 17:25:00,64935.8,64938.0,64912.0,64935.7,164.391
2026-08-09 17:30:00,64935.7,64944.5,64910.9,64911.0,133.148
2026-08-09 17:35:00,64910.9,64918.6,64910.5,64911.7,64.487
2026-08-09 17:40:00,64911.8,64911.9,64911.7,64911.9,38.052
2026-08-09 17:45:00,64911.8,64948.4,64911.8,64941.9,183.5
2026-08-09 17:50:00,64942.0,64947.0,64937.3,64937.3,84.388
2026-08-09 17:55:00,64937.3,64940.1,64927.4,64927.4,72.087
2026-08-09 18:00:00,64927.5,64937.3,64927.4,64937.3,43.781
2026-08-09 18:05:00,64937.4,64955.0,64937.3,64948.1,129.966
2026-08-09 18:10:00,64948.0,64950.0,64948.0,64949.9,33.895
2026-08-09 18:15:00,64950.0,64950.0,64948.0,64948.0,40.125
2026-08-09 18:20:00,64948.0,64949.0,64940.1,64948.9,95.604
2026-08-09 18:25:00,64948.9,64949.0,64948.9,64948.9,24.904
2026-08-09 18:30:00,64949.0,64957.0,64948.9,64957.0,49.332
2026-08-09 18:35:00,64956.9,64974.5,64956.9,64958.4,123.849
2026-08-09 18:40:00,64958.4,64958.4,64958.3,64958.4,28.912
2026-08-09 18:45:00,64958.4,64978.0,64951.0,64951.1,165.594
2026-08-09 18:50:00,64951.0,64955.9,64937.3,64937.3,99.5
2026-08-09 18:55:00,64937.3,64937.4,64921.7,64921.8,117.4
2026-08-09 19:00:00,64921.7,64923.0,64884.3,64897.7,304.919
2026-08-09 19:05:00,64897.7,64905.3,64891.8,64905.2,75.446
2026-08-09 19:10:00,64905.3,64915.7,64905.2,64915.7,32.052
2026-08-09 19:15:00,64915.6,64922.2,64915.6,64915.6,56.889
2026-08-09 19:20:00,64915.7,64915.7,64915.6,64915.6,31.891
2026-08-09 19:25:00,64915.6,64915.7,64915.6,64915.6,13.929
2026-08-09 19:30:00,64915.6,64915.7,64908.9,64911.5,71.132
2026-08-09 19:35:00,64911.5,64911.5,64911.4,64911.4,25.814
2026-08-09 19:40:00,64911.4,64911.5,64911.4,64911.4,17.176
2026-08-09 19:45:00,64911.5,64911.8,64911.0,64911.1,34.001
2026-08-09 19:50:00,64911.1,64914.5,64905.7,64914.5,100.613
2026-08-09 19:55:00,64914.5,64928.5,64914.4,64928.5,64.433
2026-08-09 20:00:00,64928.4,64973.4,64928.4,64973.4,141.758
2026-08-09 20:05:00,64973.4,65012.2,64973.3,64986.1,528.034
2026-08-09 20:10:00,64986.1,64993.4,64986.0,64993.4,74.45
2026-08-09 20:15:00,64993.4,65026.6,64993.4,65021.3,206.617
2026-08-09 20:20:00,65021.3,65032.4,65009.4,65010.1,138.796
2026-08-09 20:25:00,65010.2,65068.9,65010.1,65061.8,298.454
2026-08-09 20:30:00,65061.8,65146.1,65061.8,65101.9,1304.466
2026-08-09 20:35:00,65101.9,65139.6,65093.2,65139.6,400.822
2026-08-09 20:40:00,65139.6,65245.5,65139.6,65193.0,1815.641
2026-08-09 20:45:00,65193.1,65194.9,65182.9,65184.6,295.568
2026-08-09 20:50:00,65184.6,65198.8,65164.9,65188.2,368.818
2026-08-09 20:55:00,65188.3,65195.0,65188.2,65194.9,165.322
2026-08-09 21:00:00,65195.0,65209.6,65163.8,65173.4,371.491
2026-08-09 21:05:00,65173.5,65212.6,65173.4,65195.7,246.142
2026-08-09 21:10:00,65195.6,65212.6,65188.2,65212.0,180.209
2026-08-09 21:15:00,65212.0,65212.0,65169.8,65178.1,188.175
2026-08-09 21:20:00,65178.2,65184.7,65130.8,65136.2,176.753
2026-08-09 21:25:00,65136.2,65166.7,65136.2,65166.6,146.211
2026-08-09 21:30:00,65166.7,65200.0,65166.6,65179.0,229.631
2026-08-09 21:35:00,65179.0,65179.1,65139.6,65139.6,117.366
2026-08-09 21:40:00,65139.7,65144.0,65118.4,65144.0,184.316
2026-08-09 21:45:00,65143.9,65145.2,65143.9,65145.1,82.609
2026-08-09 21:50:00,65145.1,65160.0,65145.1,65160.0,79.171
2026-08-09 21:55:00,65159.9,65279.9,65159.9,65237.3,1167.05
2026-08-09 22:00:00,65237.3,65240.9,65177.0,65225.7,401.109
2026-08-09 22:05:00,65225.6,65235.5,65212.1,65219.1,189.261
2026-08-09 22:10:00,65219.0,65238.0,65213.1,65218.9,260.087
2026-08-09 22:15:00,65218.9,65219.0,65205.9,65206.1,149.989
2026-08-09 22:20:00,65206.1,65210.0,65200.4,65210.0,150.125
2026-08-09 22:25:00,65209.9,65214.5,65199.8,65199.9,94.672
2026-08-09 22:30:00,65199.9,65200.0,65199.9,65199.9,85.378
2026-08-09 22:35:00,65200.0,65210.8,65199.8,65210.8,100.784
2026-08-09 22:40:00,65210.7,65210.8,65196.8,65199.6,186.534
2026-08-09 22:45:00,65199.7,65203.0,65197.0,65202.9,145.294
2026-08-09 22:50:00,65203.0,65203.0,65201.1,65201.2,56.876
2026-08-09 22:55:00,65201.1,65212.5,65201.1,65207.7,87.843
2026-08-09 23:00:00,65207.8,65214.3,65190.6,65210.6,197.496
2026-08-09 23:05:00,65210.7,65243.1,65210.6,65237.1,212.432
2026-08-09 23:10:00,65237.0,65237.1,65200.1,65210.5,171.217
2026-08-09 23:15:00,65210.5,65218.2,65200.6,65200.7,81.249
2026-08-09 23:20:00,65200.7,65202.3,65159.5,65159.6,228.365
2026-08-09 23:25:00,65159.5,65171.1,65147.2,65171.1,261.996
2026-08-09 23:30:00,65171.0,65204.0,65171.0,65191.3,130.071
2026-08-09 23:35:00,65191.3,65237.1,65191.3,65214.3,201.156
2026-08-09 23:40:00,65214.2,65235.0,65208.5,65228.0,161.368
2026-08-09 23:45:00,65228.0,65233.3,65206.6,65206.6,85.207
2026-08-09 23:50:00,65206.6,65217.0,65206.6,65212.7,46.72
2026-08-09 23:55:00,65212.6,65217.0,65204.5,65204.6,76.783
2026-08-10 00:00:00,65204.6,65204.7,65191.0,65197.9,90.466
2026-08-10 00:05:00,65197.9,65198.0,65195.8,65195.9,46.663
2026-08-10 00:10:00,65195.8,65200.0,65192.6,65200.0,49.208
2026-08-10 00:15:00,65199.9,65200.0,65192.1,65198.3,57.759
2026-08-10 00:20:00,65198.3,65212.8,65193.4,65212.0,122.083
2026-08-10 00:25:00,65212.0,65212.0,65211.9,65211.9,44.631
2026-08-10 00:30:00,65211.9,65212.1,65200.8,65200.9,48.269
2026-08-10 00:35:00,65200.8,65206.5,65197.5,65206.4,69.68
2026-08-10 00:40:00,65206.4,65206.5,65206.4,65206.4,38.686
2026-08-10 00:45:00,65206.4,65206.5,65187.3,65187.3,83.111
2026-08-10 00:50:00,65187.3,65187.4,65166.7,65166.7,106.18
2026-08-10 00:55:00,65166.7,65170.0,65165.9,65170.0,65.225
2026-08-10 01:00:00,65169.9,65181.4,65169.9,65181.3,47.607
2026-08-10 01:05:00,65181.3,65181.4,65179.9,65180.0,40.814
2026-08-10 01:10:00,65180.0,65180.1,65179.9,65180.1,41.086
2026-08-10 01:15:00,65180.0,65180.1,65161.2,65174.3,224.521
2026-08-10 01:20:00,65174.3,65174.8,65174.2,65174.8,29.49
2026-08-10 01:25:00,65174.8,65194.0,65174.7,65194.0,70.065
2026-08-10 01:30:00,65193.9,65200.0,65193.9,65199.9,39.939
2026-08-10 01:35:00,65200.0,65200.0,65194.0,65196.0,54.149
2026-08-10 01:40:00,65196.0,65196.1,65194.1,65194.2,46.106
2026-08-10 01:45:00,65194.1,65194.2,65185.3,65185.3,81.635
2026-08-10 01:50:00,65185.3,65185.4,65185.3,65185.3,31.965
2026-08-10 01:55:00,65185.3,65185.3,65167.1,65167.1,93.864
2026-08-10 02:00:00,65167.1,65169.7,65167.1,65169.6,48.469
2026-08-10 02:05:00,65169.6,65177.6,65169.6,65177.6,53.738
2026-08-10 02:10:00,65177.5,65177.6,65158.5,65166.4,105.206
2026-08-10 02:15:00,65166.3,65185.1,65166.3,65185.1,42.527
2026-08-10 02:20:00,65185.0,65185.5,65185.0,65185.5,22.82
2026-08-10 02:25:00,65185.5,65188.6,65185.4,65186.1,68.419
2026-08-10 02:30:00,65186.1,65186.2,65174.1,65174.1,63.822
2026-08-10 02:35:00,65174.2,65174.2,65174.1,65174.1,27.655
2026-08-10 02:40:00,65174.1,65174.2,65171.7,65171.7,48.368
2026-08-10 02:45:00,65171.7,65171.8,65147.6,65167.3,147.553
2026-08-10 02:50:00,65167.2,65167.3,65154.9,65158.1,67.145
2026-08-10 02:55:00,65158.2,65166.1,65153.1,65153.2,109.78
2026-08-10 03:00:00,65153.2,65161.4,65130.9,65131.0,134.726
2026-08-10 03:05:00,65131.0,65131.0,65111.2,65111.2,163.906
2026-08-10 03:10:00,65111.2,65111.3,65043.5,65049.2,656.719
2026-08-10 03:15:00,65049.2,65112.0,65049.2,65090.4,287.393
2026-08-10 03:20:00,65090.3,65125.0,65088.9,65089.1,132.329
2026-08-10 03:25:00,65089.0,65116.1,65071.2,65102.4,177.116
2026-08-10 03:30:00,65102.3,65142.6,65102.3,65135.8,137.756
2026-08-10 03:35:00,65135.7,65137.2,65115.5,65115.8,56.052
2026-08-10 03:40:00,65115.8,65115.8,65109.9,65111.2,27.847
2026-08-10 03:45:00,65111.3,65117.9,65105.0,65105.1,50.591
2026-08-10 03:50:00,65105.0,65111.2,65093.3,65111.2,84.821
2026-08-10 03:55:00,65111.2,65114.2,65111.1,65114.1,37.525
2026-08-10 04:00:00,65114.0,65114.1,65103.2,65109.6,79.002
2026-08-10 04:05:00,65109.6,65109.8,65095.9,65107.3,116.288
2026-08-10 04:10:00,65107.2,65107.3,65097.9,65103.1,35.222
2026-08-10 04:15:00,65103.0,65114.1,65100.6,65100.6,48.799
2026-08-10 04:20:00,65100.6,65102.4,65091.2,65102.4,69.001
2026-08-10 04:25:00,65102.4,65111.0,65102.4,65111.0,42.011
2026-08-10 04:30:00,65110.9,65116.2,65110.9,65116.1,77.047
2026-08-10 04:35:00,65116.1,65210.0,65112.9,65210.0,285.003
2026-08-10 04:40:00,65209.9,65229.9,65159.6,65196.7,442.08
2026-08-10 04:45:00,65196.7,65203.3,65171.7,65171.7,89.007
2026-08-10 04:50:00,65171.7,65171.8,65154.2,65154.3,48.001
2026-08-10 04:55:00,65154.2,65177.4,65154.2,65165.0,44.637
2026-08-10 05:00:00,65165.1,65230.0,65165.1,65223.1,197.991
2026-08-10 05:05:00,65223.2,65275.0,65219.4,65254.1,321.487
2026-08-10 05:10:00,65254.1,65482.7,65231.5,65387.1,2960.206
2026-08-10 05:15:00,65387.2,65419.4,65260.6,65293.2,1036.381
2026-08-10 05:20:00,65293.2,65308.9,65182.3,65184.1,426.759
2026-08-10 05:25:00,65184.0,65214.0,65184.0,65210.5,185.031
2026-08-10 05:30:00,65210.6,65224.7,65013.3,65071.8,890.783
2026-08-10 05:35:00,65071.7,65077.3,64959.7,64963.8,861.665
2026-08-10 05:40:00,64963.8,65008.3,64942.7,65006.2,693.223
2026-08-10 05:45:00,65006.1,65006.2,64971.4,64985.2,216.442
2026-08-10 05:50:00,64985.2,65034.5,64936.2,65034.4,433.868
2026-08-10 05:55:00,65034.5,65080.0,65034.4,65046.3,365.151
2026-08-10 06:00:00,65046.2,65067.5,64999.4,65060.9,253.697
2026-08-10 06:05:00,65060.8,65080.3,64956.1,64971.3,325.322
2026-08-10 06:10:00,64971.3,65030.1,64971.2,64990.1,167.381
2026-08-10 06:15:00,64990.0,65027.4,64960.0,64979.6,295.313
2026-08-10 06:20:00,64979.6,64979.7,64886.0,64947.9,642.288
2026-08-10 06:25:00,64948.0,64948.0,64869.0,64892.2,478.279
2026-08-10 06:30:00,64892.2,64892.2,64816.0,64841.9,860.791
2026-08-10 06:35:00,64842.0,64911.0,64829.9,64840.1,552.502
2026-08-10 06:40:00,64840.1,64883.7,64833.0,64866.5,253.661
2026-08-10 06:45:00,64866.6,64903.2,64866.5,64892.2,198.818
2026-08-10 06:50:00,64892.2,64892.2,64848.0,64848.0,161.515
2026-08-10 06:55:00,64848.0,64880.0,64805.1,64867.8,376.914
2026-08-10 07:00:00,64867.8,64891.8,64811.8,64867.9,352.032
2026-08-10 07:05:00,64868.0,65033.1,64867.9,65014.1,592.919
2026-08-10 07:10:00,65014.1,65300.0,65012.2,65120.2,1831.474
2026-08-10 07:15:00,65120.2,65146.4,65064.3,65068.2,430.25
2026-08-10 07:20:00,65068.2,65095.9,64950.3,64960.6,511.352
2026-08-10 07:25:00,64960.7,65027.4,64954.2,64974.8,250.308
2026-08-10 07:30:00,64974.9,65025.7,64960.2,64992.0,256.383
2026-08-10 07:35:00,64991.9,64992.0,64854.8,64854.9,489.656
2026-08-10 07:40:00,64854.9,64908.0,64794.4,64819.0,1088.21
2026-08-10 07:45:00,64819.0,64914.7,64816.0,64914.7,540.695
2026-08-10 07:50:00,64914.7,65015.3,64914.6,64972.0,466.347
2026-08-10 07:55:00,64971.9,65000.0,64917.6,64945.3,167.549
2026-08-10 08:00:00,64945.3,65005.8,64927.6,64952.9,219.877
2026-08-10 08:05:00,64952.9,64969.2,64868.1,64955.3,319.356
2026-08-10 08:10:00,64955.3,65002.5,64953.6,64977.6,123.219
2026-08-10 08:15:00,64977.5,65034.2,64977.5,65007.1,167.758
2026-08-10 08:20:00,65007.1,65020.6,64971.8,65015.2,118.589
2026-08-10 08:25:00,65015.1,65049.4,64976.6,64976.6,154.021
2026-08-10 08:30:00,64976.6,64988.1,64921.2,64926.4,209.231
2026-08-10 08:35:00,64926.4,64933.4,64864.0,64929.0,288.212
2026-08-10 08:40:00,64929.0,64966.9,64918.6,64947.8,174.011
2026-08-10 08:45:00,64947.8,65234.6,64941.2,65221.1,1003.792
2026-08-10 08:50:00,65221.2,65373.6,65177.9,65189.2,1817.093
2026-08-10 08:55:00,65189.1,65200.0,65157.8,65172.9,202.716
2026-08-10 09:00:00,65172.9,65185.0,65072.0,65113.1,462.014
2026-08-10 09:05:00,65113.0,65119.9,65046.7,65078.9,282.94
2026-08-10 09:10:00,65078.9,65109.5,65069.8,65074.5,141.012
2026-08-10 09:15:00,65074.5,65076.2,64900.0,64900.1,862.223
2026-08-10 09:20:00,64900.1,64941.3,64900.0,64902.0,452.972
2026-08-10 09:25:00,64902.0,64948.6,64871.0,64931.2,555.594
2026-08-10 09:30:00,64931.2,64975.3,64931.2,64942.1,200.876
2026-08-10 09:35:00,64942.2,64988.0,64940.4,64988.0,124.148
2026-08-10 09:40:00,64988.0,65193.3,64988.0,65172.0,864.974
2026-08-10 09:45:00,65172.1,65172.1,65075.4,65082.1,368.487
2026-08-10 09:50:00,65082.2,65110.6,65059.6,65078.1,159.601
2026-08-10 09:55:00,65078.2,65082.9,65055.8,65077.7,78.746
2026-08-10 10:00:00,65077.7,65085.1,65020.8,65035.8,167.971
2026-08-10 10:05:00,65035.7,65057.3,65006.1,65050.7,136.498
2026-08-10 10:10:00,65050.7,65050.8,64930.5,64931.3,439.721
2026-08-10 10:15:00,64931.2,65024.0,64875.0,65014.1,689.208
2026-08-10 10:20:00,65014.0,65119.1,65014.0,65105.8,344.727
2026-08-10 10:25:00,65105.8,65150.0,64999.6,64999.6,378.597
2026-08-10 10:30:00,64999.7,65040.0,64968.9,65039.9,287.679
2026-08-10 10:35:00,65039.9,65070.0,65032.0,65047.3,120.706
2026-08-10 10:40:00,65047.4,65055.0,64980.0,65001.5,107.815
2026-08-10 10:45:00,65001.6,65032.0,65001.6,65016.1,59.376
2026-08-10 10:50:00,65016.1,65016.2,64951.2,64955.2,112.041
2026-08-10 10:55:00,64955.3,64969.7,64922.3,64946.4,479.344
2026-08-10 11:00:00,64946.4,65021.9,64926.5,65021.9,375.18
2026-08-10 11:05:00,65021.9,65046.2,64986.7,65011.4,210.837
2026-08-10 11:10:00,65011.4,65049.7,65001.8,65046.0,70.826
2026-08-10 11:15:00,65046.0,65076.4,65034.3,65034.4,118.174
2026-08-10 11:20:00,65034.3,65056.0,65020.0,65020.0,59.059
2026-08-10 11:25:00,65020.1,65050.8,65000.0,65000.1,159.856
2026-08-10 11:30:00,65000.0,65015.0,64975.1,64999.9,117.586
2026-08-10 11:35:00,65000.0,65011.0,64973.7,64973.7,124.788
2026-08-10 11:40:00,64973.7,64983.5,64892.1,64980.8,346.672
2026-08-10 11:45:00,64980.7,65026.2,64980.7,65001.3,117.907
2026-08-10 11:50:00,65001.3,65010.0,64990.0,64990.0,65.962
2026-08-10 11:55:00,64990.1,64991.5,64950.0,64980.6,109.706
2026-08-10 12:00:00,64980.4,64995.6,64967.0,64995.6,115.6
2026-08-10 12:05:00,64995.5,65028.7,64995.5,65028.1,83.011
2026-08-10 12:10:00,65028.1,65028.1,64952.3,64965.0,99.529
2026-08-10 12:15:00,64964.9,65006.1,64964.9,64970.1,98.055
2026-08-10 12:20:00,64970.1,65028.2,64970.0,65028.2,57.278
2026-08-10 12:25:00,65028.1,65040.0,64998.0,65019.6,75.451
2026-08-10 12:30:00,65019.6,65028.0,64995.4,65028.0,76.288
2026-08-10 12:35:00,65028.0,65063.1,65022.3,65033.0,101.381
2026-08-10 12:40:00,65033.0,65059.4,65032.1,65059.4,88.821
2026-08-10 12:45:00,65059.4,65060.7,65027.6,65027.7,67.385
2026-08-10 12:50:00,65027.7,65130.0,65024.0,65112.6,512.551
2026-08-10 12:55:00,65112.6,65142.1,65105.3,65117.1,318.919
2026-08-10 13:00:00,65117.2,65189.9,65104.1,65159.4,518.19
2026-08-10 13:05:00,65159.4,65260.0,65146.5,65153.4,722.581
2026-08-10 13:10:00,65153.3,65189.1,65140.3,65174.7,220.319
2026-08-10 13:15:00,65174.8,65214.6,65155.5,65204.4,287.147
2026-08-10 13:20:00,65204.4,65204.4,65159.1,65179.9,164.621
2026-08-10 13:25:00,65179.9,65180.0,65120.1,65139.9,144.4
2026-08-10 13:30:00,65140.0,65177.2,65140.0,65160.7,91.43
2026-08-10 13:35:00,65160.6,65174.0,65160.6,65164.5,87.0
2026-08-10 13:40:00,65164.5,65212.2,65156.6,65212.2,174.736
2026-08-10 13:45:00,65212.1,65219.1,65201.4,65214.0,135.809
2026-08-10 13:50:00,65214.0,65247.1,65209.0,65246.7,225.837
2026-08-10 13:55:00,65246.7,65313.2,65246.7,65273.2,538.839
2026-08-10 14:00:00,65273.1,65283.7,65235.3,65250.4,480.513
2026-08-10 14:05:00,65250.5,65258.7,65229.4,65239.9,202.482
2026-08-10 14:10:00,65240.0,65257.2,65239.9,65240.1,141.037
2026-08-10 14:15:00,65240.1,65244.8,65203.7,65244.7,253.952
2026-08-10 14:20:00,65244.7,65294.1,65238.4,65294.1,265.743
2026-08-10 14:25:00,65294.1,65307.4,65256.2,65297.0,248.107
2026-08-10 14:30:00,65297.0,65315.5,65280.0,65315.4,337.423
2026-08-10 14:35:00,65315.5,65348.4,65300.0,65300.0,692.331
2026-08-10 14:40:00,65300.0,65316.8,65300.0,65303.0,254.216
2026-08-10 14:45:00,65303.0,65313.0,65220.1,65220.1,257.144
2026-08-10 14:50:00,65220.2,65230.0,65181.1,65183.9,306.103
2026-08-10 14:55:00,65183.9,65183.9,65173.1,65183.0,157.045
2026-08-10 15:00:00,65183.0,65290.0,65182.9,65274.1,254.491
2026-08-10 15:05:00,65274.0,65277.8,65227.8,65245.0,154.893
2026-08-10 15:10:00,65245.0,65245.0,65223.4,65240.4,108.921
2026-08-10 15:15:00,65240.3,65258.0,65202.6,65258.0,170.354
2026-08-10 15:20:00,65258.0,65282.5,65226.6,65272.5,150.96
2026-08-10 15:25:00,65272.5,65306.9,65255.1,65269.8,287.945
2026-08-10 15:30:00,65269.8,65279.6,65256.2,65257.6,88.124
2026-08-10 15:35:00,65257.7,65261.7,65218.2,65218.2,115.946
2026-08-10 15:40:00,65218.2,65218.3,65160.2,65200.9,324.23
2026-08-10 15:45:00,65200.9,65200.9,65184.5,65188.6,99.498
2026-08-10 15:50:00,65188.6,65240.0,65183.8,65202.2,154.756
2026-08-10 15:55:00,65202.2,65236.1,65202.2,65220.6,76.945
2026-08-10 16:00:00,65220.6,65220.7,65159.2,65200.0,226.257
2026-08-10 16:05:00,65199.9,65200.0,65171.2,65194.0,130.895
2026-08-10 16:10:00,65194.0,65211.7,65169.0,65193.8,125.26
2026-08-10 16:15:00,65193.8,65196.2,65176.1,65178.0,70.38
2026-08-10 16:20:00,65178.0,65180.3,65157.0,65172.6,129.388
2026-08-10 16:25:00,65172.6,65172.7,65133.6,65139.0,118.795
2026-08-10 16:30:00,65139.0,65139.0,65065.2,65104.7,495.7
2026-08-10 16:35:00,65104.6,65110.4,65045.0,65051.6,704.341
2026-08-10 16:40:00,65051.5,65055.6,65012.6,65021.8,457.983
2026-08-10 16:45:00,65021.9,65021.9,64934.4,64941.6,1130.751
2026-08-10 16:50:00,64941.5,64969.2,64928.0,64935.1,460.495
2026-08-10 16:55:00,64935.1,64977.3,64930.1,64941.1,587.967
2026-08-10 17:00:00,64941.0,65022.2,64939.5,65020.1,702.187
2026-08-10 17:05:00,65020.0,65053.3,65004.7,65020.5,265.398
2026-08-10 17:10:00,65020.5,65021.2,65007.7,65017.4,129.548
2026-08-10 17:15:00,65017.3,65017.4,64989.1,64990.1,111.422
2026-08-10 17:20:00,64990.1,65041.9,64981.1,65028.1,192.94
2026-08-10 17:25:00,65028.1,65044.4,64990.0,64998.7,174.933
2026-08-10 17:30:00,64998.7,65023.8,64994.5,65005.2,130.645
2026-08-10 17:35:00,65005.3,65011.3,64990.0,65002.2,164.955
2026-08-10 17:40:00,65002.2,65002.3,64980.0,64982.4,101.486
2026-08-10 17:45:00,64982.4,65029.0,64980.0,65023.4,152.827
2026-08-10 17:50:00,65023.4,65023.4,65000.0,65001.8,92.667
2026-08-10 17:55:00,65001.9,65002.8,64985.0,64988.7,148.405
2026-08-10 18:00:00,64988.8,65000.4,64965.0,64976.6,143.347
2026-08-10 18:05:00,64976.7,65009.0,64972.4,64988.7,350.425
2026-08-10 18:10:00,64988.8,64991.1,64950.0,64991.1,178.828
2026-08-10 18:15:00,64991.1,65040.5,64991.0,65040.5,148.775
2026-08-10 18:20:00,65040.5,65068.8,65015.0,65022.7,291.969
2026-08-10 18:25:00,65022.8,65062.7,65022.7,65051.6,89.863
2026-08-10 18:30:00,65051.5,65075.0,65038.3,65075.0,106.615
2026-08-10 18:35:00,65075.0,65077.8,65034.0,65047.0,128.325
2026-08-10 18:40:00,65046.9,65056.9,65032.2,65032.2,64.077
2026-08-10 18:45:00,65032.2,65058.0,65032.2,65048.4,137.985
2026-08-10 18:50:00,65048.4,65074.7,65040.0,65072.1,122.676
2026-08-10 18:55:00,65072.0,65108.4,65072.0,65097.6,163.697
2026-08-10 19:00:00,65097.5,65221.2,65071.2,65162.1,1074.244
2026-08-10 19:05:00,65162.2,65165.3,65130.3,65157.1,266.869
2026-08-10 19:10:00,65157.1,65177.3,65100.0,65100.4,308.669
2026-08-10 19:15:00,65100.5,65104.3,65052.0,65054.3,304.294
2026-08-10 19:20:00,65054.3,65082.0,65052.0,65052.0,184.294
2026-08-10 19:25:00,65052.1,65056.5,65012.1,65027.8,262.415
2026-08-10 19:30:00,65027.8,65035.0,64958.0,64958.0,301.639
2026-08-10 19:35:00,64958.0,64976.7,64893.1,64894.5,678.954
2026-08-10 19:40:00,64894.4,64998.1,64882.7,64995.6,750.224
2026-08-10 19:45:00,64995.6,64995.6,64938.7,64950.6,397.686
2026-08-10 19:50:00,64950.5,64955.9,64866.9,64901.4,836.241
2026-08-10 19:55:00,64901.4,64901.4,64812.6,64838.3,911.344
2026-08-10 20:00:00,64838.3,64881.9,64814.5,64855.0,865.071
2026-08-10 20:05:00,64855.0,64882.8,64830.0,64857.0,355.647
2026-08-10 20:10:00,64856.9,64857.0,64827.9,64855.4,325.532
2026-08-10 20:15:00,64855.3,64925.0,64847.7,64920.4,448.567
2026-08-10 20:20:00,64920.3,64942.5,64870.3,64919.1,538.087
2026-08-10 20:25:00,64919.1,64919.1,64854.3,64894.2,341.513
2026-08-10 20:30:00,64894.3,64907.0,64629.4,64650.5,2122.678
2026-08-10 20:35:00,64650.6,64817.4,64618.0,64646.3,2035.027
2026-08-10 20:40:00,64646.3,64664.6,64575.8,64618.5,1443.727
2026-08-10 20:45:00,64618.5,64660.0,64503.8,64532.2,1565.908
2026-08-10 20:50:00,64532.2,64592.4,64482.1,64517.9,1571.336
2026-08-10 20:55:00,64518.0,64577.7,64485.0,64533.7,955.194
2026-08-10 21:00:00,64533.6,64683.0,64510.0,64671.2,1496.289
2026-08-10 21:05:00,64671.2,64683.0,64576.1,64633.6,704.728
2026-08-10 21:10:00,64633.6,64729.2,64598.9,64722.2,542.639
2026-08-10 21:15:00,64722.2,64758.9,64684.6,64748.2,646.504
2026-08-10 21:20:00,64748.2,64760.4,64687.7,64691.9,429.608
2026-08-10 21:25:00,64691.9,64803.7,64682.0,64752.6,615.152
2026-08-10 21:30:00,64752.7,64777.1,64734.1,64774.0,388.612
2026-08-10 21:35:00,64774.0,64843.3,64735.2,64753.3,557.26
2026-08-10 21:40:00,64753.2,64856.7,64753.2,64795.0,378.142
2026-08-10 21:45:00,64795.1,64830.0,64752.1,64752.1,327.047
2026-08-10 21:50:00,64752.1,64767.2,64589.9,64654.0,974.522
2026-08-10 21:55:00,64654.1,64654.1,64573.1,64594.5,1086.167
2026-08-10 22:00:00,64594.6,64652.0,64550.0,64641.6,802.608
2026-08-10 22:05:00,64641.6,64672.9,64616.0,64644.7,422.547
2026-08-10 22:10:00,64644.7,64691.2,64500.3,64529.9,1148.136
2026-08-10 22:15:00,64529.9,64619.6,64466.7,64493.6,1633.202
2026-08-10 22:20:00,64493.6,64503.2,64356.0,64362.6,1813.528
2026-08-10 22:25:00,64362.6,64375.1,64280.0,64374.0,2196.094
2026-08-10 22:30:00,64373.9,64390.6,64316.5,64316.5,773.57
2026-08-10 22:35:00,64316.6,64327.0,64213.0,64262.8,1959.524
2026-08-10 22:40:00,64262.8,64349.6,64250.9,64317.9,1224.448
2026-08-10 22:45:00,64317.9,64335.8,64202.1,64210.8,1160.569
2026-08-10 22:50:00,64210.7,64288.3,64171.8,64200.0,1782.14
2026-08-10 22:55:00,64200.0,64278.0,64176.5,64268.8,1287.929
2026-08-10 23:00:00,64268.7,64318.1,64155.1,64315.8,2097.148
2026-08-10 23:05:00,64315.9,64330.0,64211.9,64215.3,689.046
2026-08-10 23:10:00,64215.2,64244.0,64190.0,64195.7,670.506
2026-08-10 23:15:00,64195.7,64195.7,64033.5,64062.5,2667.495
2026-08-10 23:20:00,64062.4,64092.0,63944.0,64092.0,2835.658
2026-08-10 23:25:00,64092.0,64100.0,64091.1,64100.0,870.894
2026-08-10 23:30:00,64100.0,64100.0,64030.7,64057.9,865.772
2026-08-10 23:35:00,64057.9,64132.5,64057.9,64132.5,467.111
2026-08-10 23:40:00,64132.6,64163.9,63923.8,63948.8,1697.103
2026-08-10 23:45:00,63948.8,63960.3,63888.0,63915.1,1812.171
2026-08-10 23:50:00,63915.1,63932.6,63812.6,63823.7,1370.28
2026-08-10 23:55:00,63823.6,63891.2,63808.9,63888.6,1878.438
2026-08-11 00:00:00,63888.6,63921.1,63828.7,63828.7,980.735
2026-08-11 00:05:00,63828.8,63936.2,63810.0,63924.3,864.279
2026-08-11 00:10:00,63924.3,63999.9,63924.2,63973.7,959.132
2026-08-11 00:15:00,63973.7,63973.7,63907.1,63909.6,453.332
2026-08-11 00:20:00,63909.5,63941.5,63902.6,63913.9,307.711
2026-08-11 00:25:00,63913.9,63988.4,63901.4,63901.5,383.848
2026-08-11 00:30:00,63901.5,63984.2,63880.0,63957.4,573.412
2026-08-11 00:35:00,63957.4,63957.4,63916.4,63942.7,225.873
2026-08-11 00:40:00,63942.8,64009.0,63928.9,63929.0,455.872
2026-08-11 00:45:00,63928.9,63928.9,63844.8,63913.0,708.193
2026-08-11 00:50:00,63913.0,63953.1,63875.2,63886.0,280.612
2026-08-11 00:55:00,63886.1,63932.7,63868.7,63932.7,347.096
2026-08-11 01:00:00,63932.6,63984.6,63883.3,63883.5,692.787
2026-08-11 01:05:00,63883.4,63955.2,63875.0,63949.0,373.633
2026-08-11 01:10:00,63948.9,64005.4,63922.2,63922.2,363.621
2026-08-11 01:15:00,63922.3,63926.6,63873.4,63914.8,269.925
2026-08-11 01:20:00,63914.9,63971.6,63910.3,63971.5,198.13
2026-08-11 01:25:00,63971.6,63986.9,63878.7,63880.0,346.918
2026-08-11 01:30:00,63880.0,63913.3,63868.8,63889.1,562.185
2026-08-11 01:35:00,63889.1,63895.3,63788.0,63800.0,3231.488
2026-08-11 01:40:00,63800.0,63863.1,63798.6,63863.0,646.558
2026-08-11 01:45:00,63863.1,63897.2,63813.9,63897.2,408.096
2026-08-11 01:50:00,63897.2,63906.5,63869.3,63869.4,213.804
2026-08-11 01:55:00,63869.3,63901.6,63863.0,63866.4,185.15
2026-08-11 02:00:00,63866.3,63913.0,63859.9,63883.4,231.744
2026-08-11 02:05:00,63883.3,63906.3,63875.8,63894.1,167.425
2026-08-11 02:10:00,63894.0,63905.6,63882.4,63905.6,159.696
2026-08-11 02:15:00,63905.6,63931.9,63875.4,63919.4,341.214
2026-08-11 02:20:00,63919.5,63974.6,63919.5,63968.3,347.076
2026-08-11 02:25:00,63968.3,63997.1,63965.3,63997.1,224.586
2026-08-11 02:30:00,63997.1,64072.8,63997.0,64044.9,1046.8
2026-08-11 02:35:00,64044.8,64044.9,63903.0,63928.4,417.161
2026-08-11 02:40:00,63928.4,64017.3,63901.5,64000.0,354.928
2026-08-11 02:45:00,64000.1,64022.9,63975.5,64002.8,156.748
2026-08-11 02:50:00,64002.8,64022.0,63954.7,64003.0,271.948
2026-08-11 02:55:00,64002.9,64020.0,63979.8,64017.2,182.368
2026-08-11 03:00:00,64017.2,64042.3,63989.5,64031.0,359.952
2026-08-11 03:05:00,64030.9,64051.4,64022.4,64047.1,273.308
2026-08-11 03:10:00,64047.0,64060.2,63999.9,64023.0,324.241
2026-08-11 03:15:00,64022.9,64075.1,64014.2,64065.6,295.986
2026-08-11 03:20:00,64065.5,64070.7,64051.2,64064.6,103.685
2026-08-11 03:25:00,64064.6,64090.0,64064.6,64090.0,180.354
2026-08-11 03:30:00,64089.9,64090.0,64071.0,64080.0,149.829
2026-08-11 03:35:00,64079.9,64124.9,64076.9,64086.5,317.045
2026-08-11 03:40:00,64086.4,64189.3,64086.4,64143.0,683.157
2026-08-11 03:45:00,64142.9,64143.0,64107.7,64111.5,174.522
2026-08-11 03:50:00,64111.5,64153.5,64111.4,64121.1,207.507
2026-08-11 03:55:00,64121.2,64130.0,64112.5,64129.6,230.506
2026-08-11 04:00:00,64129.7,64129.7,64049.5,64081.9,336.5
2026-08-11 04:05:00,64081.9,64115.2,64081.9,64103.5,120.833
2026-08-11 04:10:00,64103.4,64103.5,64063.6,64080.8,185.902
2026-08-11 04:15:00,64080.9,64088.3,64063.3,64088.3,137.463
2026-08-11 04:20:00,64088.3,64088.3,64055.6,64055.6,96.171
2026-08-11 04:25:00,64055.6,64089.6,64035.2,64089.1,165.036
2026-08-11 04:30:00,64089.2,64089.2,64072.8,64075.4,81.76
2026-08-11 04:35:00,64075.4,64085.0,64046.3,64046.3,88.502
2026-08-11 04:40:00,64046.3,64058.3,64000.0,64004.8,250.391
2026-08-11 04:45:00,64004.8,64016.8,63946.8,63971.2,349.21
2026-08-11 04:50:00,63971.2,63971.3,63958.2,63963.1,137.635
2026-08-11 04:55:00,63963.1,63972.4,63949.0,63949.0,136.803
2026-08-11 05:00:00,63949.0,63996.6,63919.1,63941.0,310.397
2026-08-11 05:05:00,63941.1,63988.0,63924.3,63988.0,168.608
2026-08-11 05:10:00,63988.0,64017.1,63984.9,64010.6,183.26
2026-08-11 05:15:00,64010.6,64027.4,64010.5,64026.5,133.807
2026-08-11 05:20:00,64026.6,64026.6,63979.3,63979.3,190.753
2026-08-11 05:25:00,63979.4,63987.5,63975.5,63980.9,72.025
2026-08-11 05:30:00,63980.9,63981.0,63908.0,63910.3,123.383
2026-08-11 05:35:00,63910.3,63954.5,63910.3,63925.4,114.703
2026-08-11 05:40:00,63925.4,63957.0,63925.4,63956.9,44.313
2026-08-11 05:45:00,63957.0,63969.1,63953.7,63969.0,61.435
2026-08-11 05:50:00,63969.0,63969.1,63968.9,63968.9,50.686
2026-08-11 05:55:00,63968.9,63987.5,63968.9,63987.5,48.772
2026-08-11 06:00:00,63987.5,63992.1,63960.0,63963.2,143.229
2026-08-11 06:05:00,63963.2,63964.2,63943.5,63943.5,121.273
2026-08-11 06:10:00,63943.5,63959.8,63943.5,63949.9,83.991
2026-08-11 06:15:00,63950.0,63969.0,63949.9,63951.3,134.002
2026-08-11 06:20:00,63951.3,63955.2,63916.8,63949.8,120.06
2026-08-11 06:25:00,63949.9,63960.8,63920.3,63959.2,182.458
2026-08-11 06:30:00,63959.2,63959.3,63927.3,63927.3,103.349
2026-08-11 06:35:00,63927.4,63928.6,63881.6,63897.5,301.082
2026-08-11 06:40:00,63897.6,63945.0,63897.5,63939.9,194.861
2026-08-11 06:45:00,63939.9,63940.0,63914.7,63921.9,131.725
2026-08-11 06:50:00,63922.0,63958.9,63911.2,63922.1,249.006
2026-08-11 06:55:00,63922.1,63955.3,63922.1,63939.3,71.004
2026-08-11 07:00:00,63939.3,63939.3,63888.0,63912.9,353.637
2026-08-11 07:05:00,63912.9,63923.1,63863.9,63918.0,274.204
2026-08-11 07:10:00,63918.0,63955.8,63901.7,63955.8,238.187
2026-08-11 07:15:00,63955.8,63955.8,63884.8,63904.1,345.172
2026-08-11 07:20:00,63904.0,63963.5,63890.4,63936.0,183.775
2026-08-11 07:25:00,63936.0,63974.5,63936.0,63960.9,167.238
2026-08-11 07:30:00,63961.0,63983.3,63958.8,63973.0,186.346
2026-08-11 07:35:00,63973.0,63973.1,63918.6,63958.4,171.589
2026-08-11 07:40:00,63958.4,63964.0,63936.0,63951.5,142.396
2026-08-11 07:45:00,63951.5,63983.7,63951.5,63971.6,214.094
2026-08-11 07:50:00,63971.6,64024.9,63971.6,63998.1,485.131
2026-08-11 07:55:00,63998.1,64032.6,63990.0,64006.1,380.969
2026-08-11 08:00:00,64006.1,64012.0,63954.9,63978.6,280.333
2026-08-11 08:05:00,63978.6,63978.7,63950.0,63978.4,141.708
2026-08-11 08:10:00,63978.4,64048.2,63978.4,64027.7,342.06
2026-08-11 08:15:00,64027.8,64027.8,63950.0,63950.1,305.566
2026-08-11 08:20:00,63950.1,64036.3,63950.0,64023.6,251.469
2026-08-11 08:25:00,64023.5,64044.2,64007.3,64039.4,233.612
2026-08-11 08:30:00,64039.5,64039.5,64009.7,64011.0,148.021
2026-08-11 08:35:00,64011.1,64016.1,63994.8,63994.9,79.944
2026-08-11 08:40:00,63994.8,63995.7,63923.9,63957.0,355.066
2026-08-11 08:45:00,63957.0,64008.5,63955.0,64008.5,129.685
2026-08-11 08:50:00,64008.4,64046.5,64008.4,64033.2,185.929
2026-08-11 08:55:00,64033.1,64043.9,64026.6,64026.6,156.12
2026-08-11 09:00:00,64026.6,64052.4,64024.8,64052.3,167.498
2026-08-11 09:05:00,64052.3,64054.0,64024.9,64046.8,173.593
2026-08-11 09:10:00,64046.9,64052.9,64009.7,64009.7,182.367
2026-08-11 09:15:00,64009.8,64042.0,64009.7,64033.6,128.182
2026-08-11 09:20:00,64033.7,64034.8,64023.4,64034.7,130.351
2026-08-11 09:25:00,64034.7,64041.1,64016.6,64019.9,119.599
2026-08-11 09:30:00,64019.9,64026.0,64002.6,64008.3,125.275
2026-08-11 09:35:00,64008.3,64008.4,63999.9,63999.9,79.87
2026-08-11 09:40:00,63999.9,64017.0,63999.9,64013.9,119.114
2026-08-11 09:45:00,64013.9,64029.0,64010.2,64010.2,155.663
2026-08-11 09:50:00,64010.3,64018.6,64002.4,64018.5,105.197
2026-08-11 09:55:00,64018.5,64020.6,64010.8,64012.9,117.507
2026-08-11 10:00:00,64012.8,64047.5,64012.8,64047.5,122.115
2026-08-11 10:05:00,64047.4,64049.8,64025.5,64048.8,131.449
2026-08-11 10:10:00,64048.8,64075.0,64048.8,64070.2,148.878
2026-08-11 10:15:00,64070.2,64120.7,64070.2,64102.6,321.887
2026-08-11 10:20:00,64102.7,64126.2,64100.0,64119.6,184.805
2026-08-11 10:25:00,64119.6,64148.0,64106.6,64106.7,408.745
2026-08-11 10:30:00,64106.6,64106.7,64100.0,64103.0,92.233
2026-08-11 10:35:00,64103.1,64117.0,64103.0,64116.9,88.025
2026-08-11 10:40:00,64117.0,64134.3,64102.8,64103.9,126.549
2026-08-11 10:45:00,64103.8,64104.2,64095.1,64104.2,134.789
2026-08-11 10:50:00,64104.2,64104.3,64087.0,64098.1,96.599
2026-08-11 10:55:00,64098.2,64110.7,64089.5,64110.7,215.01
2026-08-11 11:00:00,64110.7,64124.2,64100.6,64100.7,157.837
2026-08-11 11:05:00,64100.6,64106.7,64090.4,64090.4,96.312
2026-08-11 11:10:00,64090.4,64101.8,64089.7,64089.7,107.012
2026-08-11 11:15:00,64089.7,64093.5,64088.9,64088.9,62.242
2026-08-11 11:20:00,64088.9,64107.5,64083.4,64083.4,147.563
2026-08-11 11:25:00,64083.4,64083.5,64073.1,64080.9,97.305
2026-08-11 11:30:00,64080.9,64082.0,64069.5,64069.6,87.892
2026-08-11 11:35:00,64069.6,64071.3,64065.1,64068.4,117.46
2026-08-11 11:40:00,64068.5,64068.5,64068.4,64068.4,35.42
2026-08-11 11:45:00,64068.5,64073.5,64048.0,64052.0,208.676
2026-08-11 11:50:00,64052.1,64052.1,64003.8,64009.9,476.531
2026-08-11 11:55:00,64009.9,64010.0,63997.0,63997.0,156.173
2026-08-11 12:00:00,63997.0,64008.5,63961.0,64008.5,461.307
2026-08-11 12:05:00,64008.5,64021.8,64008.4,64021.8,59.935
2026-08-11 12:10:00,64021.8,64023.4,64011.5,64014.6,92.502
2026-08-11 12:15:00,64014.6,64021.9,63983.3,63989.2,144.659
2026-08-11 12:20:00,63989.1,63989.1,63929.2,63943.3,317.172
2026-08-11 12:25:00,63943.4,63944.0,63937.7,63944.0,132.57
2026-08-11 12:30:00,63943.9,63980.9,63938.7,63980.8,190.429
2026-08-11 12:35:00,63980.9,64012.9,63980.9,64009.7,177.933
2026-08-11 12:40:00,64009.7,64009.8,64006.3,64006.3,58.185
2026-08-11 12:45:00,64006.3,64016.6,64003.2,64003.3,138.922
2026-08-11 12:50:00,64003.3,64003.3,63970.0,63982.5,145.502
2026-08-11 12:55:00,63982.5,63984.6,63965.0,63965.0,117.169
2026-08-11 13:00:00,63965.0,63971.4,63942.4,63969.3,168.717
2026-08-11 13:05:00,63969.3,64008.6,63963.1,64008.6,118.284
2026-08-11 13:10:00,64008.6,64021.8,64001.1,64001.1,86.331
2026-08-11 13:15:00,64001.2,64001.2,63979.0,63979.1,99.975
2026-08-11 13:20:00,63979.0,63979.1,63954.5,63954.6,101.459
2026-08-11 13:25:00,63954.5,63954.6,63900.0,63900.0,315.067
2026-08-11 13:30:00,63900.0,63907.0,63875.8,63880.7,315.127
2026-08-11 13:35:00,63880.7,63939.0,63874.8,63937.3,355.351
2026-08-11 13:40:00,63937.3,63937.3,63903.2,63903.2,308.36
2026-08-11 13:45:00,63903.3,63914.2,63901.0,63911.9,123.687
2026-08-11 13:50:00,63911.9,63911.9,63820.0,63839.9,595.89
2026-08-11 13:55:00,63840.0,63942.4,63839.9,63940.0,333.046
2026-08-11 14:00:00,63940.0,63965.3,63940.0,63964.4,201.531
2026-08-11 14:05:00,63964.4,63987.6,63946.5,63954.9,143.182
2026-08-11 14:10:00,63954.9,63954.9,63935.9,63935.9,106.779
2026-08-11 14:15:00,63935.9,63944.6,63897.0,63897.0,149.227
2026-08-11 14:20:00,63897.0,63897.1,63876.4,63896.9,198.991
2026-08-11 14:25:00,63896.9,63905.0,63879.9,63879.9,236.379
2026-08-11 14:30:00,63879.9,63962.3,63879.9,63962.3,297.468
2026-08-11 14:35:00,63962.2,64060.0,63962.2,64057.2,461.313
2026-08-11 14:40:00,64057.2,64057.2,64035.2,64043.9,196.299
2026-08-11 14:45:00,64044.0,64069.9,64040.1,64040.9,348.822
2026-08-11 14:50:00,64040.9,64077.0,64020.0,64020.0,282.474
2026-08-11 14:55:00,64020.0,64031.7,64010.0,64031.7,206.853
2026-08-11 15:00:00,64031.7,64076.1,64031.7,64054.8,288.262
2026-08-11 15:05:00,64054.9,64093.7,64041.9,64042.0,446.516
2026-08-11 15:10:00,64042.0,64050.7,64016.7,64016.8,99.623
2026-08-11 15:15:00,64016.7,64041.2,64010.4,64019.3,148.32
2026-08-11 15:20:00,64019.2,64049.5,64019.2,64049.5,96.563
2026-08-11 15:25:00,64049.5,64064.0,64026.2,64026.2,136.511
2026-08-11 15:30:00,64026.2,64036.3,64026.2,64032.3,101.724
2026-08-11 15:35:00,64032.4,64053.2,64032.0,64053.2,123.685
2026-08-11 15:40:00,64053.1,64095.6,64048.9,64084.8,209.5
2026-08-11 15:45:00,64084.8,64088.8,64063.1,64063.2,85.942
2026-08-11 15:50:00,64063.2,64124.8,64063.1,64121.8,277.556
2026-08-11 15:55:00,64121.9,64121.9,64106.0,64109.8,172.077
2026-08-11 16:00:00,64109.7,64115.0,64106.1,64114.9,121.619
2026-08-11 16:05:00,64114.9,64137.7,64106.0,64106.1,354.194
2026-08-11 16:10:00,64106.0,64115.1,64106.0,64106.9,230.528
2026-08-11 16:15:00,64107.0,64148.5,64106.7,64148.5,183.126
2026-08-11 16:20:00,64148.5,64176.4,64138.2,64165.5,378.39
2026-08-11 16:25:00,64165.4,64171.1,64159.9,64160.2,191.974
2026-08-11 16:30:00,64160.2,64217.2,64160.2,64162.6,804.329
2026-08-11 16:35:00,64162.5,64162.6,64158.0,64158.0,91.798
2026-08-11 16:40:00,64158.1,64227.7,64158.0,64217.8,446.431
2026-08-11 16:45:00,64217.8,64249.9,64217.8,64240.0,318.793
2026-08-11 16:50:00,64240.1,64263.3,64217.3,64221.0,406.601
2026-08-11 16:55:00,64221.1,64281.0,64221.0,64281.0,252.968
2026-08-11 17:00:00,64280.9,64289.9,64244.2,64272.1,422.522
2026-08-11 17:05:00,64272.0,64290.1,64251.2,64260.8,360.048
2026-08-11 17:10:00,64260.8,64260.9,64207.6,64218.8,519.21
2026-08-11 17:15:00,64218.8,64218.9,64194.3,64201.1,244.584
2026-08-11 17:20:00,64201.0,64219.7,64172.0,64204.7,289.369
2026-08-11 17:25:00,64204.6,64282.1,64204.6,64277.0,215.691
2026-08-11 17:30:00,64276.9,64284.7,64230.1,64237.0,189.931
2026-08-11 17:35:00,64236.9,64253.9,64221.1,64253.8,274.646
2026-08-11 17:40:00,64253.8,64255.3,64253.8,64253.9,236.224
2026-08-11 17:45:00,64253.8,64253.9,64202.9,64220.3,703.895
2026-08-11 17:50:00,64220.2,64244.1,64212.3,64212.3,160.529
2026-08-11 17:55:00,64212.3,64212.4,64190.1,64205.3,105.035
2026-08-11 18:00:00,64205.3,64366.0,64205.3,64344.8,1164.807
2026-08-11 18:05:00,64344.8,64348.2,64287.5,64287.6,233.568
2026-08-11 18:10:00,64287.6,64364.2,64287.6,64333.0,407.949
2026-08-11 18:15:00,64333.0,64333.1,64308.9,64308.9,186.483
2026-08-11 18:20:00,64308.9,64335.0,64308.9,64310.9,157.09
2026-08-11 18:25:00,64310.9,64322.2,64310.8,64311.0,132.808
2026-08-11 18:30:00,64311.0,64321.8,64307.4,64307.5,238.871
2026-08-11 18:35:00,64307.4,64318.2,64306.5,64312.3,118.904
2026-08-11 18:40:00,64312.3,64320.5,64310.2,64313.4,157.439
2026-08-11 18:45:00,64313.3,64333.0,64313.3,64322.4,243.214
2026-08-11 18:50:00,64322.3,64350.8,64320.1,64350.8,214.299
2026-08-11 18:55:00,64350.7,64380.0,64347.1,64358.3,426.127
2026-08-11 19:00:00,64358.4,64414.0,64352.0,64383.5,708.439
2026-08-11 19:05:00,64383.6,64443.0,64376.6,64443.0,696.704
2026-08-11 19:10:00,64443.0,64470.0,64416.2,64445.0,848.657
2026-08-11 19:15:00,64444.9,64445.0,64360.0,64360.6,726.703
2026-08-11 19:20:00,64360.6,64360.7,64282.0,64282.3,690.237
2026-08-11 19:25:00,64282.3,64299.4,64259.1,64290.1,471.854
2026-08-11 19:30:00,64290.1,64335.4,64286.8,64335.4,434.433
2026-08-11 19:35:00,64335.4,64360.1,64315.5,64338.0,464.623
2026-08-11 19:40:00,64338.0,64341.7,64302.1,64302.1,188.48
2026-08-11 19:45:00,64302.2,64318.8,64302.1,64306.5,635.576
2026-08-11 19:50:00,64306.5,64312.2,64303.6,64304.0,138.204
2026-08-11 19:55:00,64304.1,64308.5,64302.1,64303.2,167.87
2026-08-11 20:00:00,64303.1,64306.1,64252.7,64274.4,910.584
2026-08-11 20:05:00,64274.5,64345.9,64260.6,64338.9,285.836
2026-08-11 20:10:00,64338.9,64345.8,64278.4,64296.3,209.658
2026-08-11 20:15:00,64296.4,64305.7,64224.9,64242.0,384.33
2026-08-11 20:20:00,64242.1,64246.2,64200.0,64206.1,440.499
2026-08-11 20:25:00,64206.0,64206.1,64144.0,64179.2,709.559
2026-08-11 20:30:00,64179.3,64217.2,64085.5,64121.2,988.102
2026-08-11 20:35:00,64121.2,64134.1,64023.7,64092.9,1110.159
2026-08-11 20:40:00,64092.9,64212.2,64092.9,64151.8,865.134
2026-08-11 20:45:00,64151.8,64195.9,64094.6,64152.6,744.148
2026-08-11 20:50:00,64152.5,64162.8,64020.2,64079.9,654.088
2026-08-11 20:55:00,64079.9,64193.4,64076.8,64174.4,347.168
2026-08-11 21:00:00,64174.4,64198.0,64121.6,64173.5,309.987
2026-08-11 21:05:00,64173.4,64206.4,64088.0,64155.6,338.4
2026-08-11 21:10:00,64155.5,64206.4,64150.4,64195.7,255.031
2026-08-11 21:15:00,64195.8,64240.0,64123.5,64126.5,363.316
2026-08-11 21:20:00,64126.5,64140.8,63921.2,63924.6,1052.989
2026-08-11 21:25:00,63924.6,64034.6,63888.8,63999.8,1144.508
2026-08-11 21:30:00,63999.8,64007.2,63921.1,64007.2,617.758
2026-08-11 21:35:00,64007.2,64041.2,63880.4,63917.7,595.382
2026-08-11 21:40:00,63917.6,63954.8,63866.6,63938.1,456.91
2026-08-11 21:45:00,63938.2,63984.6,63908.1,63908.1,439.934
2026-08-11 21:50:00,63908.1,63908.1,63680.0,63730.5,3823.442
2026-08-11 21:55:00,63730.5,63770.0,63683.6,63747.0,1316.436
2026-08-11 22:00:00,63747.0,63838.6,63728.2,63800.1,1290.06
2026-08-11 22:05:00,63800.0,63841.5,63771.7,63787.2,575.245
2026-08-11 22:10:00,63787.3,63793.8,63693.9,63752.5,808.692
2026-08-11 22:15:00,63752.5,63761.5,63678.4,63750.2,699.409
2026-08-11 22:20:00,63750.1,63817.1,63700.6,63775.9,532.91
2026-08-11 22:25:00,63775.9,63845.7,63775.9,63836.3,502.383
2026-08-11 22:30:00,63836.3,63836.3,63688.4,63688.5,485.586
2026-08-11 22:35:00,63688.4,63700.0,63472.2,63502.4,4248.568
2026-08-11 22:40:00,63502.5,63539.2,63420.0,63536.2,2230.373
2026-08-11 22:45:00,63536.2,63608.8,63500.0,63518.5,907.634
2026-08-11 22:50:00,63518.5,63554.6,63456.8,63456.8,539.369
2026-08-11 22:55:00,63456.9,63598.7,63446.8,63585.3,644.07
2026-08-11 23:00:00,63585.3,63619.2,63508.3,63577.9,1055.583
2026-08-11 23:05:00,63578.0,63625.5,63540.0,63607.6,516.062
2026-08-11 23:10:00,63607.6,63637.5,63555.3,63582.3,428.553
2026-08-11 23:15:00,63582.2,63629.4,63550.0,63606.8,397.619
2026-08-11 23:20:00,63606.8,63628.9,63587.1,63612.4,237.108
2026-08-11 23:25:00,63612.5,63623.7,63560.4,63570.6,373.162
2026-08-11 23:30:00,63570.6,63596.0,63510.0,63522.4,270.033
2026-08-11 23:35:00,63522.4,63562.4,63476.0,63515.0,488.32
2026-08-11 23:40:00,63515.1,63526.2,63457.7,63470.3,331.338
2026-08-11 23:45:00,63470.2,63506.9,63436.5,63506.9,460.902
2026-08-11 23:50:00,63506.8,63524.9,63476.9,63491.6,349.129
2026-08-11 23:55:00,63491.5,63504.6,63488.4,63488.5,126.16
2026-08-12 00:00:00,63488.5,63517.1,63472.2,63476.3,338.075
2026-08-12 00:05:00,63476.3,63484.5,63450.0,63451.5,293.299
2026-08-12 00:10:00,63451.6,63519.6,63432.3,63484.0,379.438
2026-08-12 00:15:00,63484.1,63522.1,63466.2,63500.1,214.433
2026-08-12 00:20:00,63500.0,63542.3,63482.1,63542.3,195.755
2026-08-12 00:25:00,63542.3,63576.3,63511.3,63548.8,295.656
2026-08-12 00:30:00,63548.9,63572.0,63516.0,63523.6,245.544
2026-08-12 00:35:00,63523.6,63544.9,63500.8,63510.2,140.24
2026-08-12 00:40:00,63510.2,63562.4,63496.1,63531.7,293.183
2026-08-12 00:45:00,63531.7,63572.3,63512.4,63513.7,321.736
2026-08-12 00:50:00,63513.8,63577.6,63513.7,63577.6,155.111
2026-08-12 00:55:00,63577.5,63615.5,63574.5,63580.1,309.294
2026-08-12 01:00:00,63580.2,63609.1,63562.1,63563.1,446.033
2026-08-12 01:05:00,63563.2,63581.6,63525.2,63542.2,178.076
2026-08-12 01:10:00,63542.2,63575.3,63525.6,63571.8,287.123
2026-08-12 01:15:00,63571.8,63583.0,63554.6,63576.9,115.659
2026-08-12 01:20:00,63576.9,63580.6,63551.4,63565.6,97.981
2026-08-12 01:25:00,63565.6,63573.6,63453.0,63454.1,443.212
2026-08-12 01:30:00,63454.1,63487.9,63288.0,63416.3,4412.335
2026-08-12 01:35:00,63416.3,63466.1,63317.2,63331.7,1238.167
2026-08-12 01:40:00,63331.7,63331.8,63222.0,63281.8,2091.473
2026-08-12 01:45:00,63281.8,63346.1,63277.1,63339.9,448.75
2026-08-12 01:50:00,63340.0,63361.8,63314.2,63345.6,351.951
2026-08-12 01:55:00,63345.6,63363.6,63312.6,63352.5,218.861
2026-08-12 02:00:00,63352.5,63357.6,63321.0,63324.0,263.293
2026-08-12 02:05:00,63324.1,63324.1,63240.1,63241.9,496.628
2026-08-12 02:10:00,63241.9,63270.4,63211.6,63224.6,739.872
2026-08-12 02:15:00,63224.6,63328.3,63224.6,63307.2,402.559
2026-08-12 02:20:00,63307.3,63372.9,63307.2,63319.4,348.947
2026-08-12 02:25:00,63319.4,63349.8,63301.0,63334.7,166.786
2026-08-12 02:30:00,63334.7,63398.1,63334.6,63350.1,406.392
2026-08-12 02:35:00,63350.1,63417.5,63335.8,63409.3,354.358
2026-08-12 02:40:00,63409.3,63436.0,63361.2,63431.0,444.713
2026-08-12 02:45:00,63431.0,63453.4,63389.2,63389.3,350.839
2026-08-12 02:50:00,63389.3,63462.8,63357.2,63462.5,343.996
2026-08-12 02:55:00,63462.4,63513.9,63450.0,63508.5,633.758
2026-08-12 03:00:00,63508.5,63646.2,63508.5,63608.6,2569.23
2026-08-12 03:05:00,63608.7,63692.4,63608.7,63668.5,740.749
2026-08-12 03:10:00,63668.6,63677.7,63638.8,63649.9,380.777
2026-08-12 03:15:00,63649.9,63650.0,63576.0,63597.1,452.782
2026-08-12 03:20:00,63597.1,63621.6,63597.1,63601.4,142.067
2026-08-12 03:25:00,63601.4,63651.6,63590.1,63651.6,177.981
2026-08-12 03:30:00,63651.6,63732.7,63643.8,63655.2,515.153
2026-08-12 03:35:00,63655.1,63669.5,63641.5,63667.6,116.267
2026-08-12 03:40:00,63667.7,63690.1,63625.8,63652.4,278.361
2026-08-12 03:45:00,63652.4,63708.7,63652.3,63670.0,451.758
2026-08-12 03:50:00,63670.0,63698.3,63669.8,63698.2,89.468
2026-08-12 03:55:00,63698.2,63725.3,63698.2,63720.8,219.897
2026-08-12 04:00:00,63720.8,63720.9,63708.0,63717.9,170.645
2026-08-12 04:05:00,63717.9,63726.5,63714.7,63715.7,149.959
2026-08-12 04:10:00,63715.7,63731.4,63708.0,63712.0,201.674
2026-08-12 04:15:00,63712.1,63757.5,63657.9,63658.0,940.189
2026-08-12 04:20:00,63658.0,63663.7,63628.9,63649.9,194.131
2026-08-12 04:25:00,63650.0,63677.4,63648.0,63648.0,157.809
2026-08-12 04:30:00,63648.1,63648.1,63606.5,63609.7,123.758
2026-08-12 04:35:00,63609.7,63634.9,63590.7,63615.7,133.431
2026-08-12 04:40:00,63615.8,63669.3,63615.7,63647.0,136.779
2026-08-12 04:45:00,63647.0,63667.0,63620.0,63624.4,179.918
2026-08-12 04:50:00,63624.3,63647.4,63620.1,63647.3,76.607
2026-08-12 04:55:00,63647.4,63654.6,63636.9,63641.5,93.745
2026-08-12 05:00:00,63641.6,63746.4,63641.6,63712.4,325.563
2026-08-12 05:05:00,63712.4,63713.1,63678.6,63678.7,155.999
2026-08-12 05:10:00,63678.7,63716.4,63678.6,63706.5,113.008
2026-08-12 05:15:00,63706.5,63740.3,63689.0,63689.0,195.497
2026-08-12 05:20:00,63689.1,63706.8,63677.1,63692.8,107.328
2026-08-12 05:25:00,63692.7,63696.1,63680.0,63696.1,80.709
2026-08-12 05:30:00,63696.0,63707.2,63673.1,63700.5,152.073
2026-08-12 05:35:00,63700.5,63700.6,63652.1,63658.1,75.711
2026-08-12 05:40:00,63658.1,63661.9,63627.8,63630.0,113.851
2026-08-12 05:45:00,63630.0,63634.9,63601.2,63616.1,139.602
2026-08-12 05:50:00,63616.1,63648.0,63616.1,63634.4,87.201
2026-08-12 05:55:00,63634.4,63655.1,63634.4,63641.6,93.824
2026-08-12 06:00:00,63641.7,63641.7,63559.2,63559.3,391.08
2026-08-12 06:05:00,63559.2,63559.3,63536.1,63552.6,291.559
2026-08-12 06:10:00,63552.7,63569.9,63552.6,63553.3,90.605
2026-08-12 06:15:00,63553.4,63553.4,63527.3,63534.1,130.793
2026-08-12 06:20:00,63534.0,63563.9,63534.0,63563.8,63.339
2026-08-12 06:25:00,63563.9,63593.3,63552.4,63572.7,122.596
2026-08-12 06:30:00,63572.8,63597.8,63560.0,63597.8,97.061
2026-08-12 06:35:00,63597.7,63600.0,63575.3,63579.2,127.159
2026-08-12 06:40:00,63579.2,63619.1,63579.2,63615.7,159.51
2026-08-12 06:45:00,63615.8,63619.8,63600.1,63600.1,104.243
2026-08-12 06:50:00,63600.0,63629.0,63584.9,63599.1,172.158
2026-08-12 06:55:00,63599.1,63599.2,63571.9,63572.0,107.966
2026-08-12 07:00:00,63571.9,63572.6,63527.4,63540.2,290.576
2026-08-12 07:05:00,63540.2,63556.6,63505.3,63536.1,381.733
2026-08-12 07:10:00,63536.0,63587.7,63518.2,63583.1,179.749
2026-08-12 07:15:00,63583.1,63600.0,63551.5,63589.3,148.18
2026-08-12 07:20:00,63589.3,63664.4,63589.3,63657.1,243.233
2026-08-12 07:25:00,63657.0,63684.0,63640.0,63644.1,188.416
2026-08-12 07:30:00,63644.0,63691.5,63644.0,63691.5,209.547
2026-08-12 07:35:00,63691.4,63700.0,63669.6,63685.7,199.814
2026-08-12 07:40:00,63685.7,63700.0,63683.2,63692.1,99.342
2026-08-12 07:45:00,63692.1,63712.0,63691.3,63706.3,175.483
2026-08-12 07:50:00,63706.4,63722.4,63705.7,63714.5,138.723
2026-08-12 07:55:00,63714.5,63722.3,63708.3,63717.2,116.909
2026-08-12 08:00:00,63717.2,63744.1,63687.4,63711.9,232.189
2026-08-12 08:05:00,63711.9,63738.3,63700.0,63700.0,224.981
2026-08-12 08:10:00,63700.0,63760.0,63700.0,63758.0,217.782
2026-08-12 08:15:00,63758.1,63758.1,63708.8,63741.8,197.658
2026-08-12 08:20:00,63741.8,63746.7,63714.8,63735.3,82.582
2026-08-12 08:25:00,63735.3,63746.7,63722.8,63722.8,152.276
2026-08-12 08:30:00,63722.9,63722.9,63665.2,63705.1,204.532
2026-08-12 08:35:00,63705.1,63741.7,63701.2,63741.6,115.027
2026-08-12 08:40:00,63741.6,63797.9,63741.6,63797.8,258.414
2026-08-12 08:45:00,63797.8,63821.2,63771.1,63821.2,343.296
2026-08-12 08:50:00,63821.2,63828.7,63803.9,63803.9,300.35
2026-08-12 08:55:00,63803.9,63820.1,63778.2,63796.0,408.311
2026-08-12 09:00:00,63796.0,63820.0,63789.0,63796.5,175.358
2026-08-12 09:05:00,63796.5,63859.1,63795.5,63838.9,325.219
2026-08-12 09:10:00,63838.9,63848.0,63810.0,63820.2,360.134
2026-08-12 09:15:00,63820.1,63840.4,63820.1,63823.1,161.815
2026-08-12 09:20:00,63823.1,63823.2,63751.8,63781.6,353.949
2026-08-12 09:25:00,63781.6,63868.0,63779.0,63868.0,391.317
2026-08-12 09:30:00,63868.0,63886.0,63800.8,63800.8,327.464
2026-08-12 09:35:00,63800.8,63808.9,63743.8,63743.8,251.264
2026-08-12 09:40:00,63743.8,63766.2,63730.9,63745.7,193.448
2026-08-12 09:45:00,63745.8,63755.0,63725.9,63742.4,175.101
2026-08-12 09:50:00,63742.4,63749.0,63733.6,63745.9,121.9
2026-08-12 09:55:00,63745.9,63746.0,63701.2,63722.6,215.829
2026-08-12 10:00:00,63722.5,63772.6,63722.5,63756.2,146.238
2026-08-12 10:05:00,63756.2,63759.6,63727.4,63727.4,128.089
2026-08-12 10:10:00,63727.4,63729.1,63680.0,63692.6,268.649
2026-08-12 10:15:00,63692.7,63715.0,63678.4,63698.7,198.82
2026-08-12 10:20:00,63698.8,63730.0,63688.4,63729.9,123.22
2026-08-12 10:25:00,63730.0,63751.7,63694.9,63728.5,249.826
2026-08-12 10:30:00,63728.5,63764.9,63704.5,63764.7,113.916
2026-08-12 10:35:00,63764.7,63819.2,63764.6,63805.5,239.655
2026-08-12 10:40:00,63805.5,63813.4,63785.6,63785.6,126.038
2026-08-12 10:45:00,63785.6,63790.1,63767.6,63790.1,68.635
2026-08-12 10:50:00,63790.0,63799.4,63759.1,63759.2,144.644
2026-08-12 10:55:00,63759.2,63809.5,63745.6,63800.1,124.769
2026-08-12 11:00:00,63800.1,63812.1,63798.0,63812.0,84.802
2026-08-12 11:05:00,63812.0,63812.0,63760.5,63780.8,161.189
2026-08-12 11:10:00,63780.9,63780.9,63731.3,63757.9,268.93
2026-08-12 11:15:00,63757.9,63777.4,63755.2,63777.4,123.375
2026-08-12 11:20:00,63777.3,63863.6,63769.5,63847.3,658.265
2026-08-12 11:25:00,63847.4,63847.4,63742.9,63767.0,347.43
2026-08-12 11:30:00,63767.1,63767.1,63706.4,63713.6,226.782
2026-08-12 11:35:00,63713.7,63723.9,63713.6,63723.9,95.49
2026-08-12 11:40:00,63723.8,63755.3,63723.8,63745.9,125.76
2026-08-12 11:45:00,63745.8,63794.1,63730.1,63794.1,85.132
2026-08-12 11:50:00,63794.1,63805.0,63786.0,63790.7,111.171
2026-08-12 11:55:00,63790.8,63799.2,63736.2,63747.2,323.977
2026-08-12 12:00:00,63747.2,63747.2,63710.0,63713.6,121.248
2026-08-12 12:05:00,63713.6,63744.7,63698.2,63744.6,96.974
2026-08-12 12:10:00,63744.6,63793.0,63744.6,63793.0,138.775
2026-08-12 12:15:00,63792.9,63798.4,63790.0,63798.3,46.515
2026-08-12 12:20:00,63798.3,63812.7,63785.1,63785.2,165.824
2026-08-12 12:25:00,63785.2,63812.6,63785.1,63812.6,48.005
2026-08-12 12:30:00,63812.5,63846.3,63812.5,63830.7,178.922
2026-08-12 12:35:00,63830.7,63838.9,63817.9,63832.3,174.566
2026-08-12 12:40:00,63832.2,63832.3,63794.9,63821.1,187.688
2026-08-12 12:45:00,63821.0,63834.1,63814.5,63814.5,121.644
2026-08-12 12:50:00,63814.6,63825.1,63787.5,63787.8,195.95
2026-08-12 12:55:00,63787.8,63825.5,63787.5,63811.4,252.217
2026-08-12 13:00:00,63811.3,63811.3,63750.0,63754.5,221.016
2026-08-12 13:05:00,63754.5,63765.7,63712.2,63712.3,232.086
2026-08-12 13:10:00,63712.3,63714.8,63675.4,63676.5,276.335
2026-08-12 13:15:00,63676.5,63729.9,63651.4,63681.0,616.502
2026-08-12 13:20:00,63681.0,63689.4,63607.0,63616.7,528.426
2026-08-12 13:25:00,63616.8,63624.3,63592.7,63618.0,441.898
2026-08-12 13:30:00,63618.0,63640.3,63574.6,63640.3,594.644
2026-08-12 13:35:00,63640.3,63657.7,63619.2,63631.4,255.983
2026-08-12 13:40:00,63631.4,63631.5,63607.7,63630.1,189.484
2026-08-12 13:45:00,63630.2,63657.3,63630.1,63644.7,197.643
2026-08-12 13:50:00,63644.6,63644.7,63600.0,63609.5,271.427
2026-08-12 13:55:00,63609.4,63688.0,63609.4,63688.0,396.09
2026-08-12 14:00:00,63687.9,63745.5,63684.4,63745.5,302.426
2026-08-12 14:05:00,63745.5,63778.6,63740.8,63762.5,274.576
2026-08-12 14:10:00,63762.5,63762.5,63728.6,63736.5,125.55
2026-08-12 14:15:00,63736.6,63736.6,63707.3,63714.1,135.334
2026-08-12 14:20:00,63714.1,63714.2,63698.1,63699.9,79.404
2026-08-12 14:25:00,63700.0,63720.0,63699.9,63705.0,102.69
2026-08-12 14:30:00,63705.1,63752.8,63705.0,63735.4,120.549
2026-08-12 14:35:00,63735.5,63735.5,63667.0,63678.3,159.06
2026-08-12 14:40:00,63678.4,63678.4,63656.0,63664.7,109.948
2026-08-12 14:45:00,63664.7,63666.2,63603.4,63666.2,504.475
2026-08-12 14:50:00,63666.2,63727.5,63666.1,63722.3,120.0
2026-08-12 14:55:00,63722.2,63812.5,63722.2,63804.8,364.37
2026-08-12 15:00:00,63804.8,63841.7,63760.0,63810.0,606.012
2026-08-12 15:05:00,63809.9,63844.0,63797.7,63805.0,373.029
2026-08-12 15:10:00,63805.0,63805.0,63757.2,63764.4,241.074
2026-08-12 15:15:00,63764.4,63795.0,63764.3,63794.9,135.549
2026-08-12 15:20:00,63794.9,63809.0,63770.5,63802.8,353.836
2026-08-12 15:25:00,63802.9,63804.9,63782.2,63796.4,116.939
2026-08-12 15:30:00,63796.5,63796.5,63741.1,63766.9,215.14
2026-08-12 15:35:00,63766.9,63775.9,63747.4,63775.8,82.288
2026-08-12 15:40:00,63775.9,63775.9,63745.4,63751.3,73.847
2026-08-12 15:45:00,63751.4,63795.5,63751.3,63782.0,91.358
2026-08-12 15:50:00,63782.1,63790.2,63752.5,63760.1,306.172
2026-08-12 15:55:00,63760.0,63770.0,63753.0,63769.9,65.831
2026-08-12 16:00:00,63770.0,63779.6,63735.4,63779.0,141.218
2026-08-12 16:05:00,63779.1,63820.0,63765.4,63819.9,105.647
2026-08-12 16:10:00,63820.0,63835.2,63815.3,63827.2,177.803
2026-08-12 16:15:00,63827.3,63944.5,63827.2,63932.4,870.216
2026-08-12 16:20:00,63932.3,63957.2,63875.0,63952.6,572.217
2026-08-12 16:25:00,63952.6,63985.1,63904.5,63955.9,882.058
2026-08-12 16:30:00,63955.9,64064.9,63955.9,63968.2,1590.548
2026-08-12 16:35:00,63968.3,64064.7,63957.8,64025.0,815.881
2026-08-12 16:40:00,64025.0,64025.1,63973.3,64011.3,543.396
2026-08-12 16:45:00,64011.4,64037.6,64004.9,64031.0,307.858
2026-08-12 16:50:00,64031.0,64074.2,63994.7,64029.9,554.37
2026-08-12 16:55:00,64029.9,64077.0,64025.9,64077.0,259.034
2026-08-12 17:00:00,64076.9,64191.8,64069.4,64109.6,1529.552
2026-08-12 17:05:00,64109.6,64123.3,64089.6,64089.6,395.408
2026-08-12 17:10:00,64089.6,64140.3,64081.0,64092.8,401.267
2026-08-12 17:15:00,64092.8,64097.6,64037.1,64037.1,369.223
2026-08-12 17:20:00,64037.1,64113.0,64037.1,64051.5,432.489
2026-08-12 17:25:00,64051.6,64067.2,64026.5,64038.2,504.553
2026-08-12 17:30:00,64038.1,64140.2,64038.1,64088.9,622.758
2026-08-12 17:35:00,64089.0,64114.0,64067.4,64085.9,221.825
2026-08-12 17:40:00,64085.9,64133.5,64085.9,64114.9,259.011
2026-08-12 17:45:00,64114.9,64126.5,64051.1,64073.5,519.225
2026-08-12 17:50:00,64073.5,64132.2,64073.5,64132.2,188.027
2026-08-12 17:55:00,64132.1,64132.2,64108.5,64111.4,235.763
2026-08-12 18:00:00,64111.4,64186.7,64090.1,64095.9,582.377
2026-08-12 18:05:00,64095.9,64117.1,64080.0,64092.9,186.441
2026-08-12 18:10:00,64092.9,64124.7,64091.8,64112.4,183.22
2026-08-12 18:15:00,64112.3,64130.1,64099.0,64125.5,144.407
2026-08-12 18:20:00,64125.5,64168.0,64121.3,64152.7,185.79
2026-08-12 18:25:00,64152.6,64178.3,64139.0,64172.3,279.628
2026-08-12 18:30:00,64172.3,64193.4,64154.0,64154.0,307.7
2026-08-12 18:35:00,64154.1,64182.5,64127.9,64182.4,187.198
2026-08-12 18:40:00,64182.4,64182.7,64159.4,64159.4,137.563
2026-08-12 18:45:00,64159.4,64217.4,64159.4,64207.2,517.349
2026-08-12 18:50:00,64207.3,64222.2,64202.9,64203.0,343.603
2026-08-12 18:55:00,64202.9,64207.3,64201.8,64207.3,125.376
2026-08-12 19:00:00,64207.3,64240.0,64181.1,64240.0,781.04
2026-08-12 19:05:00,64239.9,64275.9,64221.4,64266.8,493.038
2026-08-12 19:10:00,64266.8,64266.9,64221.6,64230.4,424.432
2026-08-12 19:15:00,64230.5,64330.0,64230.4,64280.6,1154.888
2026-08-12 19:20:00,64280.6,64332.9,64235.0,64235.0,691.572
2026-08-12 19:25:00,64235.0,64400.0,64222.4,64385.8,1719.449
2026-08-12 19:30:00,64385.8,64450.0,64050.0,64222.8,5761.963
2026-08-12 19:35:00,64222.8,64260.6,63975.0,64039.4,2909.6
2026-08-12 19:40:00,64039.5,64099.6,64014.9,64069.5,1015.878
2026-08-12 19:45:00,64069.5,64069.5,63939.1,63960.0,1460.27
2026-08-12 19:50:00,63960.0,64154.0,63960.0,64117.3,1493.686
2026-08-12 19:55:00,64117.2,64124.6,64066.3,64090.0,343.932
2026-08-12 20:00:00,64089.9,64131.4,64010.4,64033.4,531.275
2026-08-12 20:05:00,64033.4,64087.3,63985.4,64064.1,621.001
2026-08-12 20:10:00,64064.1,64093.5,63908.8,63955.0,785.167
2026-08-12 20:15:00,63955.1,64012.6,63955.0,63979.0,345.66
2026-08-12 20:20:00,63979.1,64012.7,63931.1,63931.1,455.179
2026-08-12 20:25:00,63931.2,63939.3,63880.6,63930.6,945.208
2026-08-12 20:30:00,63930.7,63987.1,63851.0,63896.5,1635.244
2026-08-12 20:35:00,63896.6,63979.9,63881.5,63931.1,687.061
2026-08-12 20:40:00,63931.1,63985.3,63830.1,63956.6,761.188
2026-08-12 20:45:00,63956.7,64050.3,63956.7,63968.4,949.424
2026-08-12 20:50:00,63968.4,63978.5,63845.0,63872.4,589.819
2026-08-12 20:55:00,63872.3,63898.2,63799.0,63805.9,1254.546
2026-08-12 21:00:00,63806.0,63806.0,63595.8,63633.7,2858.013
2026-08-12 21:05:00,63633.8,63729.6,63563.3,63728.2,1448.861
2026-08-12 21:10:00,63728.2,63911.9,63704.9,63765.3,1906.887
2026-08-12 21:15:00,63765.3,63802.5,63731.8,63760.2,462.373
2026-08-12 21:20:00,63760.3,63783.4,63698.7,63727.8,482.306
2026-08-12 21:25:00,63727.9,63782.5,63627.3,63627.3,612.286
2026-08-12 21:30:00,63627.3,63672.4,63516.3,63555.6,1860.2
2026-08-12 21:35:00,63555.6,63617.7,63502.0,63555.1,1229.654
2026-08-12 21:40:00,63555.1,63622.5,63501.8,63579.6,907.169
2026-08-12 21:45:00,63579.6,63621.5,63555.0,63594.9,544.559
2026-08-12 21:50:00,63595.0,63599.7,63465.8,63466.5,902.273
2026-08-12 21:55:00,63466.5,63480.0,63334.4,63344.4,2055.121
2026-08-12 22:00:00,63344.3,63478.7,63291.1,63439.2,2953.95
2026-08-12 22:05:00,63439.2,63492.9,63416.4,63437.6,839.829
2026-08-12 22:10:00,63437.5,63508.8,63430.1,63475.5,486.328
2026-08-12 22:15:00,63475.5,63528.1,63458.3,63508.8,631.816
2026-08-12 22:20:00,63508.8,63513.3,63412.8,63460.9,483.411
2026-08-12 22:25:00,63461.0,63478.7,63408.2,63478.7,363.402
2026-08-12 22:30:00,63479.0,63503.3,63371.8,63446.2,626.107
2026-08-12 22:35:00,63446.1,63520.4,63438.1,63476.6,351.309
2026-08-12 22:40:00,63476.6,63551.9,63450.0,63501.0,499.591
2026-08-12 22:45:00,63501.0,63529.1,63450.0,63473.3,579.476
2026-08-12 22:50:00,63473.3,63505.0,63460.6,63481.8,315.499
2026-08-12 22:55:00,63481.8,63494.8,63401.2,63421.4,365.771
2026-08-12 23:00:00,63421.3,63464.6,63392.9,63464.6,555.508
2026-08-12 23:05:00,63464.5,63481.6,63385.0,63398.8,280.431
2026-08-12 23:10:00,63398.8,63456.5,63338.9,63454.9,547.433
2026-08-12 23:15:00,63454.9,63534.6,63438.2,63493.4,682.877
2026-08-12 23:20:00,63493.3,63509.0,63458.6,63505.3,291.307
2026-08-12 23:25:00,63505.2,63550.0,63488.8,63541.1,360.152
2026-08-12 23:30:00,63541.0,63557.5,63516.9,63516.9,263.465
2026-08-12 23:35:00,63517.0,63529.4,63497.6,63524.5,240.906
2026-08-12 23:40:00,63524.6,63537.3,63484.2,63496.4,290.446
2026-08-12 23:45:00,63496.3,63496.4,63452.0,63453.0,795.523
2026-08-12 23:50:00,63453.0,63498.3,63444.0,63465.2,177.75
2026-08-12 23:55:00,63465.2,63494.4,63458.2,63462.3,154.187
2026-08-13 00:00:00,63462.3,63503.2,63458.5,63490.0,191.717
2026-08-13 00:05:00,63489.9,63501.1,63474.7,63474.8,144.047
2026-08-13 00:10:00,63474.7,63520.6,63447.3,63512.4,309.293
2026-08-13 00:15:00,63512.3,63528.2,63486.8,63488.0,200.914
2026-08-13 00:20:00,63488.0,63488.1,63400.0,63419.0,289.169
2026-08-13 00:25:00,63418.9,63433.5,63402.4,63425.6,171.267
2026-08-13 00:30:00,63425.5,63459.8,63388.8,63459.8,185.786
2026-08-13 00:35:00,63459.8,63485.7,63440.4,63451.9,141.747
2026-08-13 00:40:00,63451.9,63477.3,63447.9,63452.4,130.153
2026-08-13 00:45:00,63452.3,63466.1,63428.0,63466.1,115.274
2026-08-13 00:50:00,63466.1,63520.8,63455.0,63455.1,199.923
2026-08-13 00:55:00,63455.0,63465.1,63450.0,63450.1,94.064
2026-08-13 01:00:00,63450.0,63473.0,63397.1,63457.6,272.158
2026-08-13 01:05:00,63457.6,63458.5,63431.5,63432.2,139.391
2026-08-13 01:10:00,63432.3,63484.1,63419.8,63452.8,113.549
2026-08-13 01:15:00,63452.9,63452.9,63390.0,63397.2,256.484
2026-08-13 01:20:00,63397.2,63407.1,63357.2,63387.4,321.415
2026-08-13 01:25:00,63387.4,63423.9,63387.3,63411.4,109.003
2026-08-13 01:30:00,63411.4,63507.0,63401.6,63472.3,213.617
2026-08-13 01:35:00,63472.3,63472.3,63424.1,63424.2,97.157
2026-08-13 01:40:00,63424.1,63434.9,63395.2,63424.6,108.442
2026-08-13 01:45:00,63424.6,63424.6,63392.7,63406.4,142.725
2026-08-13 01:50:00,63406.4,63406.4,63350.0,63356.5,325.562
2026-08-13 01:55:00,63356.5,63372.2,63350.3,63360.0,150.361
2026-08-13 02:00:00,63360.0,63396.8,63355.7,63396.8,179.982
2026-08-13 02:05:00,63396.8,63401.8,63379.3,63394.1,84.62
2026-08-13 02:10:00,63394.0,63413.6,63360.8,63360.8,143.744
2026-08-13 02:15:00,63360.9,63441.0,63350.0,63418.0,219.124
2026-08-13 02:20:00,63418.0,63421.3,63350.0,63350.1,149.576
2026-08-13 02:25:00,63350.0,63372.3,63283.0,63361.5,1856.318
2026-08-13 02:30:00,63361.4,63376.5,63340.4,63361.0,169.195
2026-08-13 02:35:00,63361.0,63382.4,63330.0,63330.0,233.036
2026-08-13 02:40:00,63330.1,63362.3,63313.7,63313.9,152.338
2026-08-13 02:45:00,63313.9,63350.5,63299.0,63323.0,496.182
2026-08-13 02:50:00,63323.0,63381.9,63300.0,63381.8,233.137
2026-08-13 02:55:00,63381.9,63409.1,63368.1,63394.9,337.768
2026-08-13 03:00:00,63394.8,63487.8,63392.5,63475.0,399.094
2026-08-13 03:05:00,63475.1,63492.5,63406.7,63406.7,189.863
2026-08-13 03:10:00,63406.7,63454.3,63406.7,63439.9,98.092
2026-08-13 03:15:00,63439.9,63461.0,63400.0,63461.0,156.335
2026-08-13 03:20:00,63461.0,63478.6,63436.3,63470.0,165.635
2026-08-13 03:25:00,63470.0,63492.5,63469.9,63482.2,195.575
2026-08-13 03:30:00,63482.1,63522.2,63482.1,63513.1,310.215
2026-08-13 03:35:00,63513.0,63547.7,63504.0,63540.6,306.534
2026-08-13 03:40:00,63540.5,63545.0,63516.4,63518.5,179.686
2026-08-13 03:45:00,63518.5,63539.4,63500.5,63500.5,113.562
2026-08-13 03:50:00,63500.5,63530.7,63500.5,63500.5,149.915
2026-08-13 03:55:00,63500.5,63573.5,63500.5,63573.5,313.903
2026-08-13 04:00:00,63573.5,63629.8,63557.1,63558.9,354.848
2026-08-13 04:05:00,63558.8,63558.9,63528.9,63542.0,135.498
2026-08-13 04:10:00,63542.0,63604.0,63541.9,63555.3,222.026
2026-08-13 04:15:00,63555.4,63570.2,63544.0,63544.0,81.841
2026-08-13 04:20:00,63544.1,63550.5,63506.3,63507.3,140.113
2026-08-13 04:25:00,63507.3,63507.3,63435.0,63454.9,456.812
2026-08-13 04:30:00,63455.0,63472.0,63400.8,63458.9,324.136
2026-08-13 04:35:00,63458.9,63483.8,63389.9,63483.8,372.146
2026-08-13 04:40:00,63483.7,63518.2,63465.6,63508.4,187.646
2026-08-13 04:45:00,63508.4,63535.8,63490.0,63490.1,216.284
2026-08-13 04:50:00,63490.1,63551.2,63484.6,63531.7,272.473
2026-08-13 04:55:00,63531.7,63531.7,63422.4,63441.4,118.536
2026-08-13 05:00:00,63441.4,63474.1,63391.9,63443.9,338.607
2026-08-13 05:05:00,63444.0,63492.0,63440.4,63445.9,169.154
2026-08-13 05:10:00,63446.0,63508.0,63445.9,63465.7,163.715
2026-08-13 05:15:00,63465.7,63503.6,63465.7,63470.1,115.02
2026-08-13 05:20:00,63470.1,63489.6,63456.7,63484.7,102.445
2026-08-13 05:25:00,63484.8,63495.6,63457.1,63457.2,112.297
2026-08-13 05:30:00,63457.1,63468.8,63367.5,63392.8,275.904
2026-08-13 05:35:00,63392.7,63410.2,63349.3,63349.7,305.019
2026-08-13 05:40:00,63349.6,63385.0,63337.5,63377.4,190.635
2026-08-13 05:45:00,63377.4,63390.6,63368.0,63379.5,157.86
2026-08-13 05:50:00,63379.5,63406.9,63379.4,63406.9,103.241
2026-08-13 05:55:00,63406.8,63409.0,63382.4,63405.9,159.872
2026-08-13 06:00:00,63405.8,63412.0,63363.9,63376.0,399.64
2026-08-13 06:05:00,63375.9,63395.6,63350.0,63395.5,129.582
2026-08-13 06:10:00,63395.5,63414.2,63370.2,63388.6,89.932
2026-08-13 06:15:00,63388.6,63420.0,63380.5,63397.2,85.011
2026-08-13 06:20:00,63397.2,63410.6,63355.0,63355.0,141.697
2026-08-13 06:25:00,63355.1,63400.0,63350.0,63400.0,237.482
2026-08-13 06:30:00,63399.9,63432.4,63399.9,63431.1,124.043
2026-08-13 06:35:00,63431.2,63457.0,63425.1,63442.0,179.55
2026-08-13 06:40:00,63442.0,63442.1,63375.2,63397.8,424.951
2026-08-13 06:45:00,63397.8,63397.8,63382.5,63382.5,128.988
2026-08-13 06:50:00,63382.5,63412.0,63382.5,63401.9,154.276
2026-08-13 06:55:00,63402.0,63466.0,63397.5,63454.7,392.169
2026-08-13 07:00:00,63454.6,63483.0,63437.0,63437.0,270.644
2026-08-13 07:05:00,63437.0,63574.0,63437.0,63570.5,566.089
2026-08-13 07:10:00,63570.6,63582.4,63558.0,63579.2,350.821
2026-08-13 07:15:00,63579.2,63694.9,63579.2,63624.9,1001.018
2026-08-13 07:20:00,63624.9,63627.6,63588.9,63589.0,232.524
2026-08-13 07:25:00,63588.9,63611.3,63555.5,63595.7,347.261
2026-08-13 07:30:00,63595.7,63603.3,63535.4,63561.4,192.669
2026-08-13 07:35:00,63561.5,63566.0,63544.8,63548.2,62.082
2026-08-13 07:40:00,63548.2,63548.2,63467.2,63486.1,517.14
2026-08-13 07:45:00,63486.0,63567.5,63475.7,63553.6,155.327
2026-08-13 07:50:00,63553.6,63580.5,63546.8,63555.1,111.127
2026-08-13 07:55:00,63555.0,63564.3,63530.0,63530.1,134.063
2026-08-13 08:00:00,63530.0,63540.9,63494.7,63540.9,123.619
2026-08-13 08:05:00,63540.9,63549.1,63525.0,63549.1,101.859
2026-08-13 08:10:00,63549.1,63608.9,63549.1,63606.5,287.265
2026-08-13 08:15:00,63606.6,63611.4,63495.6,63509.2,162.639
2026-08-13 08:20:00,63509.3,63528.0,63415.0,63416.0,403.039
2026-08-13 08:25:00,63416.0,63430.0,63372.6,63390.1,640.373
2026-08-13 08:30:00,63390.0,63448.8,63383.8,63448.3,219.788
2026-08-13 08:35:00,63448.2,63514.2,63448.2,63514.2,204.657
2026-08-13 08:40:00,63514.1,63514.2,63390.0,63390.0,177.826
2026-08-13 08:45:00,63390.0,63426.2,63355.1,63409.6,344.782
2026-08-13 08:50:00,63409.5,63475.3,63400.0,63469.5,148.132
2026-08-13 08:55:00,63469.5,63492.7,63428.8,63428.8,137.759
2026-08-13 09:00:00,63428.9,63453.3,63415.5,63415.5,181.999
2026-08-13 09:05:00,63415.5,63458.1,63397.6,63458.1,139.957
2026-08-13 09:10:00,63458.1,63458.2,63414.3,63434.4,184.12
2026-08-13 09:15:00,63434.3,63439.9,63414.6,63420.5,98.542
2026-08-13 09:20:00,63420.5,63430.0,63398.0,63421.4,78.683
2026-08-13 09:25:00,63421.3,63456.6,63421.3,63437.2,105.538
2026-08-13 09:30:00,63437.2,63437.2,63343.8,63390.1,539.574
2026-08-13 09:35:00,63390.1,63419.7,63379.3,63393.1,98.85
2026-08-13 09:40:00,63393.1,63466.8,63380.1,63466.8,161.04
2026-08-13 09:45:00,63466.8,63500.1,63443.7,63500.1,192.485
2026-08-13 09:50:00,63500.1,63537.0,63500.0,63537.0,226.795
2026-08-13 09:55:00,63537.0,63553.7,63516.2,63522.4,231.81
2026-08-13 10:00:00,63522.4,63538.6,63500.7,63515.6,176.039
2026-08-13 10:05:00,63515.6,63522.2,63486.0,63486.0,120.494
2026-08-13 10:10:00,63486.0,63553.8,63474.0,63545.7,245.917
2026-08-13 10:15:00,63545.6,63582.5,63541.6,63555.4,389.014
2026-08-13 10:20:00,63555.4,63609.8,63539.5,63600.1,1339.424
2026-08-13 10:25:00,63600.0,63620.1,63546.9,63552.1,459.389
2026-08-13 10:30:00,63552.1,63586.8,63541.9,63586.8,197.105
2026-08-13 10:35:00,63586.8,63609.7,63566.3,63581.7,225.93
2026-08-13 10:40:00,63581.8,63589.5,63542.5,63547.3,268.87
2026-08-13 10:45:00,63547.3,63632.0,63545.8,63607.3,375.031
2026-08-13 10:50:00,63607.4,63670.1,63593.4,63632.4,887.049
2026-08-13 10:55:00,63632.3,63640.1,63623.4,63623.5,97.462
2026-08-13 11:00:00,63623.5,63629.2,63613.5,63614.7,100.202
2026-08-13 11:05:00,63614.6,63621.1,63613.5,63613.6,62.661
2026-08-13 11:10:00,63613.6,63660.5,63599.7,63647.4,263.809
2026-08-13 11:15:00,63647.5,63647.5,63599.0,63599.0,121.718
2026-08-13 11:20:00,63599.0,63599.1,63574.9,63577.3,173.038
2026-08-13 11:25:00,63577.3,63584.1,63564.9,63567.6,74.649
2026-08-13 11:30:00,63567.5,63599.6,63567.5,63599.5,110.164
2026-08-13 11:35:00,63599.5,63689.0,63599.4,63657.0,331.791
2026-08-13 11:40:00,63657.1,63688.0,63657.0,63674.1,168.417
2026-08-13 11:45:00,63674.1,63763.6,63674.1,63698.7,839.611
2026-08-13 11:50:00,63698.8,63727.0,63694.9,63720.0,173.056
2026-08-13 11:55:00,63720.0,63728.8,63670.4,63672.9,183.008
2026-08-13 12:00:00,63672.9,63754.8,63647.6,63722.0,630.168
2026-08-13 12:05:00,63721.9,63857.5,63708.1,63809.9,1951.449
2026-08-13 12:10:00,63809.9,63858.0,63808.1,63858.0,589.697
2026-08-13 12:15:00,63857.9,63990.7,63857.9,63904.7,1906.119
2026-08-13 12:20:00,63904.7,63950.7,63880.8,63929.2,709.518
2026-08-13 12:25:00,63929.2,63934.0,63889.1,63916.1,547.044
2026-08-13 12:30:00,63916.1,63932.7,63870.0,63901.6,404.616
2026-08-13 12:35:00,63901.6,63915.0,63874.9,63909.5,483.649
2026-08-13 12:40:00,63909.5,63915.0,63890.0,63897.1,136.843
2026-08-13 12:45:00,63897.1,63905.2,63859.3,63861.1,259.511
2026-08-13 12:50:00,63861.0,63867.4,63858.2,63867.2,132.636
2026-08-13 12:55:00,63867.2,63867.3,63844.4,63844.4,167.237
2026-08-13 13:00:00,63844.4,63857.8,63792.4,63808.5,586.017
2026-08-13 13:05:00,63808.6,63830.0,63788.0,63798.1,435.705
2026-08-13 13:10:00,63798.1,63814.8,63798.0,63813.3,188.246
2026-08-13 13:15:00,63813.3,63813.4,63786.6,63813.4,292.327
2026-08-13 13:20:00,63813.3,63826.0,63800.2,63802.4,178.518
2026-08-13 13:25:00,63802.4,63805.1,63783.7,63797.2,106.495
2026-08-13 13:30:00,63797.2,63797.3,63759.3,63766.7,355.898
2026-08-13 13:35:00,63766.8,63773.7,63742.8,63742.8,209.445
2026-08-13 13:40:00,63742.8,63743.4,63730.1,63730.2,177.597
2026-08-13 13:45:00,63730.1,63787.0,63725.2,63770.8,194.964
2026-08-13 13:50:00,63770.7,63886.8,63770.7,63878.9,451.997
2026-08-13 13:55:00,63878.8,63914.6,63861.4,63914.5,357.575
2026-08-13 14:00:00,63914.5,63916.6,63835.2,63839.7,333.19
2026-08-13 14:05:00,63839.8,63868.8,63838.6,63861.0,178.38
2026-08-13 14:10:00,63861.1,63873.5,63842.7,63842.7,167.589
2026-08-13 14:15:00,63842.8,63855.9,63840.3,63840.3,127.672
2026-08-13 14:20:00,63840.3,63887.8,63827.4,63887.8,197.419
2026-08-13 14:25:00,63887.8,63887.8,63851.8,63866.1,140.337
2026-08-13 14:30:00,63866.2,63870.9,63863.1,63863.1,84.195
2026-08-13 14:35:00,63863.2,63863.2,63850.4,63850.4,73.222
2026-08-13 14:40:00,63850.4,63858.3,63841.3,63841.4,137.623
2026-08-13 14:45:00,63841.4,63841.4,63824.3,63824.3,100.395
2026-08-13 14:50:00,63824.3,63829.8,63824.2,63829.8,111.516
2026-08-13 14:55:00,63829.8,63833.0,63824.6,63833.0,121.658
2026-08-13 15:00:00,63833.0,63881.3,63832.9,63871.7,285.882
2026-08-13 15:05:00,63871.8,63879.0,63835.3,63847.5,128.79
2026-08-13 15:10:00,63847.5,63847.6,63805.8,63805.8,211.12
2026-08-13 15:15:00,63805.9,63808.4,63770.7,63781.8,295.536
2026-08-13 15:20:00,63781.8,63787.8,63762.4,63773.5,448.775
2026-08-13 15:25:00,63773.5,63773.6,63757.6,63759.1,178.754
2026-08-13 15:30:00,63759.1,63764.5,63747.4,63747.4,190.801
2026-08-13 15:35:00,63747.4,63768.4,63747.4,63768.4,95.825
2026-08-13 15:40:00,63768.4,63768.8,63759.1,63768.8,123.531
2026-08-13 15:45:00,63768.8,63770.0,63720.1,63744.5,528.453
2026-08-13 15:50:00,63744.5,63744.6,63710.6,63710.7,159.724
2026-08-13 15:55:00,63710.6,63743.8,63710.6,63743.8,184.382
2026-08-13 16:00:00,63743.7,63743.8,63688.0,63699.6,341.724
2026-08-13 16:05:00,63699.6,63699.7,63637.8,63648.0,523.043
2026-08-13 16:10:00,63647.9,63648.0,63590.8,63590.8,431.074
2026-08-13 16:15:00,63590.8,63645.2,63559.9,63642.2,829.227
2026-08-13 16:20:00,63642.3,63688.3,63641.6,63687.9,329.697
2026-08-13 16:25:00,63688.1,63693.3,63631.5,63632.1,221.867
2026-08-13 16:30:00,63632.1,63682.4,63630.1,63682.4,121.957
2026-08-13 16:35:00,63682.4,63682.4,63648.6,63652.2,87.703
2026-08-13 16:40:00,63652.2,63680.0,63646.8,63679.9,98.089
2026-08-13 16:45:00,63679.9,63705.3,63679.8,63701.0,146.049
2026-08-13 16:50:00,63701.1,63757.2,63701.0,63740.1,305.638
2026-08-13 16:55:00,63740.1,63768.0,63740.0,63757.0,158.237
2026-08-13 17:00:00,63757.1,63800.0,63647.1,63671.3,1143.484
2026-08-13 17:05:00,63671.2,63719.7,63591.6,63599.4,1702.705
2026-08-13 17:10:00,63599.3,63628.8,63589.5,63591.7,313.331
2026-08-13 17:15:00,63591.8,63654.8,63591.7,63631.7,191.958
2026-08-13 17:20:00,63631.7,63631.8,63592.7,63597.5,247.921
2026-08-13 17:25:00,63597.6,63617.3,63597.5,63597.5,180.895
2026-08-13 17:30:00,63597.5,63597.6,63536.0,63559.5,493.642
2026-08-13 17:35:00,63559.5,63588.0,63559.5,63580.7,106.719
2026-08-13 17:40:00,63580.7,63610.4,63574.3,63610.4,113.316
2026-08-13 17:45:00,63610.4,63614.7,63610.3,63614.7,85.587
2026-08-13 17:50:00,63614.7,63627.7,63611.5,63616.3,148.988
2026-08-13 17:55:00,63616.2,63630.2,63616.2,63628.9,110.842
2026-08-13 18:00:00,63628.8,63637.8,63621.7,63625.1,227.736
2026-08-13 18:05:00,63625.1,63625.1,63591.7,63591.7,161.771
2026-08-13 18:10:00,63591.8,63600.0,63583.3,63599.9,188.067
2026-08-13 18:15:00,63599.9,63605.3,63590.0,63590.1,63.832
2026-08-13 18:20:00,63590.0,63591.6,63430.9,63464.0,1419.712
2026-08-13 18:25:00,63464.0,63473.3,63410.0,63410.0,620.359
2026-08-13 18:30:00,63410.0,63430.0,63360.0,63378.2,972.956
2026-08-13 18:35:00,63378.1,63446.4,63318.1,63437.3,1032.08
2026-08-13 18:40:00,63437.3,63449.4,63388.1,63437.3,504.406
2026-08-13 18:45:00,63437.3,63477.2,63432.9,63463.4,408.741
2026-08-13 18:50:00,63463.4,63463.5,63439.9,63447.4,202.565
2026-08-13 18:55:00,63447.4,63458.6,63426.6,63458.5,255.134
2026-08-13 19:00:00,63458.6,63458.6,63414.4,63435.3,329.568
2026-08-13 19:05:00,63435.4,63517.1,63429.3,63517.0,515.161
2026-08-13 19:10:00,63517.1,63537.0,63495.9,63536.0,506.867
2026-08-13 19:15:00,63536.0,63537.0,63520.3,63533.8,251.12
2026-08-13 19:20:00,63533.7,63542.9,63531.1,63542.9,215.278
2026-08-13 19:25:00,63542.9,63562.1,63537.2,63545.4,218.568
2026-08-13 19:30:00,63545.4,63664.8,63437.8,63599.4,1535.633
2026-08-13 19:35:00,63599.5,63622.9,63538.6,63538.7,427.655
2026-08-13 19:40:00,63538.6,63560.0,63500.0,63560.0,165.264
2026-08-13 19:45:00,63560.0,63606.1,63534.0,63606.1,243.111
2026-08-13 19:50:00,63606.1,63633.3,63588.8,63631.3,256.071
2026-08-13 19:55:00,63631.3,63697.7,63623.2,63669.2,646.801
2026-08-13 20:00:00,63669.2,63750.0,63669.1,63711.9,755.197
2026-08-13 20:05:00,63711.9,63784.7,63707.2,63736.2,603.905
2026-08-13 20:10:00,63736.2,63744.7,63710.0,63710.0,472.571
2026-08-13 20:15:00,63710.0,63710.1,63678.1,63682.8,477.118
2026-08-13 20:20:00,63682.8,63682.8,63568.4,63575.0,579.945
2026-08-13 20:25:00,63575.0,63613.9,63544.3,63575.9,758.085
2026-08-13 20:30:00,63575.9,63718.3,63534.0,63718.3,793.497
2026-08-13 20:35:00,63718.2,63784.7,63690.0,63784.7,604.241
2026-08-13 20:40:00,63784.6,63828.0,63757.1,63779.9,1041.607
2026-08-13 20:45:00,63779.9,63820.0,63657.9,63817.4,644.326
2026-08-13 20:50:00,63817.4,63817.4,63701.6,63746.3,391.508
2026-08-13 20:55:00,63746.4,63746.4,63677.7,63699.9,341.579
2026-08-13 21:00:00,63700.0,63737.2,63655.0,63662.0,361.095
2026-08-13 21:05:00,63661.9,63745.0,63656.1,63700.6,286.336
2026-08-13 21:10:00,63700.6,63823.6,63683.6,63782.4,450.334
2026-08-13 21:15:00,63782.4,63858.0,63782.4,63800.0,595.62
2026-08-13 21:20:00,63800.1,63860.0,63764.6,63802.8,628.387
2026-08-13 21:25:00,63802.8,63830.8,63737.1,63784.0,314.152
2026-08-13 21:30:00,63784.0,63933.6,63735.3,63907.1,1174.546
2026-08-13 21:35:00,63907.1,63980.6,63907.1,63924.1,1269.217
2026-08-13 21:40:00,63924.1,63953.9,63919.1,63933.1,399.735
2026-08-13 21:45:00,63933.1,63942.6,63883.7,63891.9,531.264
2026-08-13 21:50:00,63891.9,63907.3,63862.2,63884.9,424.153
2026-08-13 21:55:00,63884.9,63885.0,63827.4,63835.6,471.342
2026-08-13 22:00:00,63835.7,63920.0,63835.7,63886.0,429.55
2026-08-13 22:05:00,63886.0,63886.1,63789.0,63800.2,431.459
2026-08-13 22:10:00,63800.1,63851.9,63796.5,63801.1,285.691
2026-08-13 22:15:00,63801.1,63829.7,63754.9,63829.6,317.428
2026-08-13 22:20:00,63829.6,63868.0,63780.4,63780.5,254.432
2026-08-13 22:25:00,63780.4,63780.4,63562.1,63606.1,1291.316
2026-08-13 22:30:00,63606.2,63663.0,63580.0,63635.7,743.019
2026-08-13 22:35:00,63635.7,63687.2,63624.9,63682.6,342.515
2026-08-13 22:40:00,63682.7,63728.8,63663.8,63694.5,311.107
2026-08-13 22:45:00,63694.6,63696.7,63594.8,63603.5,445.97
2026-08-13 22:50:00,63603.5,63662.0,63564.0,63598.4,519.239
2026-08-13 22:55:00,63598.4,63619.4,63385.0,63385.0,2243.549
2026-08-13 23:00:00,63385.0,63457.7,63355.2,63436.9,1627.264
2026-08-13 23:05:00,63436.9,63484.1,63371.3,63421.2,796.732
2026-08-13 23:10:00,63421.1,63460.7,63400.4,63441.0,443.736
2026-08-13 23:15:00,63440.8,63482.9,63429.2,63475.4,347.655
2026-08-13 23:20:00,63475.5,63544.0,63403.0,63523.4,857.903
2026-08-13 23:25:00,63523.3,63530.0,63288.0,63336.9,2216.483
2026-08-13 23:30:00,63336.9,63412.3,63336.8,63382.3,961.575
2026-08-13 23:35:00,63382.2,63410.0,63010.0,63051.4,4564.015
2026-08-13 23:40:00,63051.4,63051.5,62800.0,62961.8,6948.45
2026-08-13 23:45:00,62961.8,63153.2,62895.8,63152.2,2706.828
2026-08-13 23:50:00,63152.3,63210.1,63022.9,63032.3,1737.773
2026-08-13 23:55:00,63032.3,63139.0,63028.0,63139.0,993.755
2026-08-14 00:00:00,63138.9,63145.0,63047.6,63092.1,1242.183
2026-08-14 00:05:00,63092.1,63118.2,63057.0,63103.8,345.771
2026-08-14 00:10:00,63103.8,63131.9,63090.0,63107.0,329.826
2026-08-14 00:15:00,63107.0,63200.0,63071.7,63078.9,805.605
2026-08-14 00:20:00,63078.8,63200.0,63076.5,63192.8,451.807
2026-08-14 00:25:00,63192.9,63239.9,63142.5,63164.8,489.961
2026-08-14 00:30:00,63164.8,63242.0,63157.0,63157.0,492.827
2026-08-14 00:35:00,63157.0,63166.9,63080.0,63155.2,304.246
2026-08-14 00:40:00,63155.1,63222.2,63150.2,63222.0,314.084
2026-08-14 00:45:00,63222.0,63276.4,63200.1,63223.6,470.249
2026-08-14 00:50:00,63223.5,63223.6,63162.7,63175.5,254.578
2026-08-14 00:55:00,63175.5,63190.4,63121.4,63121.4,342.295
2026-08-14 01:00:00,63121.5,63266.6,63095.1,63251.4,526.187
2026-08-14 01:05:00,63251.4,63251.4,63184.6,63184.6,252.549
2026-08-14 01:10:00,63184.6,63199.9,63173.6,63188.2,128.014
2026-08-14 01:15:00,63188.3,63230.0,63183.0,63222.3,140.509
2026-08-14 01:20:00,63222.3,63230.6,63145.1,63151.6,178.417
2026-08-14 01:25:00,63151.6,63179.0,63094.1,63098.3,303.563
2026-08-14 01:30:00,63098.4,63171.8,63088.0,63112.7,249.394
2026-08-14 01:35:00,63112.8,63138.0,63100.0,63114.0,141.687
2026-08-14 01:40:00,63114.1,63181.3,63114.1,63181.3,88.236
2026-08-14 01:45:00,63181.3,63194.2,63162.7,63194.2,123.331
2026-08-14 01:50:00,63194.2,63348.0,63190.2,63324.4,827.131
2026-08-14 01:55:00,63324.4,63339.0,63284.7,63284.7,355.332
2026-08-14 02:00:00,63284.7,63328.4,63284.7,63293.2,287.406
2026-08-14 02:05:00,63293.2,63488.0,63293.1,63458.4,1590.546
2026-08-14 02:10:00,63458.4,63458.4,63375.3,63385.8,448.667
2026-08-14 02:15:00,63385.9,63409.4,63359.0,63392.3,347.928
2026-08-14 02:20:00,63392.3,63408.6,63361.9,63408.5,258.384
2026-08-14 02:25:00,63408.5,63408.5,63385.2,63398.0,226.828
2026-08-14 02:30:00,63398.0,63410.0,63373.9,63389.0,222.891
2026-08-14 02:35:00,63388.9,63424.0,63361.8,63399.9,199.094
2026-08-14 02:40:00,63400.0,63422.9,63362.7,63393.3,266.925
2026-08-14 02:45:00,63393.3,63448.5,63380.8,63409.7,246.395
2026-08-14 02:50:00,63409.7,63412.5,63373.7,63384.0,182.386
2026-08-14 02:55:00,63384.1,63392.7,63367.5,63387.4,230.607
2026-08-14 03:00:00,63387.3,63395.0,63343.4,63382.5,430.288
2026-08-14 03:05:00,63382.6,63440.9,63382.5,63426.3,163.006
2026-08-14 03:10:00,63426.3,63430.5,63355.6,63392.9,210.48
2026-08-14 03:15:00,63393.0,63423.7,63392.9,63423.7,107.156
2026-08-14 03:20:00,63423.6,63436.4,63412.7,63413.0,108.603
2026-08-14 03:25:00,63413.0,63433.0,63408.7,63428.4,116.324
2026-08-14 03:30:00,63428.4,63447.0,63424.8,63428.1,121.81
2026-08-14 03:35:00,63428.0,63428.9,63413.4,63413.5,84.4
2026-08-14 03:40:00,63413.4,63413.5,63379.7,63391.9,114.27
2026-08-14 03:45:00,63391.8,63391.9,63368.5,63372.4,104.062
2026-08-14 03:50:00,63372.4,63373.8,63349.9,63365.0,189.818
2026-08-14 03:55:00,63364.9,63385.6,63364.9,63385.6,109.33
2026-08-14 04:00:00,63385.6,63433.0,63360.9,63433.0,136.832
2026-08-14 04:05:00,63433.0,63446.1,63410.4,63419.6,137.145
2026-08-14 04:10:00,63419.5,63421.6,63395.2,63405.0,86.766
2026-08-14 04:15:00,63405.1,63418.7,63385.7,63418.6,67.293
2026-08-14 04:20:00,63418.6,63429.5,63401.7,63428.6,168.516
2026-08-14 04:25:00,63428.6,63428.9,63396.4,63428.8,420.572
2026-08-14 04:30:00,63428.9,63452.9,63425.7,63446.4,158.736
2026-08-14 04:35:00,63446.4,63477.4,63426.4,63477.4,240.83
2026-08-14 04:40:00,63477.4,63477.4,63415.1,63419.8,245.563
2026-08-14 04:45:00,63419.9,63439.7,63409.9,63411.9,123.518
2026-08-14 04:50:00,63411.9,63441.3,63411.9,63422.5,152.16
2026-08-14 04:55:00,63422.5,63444.7,63412.9,63444.7,108.552
2026-08-14 05:00:00,63444.7,63529.0,63444.6,63522.8,802.212
2026-08-14 05:05:00,63522.7,63607.6,63493.5,63531.3,794.752
2026-08-14 05:10:00,63531.3,63605.6,63531.3,63581.4,258.981
2026-08-14 05:15:00,63581.4,63611.5,63564.3,63564.9,320.642
2026-08-14 05:20:00,63564.9,63613.6,63543.0,63574.7,561.208
2026-08-14 05:25:00,63574.7,63597.2,63560.0,63595.5,345.664
2026-08-14 05:30:00,63595.6,63605.0,63548.8,63553.6,232.622
2026-08-14 05:35:00,63553.6,63574.8,63541.7,63541.7,200.306
2026-08-14 05:40:00,63541.7,63541.8,63523.3,63529.8,129.792
2026-08-14 05:45:00,63529.7,63537.5,63506.6,63506.9,194.896
2026-08-14 05:50:00,63506.9,63520.0,63500.0,63509.9,97.715
2026-08-14 05:55:00,63509.9,63510.0,63497.5,63497.7,109.055
2026-08-14 06:00:00,63497.6,63512.8,63426.0,63426.0,389.513
2026-08-14 06:05:00,63426.0,63449.7,63426.0,63449.7,201.175
2026-08-14 06:10:00,63449.6,63479.8,63447.0,63449.9,157.587
2026-08-14 06:15:00,63450.0,63451.5,63421.2,63444.3,166.327
2026-08-14 06:20:00,63444.3,63465.8,63426.9,63436.6,141.39
2026-08-14 06:25:00,63436.5,63450.8,63436.1,63448.2,135.119
2026-08-14 06:30:00,63448.1,63473.7,63445.9,63450.0,240.953
2026-08-14 06:35:00,63450.0,63450.1,63424.2,63424.2,114.675
2026-08-14 06:40:00,63424.2,63444.8,63415.0,63427.4,249.835
2026-08-14 06:45:00,63427.5,63427.5,63390.6,63390.6,219.707
2026-08-14 06:50:00,63390.7,63392.9,63372.8,63372.8,213.38
2026-08-14 06:55:00,63372.8,63456.7,63366.6,63456.7,253.58
2026-08-14 07:00:00,63456.7,63483.0,63402.3,63454.3,337.071
2026-08-14 07:05:00,63454.2,63488.0,63454.2,63488.0,251.72
2026-08-14 07:10:00,63488.0,63488.0,63466.0,63475.8,89.134
2026-08-14 07:15:00,63475.8,63505.9,63466.0,63466.0,173.109
2026-08-14 07:20:00,63466.0,63534.0,63466.0,63520.1,175.159
2026-08-14 07:25:00,63520.1,63520.2,63389.9,63419.7,254.246
2026-08-14 07:30:00,63419.6,63421.0,63378.1,63396.7,209.935
2026-08-14 07:35:00,63396.8,63429.2,63396.7,63429.2,141.786
2026-08-14 07:40:00,63429.2,63529.4,63429.1,63497.8,158.062
2026-08-14 07:45:00,63497.8,63497.9,63452.3,63481.7,151.492
2026-08-14 07:50:00,63481.7,63530.9,63470.3,63513.7,134.504
2026-08-14 07:55:00,63513.7,63518.1,63493.5,63517.6,147.641
2026-08-14 08:00:00,63517.6,63552.9,63487.1,63544.0,399.276
2026-08-14 08:05:00,63543.9,63567.8,63481.1,63495.0,218.532
2026-08-14 08:10:00,63495.1,63507.7,63454.9,63480.6,280.565
2026-08-14 08:15:00,63480.7,63490.0,63437.4,63437.4,131.313
2026-08-14 08:20:00,63437.5,63542.7,63428.9,63520.1,243.832
2026-08-14 08:25:00,63520.1,63531.4,63460.6,63460.6,208.949
2026-08-14 08:30:00,63460.6,63472.6,63440.0,63472.4,147.342
2026-08-14 08:35:00,63472.4,63510.8,63469.5,63504.0,103.723
2026-08-14 08:40:00,63504.1,63540.0,63504.0,63539.2,71.21
2026-08-14 08:45:00,63539.2,63539.2,63493.2,63521.9,122.179
2026-08-14 08:50:00,63521.9,63532.8,63504.4,63506.2,67.734
2026-08-14 08:55:00,63506.1,63549.3,63496.7,63545.5,89.513
2026-08-14 09:00:00,63545.4,63555.0,63525.7,63528.3,126.753
2026-08-14 09:05:00,63528.3,63595.1,63516.6,63584.2,213.88
2026-08-14 09:10:00,63584.2,63595.0,63500.0,63538.9,254.829
2026-08-14 09:15:00,63538.8,63561.6,63472.0,63480.3,214.051
2026-08-14 09:20:00,63480.4,63510.4,63472.0,63472.0,115.396
2026-08-14 09:25:00,63472.0,63477.0,63446.8,63460.0,170.236
2026-08-14 09:30:00,63459.9,63535.9,63459.9,63519.7,125.954
2026-08-14 09:35:00,63519.7,63528.2,63496.5,63504.2,84.984
2026-08-14 09:40:00,63504.2,63504.3,63468.5,63495.8,156.335
2026-08-14 09:45:00,63495.8,63519.8,63495.8,63515.2,161.66
2026-08-14 09:50:00,63515.3,63535.9,63515.2,63519.0,96.909
2026-08-14 09:55:00,63519.0,63519.1,63437.1,63437.1,192.654
2026-08-14 10:00:00,63437.1,63444.0,63389.9,63407.9,282.205
2026-08-14 10:05:00,63407.9,63426.9,63404.3,63426.9,171.365
2026-08-14 10:10:00,63426.8,63472.1,63406.4,63472.1,205.393
2026-08-14 10:15:00,63472.0,63550.0,63472.0,63550.0,255.704
2026-08-14 10:20:00,63550.0,63556.1,63506.6,63512.1,249.436
2026-08-14 10:25:00,63512.1,63514.3,63437.9,63438.6,196.952
2026-08-14 10:30:00,63438.6,63438.7,63400.0,63405.2,170.968
2026-08-14 10:35:00,63405.2,63405.3,63327.6,63347.0,539.635
2026-08-14 10:40:00,63347.0,63368.6,63330.4,63356.4,225.055
2026-08-14 10:45:00,63356.3,63356.3,63311.5,63315.3,262.791
2026-08-14 10:50:00,63315.2,63320.0,63310.0,63314.6,155.754
2026-08-14 10:55:00,63314.5,63327.3,63277.1,63288.1,382.701
2026-08-14 11:00:00,63288.0,63353.5,63243.2,63334.7,516.186
2026-08-14 11:05:00,63334.7,63389.0,63331.1,63374.9,179.061
2026-08-14 11:10:00,63375.0,63387.3,63374.9,63383.6,88.082
2026-08-14 11:15:00,63383.5,63449.6,63383.4,63390.8,195.169
2026-08-14 11:20:00,63390.9,63397.2,63357.7,63357.7,86.475
2026-08-14 11:25:00,63357.7,63403.2,63340.3,63395.1,245.466
2026-08-14 11:30:00,63395.2,63405.0,63378.2,63378.2,132.807
2026-08-14 11:35:00,63378.2,63381.0,63363.6,63377.7,66.117
2026-08-14 11:40:00,63377.7,63388.5,63367.1,63370.9,73.146
2026-08-14 11:45:00,63370.9,63378.9,63350.5,63357.0,129.159
2026-08-14 11:50:00,63357.0,63368.7,63356.9,63363.3,56.559
2026-08-14 11:55:00,63363.3,63363.4,63341.6,63349.9,99.15
2026-08-14 12:00:00,63350.0,63375.6,63345.4,63351.7,149.193
2026-08-14 12:05:00,63351.6,63358.0,63315.0,63315.1,311.944
2026-08-14 12:10:00,63315.1,63325.7,63304.5,63308.3,144.312
2026-08-14 12:15:00,63308.3,63329.4,63285.8,63297.9,182.751
2026-08-14 12:20:00,63297.9,63337.0,63256.7,63262.6,285.883
2026-08-14 12:25:00,63262.5,63306.0,63262.5,63297.0,107.053
2026-08-14 12:30:00,63296.9,63329.6,63281.2,63323.2,89.289
2026-08-14 12:35:00,63323.2,63333.0,63311.5,63329.2,72.997
2026-08-14 12:40:00,63329.1,63351.6,63325.1,63325.1,149.766
2026-08-14 12:45:00,63325.1,63348.0,63325.1,63326.5,70.004
2026-08-14 12:50:00,63326.4,63350.0,63320.4,63350.0,66.771
2026-08-14 12:55:00,63349.9,63375.4,63349.9,63357.8,106.042
2026-08-14 13:00:00,63357.8,63357.8,63305.3,63315.6,125.803
2026-08-14 13:05:00,63315.6,63319.5,63305.6,63305.6,82.886
2026-08-14 13:10:00,63305.6,63305.7,63262.7,63265.9,169.846
2026-08-14 13:15:00,63265.9,63276.9,63170.2,63218.8,794.457
2026-08-14 13:20:00,63218.9,63222.4,63181.4,63195.1,298.507
2026-08-14 13:25:00,63195.1,63195.1,63147.6,63151.7,353.924
2026-08-14 13:30:00,63151.6,63220.0,63151.6,63191.7,321.016
2026-08-14 13:35:00,63191.8,63210.5,63151.9,63182.4,230.266
2026-08-14 13:40:00,63182.4,63191.9,63145.5,63151.0,316.157
2026-08-14 13:45:00,63151.1,63181.2,63115.8,63134.6,727.351
2026-08-14 13:50:00,63134.6,63174.7,62982.1,62997.1,2511.651
2026-08-14 13:55:00,62997.1,63038.3,62900.2,62944.6,1733.755
2026-08-14 14:00:00,62944.6,63011.8,62922.0,63002.1,1420.951
2026-08-14 14:05:00,63002.1,63053.9,63001.1,63029.5,339.826
2026-08-14 14:10:00,63029.5,63060.0,63021.2,63043.3,428.689
2026-08-14 14:15:00,63043.3,63072.1,63043.3,63065.6,279.509
2026-08-14 14:20:00,63065.5,63079.1,63052.0,63076.3,282.597
2026-08-14 14:25:00,63076.3,63077.6,63067.1,63067.2,262.575
2026-08-14 14:30:00,63067.2,63067.2,62979.4,62987.7,551.05
2026-08-14 14:35:00,62987.8,62987.8,62931.5,62931.6,352.93
2026-08-14 14:40:00,62931.5,63000.0,62926.9,62990.1,469.561
2026-08-14 14:45:00,62990.1,62990.1,62953.2,62975.3,482.199
2026-08-14 14:50:00,62975.3,62984.9,62915.0,62949.6,471.819
2026-08-14 14:55:00,62949.7,62960.0,62888.0,62888.1,630.551
2026-08-14 15:00:00,62888.0,62916.0,62859.7,62900.1,979.7
2026-08-14 15:05:00,62900.0,62919.9,62886.8,62906.3,505.829
2026-08-14 15:10:00,62906.2,62910.7,62864.4,62885.9,483.16
2026-08-14 15:15:00,62885.9,62974.4,62860.6,62860.7,1039.652
2026-08-14 15:20:00,62860.6,62907.7,62728.0,62742.0,2546.014
2026-08-14 15:25:00,62742.0,62775.3,62704.0,62750.0,1032.928
2026-08-14 15:30:00,62750.1,62767.4,62658.8,62765.7,1975.053
2026-08-14 15:35:00,62765.7,62844.0,62765.6,62825.2,1109.554
2026-08-14 15:40:00,62825.2,62833.9,62780.9,62802.9,528.039
2026-08-14 15:45:00,62802.9,62867.0,62785.0,62862.7,513.177
2026-08-14 15:50:00,62862.6,62900.0,62853.4,62881.2,445.521
2026-08-14 15:55:00,62881.2,62909.7,62872.3,62904.9,331.782
2026-08-14 16:00:00,62904.9,62904.9,62864.4,62864.9,423.493
2026-08-14 16:05:00,62864.9,62865.0,62830.6,62830.6,236.562
2026-08-14 16:10:00,62830.6,62843.8,62821.6,62843.8,301.515
2026-08-14 16:15:00,62843.7,62862.5,62834.0,62853.7,202.209
2026-08-14 16:20:00,62853.7,62879.2,62837.1,62879.2,132.438
2026-08-14 16:25:00,62879.2,62885.4,62762.2,62763.7,442.989
2026-08-14 16:30:00,62763.7,62786.3,62726.0,62786.2,523.552
2026-08-14 16:35:00,62786.2,62791.3,62719.4,62722.8,306.386
2026-08-14 16:40:00,62722.8,62744.7,62709.3,62736.4,275.798
2026-08-14 16:45:00,62736.4,62797.0,62736.3,62791.0,277.45
2026-08-14 16:50:00,62791.1,62813.5,62753.5,62787.3,433.119
2026-08-14 16:55:00,62787.3,62787.3,62752.9,62763.9,284.653
2026-08-14 17:00:00,62763.9,62805.9,62712.0,62791.3,624.928
2026-08-14 17:05:00,62791.3,62810.7,62770.0,62787.3,284.932
2026-08-14 17:10:00,62787.4,62833.4,62787.3,62830.1,295.274
2026-08-14 17:15:00,62830.1,62888.0,62816.4,62865.0,427.017
2026-08-14 17:20:00,62865.1,62867.8,62850.0,62850.6,200.005
2026-08-14 17:25:00,62850.7,62856.3,62818.1,62856.3,240.266
2026-08-14 17:30:00,62856.2,62888.0,62856.2,62887.6,229.44
2026-08-14 17:35:00,62887.6,62912.4,62845.3,62866.0,301.044
2026-08-14 17:40:00,62865.9,62866.0,62823.8,62840.7,147.994
2026-08-14 17:45:00,62840.7,62860.1,62793.1,62814.7,189.058
2026-08-14 17:50:00,62814.7,62824.3,62790.3,62805.8,157.511
2026-08-14 17:55:00,62805.7,62805.8,62772.7,62787.7,138.053
2026-08-14 18:00:00,62787.7,62848.7,62785.0,62823.8,350.009
2026-08-14 18:05:00,62823.8,62828.5,62779.3,62821.5,195.276
2026-08-14 18:10:00,62821.5,62859.5,62800.0,62827.5,462.361
2026-08-14 18:15:00,62827.5,62881.0,62807.8,62881.0,271.87
2026-08-14 18:20:00,62880.9,62889.6,62851.9,62852.8,153.692
2026-08-14 18:25:00,62852.8,62885.6,62842.3,62861.1,235.649
2026-08-14 18:30:00,62861.1,62871.5,62842.8,62871.4,138.707
2026-08-14 18:35:00,62871.5,62906.2,62854.0,62854.0,243.464
2026-08-14 18:40:00,62854.0,62864.1,62810.2,62864.1,178.048
2026-08-14 18:45:00,62864.0,62869.4,62822.9,62840.7,189.743
2026-08-14 18:50:00,62840.7,62893.5,62840.7,62893.4,167.814
2026-08-14 18:55:00,62893.5,62898.5,62826.4,62837.4,407.801
2026-08-14 19:00:00,62837.5,62872.6,62802.5,62838.1,461.021
2026-08-14 19:05:00,62838.1,62838.2,62766.1,62772.1,316.315
2026-08-14 19:10:00,62772.0,62795.9,62730.0,62795.8,561.551
2026-08-14 19:15:00,62795.9,62843.0,62770.4,62770.5,259.389
2026-08-14 19:20:00,62770.4,62837.9,62770.4,62837.9,237.408
2026-08-14 19:25:00,62837.9,62864.4,62820.0,62863.7,153.953
2026-08-14 19:30:00,62863.7,62885.3,62822.9,62829.5,343.74
2026-08-14 19:35:00,62829.6,62829.6,62770.0,62795.4,270.994
2026-08-14 19:40:00,62795.5,62795.5,62733.7,62733.7,337.627
2026-08-14 19:45:00,62733.7,62762.5,62688.1,62762.5,582.562
2026-08-14 19:50:00,62762.5,62783.1,62705.2,62748.5,259.236
2026-08-14 19:55:00,62748.4,62759.7,62691.5,62706.0,521.29
2026-08-14 20:00:00,62706.1,62714.6,62601.2,62680.5,1668.566
2026-08-14 20:05:00,62680.4,62724.4,62555.5,62637.0,1831.464
2026-08-14 20:10:00,62637.0,62672.8,62557.8,62653.5,793.158
2026-08-14 20:15:00,62653.5,62671.5,62608.4,62623.5,414.192
2026-08-14 20:20:00,62623.5,62708.7,62613.7,62704.8,542.402
2026-08-14 20:25:00,62704.8,62765.5,62661.7,62750.1,595.557
2026-08-14 20:30:00,62750.1,62794.8,62654.7,62705.0,811.03
2026-08-14 20:35:00,62704.9,62740.4,62578.2,62630.7,1467.431
2026-08-14 20:40:00,62630.7,62713.3,62611.5,62688.5,1253.901
2026-08-14 20:45:00,62688.6,62732.0,62638.0,62638.0,761.705
2026-08-14 20:50:00,62638.1,62664.4,62607.1,62616.7,558.844
2026-08-14 20:55:00,62616.7,62639.6,62563.0,62639.6,837.148
2026-08-14 21:00:00,62639.8,62710.2,62540.0,62626.0,1602.02
2026-08-14 21:05:00,62626.0,62693.9,62569.5,62569.9,599.852
2026-08-14 21:10:00,62569.9,62686.8,62562.6,62580.1,543.909
2026-08-14 21:15:00,62580.2,62636.3,62536.9,62564.0,725.557
2026-08-14 21:20:00,62564.1,62630.1,62540.9,62565.9,466.934
2026-08-14 21:25:00,62565.9,62678.4,62562.6,62648.6,372.206
2026-08-14 21:30:00,62648.6,62740.4,62626.1,62709.1,971.875
2026-08-14 21:35:00,62709.1,62774.9,62702.9,62751.7,543.731
2026-08-14 21:40:00,62751.8,62754.9,62710.0,62717.1,274.567
2026-08-14 21:45:00,62717.1,62751.0,62704.6,62720.8,302.385
2026-08-14 21:50:00,62720.7,62720.7,62613.8,62630.7,399.12
2026-08-14 21:55:00,62630.6,62630.7,62484.2,62581.0,2503.886
2026-08-14 22:00:00,62581.0,62655.7,62576.5,62613.5,571.607
2026-08-14 22:05:00,62613.5,62677.5,62609.4,62650.0,360.378
2026-08-14 22:10:00,62650.0,62688.6,62649.9,62673.9,231.894
2026-08-14 22:15:00,62673.8,62687.9,62650.0,62680.8,241.534
2026-08-14 22:20:00,62680.7,62746.0,62680.7,62741.8,469.239
2026-08-14 22:25:00,62741.8,62821.4,62688.0,62820.9,563.367
2026-08-14 22:30:00,62820.9,62879.5,62758.7,62871.3,1156.126
2026-08-14 22:35:00,62871.3,63000.0,62862.3,62993.1,2540.203
2026-08-14 22:40:00,62993.2,62993.2,62928.8,62972.0,595.214
2026-08-14 22:45:00,62972.0,63035.1,62939.2,62952.9,930.817
2026-08-14 22:50:00,62952.9,62990.0,62917.5,62970.7,366.42
2026-08-14 22:55:00,62970.7,63061.7,62955.9,62956.0,1116.861
2026-08-14 23:00:00,62956.0,63025.8,62953.5,62969.8,499.866
2026-08-14 23:05:00,62969.9,63003.4,62933.7,62991.0,419.3
2026-08-14 23:10:00,62990.9,63072.0,62990.9,63010.0,541.084
2026-08-14 23:15:00,63010.0,63051.0,63000.0,63036.1,377.53
2026-08-14 23:20:00,63036.0,63092.0,63021.3,63070.7,457.522
2026-08-14 23:25:00,63070.7,63132.0,63052.8,63089.2,813.454
2026-08-14 23:30:00,63089.2,63138.0,63066.9,63123.2,421.842
2026-08-14 23:35:00,63123.1,63194.4,63123.1,63164.1,741.475
2026-08-14 23:40:00,63164.1,63187.7,63164.0,63177.6,275.255
2026-08-14 23:45:00,63177.5,63177.6,63110.0,63138.4,590.129
2026-08-14 23:50:00,63138.3,63138.4,63072.6,63087.0,512.692
2026-08-14 23:55:00,63087.0,63116.9,63073.5,63105.8,216.614
2026-08-15 00:00:00,63105.9,63144.7,63105.9,63112.3,289.892
2026-08-15 00:05:00,63112.3,63126.0,63082.0,63089.9,244.929
2026-08-15 00:10:00,63089.8,63149.9,63089.8,63149.8,151.653
2026-08-15 00:15:00,63149.9,63176.6,63130.5,63163.7,283.578
2026-08-15 00:20:00,63163.7,63215.3,63159.4,63194.5,539.584
2026-08-15 00:25:00,63194.5,63194.6,63153.3,63168.3,187.612
2026-08-15 00:30:00,63168.3,63186.8,63143.3,63183.9,207.167
2026-08-15 00:35:00,63183.9,63184.0,63091.2,63100.3,387.417
2026-08-15 00:40:00,63100.3,63113.2,63038.1,63080.0,562.732
2026-08-15 00:45:00,63080.0,63094.7,63075.2,63089.9,174.302
2026-08-15 00:50:00,63089.8,63089.9,63037.4,63043.4,342.161
2026-08-15 00:55:00,63043.3,63043.3,62965.0,62988.4,1186.179
2026-08-15 01:00:00,62988.4,63024.8,62926.2,63010.2,694.394
2026-08-15 01:05:00,63010.2,63035.7,62986.5,63002.9,239.587
2026-08-15 01:10:00,63002.9,63042.0,62964.7,62974.1,209.816
2026-08-15 01:15:00,62974.1,63021.0,62974.1,63002.7,231.291
2026-08-15 01:20:00,63002.7,63029.1,62994.4,63021.4,255.486
2026-08-15 01:25:00,63021.5,63050.0,63002.8,63003.7,204.233
2026-08-15 01:30:00,63003.8,63010.3,62913.4,62925.0,352.569
2026-08-15 01:35:00,62925.0,62986.7,62924.9,62969.8,176.175
2026-08-15 01:40:00,62969.8,62993.4,62941.5,62943.1,191.673
2026-08-15 01:45:00,62943.1,62948.0,62857.9,62869.0,336.158
2026-08-15 01:50:00,62868.9,62908.4,62868.0,62894.2,278.069
2026-08-15 01:55:00,62894.2,62901.9,62879.1,62900.0,167.441
2026-08-15 02:00:00,62899.9,62901.4,62835.9,62848.8,435.282
2026-08-15 02:05:00,62848.9,62865.0,62820.0,62860.1,283.997
2026-08-15 02:10:00,62860.1,62860.1,62822.7,62827.2,200.049
2026-08-15 02:15:00,62827.2,62847.0,62781.4,62804.9,533.1
2026-08-15 02:20:00,62804.8,62874.0,62800.6,62843.7,378.133
2026-08-15 02:25:00,62843.6,62905.6,62843.6,62898.4,158.383
2026-08-15 02:30:00,62898.4,62898.4,62855.0,62884.9,137.061
2026-08-15 02:35:00,62884.9,62918.3,62877.0,62901.1,275.069
2026-08-15 02:40:00,62901.2,62954.3,62892.0,62954.3,180.823
2026-08-15 02:45:00,62954.3,62968.0,62917.6,62918.0,219.04
2026-08-15 02:50:00,62917.8,62944.5,62917.6,62944.5,83.432
2026-08-15 02:55:00,62944.5,62945.5,62911.7,62936.3,118.31
2026-08-15 03:00:00,62936.4,62975.2,62933.2,62975.2,150.835
2026-08-15 03:05:00,62975.1,62995.1,62955.2,62995.1,336.391
2026-08-15 03:10:00,62995.0,62995.1,62941.0,62941.0,138.496
2026-08-15 03:15:00,62941.0,62945.2,62904.6,62917.6,158.208
2026-08-15 03:20:00,62917.5,62959.1,62911.8,62948.8,303.827
2026-08-15 03:25:00,62948.9,62948.9,62915.9,62919.9,182.598
2026-08-15 03:30:00,62920.0,62927.7,62900.3,62911.2,81.861
2026-08-15 03:35:00,62911.1,62911.2,62883.3,62886.0,92.505
2026-08-15 03:40:00,62886.1,62889.0,62880.9,62888.9,93.153
2026-08-15 03:45:00,62889.0,62901.3,62876.8,62897.0,60.207
2026-08-15 03:50:00,62897.0,62907.4,62881.0,62881.0,44.213
2026-08-15 03:55:00,62881.0,62881.1,62864.6,62878.5,86.645
2026-08-15 04:00:00,62878.5,62912.2,62868.2,62912.2,67.141
2026-08-15 04:05:00,62912.2,62912.2,62871.0,62874.1,67.11
2026-08-15 04:10:00,62874.1,62898.4,62872.9,62877.3,103.939
2026-08-15 04:15:00,62877.3,62888.0,62862.9,62862.9,56.909
2026-08-15 04:20:00,62862.9,62877.9,62854.8,62877.9,65.874
2026-08-15 04:25:00,62877.9,62898.8,62867.0,62867.0,68.231
2026-08-15 04:30:00,62867.0,62871.9,62846.7,62846.7,52.711
2026-08-15 04:35:00,62846.7,62866.5,62846.7,62866.5,89.5
2026-08-15 04:40:00,62866.5,62890.3,62850.0,62855.6,112.322
2026-08-15 04:45:00,62855.3,62888.0,62850.0,62888.0,73.393
2026-08-15 04:50:00,62888.0,62896.9,62853.9,62853.9,87.478
2026-08-15 04:55:00,62854.0,62904.3,62853.5,62897.6,86.371
2026-08-15 05:00:00,62897.7,62936.7,62882.4,62914.7,206.491
2026-08-15 05:05:00,62914.7,62920.9,62869.8,62879.4,76.829
2026-08-15 05:10:00,62879.4,62879.4,62804.5,62806.3,321.583
2026-08-15 05:15:00,62806.3,62811.5,62770.9,62808.5,316.671
2026-08-15 05:20:00,62808.6,62815.6,62788.5,62810.8,111.82
2026-08-15 05:25:00,62810.8,62810.8,62794.1,62794.2,47.58
2026-08-15 05:30:00,62794.1,62849.4,62794.1,62844.2,214.322
2026-08-15 05:35:00,62844.2,62855.6,62844.1,62852.4,53.597
2026-08-15 05:40:00,62852.5,62858.5,62852.4,62858.5,18.904
2026-08-15 05:45:00,62858.5,62872.3,62851.1,62855.1,59.828
2026-08-15 05:50:00,62855.2,62857.9,62850.7,62857.8,30.887
2026-08-15 05:55:00,62857.8,62866.9,62840.1,62856.8,139.089
2026-08-15 06:00:00,62856.9,62866.5,62855.3,62858.1,66.883
2026-08-15 06:05:00,62858.2,62866.0,62858.1,62865.9,37.868
2026-08-15 06:10:00,62865.9,62906.9,62865.9,62901.3,81.593
2026-08-15 06:15:00,62901.3,62911.5,62864.8,62864.8,91.696
2026-08-15 06:20:00,62864.9,62925.0,62838.4,62921.4,175.9
2026-08-15 06:25:00,62921.4,62921.5,62900.9,62921.5,75.759
2026-08-15 06:30:00,62921.5,62943.3,62900.0,62900.0,89.021
2026-08-15 06:35:00,62900.0,62958.4,62876.2,62956.1,169.461
2026-08-15 06:40:00,62956.1,63006.6,62941.1,62977.0,384.177
2026-08-15 06:45:00,62977.1,63030.0,62977.0,63023.3,287.979
2026-08-15 06:50:00,63023.3,63040.3,62986.5,63015.1,339.679
2026-08-15 06:55:00,63015.0,63015.1,63000.0,63015.0,115.082
2026-08-15 07:00:00,63014.9,63039.0,62998.8,62998.9,167.437
2026-08-15 07:05:00,62998.8,63005.9,62976.4,62996.5,111.667
2026-08-15 07:10:00,62996.5,63005.4,62984.4,62989.5,71.398
2026-08-15 07:15:00,62989.6,62998.6,62989.5,62998.6,48.618
2026-08-15 07:20:00,62998.5,63007.0,62978.0,63000.6,123.206
2026-08-15 07:25:00,63000.5,63005.0,62973.0,62987.7,153.531
2026-08-15 07:30:00,62987.7,63001.6,62984.8,62993.0,115.149
2026-08-15 07:35:00,62993.0,62993.0,62973.1,62991.3,71.836
2026-08-15 07:40:00,62991.4,62995.0,62979.9,62995.0,45.606
2026-08-15 07:45:00,62995.0,63009.3,62987.7,62987.8,46.406
2026-08-15 07:50:00,62987.8,62987.8,62964.4,62975.0,76.8
2026-08-15 07:55:00,62975.1,63000.0,62975.0,62991.7,65.881
2026-08-15 08:00:00,62991.7,62991.8,62976.0,62976.1,37.171
2026-08-15 08:05:00,62976.1,62984.6,62966.7,62984.5,70.159
2026-08-15 08:10:00,62984.6,63006.5,62977.9,62989.5,136.466
2026-08-15 08:15:00,62989.4,62989.5,62974.7,62974.8,33.897
2026-08-15 08:20:00,62974.7,63015.0,62970.0,63014.9,123.45
2026-08-15 08:25:00,63015.0,63015.0,62991.6,63014.2,145.797
2026-08-15 08:30:00,63014.2,63015.0,62990.0,63015.0,88.886
2026-08-15 08:35:00,63015.0,63015.0,63000.0,63010.8,73.845
2026-08-15 08:40:00,63010.9,63013.9,62999.6,63005.9,43.342
2026-08-15 08:45:00,63006.0,63006.0,62996.5,62996.5,53.441
2026-08-15 08:50:00,62996.6,62999.9,62992.8,62998.9,38.234
2026-08-15 08:55:00,62998.8,63010.8,62996.2,63010.7,35.264
2026-08-15 09:00:00,63010.8,63031.9,63010.7,63031.9,59.906
2026-08-15 09:05:00,63031.9,63033.1,63010.0,63012.6,170.688
2026-08-15 09:10:00,63012.6,63030.8,63007.5,63030.7,103.301
2026-08-15 09:15:00,63030.7,63076.0,63030.7,63054.0,230.474
2026-08-15 09:20:00,63054.1,63083.4,63054.0,63079.2,179.078
2026-08-15 09:25:00,63079.3,63094.8,63073.3,63073.3,146.324
2026-08-15 09:30:00,63073.3,63105.4,63073.3,63104.6,159.395
2026-08-15 09:35:00,63104.5,63108.5,63075.1,63100.9,109.016
2026-08-15 09:40:00,63100.8,63110.1,63088.7,63088.9,89.728
2026-08-15 09:45:00,63088.9,63114.0,63088.9,63112.6,125.181
2026-08-15 09:50:00,63112.6,63114.0,63100.0,63102.9,66.435
2026-08-15 09:55:00,63103.0,63113.6,63102.9,63113.6,80.821
2026-08-15 10:00:00,63113.6,63113.6,63103.1,63107.0,105.482
2026-08-15 10:05:00,63107.0,63128.0,63103.5,63105.7,131.4
2026-08-15 10:10:00,63105.6,63133.3,63105.6,63132.4,105.275
2026-08-15 10:15:00,63132.5,63170.0,63102.7,63102.8,482.831
2026-08-15 10:20:00,63102.8,63102.9,63077.7,63084.1,161.933
2026-08-15 10:25:00,63084.1,63084.2,63055.8,63065.5,114.381
2026-08-15 10:30:00,63065.5,63067.0,63053.8,63053.8,73.324
2026-08-15 10:35:00,63053.8,63053.9,63014.0,63035.2,244.461
2026-08-15 10:40:00,63035.2,63039.5,63035.1,63039.4,42.022
2026-08-15 10:45:00,63039.4,63039.5,63036.6,63036.7,37.165
2026-08-15 10:50:00,63036.7,63049.2,63027.6,63049.1,59.301
2026-08-15 10:55:00,63049.2,63050.0,63023.9,63030.3,108.873
2026-08-15 11:00:00,63030.3,63050.0,63030.3,63050.0,49.989
2026-08-15 11:05:00,63049.9,63050.0,63034.5,63044.7,67.963
2026-08-15 11:10:00,63044.6,63075.0,63044.6,63075.0,111.393
2026-08-15 11:15:00,63074.9,63106.2,63074.9,63097.0,159.946
2026-08-15 11:20:00,63097.0,63103.7,63097.0,63097.0,53.864
2026-08-15 11:25:00,63097.0,63102.7,63097.0,63102.7,39.189
2026-08-15 11:30:00,63102.6,63102.7,63097.4,63100.9,49.338
2026-08-15 11:35:00,63100.9,63121.6,63100.8,63117.2,112.72
2026-08-15 11:40:00,63117.2,63127.5,63117.1,63127.5,69.634
2026-08-15 11:45:00,63127.5,63127.5,63111.6,63111.7,67.588
2026-08-15 11:50:00,63111.6,63111.7,63092.4,63092.5,79.697
2026-08-15 11:55:00,63092.4,63092.5,63092.4,63092.5,24.285
2026-08-15 12:00:00,63092.5,63100.1,63092.4,63100.0,58.663
2026-08-15 12:05:00,63100.1,63119.2,63099.7,63117.7,96.349
2026-08-15 12:10:00,63117.8,63125.5,63115.0,63125.5,55.063
2026-08-15 12:15:00,63125.4,63127.5,63124.3,63124.3,47.207
2026-08-15 12:20:00,63124.3,63124.4,63100.0,63100.0,91.809
2026-08-15 12:25:00,63100.0,63100.1,63091.1,63091.1,39.887
2026-08-15 12:30:00,63091.2,63097.1,63087.8,63097.1,58.053
2026-08-15 12:35:00,63097.0,63097.0,63034.2,63034.2,163.094
2026-08-15 12:40:00,63034.2,63050.0,63028.0,63050.0,118.962
2026-08-15 12:45:00,63049.9,63055.3,63037.4,63037.5,63.383
2026-08-15 12:50:00,63037.5,63044.3,63028.5,63044.2,77.359
2026-08-15 12:55:00,63044.2,63055.5,63013.4,63055.4,289.6
2026-08-15 13:00:00,63055.5,63055.5,63052.3,63055.5,40.357
2026-08-15 13:05:00,63055.4,63058.9,63055.4,63058.8,44.299
2026-08-15 13:10:00,63058.9,63065.9,63010.1,63010.1,102.788
2026-08-15 13:15:00,63010.1,63024.3,63010.1,63020.4,70.509
2026-08-15 13:20:00,63020.5,63041.8,63020.4,63030.3,68.148
2026-08-15 13:25:00,63030.3,63042.8,63003.8,63010.2,137.133
2026-08-15 13:30:00,63010.2,63034.8,63010.2,63034.7,42.184
2026-08-15 13:35:00,63034.7,63034.8,63022.0,63024.4,44.889
2026-08-15 13:40:00,63024.4,63042.0,63020.8,63042.0,48.078
2026-08-15 13:45:00,63042.0,63054.5,63041.9,63054.5,68.862
2026-08-15 13:50:00,63054.5,63100.0,63054.4,63100.0,172.104
2026-08-15 13:55:00,63100.0,63108.3,63076.7,63087.3,139.31
2026-08-15 14:00:00,63087.2,63088.0,63083.0,63083.0,95.504
2026-08-15 14:05:00,63083.1,63086.3,63044.7,63044.8,106.696
2026-08-15 14:10:00,63044.7,63102.5,63042.0,63102.4,198.665
2026-08-15 14:15:00,63102.4,63104.3,63067.3,63067.4,73.383
2026-08-15 14:20:00,63067.4,63067.4,63042.0,63060.1,95.693
2026-08-15 14:25:00,63060.1,63079.8,63050.0,63050.0,75.98
2026-08-15 14:30:00,63050.0,63052.8,63041.9,63052.8,54.407
2026-08-15 14:35:00,63052.8,63073.6,63047.5,63058.3,73.388
2026-08-15 14:40:00,63058.3,63058.3,63049.8,63049.9,60.576
2026-08-15 14:45:00,63049.9,63049.9,63049.8,63049.8,42.092
2026-08-15 14:50:00,63049.8,63049.9,63044.2,63044.3,58.762
2026-08-15 14:55:00,63044.3,63058.9,63011.0,63049.8,602.327
2026-08-15 15:00:00,63049.9,63058.4,63039.1,63041.8,79.63
2026-08-15 15:05:00,63041.8,63041.8,63039.3,63039.4,24.965
2026-08-15 15:10:00,63039.3,63039.4,63030.0,63030.1,34.704
2026-08-15 15:15:00,63030.1,63041.2,63025.1,63041.1,56.866
2026-08-15 15:20:00,63041.1,63041.2,63025.5,63028.5,47.135
2026-08-15 15:25:00,63028.4,63031.2,63025.0,63026.3,56.894
2026-08-15 15:30:00,63026.3,63027.1,63011.0,63011.1,68.95
2026-08-15 15:35:00,63011.0,63011.1,63003.2,63003.3,80.842
2026-08-15 15:40:00,63003.2,63003.3,62991.8,62991.9,129.086
2026-08-15 15:45:00,62991.8,63034.1,62991.8,63019.6,175.882
2026-08-15 15:50:00,63019.6,63019.6,62930.7,62938.9,475.646
2026-08-15 15:55:00,62938.9,62948.4,62902.0,62908.5,456.977
2026-08-15 16:00:00,62908.6,62923.8,62890.2,62894.2,522.744
2026-08-15 16:05:00,62894.3,62928.8,62894.2,62922.1,231.78
2026-08-15 16:10:00,62922.2,62937.2,62922.1,62933.6,81.132
2026-08-15 16:15:00,62933.6,62950.0,62930.0,62950.0,114.619
2026-08-15 16:20:00,62950.0,62950.0,62937.1,62937.1,44.323
2026-08-15 16:25:00,62937.1,62957.8,62937.1,62952.1,65.494
2026-08-15 16:30:00,62952.0,62965.5,62952.0,62959.8,100.368
2026-08-15 16:35:00,62959.8,62981.7,62959.8,62981.6,83.635
2026-08-15 16:40:00,62981.6,62999.8,62977.6,62991.9,127.41
2026-08-15 16:45:00,62991.8,62999.2,62991.8,62996.4,60.433
2026-08-15 16:50:00,62996.5,63016.7,62991.9,63016.7,215.129
2026-08-15 16:55:00,63016.6,63019.9,62999.1,62999.1,78.46
2026-08-15 17:00:00,62999.2,63004.1,62971.9,62971.9,70.744
2026-08-15 17:05:00,62971.9,62987.6,62971.9,62987.6,74.213
2026-08-15 17:10:00,62987.6,62993.6,62987.5,62993.5,29.221
2026-08-15 17:15:00,62993.6,62993.6,62993.5,62993.6,25.34
2026-08-15 17:20:00,62993.5,62996.2,62993.5,62996.1,23.004
2026-08-15 17:25:00,62996.2,62996.2,62992.1,62992.2,44.004
2026-08-15 17:30:00,62992.1,63018.2,62985.2,63003.2,109.218
2026-08-15 17:35:00,63003.2,63009.4,62994.9,63009.3,36.527
2026-08-15 17:40:00,63009.4,63010.5,63001.1,63006.3,38.079
2026-08-15 17:45:00,63006.4,63025.4,63006.3,63025.0,83.071
2026-08-15 17:50:00,63025.0,63025.0,63004.2,63004.2,61.125
2026-08-15 17:55:00,63004.2,63021.6,62995.6,63015.6,78.017
2026-08-15 18:00:00,63015.7,63015.7,63002.0,63002.1,36.746
2026-08-15 18:05:00,63002.1,63015.1,63000.0,63004.0,88.452
2026-08-15 18:10:00,63004.0,63004.0,62995.8,62995.9,59.02
2026-08-15 18:15:00,62995.8,63020.5,62995.8,63002.2,77.13
2026-08-15 18:20:00,63002.2,63004.0,63000.0,63003.9,53.718
2026-08-15 18:25:00,63004.0,63012.3,63003.9,63009.9,44.054
2026-08-15 18:30:00,63009.9,63014.0,63004.6,63004.6,50.236
2026-08-15 18:35:00,63004.6,63009.6,63004.5,63009.5,36.016
2026-08-15 18:40:00,63009.6,63021.7,63009.5,63021.7,32.932
2026-08-15 18:45:00,63021.7,63031.4,62969.8,62974.1,163.67
2026-08-15 18:50:00,62974.0,62998.3,62967.9,62998.2,67.528
2026-08-15 18:55:00,62998.2,63000.0,62993.0,62993.1,53.823
2026-08-15 19:00:00,62993.0,62993.1,62970.1,62970.1,45.997
2026-08-15 19:05:00,62970.2,62979.2,62962.1,62975.7,99.401
2026-08-15 19:10:00,62975.7,62975.7,62959.6,62959.6,73.564
2026-08-15 19:15:00,62959.6,62964.9,62950.0,62964.9,119.162
2026-08-15 19:20:00,62964.8,62964.9,62964.8,62964.9,22.086
2026-08-15 19:25:00,62964.8,62966.0,62964.8,62964.8,34.49
2026-08-15 19:30:00,62964.8,62964.9,62953.6,62955.9,69.216
2026-08-15 19:35:00,62956.0,62956.0,62950.0,62950.0,98.968
2026-08-15 19:40:00,62950.0,62950.1,62930.1,62933.9,284.201
2026-08-15 19:45:00,62933.9,62933.9,62922.1,62928.0,74.348
2026-08-15 19:50:00,62928.0,62931.0,62920.9,62930.9,85.519
2026-08-15 19:55:00,62931.0,63030.4,62930.9,63028.8,269.622
2026-08-15 20:00:00,63028.8,63048.0,62992.2,63047.9,251.449
2026-08-15 20:05:00,63048.0,63058.2,63019.0,63019.0,195.885
2026-08-15 20:10:00,63019.0,63044.2,63019.0,63044.2,86.57
2026-08-15 20:15:00,63044.2,63052.6,63007.7,63019.7,166.236
2026-08-15 20:20:00,63019.7,63032.0,63004.1,63013.7,76.714
2026-08-15 20:25:00,63013.6,63017.5,63007.1,63007.2,41.347
2026-08-15 20:30:00,63007.1,63017.4,63004.2,63016.0,86.353
2026-08-15 20:35:00,63015.9,63022.0,63012.2,63012.3,48.987
2026-08-15 20:40:00,63012.2,63012.3,63000.0,63001.2,45.707
2026-08-15 20:45:00,63001.1,63028.0,63001.1,63013.7,67.394
2026-08-15 20:50:00,63013.7,63024.7,63013.6,63016.9,42.356
2026-08-15 20:55:00,63016.9,63031.3,63016.8,63031.3,66.086
2026-08-15 21:00:00,63031.2,63031.3,63011.0,63011.1,64.301
2026-08-15 21:05:00,63011.1,63014.6,63011.0,63014.5,72.683
2026-08-15 21:10:00,63014.5,63018.6,63004.0,63018.5,128.851
2026-08-15 21:15:00,63018.6,63018.6,63001.9,63001.9,54.605
2026-08-15 21:20:00,63001.9,63002.0,62961.9,62987.7,195.196
2026-08-15 21:25:00,62987.7,63009.5,62987.6,63006.2,57.857
2026-08-15 21:30:00,63006.1,63006.2,63006.1,63006.2,18.9
2026-08-15 21:35:00,63006.1,63015.5,63002.3,63002.4,39.252
2026-08-15 21:40:00,63002.3,63015.3,63002.3,63011.7,39.93
2026-08-15 21:45:00,63011.6,63011.7,63011.6,63011.7,27.654
2026-08-15 21:50:00,63011.7,63026.3,63011.6,63026.2,37.346
2026-08-15 21:55:00,63026.3,63026.3,63011.6,63011.7,60.945
2026-08-15 22:00:00,63011.7,63015.6,63011.6,63015.5,33.239
2026-08-15 22:05:00,63015.6,63015.6,63010.0,63010.0,39.047
2026-08-15 22:10:00,63010.0,63015.0,63009.9,63010.0,44.43
2026-08-15 22:15:00,63010.0,63056.2,62997.9,63056.1,219.642
2026-08-15 22:20:00,63056.1,63056.2,63019.4,63030.5,95.619
2026-08-15 22:25:00,63030.6,63045.3,63030.5,63042.3,34.057
2026-08-15 22:30:00,63042.3,63068.9,63042.3,63065.9,175.845
2026-08-15 22:35:00,63066.0,63096.7,63065.9,63091.3,190.24
2026-08-15 22:40:00,63091.3,63091.3,63081.9,63082.0,83.89
2026-08-15 22:45:00,63082.0,63082.0,63081.9,63081.9,35.616
2026-08-15 22:50:00,63082.0,63082.0,63068.0,63068.0,62.678
2026-08-15 22:55:00,63068.0,63068.1,63068.0,63068.0,41.297
2026-08-15 23:00:00,63068.1,63068.1,63061.3,63061.3,61.394
2026-08-15 23:05:00,63061.3,63061.4,63035.9,63059.0,142.88
2026-08-15 23:10:00,63059.1,63073.5,63049.9,63049.9,93.615
2026-08-15 23:15:00,63049.9,63052.8,63032.7,63052.7,115.842
2026-08-15 23:20:00,63052.7,63076.8,63052.7,63076.8,79.19
2026-08-15 23:25:00,63076.7,63090.0,63076.7,63090.0,82.023
2026-08-15 23:30:00,63090.0,63097.3,63059.3,63059.3,144.612
2026-08-15 23:35:00,63059.3,63071.4,63059.3,63071.3,61.215
2026-08-15 23:40:00,63071.3,63071.4,63062.0,63062.1,77.466
2026-08-15 23:45:00,63062.1,63075.1,63062.0,63075.0,41.628
2026-08-15 23:50:00,63075.0,63075.0,63066.2,63066.2,61.948
2026-08-15 23:55:00,63066.3,63066.3,63066.2,63066.3,37.359
2026-08-16 00:00:00,63066.3,63066.3,63066.2,63066.2,23.116
2026-08-16 00:05:00,63066.3,63066.3,63066.2,63066.3,18.317
2026-08-16 00:10:00,63066.3,63070.0,63066.2,63070.0,33.633
2026-08-16 00:15:00,63070.0,63077.8,63067.8,63077.1,51.698
2026-08-16 00:20:00,63077.0,63077.1,63032.3,63032.3,141.505
2026-08-16 00:25:00,63032.3,63044.0,63032.3,63039.0,32.328
2026-08-16 00:30:00,63038.9,63043.6,63038.9,63043.6,25.351
2026-08-16 00:35:00,63043.6,63043.6,63038.3,63038.4,36.033
2026-08-16 00:40:00,63038.3,63039.9,63038.3,63039.9,25.165
2026-08-16 00:45:00,63039.8,63039.9,63039.8,63039.8,13.165
2026-08-16 00:50:00,63039.9,63039.9,63032.1,63032.1,70.113
2026-08-16 00:55:00,63032.1,63043.5,63032.1,63043.5,73.661
2026-08-16 01:00:00,63043.4,63043.5,63039.4,63039.4,43.732
2026-08-16 01:05:00,63039.4,63054.9,63039.4,63052.8,64.535
2026-08-16 01:10:00,63052.8,63083.0,63052.8,63066.0,75.279
2026-08-16 01:15:00,63066.0,63071.6,63021.5,63021.5,69.141
2026-08-16 01:20:00,63021.5,63034.8,63021.5,63034.7,54.193
2026-08-16 01:25:00,63034.8,63034.8,63015.2,63018.7,130.541
2026-08-16 01:30:00,63018.8,63022.5,63018.7,63022.4,87.442
2026-08-16 01:35:00,63022.5,63022.5,63022.4,63022.5,17.784
2026-08-16 01:40:00,63022.5,63022.5,63014.9,63014.9,122.295
2026-08-16 01:45:00,63015.0,63021.6,63011.9,63015.0,359.957
2026-08-16 01:50:00,63015.0,63021.5,63011.6,63021.5,58.537
2026-08-16 01:55:00,63021.5,63026.3,63021.4,63026.3,32.632
2026-08-16 02:00:00,63026.3,63033.6,63026.2,63033.5,83.521
2026-08-16 02:05:00,63033.5,63057.2,63033.5,63053.0,123.926
2026-08-16 02:10:00,63053.0,63056.4,63053.0,63055.0,115.683
2026-08-16 02:15:00,63055.0,63073.9,63055.0,63073.8,50.801
2026-08-16 02:20:00,63073.9,63087.6,63073.8,63087.6,95.616
2026-08-16 02:25:00,63087.6,63092.6,63066.7,63067.8,144.762
2026-08-16 02:30:00,63067.7,63067.8,63067.7,63067.7,22.135
2026-08-16 02:35:00,63067.8,63092.0,63067.7,63079.2,122.585
2026-08-16 02:40:00,63079.3,63079.3,63079.2,63079.2,13.932
2026-08-16 02:45:00,63079.3,63093.5,63079.2,63093.5,57.562
2026-08-16 02:50:00,63093.5,63093.5,63093.4,63093.4,33.483
2026-08-16 02:55:00,63093.5,63093.6,63093.4,63093.6,34.279
2026-08-16 03:00:00,63093.6,63093.6,63083.1,63083.2,119.12
2026-08-16 03:05:00,63083.1,63083.2,63061.2,63061.3,56.019
2026-08-16 03:10:00,63061.2,63061.3,63044.0,63050.8,69.395
2026-08-16 03:15:00,63050.7,63050.8,63040.1,63045.7,59.852
2026-08-16 03:20:00,63045.8,63045.8,63045.7,63045.8,11.079
2026-08-16 03:25:00,63045.7,63047.8,63041.1,63047.8,29.832
2026-08-16 03:30:00,63047.8,63047.8,63042.9,63042.9,22.228
2026-08-16 03:35:00,63043.0,63046.9,63042.9,63046.8,20.249
2026-08-16 03:40:00,63046.8,63056.1,63046.8,63056.1,22.943
2026-08-16 03:45:00,63056.0,63068.8,63056.0,63068.8,28.189
2026-08-16 03:50:00,63068.8,63068.8,63068.7,63068.8,11.05
2026-08-16 03:55:00,63068.8,63077.1,63068.7,63077.1,29.945
2026-08-16 04:00:00,63077.0,63077.0,63068.9,63069.0,36.232
2026-08-16 04:05:00,63068.9,63069.0,63068.9,63069.0,11.055
2026-08-16 04:10:00,63068.9,63077.8,63068.9,63077.7,25.602
2026-08-16 04:15:00,63077.8,63077.8,63077.7,63077.8,15.095
2026-08-16 04:20:00,63077.8,63093.1,63077.7,63093.0,35.89
2026-08-16 04:25:00,63093.1,63117.3,63093.0,63117.2,253.503
2026-08-16 04:30:00,63117.3,63119.1,63108.1,63108.1,46.658
2026-08-16 04:35:00,63108.1,63120.0,63108.1,63119.9,51.174
2026-08-16 04:40:00,63120.0,63138.7,63117.4,63138.7,161.306
2026-08-16 04:45:00,63138.6,63138.7,63122.2,63125.9,57.152
2026-08-16 04:50:00,63125.8,63130.2,63117.6,63126.3,59.13
2026-08-16 04:55:00,63126.2,63135.4,63123.7,63123.7,38.202
2026-08-16 05:00:00,63123.8,63135.0,63119.6,63124.8,101.174
2026-08-16 05:05:00,63124.7,63124.8,63115.8,63119.2,32.161
2026-08-16 05:10:00,63119.2,63119.3,63117.0,63117.0,36.411
2026-08-16 05:15:00,63117.1,63117.1,63096.6,63107.2,104.824
2026-08-16 05:20:00,63107.1,63115.0,63103.0,63115.0,46.955
2026-08-16 05:25:00,63115.0,63119.8,63114.9,63119.8,27.718
2026-08-16 05:30:00,63119.8,63122.4,63119.7,63122.4,31.69
2026-08-16 05:35:00,63122.4,63122.4,63121.9,63122.0,29.634
2026-08-16 05:40:00,63122.0,63122.0,63121.9,63122.0,27.722
2026-08-16 05:45:00,63122.0,63141.6,63121.9,63139.5,102.321
2026-08-16 05:50:00,63139.5,63139.5,63100.6,63100.6,124.295
2026-08-16 05:55:00,63100.7,63100.7,63100.6,63100.7,13.854
2026-08-16 06:00:00,63100.7,63110.3,63100.6,63110.3,38.559
2026-08-16 06:05:00,63110.3,63110.3,63104.6,63104.6,31.894
2026-08-16 06:10:00,63104.7,63104.7,63077.0,63102.7,180.231
2026-08-16 06:15:00,63102.7,63102.8,63096.4,63099.8,47.721
2026-08-16 06:20:00,63099.8,63099.8,63093.3,63093.3,29.755
2026-08-16 06:25:00,63093.3,63093.4,63080.0,63080.0,48.997
2026-08-16 06:30:00,63080.0,63080.1,63075.5,63075.5,33.001
2026-08-16 06:35:00,63075.6,63075.6,63066.0,63073.3,60.792
2026-08-16 06:40:00,63073.3,63076.7,63073.2,63076.7,19.32
2026-08-16 06:45:00,63076.6,63076.7,63071.8,63071.9,32.971
2026-08-16 06:50:00,63071.8,63071.8,63050.0,63052.1,133.861
2026-08-16 06:55:00,63052.0,63054.5,63049.9,63053.9,87.593
2026-08-16 07:00:00,63053.9,63054.0,63035.0,63044.6,216.722
2026-08-16 07:05:00,63044.7,63044.7,63035.6,63039.8,66.168
2026-08-16 07:10:00,63039.8,63045.0,63039.7,63040.9,50.119
2026-08-16 07:15:00,63040.9,63041.0,63040.9,63041.0,24.931
2026-08-16 07:20:00,63040.9,63041.0,63040.9,63040.9,25.12
2026-08-16 07:25:00,63041.0,63041.0,63040.9,63040.9,24.433
2026-08-16 07:30:00,63041.0,63041.0,63032.9,63033.0,95.155
2026-08-16 07:35:00,63033.0,63043.5,63032.9,63040.1,55.584
2026-08-16 07:40:00,63040.0,63041.4,63036.6,63041.4,24.393
2026-08-16 07:45:00,63041.3,63057.4,63036.0,63036.0,67.696
2026-08-16 07:50:00,63036.0,63039.9,63036.0,63039.9,31.782
2026-08-16 07:55:00,63039.9,63052.2,63039.8,63051.1,53.229
2026-08-16 08:00:00,63051.0,63051.1,63039.0,63041.0,51.294
2026-08-16 08:05:00,63041.0,63041.0,63020.8,63021.0,65.271
2026-08-16 08:10:00,63021.0,63021.1,63017.1,63020.7,63.0
2026-08-16 08:15:00,63020.7,63030.5,63018.0,63022.5,99.023
2026-08-16 08:20:00,63022.4,63045.0,63020.6,63045.0,49.271
2026-08-16 08:25:00,63044.9,63045.0,63025.1,63025.2,36.414
2026-08-16 08:30:00,63025.1,63031.2,63023.1,63030.5,76.377
2026-08-16 08:35:00,63030.5,63030.5,62975.9,62976.0,196.452
2026-08-16 08:40:00,62976.0,63041.3,62975.9,63041.2,107.404
2026-08-16 08:45:00,63041.2,63041.2,63032.1,63034.2,92.002
2026-08-16 08:50:00,63034.2,63034.2,63019.8,63019.8,39.973
2026-08-16 08:55:00,63019.8,63052.4,63019.8,63051.3,160.616
2026-08-16 09:00:00,63051.3,63051.4,63014.3,63014.4,78.427
2026-08-16 09:05:00,63014.3,63014.4,63014.3,63014.4,19.125
2026-08-16 09:10:00,63014.3,63014.4,62988.9,62995.6,119.528
2026-08-16 09:15:00,62995.5,63012.7,62995.5,63012.7,51.142
2026-08-16 09:20:00,63012.8,63081.7,63012.7,63078.7,185.378
2026-08-16 09:25:00,63078.8,63086.7,63078.7,63085.7,130.784
2026-08-16 09:30:00,63085.8,63088.0,63085.7,63088.0,33.086
2026-08-16 09:35:00,63088.0,63095.4,63081.7,63092.7,107.842
2026-08-16 09:40:00,63092.6,63132.2,63092.6,63130.0,274.316
2026-08-16 09:45:00,63130.0,63130.1,63100.9,63105.1,354.993
2026-08-16 09:50:00,63105.1,63105.1,63085.6,63098.4,137.999
2026-08-16 09:55:00,63098.4,63098.4,63092.3,63092.3,70.953
2026-08-16 10:00:00,63092.4,63092.4,63089.6,63091.6,32.325
2026-08-16 10:05:00,63091.6,63103.1,63091.6,63091.7,68.693
2026-08-16 10:10:00,63091.7,63091.8,63088.5,63088.5,28.311
2026-08-16 10:15:00,63088.5,63090.3,63080.0,63090.0,149.558
2026-08-16 10:20:00,63089.9,63090.0,63089.8,63089.8,24.734
2026-08-16 10:25:00,63089.8,63089.9,63089.8,63089.8,16.946
2026-08-16 10:30:00,63089.8,63090.0,63089.8,63089.9,42.746
2026-08-16 10:35:00,63090.0,63091.0,63089.9,63090.9,10.928
2026-08-16 10:40:00,63090.9,63091.0,63090.8,63090.9,55.492
2026-08-16 10:45:00,63090.9,63095.0,63090.8,63095.0,46.435
2026-08-16 10:50:00,63095.0,63096.0,63094.9,63095.7,41.558
2026-08-16 10:55:00,63095.8,63096.6,63093.6,63096.6,62.291
2026-08-16 11:00:00,63096.5,63096.6,63096.5,63096.5,13.418
2026-08-16 11:05:00,63096.6,63096.6,63096.5,63096.6,9.983
2026-08-16 11:10:00,63096.6,63100.0,63096.5,63100.0,31.173
2026-08-16 11:15:00,63100.0,63121.1,63099.9,63121.0,73.803
2026-08-16 11:20:00,63121.1,63122.5,63115.2,63115.9,47.274
2026-08-16 11:25:00,63115.9,63122.7,63115.8,63122.7,39.822
2026-08-16 11:30:00,63122.6,63122.7,63090.9,63090.9,78.739
2026-08-16 11:35:00,63090.9,63091.0,63090.8,63090.9,20.154
2026-08-16 11:40:00,63090.8,63090.9,63090.8,63090.9,14.445
2026-08-16 11:45:00,63090.8,63090.9,63090.8,63090.9,30.118
2026-08-16 11:50:00,63090.9,63094.4,63090.4,63090.4,47.424
2026-08-16 11:55:00,63090.5,63090.5,63056.6,63056.7,73.607
2026-08-16 12:00:00,63056.6,63067.7,63042.1,63067.7,119.974
2026-08-16 12:05:00,63067.7,63068.4,63059.5,63068.3,50.511
2026-08-16 12:10:00,63068.3,63068.4,63066.4,63066.5,17.777
2026-08-16 12:15:00,63066.5,63066.5,63036.0,63036.1,55.145
2026-08-16 12:20:00,63036.0,63041.5,63036.0,63041.5,35.576
2026-08-16 12:25:00,63041.4,63041.5,63037.7,63037.7,25.563
2026-08-16 12:30:00,63037.8,63043.6,63033.3,63043.5,32.152
2026-08-16 12:35:00,63043.6,63050.8,63043.5,63048.0,34.161
2026-08-16 12:40:00,63048.1,63048.1,63026.6,63028.7,57.524
2026-08-16 12:45:00,63028.7,63028.8,63023.3,63023.3,36.91
2026-08-16 12:50:00,63023.2,63030.0,63022.0,63030.0,53.573
2026-08-16 12:55:00,63029.9,63044.3,63007.1,63027.7,209.927
2026-08-16 13:00:00,63027.7,63038.8,63027.6,63038.8,62.355
2026-08-16 13:05:00,63038.7,63042.2,63038.7,63041.0,50.316
2026-08-16 13:10:00,63041.1,63041.1,63009.2,63016.1,150.887
2026-08-16 13:15:00,63016.2,63031.0,63016.1,63026.0,89.743
2026-08-16 13:20:00,63026.0,63028.3,63017.3,63017.3,58.306
2026-08-16 13:25:00,63017.4,63040.2,63017.3,63040.2,47.5
2026-08-16 13:30:00,63040.1,63040.1,63029.3,63029.4,47.714
2026-08-16 13:35:00,63029.4,63032.3,63029.3,63032.3,24.666
2026-08-16 13:40:00,63032.3,63033.4,63032.2,63033.4,24.507
2026-08-16 13:45:00,63033.4,63056.1,63033.3,63048.1,85.238
2026-08-16 13:50:00,63048.0,63048.0,63041.8,63041.9,25.901
2026-08-16 13:55:00,63041.9,63041.9,63036.5,63036.5,19.178
2026-08-16 14:00:00,63036.5,63036.6,63024.0,63025.4,46.201
2026-08-16 14:05:00,63025.5,63025.5,63025.3,63025.4,21.799
2026-08-16 14:10:00,63025.4,63025.4,63025.0,63025.1,32.917
2026-08-16 14:15:00,63025.1,63025.1,63025.0,63025.1,46.548
2026-08-16 14:20:00,63025.1,63035.3,63025.0,63035.2,74.265
2026-08-16 14:25:00,63035.1,63035.2,63035.0,63035.1,29.374
2026-08-16 14:30:00,63035.1,63035.1,63035.0,63035.0,33.664
2026-08-16 14:35:00,63035.0,63035.1,63030.0,63033.4,50.805
2026-08-16 14:40:00,63033.4,63033.4,63028.0,63028.1,56.345
2026-08-16 14:45:00,63028.1,63028.1,63028.0,63028.0,26.096
2026-08-16 14:50:00,63028.0,63028.1,63028.0,63028.1,27.169
2026-08-16 14:55:00,63028.1,63034.4,63028.0,63034.3,50.675
2026-08-16 15:00:00,63034.4,63042.7,63034.3,63042.6,75.784
2026-08-16 15:05:00,63042.7,63042.7,63033.9,63034.0,89.861
2026-08-16 15:10:00,63033.9,63034.0,63030.1,63030.2,70.123
2026-08-16 15:15:00,63030.2,63030.2,63030.1,63030.1,12.71
2026-08-16 15:20:00,63030.1,63037.0,63030.1,63037.0,33.28
2026-08-16 15:25:00,63037.0,63043.0,63036.9,63043.0,35.291
2026-08-16 15:30:00,63042.9,63043.0,63037.5,63041.5,78.78
2026-08-16 15:35:00,63041.6,63045.1,63041.5,63045.1,24.184
2026-08-16 15:40:00,63045.1,63045.1,63039.5,63039.5,75.974
2026-08-16 15:45:00,63039.6,63039.6,63039.5,63039.6,10.725
2026-08-16 15:50:00,63039.5,63039.6,63039.5,63039.5,17.929
2026-08-16 15:55:00,63039.5,63039.6,63039.5,63039.5,15.654
2026-08-16 16:00:00,63039.6,63039.6,63039.5,63039.6,14.471
2026-08-16 16:05:00,63039.6,63039.6,63039.5,63039.6,15.501
2026-08-16 16:10:00,63039.5,63039.6,63039.5,63039.6,17.866
2026-08-16 16:15:00,63039.6,63039.6,63039.5,63039.6,13.116
2026-08-16 16:20:00,63039.5,63039.6,63039.5,63039.6,14.816
2026-08-16 16:25:00,63039.5,63039.6,63039.5,63039.5,25.384
2026-08-16 16:30:00,63039.5,63039.6,63019.3,63020.3,158.947
2026-08-16 16:35:00,63020.3,63025.1,63020.3,63025.1,34.327
2026-08-16 16:40:00,63025.1,63025.1,62965.0,62965.0,322.355
2026-08-16 16:45:00,62965.0,62971.8,62936.0,62970.1,435.368
2026-08-16 16:50:00,62970.0,62986.8,62970.0,62982.2,119.71
2026-08-16 16:55:00,62982.2,62982.2,62956.9,62957.0,142.131
2026-08-16 17:00:00,62957.0,62957.0,62928.5,62944.7,391.171
2026-08-16 17:05:00,62944.7,62958.0,62944.7,62958.0,81.675
2026-08-16 17:10:00,62958.0,62965.8,62955.5,62955.6,113.658
2026-08-16 17:15:00,62955.5,62959.6,62955.5,62959.5,46.655
2026-08-16 17:20:00,62959.6,62959.6,62959.5,62959.6,35.957
2026-08-16 17:25:00,62959.5,62981.4,62959.5,62981.3,89.643
2026-08-16 17:30:00,62981.2,62982.1,62970.5,62973.1,108.232
2026-08-16 17:35:00,62973.1,62977.1,62973.0,62977.1,43.073
2026-08-16 17:40:00,62977.0,62979.3,62977.0,62979.2,32.173
2026-08-16 17:45:00,62979.3,62979.3,62979.2,62979.2,29.428
2026-08-16 17:50:00,62979.2,62979.3,62979.2,62979.3,35.816
2026-08-16 17:55:00,62979.2,62979.3,62979.2,62979.2,15.805
2026-08-16 18:00:00,62979.2,62979.3,62979.2,62979.3,26.416
2026-08-16 18:05:00,62979.3,62979.3,62979.2,62979.3,21.542
2026-08-16 18:10:00,62979.3,62979.3,62974.2,62974.3,72.692
2026-08-16 18:15:00,62974.2,62977.1,62974.1,62977.1,85.659
2026-08-16 18:20:00,62977.1,62977.1,62960.6,62960.7,77.955
2026-08-16 18:25:00,62960.7,62960.7,62945.9,62958.1,102.324
2026-08-16 18:30:00,62958.1,62958.1,62955.9,62956.0,35.496
2026-08-16 18:35:00,62956.0,62969.1,62955.9,62969.0,61.642
2026-08-16 18:40:00,62969.1,62969.1,62963.7,62963.7,65.053
2026-08-16 18:45:00,62963.8,62963.8,62949.2,62949.7,82.943
2026-08-16 18:50:00,62949.8,62963.1,62949.0,62962.9,101.403
2026-08-16 18:55:00,62963.0,62981.1,62962.9,62981.1,74.069
2026-08-16 19:00:00,62981.1,62988.1,62981.1,62988.1,60.44
2026-08-16 19:05:00,62988.1,63000.0,62988.1,62993.7,182.272
2026-08-16 19:10:00,62993.7,62993.8,62990.5,62990.6,30.548
2026-08-16 19:15:00,62990.5,62990.6,62990.5,62990.6,42.561
2026-08-16 19:20:00,62990.5,62990.6,62990.5,62990.6,17.214
2026-08-16 19:25:00,62990.6,62990.6,62990.5,62990.6,26.016
2026-08-16 19:30:00,62990.6,62990.6,62965.4,62976.1,121.658
2026-08-16 19:35:00,62976.1,62981.5,62976.0,62980.4,57.185
2026-08-16 19:40:00,62980.3,62980.4,62959.1,62962.4,74.631
2026-08-16 19:45:00,62962.4,62979.8,62962.3,62979.8,79.586
2026-08-16 19:50:00,62979.8,62979.8,62979.7,62979.8,21.171
2026-08-16 19:55:00,62979.8,62987.9,62979.7,62986.4,131.755
2026-08-16 20:00:00,62986.4,62986.4,62986.3,62986.4,30.679
2026-08-16 20:05:00,62986.4,63035.0,62986.3,63034.8,265.171
2026-08-16 20:10:00,63034.9,63035.0,63034.8,63034.9,67.576
2026-08-16 20:15:00,63035.0,63040.9,63034.9,63040.9,79.556
2026-08-16 20:20:00,63040.8,63040.9,63040.0,63040.1,70.445
2026-08-16 20:25:00,63040.0,63040.4,63040.0,63040.4,73.495
2026-08-16 20:30:00,63040.4,63040.4,63040.3,63040.4,52.84
2026-08-16 20:35:00,63040.3,63040.4,63035.9,63035.9,51.388
2026-08-16 20:40:00,63035.9,63040.0,63035.9,63040.0,92.069
2026-08-16 20:45:00,63040.0,63040.0,63039.9,63039.9,24.29
2026-08-16 20:50:00,63040.0,63040.0,63039.9,63040.0,37.829
2026-08-16 20:55:00,63040.0,63040.0,63036.0,63036.1,65.8
2026-08-16 21:00:00,63036.1,63036.1,63031.9,63031.9,86.409
2026-08-16 21:05:00,63031.9,63032.0,63031.9,63031.9,65.072
2026-08-16 21:10:00,63032.0,63032.0,63031.9,63032.0,30.48
2026-08-16 21:15:00,63032.0,63032.2,63031.9,63032.2,34.329
2026-08-16 21:20:00,63032.2,63076.2,63032.1,63072.6,277.481
2026-08-16 21:25:00,63072.6,63072.6,63045.2,63045.7,176.836
2026-08-16 21:30:00,63045.6,63063.2,63040.1,63063.2,129.71
2026-08-16 21:35:00,63063.2,63071.4,63062.5,63062.6,75.949
2026-08-16 21:40:00,63062.6,63072.9,63062.5,63072.0,88.343
2026-08-16 21:45:00,63072.0,63072.0,63071.2,63071.3,35.014
2026-08-16 21:50:00,63071.3,63071.3,63071.0,63071.1,59.524
2026-08-16 21:55:00,63071.1,63078.6,63071.0,63078.5,68.383
2026-08-16 22:00:00,63078.6,63089.6,63077.7,63086.6,172.393
2026-08-16 22:05:00,63086.6,63086.6,63085.0,63085.0,54.538
2026-08-16 22:10:00,63085.1,63091.4,63081.6,63081.7,153.227
2026-08-16 22:15:00,63081.7,63081.7,63081.6,63081.6,27.244
2026-08-16 22:20:00,63081.7,63081.7,63081.6,63081.6,66.345
2026-08-16 22:25:00,63081.7,63087.2,63081.6,63087.2,41.95
2026-08-16 22:30:00,63087.2,63108.1,63087.1,63101.0,206.454
2026-08-16 22:35:00,63101.0,63112.1,63097.0,63112.0,78.533
2026-08-16 22:40:00,63112.1,63112.1,63089.4,63089.5,91.304
2026-08-16 22:45:00,63089.4,63102.4,63088.7,63102.3,66.995
2026-08-16 22:50:00,63102.4,63107.8,63097.0,63097.0,92.916
2026-08-16 22:55:00,63097.1,63113.8,63094.5,63113.8,98.584
2026-08-16 23:00:00,63113.8,63119.9,63111.1,63111.1,144.691
2026-08-16 23:05:00,63111.1,63129.0,63108.4,63127.9,185.048
2026-08-16 23:10:00,63127.9,63189.5,63127.8,63181.9,887.617
2026-08-16 23:15:00,63181.9,63324.9,63175.7,63300.1,2449.248
2026-08-16 23:20:00,63300.1,63300.1,63249.7,63291.1,806.627
2026-08-16 23:25:00,63291.0,63327.5,63287.3,63294.8,565.664
2026-08-16 23:30:00,63294.8,63370.0,63294.7,63337.0,1093.513
2026-08-16 23:35:00,63337.1,63350.0,63294.5,63294.5,301.158
2026-08-16 23:40:00,63294.5,63294.6,63260.6,63260.6,316.913
2026-08-16 23:45:00,63260.6,63261.7,63251.8,63251.9,144.294
2026-08-16 23:50:00,63251.9,63261.6,63167.4,63220.0,737.187
2026-08-16 23:55:00,63219.9,63242.2,63219.9,63232.7,136.418
2026-08-17 00:00:00,63232.7,63246.3,63206.7,63246.3,211.034
2026-08-17 00:05:00,63246.3,63247.2,63236.1,63236.1,102.855
2026-08-17 00:10:00,63236.1,63236.2,63187.1,63192.0,150.258
2026-08-17 00:15:00,63191.9,63209.7,63184.1,63184.1,146.798
2026-08-17 00:20:00,63184.1,63192.7,63180.2,63185.8,86.772
2026-08-17 00:25:00,63185.9,63185.9,63154.9,63166.0,181.107
2026-08-17 00:30:00,63165.9,63166.0,63113.7,63113.7,229.136
2026-08-17 00:35:00,63113.7,63166.6,63113.7,63162.0,162.221
2026-08-17 00:40:00,63162.1,63162.1,63087.3,63096.6,294.277
2026-08-17 00:45:00,63096.6,63127.6,63094.1,63127.6,166.083
2026-08-17 00:50:00,63127.6,63139.1,63127.5,63139.1,48.336
2026-08-17 00:55:00,63139.1,63139.1,63130.6,63130.7,44.579
2026-08-17 01:00:00,63130.6,63141.5,63118.5,63138.5,133.62
2026-08-17 01:05:00,63138.5,63142.1,63111.3,63136.7,335.286
2026-08-17 01:10:00,63136.6,63136.7,63092.0,63113.0,190.647
2026-08-17 01:15:00,63113.1,63138.9,63112.8,63138.9,97.877
2026-08-17 01:20:00,63138.8,63148.0,63138.8,63143.4,80.927
2026-08-17 01:25:00,63143.4,63143.4,63114.1,63129.2,79.132
2026-08-17 01:30:00,63129.2,63129.2,63123.7,63127.5,63.99
2026-08-17 01:35:00,63127.5,63127.5,63116.7,63119.1,102.408
2026-08-17 01:40:00,63119.1,63119.1,63113.3,63113.4,33.678
2026-08-17 01:45:00,63113.4,63117.5,63113.3,63117.5,44.983
2026-08-17 01:50:00,63117.5,63117.5,63109.0,63111.4,52.795
2026-08-17 01:55:00,63111.3,63111.4,63111.3,63111.3,15.963
2026-08-17 02:00:00,63111.4,63125.5,63111.3,63125.4,75.7
2026-08-17 02:05:00,63125.5,63140.5,63125.4,63138.2,87.998
2026-08-17 02:10:00,63138.1,63162.0,63138.1,63149.5,162.835
2026-08-17 02:15:00,63149.5,63162.0,63149.4,63162.0,78.643
2026-08-17 02:20:00,63162.0,63184.6,63152.0,63162.4,142.038
2026-08-17 02:25:00,63162.5,63193.4,63162.4,63188.4,80.674
2026-08-17 02:30:00,63188.5,63188.5,63165.4,63179.3,78.66
2026-08-17 02:35:00,63179.3,63191.1,63179.3,63191.0,79.05
2026-08-17 02:40:00,63191.0,63201.7,63124.1,63132.4,219.75
2026-08-17 02:45:00,63132.4,63149.4,63100.0,63100.0,200.967
2026-08-17 02:50:00,63100.1,63126.0,63063.6,63089.6,248.697
2026-08-17 02:55:00,63089.6,63095.0,63068.5,63082.2,104.071
2026-08-17 03:00:00,63082.3,63088.3,63082.2,63088.1,39.641
2026-08-17 03:05:00,63088.1,63117.1,63088.1,63100.0,135.076
2026-08-17 03:10:00,63100.1,63115.5,63100.0,63105.1,60.576
2026-08-17 03:15:00,63105.2,63105.2,63099.2,63099.3,38.777
2026-08-17 03:20:00,63099.3,63105.1,63095.0,63095.1,50.968
2026-08-17 03:25:00,63095.1,63095.1,63064.3,63067.6,78.341
2026-08-17 03:30:00,63067.5,63083.5,63051.8,63083.5,197.393
2026-08-17 03:35:00,63083.5,63087.4,63067.5,63067.6,49.306
2026-08-17 03:40:00,63067.5,63067.6,63014.3,63042.9,303.764
2026-08-17 03:45:00,63042.9,63042.9,63009.9,63009.9,115.452
2026-08-17 03:50:00,63009.9,63047.1,62988.3,63047.1,442.492
2026-08-17 03:55:00,63047.1,63047.1,63032.4,63041.0,72.096
2026-08-17 04:00:00,63041.0,63041.0,63024.3,63040.4,111.5
2026-08-17 04:05:00,63040.3,63043.8,63000.0,63021.9,191.984
2026-08-17 04:10:00,63021.8,63038.6,63005.6,63035.1,82.712
2026-08-17 04:15:00,63035.1,63067.3,63023.1,63037.0,181.46
2026-08-17 04:20:00,63037.0,63037.0,63015.7,63015.8,91.098
2026-08-17 04:25:00,63015.8,63026.2,63000.0,63003.5,136.882
2026-08-17 04:30:00,63003.4,63009.0,62992.2,63008.9,155.18
2026-08-17 04:35:00,63009.0,63015.0,62965.0,62965.1,188.401
2026-08-17 04:40:00,62965.1,62965.1,62700.1,62906.9,2698.521
2026-08-17 04:45:00,62907.0,62941.0,62851.3,62941.0,348.062
2026-08-17 04:50:00,62941.0,62955.0,62902.6,62902.7,165.654
2026-08-17 04:55:00,62902.6,62939.6,62900.0,62900.0,159.128
2026-08-17 05:00:00,62900.1,62900.1,62757.0,62845.5,759.605
2026-08-17 05:05:00,62845.6,62891.3,62836.9,62888.0,279.925
2026-08-17 05:10:00,62888.0,62903.5,62868.5,62899.5,193.307
2026-08-17 05:15:00,62899.5,62930.0,62867.0,62885.1,183.989
2026-08-17 05:20:00,62885.1,62889.3,62836.4,62836.5,221.628
2026-08-17 05:25:00,62836.4,62836.5,62804.8,62821.7,151.218
2026-08-17 05:30:00,62821.7,62821.7,62750.5,62782.8,442.908
2026-08-17 05:35:00,62782.8,62782.8,62684.4,62710.0,1007.702
2026-08-17 05:40:00,62710.1,62769.9,62681.1,62767.6,532.46
2026-08-17 05:45:00,62767.6,62785.9,62706.4,62775.2,509.947
2026-08-17 05:50:00,62775.1,62798.2,62765.7,62797.0,191.412
2026-08-17 05:55:00,62797.1,62885.0,62797.1,62885.0,359.538
2026-08-17 06:00:00,62885.0,62967.0,62879.9,62902.3,778.688
2026-08-17 06:05:00,62902.3,62930.0,62899.9,62930.0,127.385
2026-08-17 06:10:00,62930.0,62941.3,62807.8,62815.0,316.965
2026-08-17 06:15:00,62815.0,62864.1,62815.0,62849.4,230.417
2026-08-17 06:20:00,62849.4,62894.6,62842.5,62850.1,189.658
2026-08-17 06:25:00,62850.0,62860.2,62803.7,62825.4,186.621
2026-08-17 06:30:00,62825.4,62828.9,62806.9,62823.7,140.089
2026-08-17 06:35:00,62823.7,62870.8,62823.7,62844.8,184.58
2026-08-17 06:40:00,62844.8,62874.7,62830.0,62874.7,69.101
2026-08-17 06:45:00,62874.8,62894.1,62853.6,62894.1,94.913
2026-08-17 06:50:00,62894.1,62906.8,62857.6,62857.6,158.894
2026-08-17 06:55:00,62857.7,62884.8,62857.6,62876.0,114.542
2026-08-17 07:00:00,62876.0,62910.9,62873.5,62900.1,211.651
2026-08-17 07:05:00,62900.1,62900.1,62853.5,62853.6,168.443
2026-08-17 07:10:00,62853.5,62888.3,62833.7,62888.3,227.019
2026-08-17 07:15:00,62888.3,62888.3,62803.7,62805.6,156.577
2026-08-17 07:20:00,62805.6,62850.0,62760.0,62760.1,399.411
2026-08-17 07:25:00,62760.1,62845.0,62732.6,62845.0,409.921
2026-08-17 07:30:00,62845.0,62846.2,62750.0,62766.2,245.626
2026-08-17 07:35:00,62766.3,62799.2,62723.9,62792.6,267.302
2026-08-17 07:40:00,62792.6,62936.6,62759.9,62926.3,532.851
2026-08-17 07:45:00,62926.3,62926.3,62844.7,62847.6,310.57
2026-08-17 07:50:00,62847.6,62869.9,62815.5,62867.5,141.875
2026-08-17 07:55:00,62867.5,62919.8,62867.4,62887.3,181.945
2026-08-17 08:00:00,62887.3,63118.0,62867.2,63107.4,1566.819
2026-08-17 08:05:00,63107.4,63180.0,63056.0,63080.6,862.226
2026-08-17 08:10:00,63080.6,63087.4,63025.8,63025.9,366.896
2026-08-17 08:15:00,63025.9,63071.4,63002.4,63034.2,382.979
2026-08-17 08:20:00,63034.1,63125.0,63034.1,63105.2,311.035
2026-08-17 08:25:00,63105.2,63139.8,63087.0,63099.3,165.048
2026-08-17 08:30:00,63099.3,63230.0,63099.3,63179.0,959.946
2026-08-17 08:35:00,63179.0,63210.0,63136.2,63167.5,357.334
2026-08-17 08:40:00,63167.5,63205.0,63153.0,63191.4,223.427
2026-08-17 08:45:00,63191.4,63212.3,63132.1,63205.8,336.107
2026-08-17 08:50:00,63205.6,63205.7,63098.4,63109.4,324.536
2026-08-17 08:55:00,63109.5,63111.6,63084.0,63084.0,156.419
2026-08-17 09:00:00,63084.1,63104.0,63017.5,63017.5,319.6
2026-08-17 09:05:00,63017.5,63038.3,63008.2,63035.2,199.653
2026-08-17 09:10:00,63035.3,63062.1,63030.8,63053.4,132.724
2026-08-17 09:15:00,63053.3,63079.8,63018.2,63054.1,120.876
2026-08-17 09:20:00,63054.1,63109.0,63054.0,63089.5,139.243
2026-08-17 09:25:00,63089.6,63184.3,63089.5,63160.0,199.526
2026-08-17 09:30:00,63160.0,63344.6,63106.0,63269.6,2875.048
2026-08-17 09:35:00,63269.7,63277.0,63220.5,63245.6,399.343
2026-08-17 09:40:00,63245.6,63271.9,63228.0,63235.7,207.447
2026-08-17 09:45:00,63235.7,63268.0,63228.4,63257.1,159.738
2026-08-17 09:50:00,63257.2,63482.0,63257.2,63413.2,2128.18
2026-08-17 09:55:00,63413.3,63430.0,63372.0,63382.7,809.43
2026-08-17 10:00:00,63382.8,63426.9,63347.2,63361.9,814.751
2026-08-17 10:05:00,63362.0,63368.0,63345.6,63362.6,224.235
2026-08-17 10:10:00,63362.6,63390.0,63336.6,63390.0,393.797
2026-08-17 10:15:00,63390.0,63395.0,63329.0,63329.1,309.254
2026-08-17 10:20:00,63329.0,63356.7,63320.2,63336.0,194.452
2026-08-17 10:25:00,63335.9,63336.0,63320.0,63328.4,143.834
2026-08-17 10:30:00,63328.5,63336.0,63314.9,63314.9,255.188
2026-08-17 10:35:00,63314.9,63359.1,63314.9,63337.0,218.284
2026-08-17 10:40:00,63337.1,63340.0,63314.7,63327.1,232.563
2026-08-17 10:45:00,63327.1,63369.4,63323.0,63351.0,276.142
2026-08-17 10:50:00,63351.0,63470.0,63350.1,63460.4,644.468
2026-08-17 10:55:00,63460.4,63498.0,63401.2,63409.8,489.554
2026-08-17 11:00:00,63409.7,63492.4,63409.7,63467.8,860.395
2026-08-17 11:05:00,63467.8,63500.0,63461.0,63461.0,467.697
2026-08-17 11:10:00,63461.0,63490.3,63461.0,63461.1,289.113
2026-08-17 11:15:00,63461.0,63467.5,63441.8,63460.0,208.874
2026-08-17 11:20:00,63460.0,63500.0,63453.0,63462.8,298.801
2026-08-17 11:25:00,63462.8,63486.4,63459.0,63480.7,198.591
2026-08-17 11:30:00,63480.7,63480.7,63441.2,63475.0,401.334
2026-08-17 11:35:00,63474.9,63480.9,63459.9,63476.8,191.915
2026-08-17 11:40:00,63476.8,63497.7,63466.5,63466.5,345.011
2026-08-17 11:45:00,63466.5,63530.0,63466.5,63515.4,506.138
2026-08-17 11:50:00,63515.5,63564.3,63495.5,63501.1,652.022
2026-08-17 11:55:00,63501.0,63537.0,63500.1,63512.3,264.063
2026-08-17 12:00:00,63512.3,63512.4,63486.8,63486.9,220.181
2026-08-17 12:05:00,63486.8,63486.8,63418.7,63446.3,443.867
2026-08-17 12:10:00,63446.4,63517.5,63421.8,63504.8,522.929
2026-08-17 12:15:00,63504.8,63538.1,63494.1,63538.1,165.38
2026-08-17 12:20:00,63538.1,63572.6,63529.5,63546.3,300.287
2026-08-17 12:25:00,63546.4,63546.4,63453.4,63459.9,266.434
2026-08-17 12:30:00,63460.0,63475.3,63456.6,63456.7,155.703
2026-08-17 12:35:00,63456.6,63456.7,63420.7,63420.7,298.133
2026-08-17 12:40:00,63420.8,63439.5,63414.4,63438.5,171.313
2026-08-17 12:45:00,63438.6,63477.0,63426.9,63477.0,278.593
2026-08-17 12:50:00,63477.0,63500.0,63476.9,63494.1,210.589
2026-08-17 12:55:00,63494.0,63498.6,63484.3,63488.0,170.785
2026-08-17 13:00:00,63488.1,63504.8,63447.8,63490.8,437.351
2026-08-17 13:05:00,63490.8,63564.9,63490.7,63557.1,507.794
2026-08-17 13:10:00,63557.1,63598.0,63535.2,63547.4,568.926
2026-08-17 13:15:00,63547.4,63565.2,63546.3,63558.7,135.279
2026-08-17 13:20:00,63558.7,63558.8,63531.3,63540.0,226.599
2026-08-17 13:25:00,63540.0,63558.8,63539.9,63555.3,180.688
2026-08-17 13:30:00,63555.2,63557.1,63539.9,63553.4,141.93
2026-08-17 13:35:00,63553.3,63576.5,63553.3,63571.6,282.344
2026-08-17 13:40:00,63571.5,63576.5,63568.5,63575.0,217.778
2026-08-17 13:45:00,63575.0,63693.2,63574.8,63660.0,1528.811
2026-08-17 13:50:00,63660.0,63665.9,63593.5,63593.5,506.658
2026-08-17 13:55:00,63593.5,63639.9,63589.5,63633.1,211.381
2026-08-17 14:00:00,63633.2,63636.3,63538.0,63553.2,546.909
2026-08-17 14:05:00,63553.2,63572.0,63553.1,63557.4,191.381
2026-08-17 14:10:00,63557.3,63578.9,63538.6,63557.5,221.677
2026-08-17 14:15:00,63557.6,63557.6,63498.0,63522.9,337.19
2026-08-17 14:20:00,63522.9,63535.2,63521.8,63533.9,125.844
2026-08-17 14:25:00,63533.9,63555.7,63513.1,63555.7,231.172
2026-08-17 14:30:00,63555.6,63555.7,63530.0,63530.1,176.499
2026-08-17 14:35:00,63530.0,63533.5,63515.2,63528.5,137.207
2026-08-17 14:40:00,63528.4,63528.5,63511.9,63512.0,196.921
2026-08-17 14:45:00,63511.9,63520.0,63500.3,63500.3,133.894
2026-08-17 14:50:00,63500.3,63515.7,63497.7,63511.4,175.022
2026-08-17 14:55:00,63511.4,63531.5,63492.5,63493.5,372.338
2026-08-17 15:00:00,63493.5,63524.9,63457.1,63461.4,753.69
2026-08-17 15:05:00,63461.5,63461.5,63416.5,63425.8,564.474
2026-08-17 15:10:00,63425.8,63425.9,63384.6,63399.9,705.112
2026-08-17 15:15:00,63399.8,63425.8,63388.1,63413.6,427.575
2026-08-17 15:20:00,63413.5,63413.6,63381.4,63391.8,415.804
2026-08-17 15:25:00,63391.8,63410.0,63376.0,63397.9,593.115
2026-08-17 15:30:00,63397.8,63414.4,63386.7,63386.7,224.897
2026-08-17 15:35:00,63386.7,63386.8,63371.1,63371.1,213.043
2026-08-17 15:40:00,63371.2,63371.2,63345.1,63345.2,313.783
2026-08-17 15:45:00,63345.1,63352.7,63337.8,63337.9,177.395
2026-08-17 15:50:00,63337.8,63361.6,63320.2,63360.3,313.21
2026-08-17 15:55:00,63360.3,63381.2,63336.9,63350.1,267.528
2026-08-17 16:00:00,63350.1,63380.4,63350.0,63365.7,173.207
2026-08-17 16:05:00,63365.8,63389.8,63361.9,63389.7,153.355
2026-08-17 16:10:00,63389.7,63395.1,63381.9,63393.7,227.888
2026-08-17 16:15:00,63393.6,63405.7,63350.1,63350.1,193.77
2026-08-17 16:20:00,63350.1,63350.2,63300.0,63322.6,369.923
2026-08-17 16:25:00,63322.6,63349.1,63322.5,63346.0,143.05
2026-08-17 16:30:00,63346.0,63346.1,63301.7,63309.7,253.316
2026-08-17 16:35:00,63309.6,63309.7,63288.0,63295.9,353.569
2026-08-17 16:40:00,63295.9,63295.9,63276.4,63280.0,270.477
2026-08-17 16:45:00,63280.0,63286.3,63255.0,63272.1,413.085
2026-08-17 16:50:00,63272.1,63292.5,63270.0,63288.1,210.134
2026-08-17 16:55:00,63288.0,63291.4,63288.0,63290.1,83.587
2026-08-17 17:00:00,63290.1,63305.8,63290.0,63305.8,139.47
2026-08-17 17:05:00,63305.8,63305.8,63265.3,63266.6,188.672
2026-08-17 17:10:00,63266.6,63303.1,63266.6,63303.1,134.657
2026-08-17 17:15:00,63303.0,63321.5,63272.0,63272.0,281.195
2026-08-17 17:20:00,63272.1,63305.6,63272.0,63300.6,110.575
2026-08-17 17:25:00,63300.7,63425.8,63300.6,63424.0,437.662
2026-08-17 17:30:00,63423.9,63473.5,63418.1,63449.5,580.171
2026-08-17 17:35:00,63449.4,63541.4,63447.3,63497.5,816.048
2026-08-17 17:40:00,63497.4,63620.5,63488.7,63609.4,1374.061
2026-08-17 17:45:00,63609.3,63636.8,63580.0,63600.2,1043.075
2026-08-17 17:50:00,63600.1,63615.4,63565.4,63595.6,467.1
2026-08-17 17:55:00,63595.7,63671.2,63573.0,63661.9,766.737
2026-08-17 18:00:00,63661.8,63690.0,63625.4,63628.8,458.295
2026-08-17 18:05:00,63628.7,63642.6,63619.5,63630.0,216.746
2026-08-17 18:10:00,63629.9,63639.2,63615.5,63631.2,248.215
2026-08-17 18:15:00,63631.2,63668.9,63611.4,63624.3,408.776
2026-08-17 18:20:00,63624.3,63666.3,63624.3,63651.1,194.913
2026-08-17 18:25:00,63651.1,63651.1,63627.0,63637.6,164.736
2026-08-17 18:30:00,63637.6,63670.6,63637.6,63662.1,235.312
2026-08-17 18:35:00,63662.1,63670.0,63652.3,63670.0,165.455
2026-08-17 18:40:00,63670.0,63673.8,63663.7,63668.3,206.22
2026-08-17 18:45:00,63668.2,63753.0,63668.2,63701.1,1421.807
2026-08-17 18:50:00,63701.1,63705.6,63605.6,63619.2,544.026
2026-08-17 18:55:00,63619.2,63619.2,63554.0,63600.0,838.532
2026-08-17 19:00:00,63600.0,63636.2,63581.5,63592.6,821.369
2026-08-17 19:05:00,63592.6,63604.9,63558.6,63599.9,783.799
2026-08-17 19:10:00,63599.9,63655.7,63587.3,63638.8,426.971
2026-08-17 19:15:00,63638.9,63639.0,63576.4,63576.4,218.244
2026-08-17 19:20:00,63576.4,63606.8,63576.4,63590.6,455.265
2026-08-17 19:25:00,63590.6,63592.5,63502.4,63552.3,1750.483
2026-08-17 19:30:00,63552.3,63619.9,63552.3,63578.3,400.063
2026-08-17 19:35:00,63578.3,63592.8,63510.0,63510.0,345.282
2026-08-17 19:40:00,63510.0,63555.2,63502.4,63540.0,777.727
2026-08-17 19:45:00,63539.9,63607.7,63539.9,63568.7,1015.432
2026-08-17 19:50:00,63568.8,63568.8,63527.4,63527.4,215.829
2026-08-17 19:55:00,63527.5,63559.5,63526.6,63526.6,353.66
2026-08-17 20:00:00,63526.6,63529.1,63479.9,63494.0,475.931
2026-08-17 20:05:00,63494.0,63532.5,63493.9,63532.5,196.04
2026-08-17 20:10:00,63532.5,63555.4,63525.3,63535.6,478.631
2026-08-17 20:15:00,63535.6,63535.6,63456.3,63466.0,847.993
2026-08-17 20:20:00,63466.0,63468.0,63430.5,63436.1,404.374
2026-08-17 20:25:00,63436.1,63500.0,63412.5,63470.7,577.008
2026-08-17 20:30:00,63470.7,63730.0,63451.8,63672.0,1585.844
2026-08-17 20:35:00,63672.0,63743.9,63659.1,63685.6,1120.797
2026-08-17 20:40:00,63685.6,63776.0,63625.2,63626.8,1027.58
2026-08-17 20:45:00,63626.8,63691.9,63567.2,63691.9,749.267
2026-08-17 20:50:00,63691.8,63705.0,63607.8,63621.1,462.142
2026-08-17 20:55:00,63621.2,63661.5,63581.0,63647.0,408.253
2026-08-17 21:00:00,63646.9,63679.4,63597.3,63600.1,564.071
2026-08-17 21:05:00,63600.0,63621.8,63561.3,63621.8,348.041
2026-08-17 21:10:00,63621.8,63706.6,63621.8,63669.6,403.278
2026-08-17 21:15:00,63669.6,63716.2,63602.1,63660.2,486.004
2026-08-17 21:20:00,63660.0,63672.3,63601.6,63644.7,186.229
2026-08-17 21:25:00,63644.8,63649.6,63561.3,63593.8,311.44
2026-08-17 21:30:00,63593.8,63677.0,63561.3,63663.5,372.139
2026-08-17 21:35:00,63663.4,63663.5,63568.0,63569.5,274.32
2026-08-17 21:40:00,63569.5,63612.1,63569.5,63593.6,159.501
2026-08-17 21:45:00,63593.6,63727.0,63583.3,63726.9,349.651
2026-08-17 21:50:00,63726.9,63811.0,63717.1,63741.2,1830.447
2026-08-17 21:55:00,63741.1,63880.0,63741.1,63871.7,1582.084
2026-08-17 22:00:00,63871.8,63900.0,63825.6,63888.2,1746.341
2026-08-17 22:05:00,63888.1,63966.0,63850.8,63892.3,1637.58
2026-08-17 22:10:00,63892.2,63944.9,63830.0,63842.7,875.331
2026-08-17 22:15:00,63842.7,63888.0,63779.3,63783.6,772.046
2026-08-17 22:20:00,63783.6,63834.9,63783.6,63834.8,279.998
2026-08-17 22:25:00,63834.9,64076.7,63834.8,64023.0,3151.506
2026-08-17 22:30:00,64022.9,64060.0,63956.2,63969.0,1282.754
2026-08-17 22:35:00,63969.0,64086.7,63968.9,64036.5,919.726
2026-08-17 22:40:00,64036.4,64097.0,64014.4,64053.0,651.921
2026-08-17 22:45:00,64053.0,64150.0,64051.2,64139.9,1116.909
2026-08-17 22:50:00,64139.9,64199.9,64123.7,64182.4,1791.33
2026-08-17 22:55:00,64182.5,64182.5,64114.2,64169.9,752.691
2026-08-17 23:00:00,64169.8,64185.6,64107.0,64124.6,971.902
2026-08-17 23:05:00,64124.6,64140.0,64076.1,64080.0,756.501
2026-08-17 23:10:00,64080.0,64087.9,64034.1,64044.4,637.397
2026-08-17 23:15:00,64044.4,64083.5,64030.5,64047.5,708.707
2026-08-17 23:20:00,64047.5,64116.1,64022.3,64067.6,656.976
2026-08-17 23:25:00,64067.6,64095.0,64046.9,64062.0,187.112
2026-08-17 23:30:00,64061.9,64098.8,64044.4,64090.6,412.046
2026-08-17 23:35:00,64090.6,64144.1,64074.1,64144.1,354.276
2026-08-17 23:40:00,64144.1,64147.9,64047.7,64051.7,344.93
2026-08-17 23:45:00,64051.7,64103.7,64041.1,64100.2,194.127
2026-08-17 23:50:00,64100.1,64110.9,64038.4,64046.6,424.102
2026-08-17 23:55:00,64046.5,64090.0,64035.3,64082.1,251.122
2026-08-18 00:00:00,64082.2,64086.0,64051.8,64051.8,205.8
2026-08-18 00:05:00,64051.8,64062.5,64040.3,64040.3,163.627
2026-08-18 00:10:00,64040.4,64040.4,63949.4,63949.5,740.804
2026-08-18 00:15:00,63949.6,64272.6,63944.3,64227.6,2313.938
2026-08-18 00:20:00,64227.6,64388.0,64226.0,64280.9,3779.881
2026-08-18 00:25:00,64280.9,64281.0,64166.2,64169.8,1067.398
2026-08-18 00:30:00,64169.8,64190.0,64101.8,64101.9,703.077
2026-08-18 00:35:00,64101.8,64226.1,64029.5,64187.0,964.2
2026-08-18 00:40:00,64187.0,64250.3,64170.4,64183.8,590.87
2026-08-18 00:45:00,64183.8,64295.8,64183.8,64264.9,510.892
2026-08-18 00:50:00,64264.9,64310.0,64249.9,64278.9,1519.909
2026-08-18 00:55:00,64278.9,64308.9,64270.9,64293.1,289.793
2026-08-18 01:00:00,64293.2,64333.6,64243.7,64308.4,1024.548
2026-08-18 01:05:00,64308.4,64316.8,64273.9,64285.3,392.873
2026-08-18 01:10:00,64285.4,64357.8,64266.1,64341.2,611.832
2026-08-18 01:15:00,64341.3,64444.0,64337.7,64366.1,1340.869
2026-08-18 01:20:00,64366.2,64600.8,64365.5,64513.4,4075.29
2026-08-18 01:25:00,64513.5,64536.4,64438.6,64459.5,1452.727
2026-08-18 01:30:00,64459.4,64480.9,64364.2,64377.8,546.748
2026-08-18 01:35:00,64377.7,64480.5,64370.0,64418.1,490.996
2026-08-18 01:40:00,64418.1,64445.6,64396.6,64428.2,249.481
2026-08-18 01:45:00,64428.1,64428.1,64384.0,64419.8,227.705
2026-08-18 01:50:00,64419.8,64461.5,64404.2,64417.7,579.526
2026-08-18 01:55:00,64417.7,64441.6,64380.0,64402.7,405.526
2026-08-18 02:00:00,64402.8,64402.8,64289.1,64309.9,542.001
2026-08-18 02:05:00,64309.9,64389.4,64309.0,64365.2,312.147
2026-08-18 02:10:00,64365.2,64365.2,64295.2,64299.1,348.364
2026-08-18 02:15:00,64299.1,64353.6,64298.2,64298.2,467.404
2026-08-18 02:20:00,64298.2,64348.4,64298.2,64336.4,248.281
2026-08-18 02:25:00,64336.4,64388.0,64315.5,64369.6,374.608
2026-08-18 02:30:00,64369.5,64369.5,64314.7,64315.7,190.081
2026-08-18 02:35:00,64315.7,64379.1,64308.9,64367.1,142.657
2026-08-18 02:40:00,64367.1,64388.0,64325.6,64341.4,234.879
2026-08-18 02:45:00,64341.4,64341.4,64320.0,64328.7,177.907
2026-08-18 02:50:00,64328.8,64329.2,64271.1,64280.0,246.578
2026-08-18 02:55:00,64280.1,64296.7,64258.3,64280.4,262.738
2026-08-18 03:00:00,64280.4,64280.4,64237.6,64269.4,502.156
2026-08-18 03:05:00,64269.3,64269.4,64231.3,64262.8,219.288
2026-08-18 03:10:00,64262.8,64284.8,64262.8,64284.8,105.857
2026-08-18 03:15:00,64284.7,64286.4,64266.0,64272.9,128.546
2026-08-18 03:20:00,64272.9,64330.7,64272.9,64330.7,170.479
2026-08-18 03:25:00,64330.6,64414.3,64324.8,64386.3,533.635
2026-08-18 03:30:00,64386.3,64386.4,64323.1,64338.4,127.448
2026-08-18 03:35:00,64338.5,64356.1,64328.1,64340.1,156.375
2026-08-18 03:40:00,64340.0,64376.2,64340.0,64362.2,89.521
2026-08-18 03:45:00,64362.2,64368.9,64315.1,64315.1,118.219
2026-08-18 03:50:00,64315.2,64360.1,64299.0,64355.3,144.243
2026-08-18 03:55:00,64355.2,64380.0,64355.1,64360.7,95.093
2026-08-18 04:00:00,64360.7,64382.1,64345.2,64377.3,203.871
2026-08-18 04:05:00,64377.4,64405.5,64377.3,64405.4,70.638
2026-08-18 04:10:00,64405.5,64405.5,64335.8,64347.5,202.252
2026-08-18 04:15:00,64347.6,64381.4,64339.6,64345.9,59.69
2026-08-18 04:20:00,64345.9,64345.9,64309.6,64309.6,135.842
2026-08-18 04:25:00,64309.6,64309.6,64300.5,64303.0,58.973
2026-08-18 04:30:00,64303.0,64319.0,64301.9,64316.2,145.227
2026-08-18 04:35:00,64316.2,64318.0,64269.8,64307.7,217.032
2026-08-18 04:40:00,64307.7,64350.9,64291.6,64307.8,188.292
2026-08-18 04:45:00,64307.7,64365.0,64307.7,64335.7,155.457
2026-08-18 04:50:00,64335.7,64362.0,64331.9,64333.2,116.46
2026-08-18 04:55:00,64333.1,64365.5,64333.1,64350.3,111.642
2026-08-18 05:00:00,64350.2,64390.0,64332.9,64339.4,283.442
2026-08-18 05:05:00,64339.4,64339.5,64294.2,64294.9,320.722
2026-08-18 05:10:00,64294.8,64310.4,64280.0,64283.4,203.038
2026-08-18 05:15:00,64283.4,64289.7,64262.3,64267.3,223.671
2026-08-18 05:20:00,64267.3,64322.3,64260.7,64295.3,366.783
2026-08-18 05:25:00,64295.4,64295.4,64264.4,64264.4,226.679
2026-08-18 05:30:00,64264.4,64264.5,64247.8,64249.9,144.022
2026-08-18 05:35:00,64249.9,64312.0,64249.8,64291.3,194.851
2026-08-18 05:40:00,64291.2,64291.3,64278.1,64278.1,54.833
2026-08-18 05:45:00,64278.2,64278.2,64268.8,64273.3,64.491
2026-08-18 05:50:00,64273.3,64289.0,64263.8,64263.8,158.279
2026-08-18 05:55:00,64263.8,64267.7,64258.3,64267.7,112.028
2026-08-18 06:00:00,64267.6,64279.8,64261.1,64279.7,204.603
2026-08-18 06:05:00,64279.8,64332.7,64279.7,64332.7,202.933
2026-08-18 06:10:00,64332.7,64350.0,64320.6,64334.9,209.954
2026-08-18 06:15:00,64334.9,64375.9,64334.9,64372.7,126.568
2026-08-18 06:20:00,64372.7,64385.6,64353.3,64385.3,150.034
2026-08-18 06:25:00,64385.3,64460.0,64385.3,64460.0,462.347
2026-08-18 06:30:00,64460.0,64539.0,64428.5,64531.1,961.817
2026-08-18 06:35:00,64531.1,64531.2,64464.0,64473.2,384.072
2026-08-18 06:40:00,64473.3,64473.3,64435.1,64447.0,239.237
2026-08-18 06:45:00,64446.9,64489.9,64442.9,64489.8,165.723
2026-08-18 06:50:00,64489.8,64509.3,64458.6,64500.1,229.609
2026-08-18 06:55:00,64500.0,64555.4,64457.3,64504.1,974.407
2026-08-18 07:00:00,64504.1,64541.6,64449.8,64454.1,542.045
2026-08-18 07:05:00,64454.0,64454.1,64386.6,64397.0,476.964
2026-08-18 07:10:00,64397.0,64414.0,64388.7,64413.9,196.179
2026-08-18 07:15:00,64414.0,64466.4,64413.9,64433.0,220.722
2026-08-18 07:20:00,64433.0,64476.8,64417.5,64448.0,233.614
2026-08-18 07:25:00,64448.0,64452.1,64419.2,64429.6,110.019
2026-08-18 07:30:00,64429.5,64429.6,64405.0,64408.8,95.184
2026-08-18 07:35:00,64408.7,64430.4,64386.9,64396.4,228.086
2026-08-18 07:40:00,64396.3,64396.4,64348.0,64368.4,399.796
2026-08-18 07:45:00,64368.3,64368.4,64335.5,64350.1,234.945
2026-08-18 07:50:00,64350.0,64372.2,64332.5,64332.5,218.107
2026-08-18 07:55:00,64332.4,64357.4,64330.0,64357.4,144.173
2026-08-18 08:00:00,64357.4,64361.0,64306.6,64306.7,238.635
2026-08-18 08:05:00,64306.6,64316.8,64261.1,64275.0,727.381
2026-08-18 08:10:00,64275.0,64330.7,64261.1,64317.1,212.466
2026-08-18 08:15:00,64317.0,64331.2,64270.5,64277.7,361.404
2026-08-18 08:20:00,64277.7,64308.0,64277.7,64307.9,159.134
2026-08-18 08:25:00,64308.0,64308.0,64279.5,64297.0,95.812
2026-08-18 08:30:00,64297.0,64318.2,64296.9,64300.0,128.687
2026-08-18 08:35:00,64300.1,64300.1,64282.2,64286.0,136.137
2026-08-18 08:40:00,64286.0,64286.0,64211.0,64250.4,420.821
2026-08-18 08:45:00,64250.4,64250.5,64188.1,64194.8,437.008
2026-08-18 08:50:00,64194.8,64194.8,64116.7,64126.2,1040.306
2026-08-18 08:55:00,64126.2,64175.0,64126.2,64174.9,457.186
2026-08-18 09:00:00,64174.9,64200.0,64158.9,64200.0,524.924
2026-08-18 09:05:00,64199.9,64246.0,64199.9,64210.8,236.984
2026-08-18 09:10:00,64210.8,64210.9,64150.0,64150.0,433.681
2026-08-18 09:15:00,64150.0,64165.2,64123.9,64165.1,293.924
2026-08-18 09:20:00,64165.2,64177.8,64159.1,64159.2,175.313
2026-08-18 09:25:00,64159.2,64161.2,64121.3,64124.3,278.001
2026-08-18 09:30:00,64124.3,64130.2,64102.3,64123.3,431.721
2026-08-18 09:35:00,64123.3,64178.7,64108.0,64167.1,290.394
2026-08-18 09:40:00,64167.1,64176.0,64089.1,64092.6,228.494
2026-08-18 09:45:00,64092.5,64106.2,64000.0,64098.6,1721.736
2026-08-18 09:50:00,64098.6,64110.0,64074.0,64083.5,262.444
2026-08-18 09:55:00,64083.4,64083.5,64033.0,64074.0,377.42
2026-08-18 10:00:00,64074.0,64105.6,64059.0,64089.4,296.731
2026-08-18 10:05:00,64089.4,64092.3,64075.0,64077.4,152.475
2026-08-18 10:10:00,64077.3,64077.4,64053.5,64057.6,117.368
2026-08-18 10:15:00,64057.6,64115.8,64057.5,64115.2,280.555
2026-08-18 10:20:00,64115.3,64115.3,64067.9,64090.3,147.765
2026-08-18 10:25:00,64090.2,64105.3,64069.7,64079.6,475.089
2026-08-18 10:30:00,64079.6,64079.6,64011.0,64033.8,344.942
2026-08-18 10:35:00,64033.9,64113.2,64005.5,64099.4,406.921
2026-08-18 10:40:00,64099.3,64152.2,64099.3,64152.0,287.145
2026-08-18 10:45:00,64152.0,64152.0,64110.3,64116.4,156.982
2026-08-18 10:50:00,64116.4,64141.1,64114.5,64141.0,83.302
2026-08-18 10:55:00,64141.1,64156.7,64122.9,64147.4,636.278
2026-08-18 11:00:00,64147.5,64147.5,64055.0,64078.1,499.362
2026-08-18 11:05:00,64078.1,64110.3,64078.1,64084.8,313.073
2026-08-18 11:10:00,64084.8,64136.0,64084.8,64111.6,318.346
2026-08-18 11:15:00,64111.6,64122.7,64108.5,64108.6,183.337
2026-08-18 11:20:00,64108.7,64113.0,64088.9,64099.7,91.768
2026-08-18 11:25:00,64099.7,64126.8,64099.6,64126.8,95.98
2026-08-18 11:30:00,64126.8,64199.7,64126.8,64186.8,292.657
2026-08-18 11:35:00,64186.8,64215.6,64165.1,64165.1,465.735
2026-08-18 11:40:00,64165.2,64200.0,64165.1,64187.1,388.938
2026-08-18 11:45:00,64187.1,64197.6,64155.5,64160.1,138.157
2026-08-18 11:50:00,64160.1,64185.4,64160.1,64174.9,116.972
2026-08-18 11:55:00,64175.0,64184.6,64168.2,64184.5,67.914
2026-08-18 12:00:00,64184.5,64184.6,64150.0,64179.3,149.158
2026-08-18 12:05:00,64179.4,64245.6,64175.9,64245.5,288.643
2026-08-18 12:10:00,64245.6,64245.6,64179.0,64204.3,637.626
2026-08-18 12:15:00,64204.2,64216.9,64184.0,64210.4,255.307
2026-08-18 12:20:00,64210.5,64217.0,64180.0,64180.9,183.551
2026-08-18 12:25:00,64180.8,64227.5,64180.0,64220.5,349.559
2026-08-18 12:30:00,64220.5,64220.5,64170.0,64170.0,148.633
2026-08-18 12:35:00,64170.0,64170.1,64107.0,64144.2,378.592
2026-08-18 12:40:00,64144.3,64225.3,64144.2,64221.3,265.353
2026-08-18 12:45:00,64221.2,64221.2,64175.0,64198.8,140.679
2026-08-18 12:50:00,64198.9,64203.9,64169.6,64191.9,171.241
2026-08-18 12:55:00,64191.8,64220.9,64179.6,64202.7,323.083
2026-08-18 13:00:00,64202.7,64202.8,64157.8,64163.7,176.686
2026-08-18 13:05:00,64163.8,64168.6,64130.0,64168.5,137.095
2026-08-18 13:10:00,64168.6,64246.0,64164.5,64204.0,256.91
2026-08-18 13:15:00,64204.1,64247.0,64204.0,64239.8,211.55
2026-08-18 13:20:00,64239.7,64311.0,64239.7,64301.6,401.032
2026-08-18 13:25:00,64301.6,64332.5,64301.5,64314.3,332.546
2026-08-18 13:30:00,64314.3,64371.6,64314.3,64351.0,421.256
2026-08-18 13:35:00,64350.9,64404.4,64340.9,64394.8,456.851
2026-08-18 13:40:00,64394.9,64425.0,64373.5,64408.9,297.945
2026-08-18 13:45:00,64408.9,64412.5,64293.2,64301.0,385.91
2026-08-18 13:50:00,64301.0,64301.1,64267.3,64269.9,257.91
2026-08-18 13:55:00,64269.9,64297.9,64247.2,64297.9,201.304
2026-08-18 14:00:00,64297.9,64298.5,64255.7,64273.7,268.143
2026-08-18 14:05:00,64273.7,64322.3,64273.7,64322.2,503.449
2026-08-18 14:10:00,64322.3,64322.3,64292.2,64312.9,156.845
2026-08-18 14:15:00,64312.9,64329.8,64304.4,64316.4,232.002
2026-08-18 14:20:00,64316.3,64316.4,64277.7,64286.2,90.062
2026-08-18 14:25:00,64286.1,64286.2,64252.2,64252.2,123.332
2026-08-18 14:30:00,64252.2,64254.3,64210.0,64211.4,476.817
2026-08-18 14:35:00,64211.4,64252.5,64211.0,64228.2,189.799
2026-08-18 14:40:00,64228.1,64240.2,64215.1,64220.0,254.535
2026-08-18 14:45:00,64220.0,64220.0,64160.0,64160.0,201.691
2026-08-18 14:50:00,64160.0,64170.6,64135.9,64146.4,270.464
2026-08-18 14:55:00,64146.4,64178.1,64146.3,64170.9,231.567
2026-08-18 15:00:00,64170.8,64186.6,64127.8,64136.1,496.394
2026-08-18 15:05:00,64136.2,64136.2,64056.4,64107.6,693.517
2026-08-18 15:10:00,64107.6,64135.1,64080.3,64130.4,309.079
2026-08-18 15:15:00,64130.4,64210.2,64130.4,64209.7,267.702
2026-08-18 15:20:00,64209.7,64210.2,64182.0,64182.0,147.809
2026-08-18 15:25:00,64182.1,64212.0,64176.6,64185.1,133.167
2026-08-18 15:30:00,64185.1,64245.6,64175.4,64213.8,295.361
2026-08-18 15:35:00,64213.8,64310.0,64213.7,64301.2,409.332
2026-08-18 15:40:00,64301.1,64301.2,64257.4,64261.5,105.509
2026-08-18 15:45:00,64261.4,64261.5,64212.7,64219.5,356.595
2026-08-18 15:50:00,64219.4,64264.2,64219.4,64238.6,87.958
2026-08-18 15:55:00,64238.6,64264.5,64238.6,64264.5,96.65
2026-08-18 16:00:00,64264.4,64264.4,64210.4,64212.2,145.825
2026-08-18 16:05:00,64212.1,64214.7,64200.0,64206.4,83.428
2026-08-18 16:10:00,64206.4,64221.6,64206.3,64213.6,102.56
2026-08-18 16:15:00,64213.7,64213.7,64160.0,64160.0,102.609
2026-08-18 16:20:00,64160.0,64163.0,64131.8,64131.8,170.186
2026-08-18 16:25:00,64131.8,64145.6,64122.5,64133.1,237.794
2026-08-18 16:30:00,64133.0,64158.7,64121.3,64152.9,134.044
2026-08-18 16:35:00,64153.0,64162.0,64138.1,64145.0,81.07
2026-08-18 16:40:00,64145.0,64150.0,64112.2,64131.1,101.51
2026-08-18 16:45:00,64131.1,64149.2,64125.0,64132.1,74.948
2026-08-18 16:50:00,64132.0,64146.7,64106.6,64140.3,228.308
2026-08-18 16:55:00,64140.3,64167.7,64140.2,64140.5,148.655
2026-08-18 17:00:00,64140.5,64181.6,64111.2,64174.9,405.671
2026-08-18 17:05:00,64174.8,64174.9,64124.6,64128.7,133.367
2026-08-18 17:10:00,64128.6,64128.7,64121.2,64128.6,62.051
2026-08-18 17:15:00,64128.7,64149.6,64128.6,64145.4,63.347
2026-08-18 17:20:00,64145.5,64145.5,64100.1,64122.3,163.734
2026-08-18 17:25:00,64122.4,64137.0,64112.1,64136.9,98.348
2026-08-18 17:30:00,64137.0,64165.4,64136.9,64164.0,115.543
2026-08-18 17:35:00,64164.0,64194.6,64164.0,64180.0,89.713
2026-08-18 17:40:00,64180.0,64180.1,64160.5,64160.6,48.774
2026-08-18 17:45:00,64160.6,64179.0,64159.0,64175.1,87.784
2026-08-18 17:50:00,64175.2,64183.6,64165.2,64176.9,95.337
2026-08-18 17:55:00,64177.0,64177.0,64171.6,64171.7,70.631
2026-08-18 18:00:00,64171.6,64306.0,64161.4,64269.4,1215.076
2026-08-18 18:05:00,64269.5,64269.5,64241.1,64267.2,191.94
2026-08-18 18:10:00,64267.3,64302.7,64267.2,64300.0,255.845
2026-08-18 18:15:00,64300.0,64353.2,64299.9,64305.6,387.348
2026-08-18 18:20:00,64305.6,64348.6,64304.8,64347.8,202.081
2026-08-18 18:25:00,64347.9,64355.6,64338.7,64346.3,165.734
2026-08-18 18:30:00,64346.2,64350.7,64312.4,64350.6,228.566
2026-08-18 18:35:00,64350.6,64354.2,64344.6,64348.6,120.559
2026-08-18 18:40:00,64348.6,64370.5,64346.6,64358.6,236.512
2026-08-18 18:45:00,64358.6,64380.0,64329.7,64334.3,214.03
2026-08-18 18:50:00,64334.3,64342.0,64310.3,64325.9,226.528
2026-08-18 18:55:00,64325.9,64326.2,64321.3,64326.0,123.992
2026-08-18 19:00:00,64326.1,64326.1,64277.7,64313.8,246.318
2026-08-18 19:05:00,64313.9,64328.2,64270.8,64273.6,181.838
2026-08-18 19:10:00,64273.6,64273.6,64256.0,64269.9,104.0
2026-08-18 19:15:00,64270.0,64270.0,64253.1,64267.9,151.052
2026-08-18 19:20:00,64267.8,64310.0,64267.8,64270.1,152.284
2026-08-18 19:25:00,64270.1,64277.3,64270.0,64275.1,103.058
2026-08-18 19:30:00,64275.2,64275.2,64231.0,64273.4,193.722
2026-08-18 19:35:00,64273.4,64273.5,64222.8,64233.5,187.442
2026-08-18 19:40:00,64233.6,64237.4,64222.0,64222.0,116.647
2026-08-18 19:45:00,64222.0,64222.1,64205.9,64215.2,100.153
2026-08-18 19:50:00,64215.3,64226.8,64206.8,64212.1,133.606
2026-08-18 19:55:00,64212.0,64214.7,64170.2,64194.5,424.434
2026-08-18 20:00:00,64194.6,64194.6,64133.2,64151.1,467.832
2026-08-18 20:05:00,64151.1,64162.0,64140.0,64140.0,159.088
2026-08-18 20:10:00,64140.0,64171.6,64130.0,64163.0,186.291
2026-08-18 20:15:00,64163.0,64163.0,64100.0,64100.0,410.936
2026-08-18 20:20:00,64100.0,64100.1,64046.8,64068.0,696.797
2026-08-18 20:25:00,64068.0,64083.2,64025.5,64042.4,524.693
2026-08-18 20:30:00,64042.4,64129.3,64019.9,64076.9,1461.16
2026-08-18 20:35:00,64076.9,64213.0,63979.2,64206.5,1843.734
2026-08-18 20:40:00,64206.4,64222.5,64137.6,64160.0,658.475
2026-08-18 20:45:00,64159.9,64242.7,64130.0,64206.3,663.22
2026-08-18 20:50:00,64206.3,64262.5,64104.5,64104.5,572.643
2026-08-18 20:55:00,64104.5,64196.6,64084.8,64187.5,532.649
2026-08-18 21:00:00,64187.6,64345.0,64187.5,64343.1,833.048
2026-08-18 21:05:00,64343.2,64350.0,64265.3,64265.3,575.837
2026-08-18 21:10:00,64265.3,64276.7,64215.0,64230.6,501.137
2026-08-18 21:15:00,64230.7,64463.2,64224.1,64429.4,1031.602
2026-08-18 21:20:00,64429.5,64720.4,64429.5,64697.8,5009.469
2026-08-18 21:25:00,64697.7,64999.9,64697.7,64962.0,7472.827
2026-08-18 21:30:00,64962.0,65057.9,64750.0,64776.7,4365.754
2026-08-18 21:35:00,64776.7,64822.0,64743.9,64744.2,1326.201
2026-08-18 21:40:00,64744.1,64800.0,64707.1,64754.1,979.244
2026-08-18 21:45:00,64754.1,64773.5,64714.4,64773.4,950.417
2026-08-18 21:50:00,64773.5,64818.0,64629.8,64716.9,1180.474
2026-08-18 21:55:00,64716.9,64738.0,64670.0,64683.6,612.674
2026-08-18 22:00:00,64683.5,64760.0,64676.7,64759.5,796.625
2026-08-18 22:05:00,64759.5,64780.0,64645.8,64650.0,573.817
2026-08-18 22:10:00,64649.9,64728.2,64615.0,64707.1,683.986
2026-08-18 22:15:00,64707.0,64774.7,64685.8,64731.7,344.203
2026-08-18 22:20:00,64731.7,64754.5,64694.6,64731.3,413.724
2026-08-18 22:25:00,64731.3,64807.2,64714.4,64770.1,661.307
2026-08-18 22:30:00,64770.1,64838.0,64760.8,64837.9,508.534
2026-08-18 22:35:00,64838.0,64849.4,64773.5,64813.9,455.836
2026-08-18 22:40:00,64813.8,64825.0,64781.0,64783.1,244.511
2026-08-18 22:45:00,64783.1,64861.0,64765.1,64797.4,430.897
2026-08-18 22:50:00,64797.5,64839.4,64778.8,64826.2,365.502
2026-08-18 22:55:00,64826.2,64838.0,64807.7,64823.9,237.046
2026-08-18 23:00:00,64823.9,64861.7,64811.7,64824.2,597.347
2026-08-18 23:05:00,64824.1,64849.2,64750.0,64752.8,443.84
2026-08-18 23:10:00,64752.8,64752.9,64713.3,64720.8,348.972
2026-08-18 23:15:00,64720.8,64725.0,64681.8,64714.8,408.472
2026-08-18 23:20:00,64714.8,64718.6,64691.2,64695.8,211.398
2026-08-18 23:25:00,64695.9,64708.2,64661.8,64674.3,251.368
2026-08-18 23:30:00,64674.2,64717.3,64642.5,64717.2,442.956
2026-08-18 23:35:00,64717.3,64770.9,64715.3,64762.5,413.774
2026-08-18 23:40:00,64762.4,64791.8,64752.7,64758.8,233.245
2026-08-18 23:45:00,64758.8,64842.8,64750.4,64778.1,530.198
2026-08-18 23:50:00,64778.2,64796.9,64768.1,64786.9,127.441
2026-08-18 23:55:00,64786.9,64804.8,64772.8,64804.7,129.206
2026-08-19 00:00:00,64804.7,64804.8,64746.2,64780.2,236.241
2026-08-19 00:05:00,64780.2,64781.5,64744.9,64754.7,134.598
2026-08-19 00:10:00,64754.7,64771.6,64743.0,64771.6,76.38
2026-08-19 00:15:00,64771.5,64771.6,64728.1,64760.9,196.625
2026-08-19 00:20:00,64760.9,64789.0,64753.0,64772.1,123.484
2026-08-19 00:25:00,64772.2,64799.7,64763.0,64797.9,124.673
2026-08-19 00:30:00,64797.8,64803.8,64756.6,64756.7,217.813
2026-08-19 00:35:00,64756.6,64756.6,64664.0,64737.6,999.143
2026-08-19 00:40:00,64737.6,64737.6,64682.0,64692.2,138.767
2026-08-19 00:45:00,64692.3,64701.5,64666.2,64666.2,192.09
2026-08-19 00:50:00,64666.2,64685.6,64652.6,64673.0,235.952
2026-08-19 00:55:00,64673.1,64683.0,64634.3,64634.3,209.217
2026-08-19 01:00:00,64634.4,64646.1,64621.9,64646.1,231.969
2026-08-19 01:05:00,64646.1,64678.4,64641.9,64667.5,203.449
2026-08-19 01:10:00,64667.4,64708.0,64665.2,64704.3,151.56
2026-08-19 01:15:00,64704.2,64740.0,64694.1,64734.1,181.871
2026-08-19 01:20:00,64734.1,64765.0,64728.6,64752.3,183.138
2026-08-19 01:25:00,64752.4,64780.5,64746.4,64762.5,211.359
2026-08-19 01:30:00,64762.4,64771.9,64741.1,64756.2,169.842
2026-08-19 01:35:00,64756.2,64793.8,64746.9,64764.7,177.895
2026-08-19 01:40:00,64764.6,64764.7,64727.2,64732.0,120.684
2026-08-19 01:45:00,64731.9,64773.8,64720.0,64769.3,140.345
2026-08-19 01:50:00,64769.4,64776.6,64749.0,64749.0,144.759
2026-08-19 01:55:00,64749.1,64749.1,64732.7,64744.7,47.483
2026-08-19 02:00:00,64744.7,64744.7,64718.1,64722.3,112.349
2026-08-19 02:05:00,64722.3,64724.0,64685.3,64685.3,168.645
2026-08-19 02:10:00,64685.3,64699.9,64673.6,64692.7,164.809
2026-08-19 02:15:00,64692.6,64692.7,64673.9,64684.4,96.764
2026-08-19 02:20:00,64684.4,64708.2,64684.4,64704.1,115.725
2026-08-19 02:25:00,64704.1,64773.5,64704.0,64750.0,116.642
2026-08-19 02:30:00,64750.0,64757.2,64710.7,64710.8,192.474
2026-08-19 02:35:00,64710.8,64713.6,64690.0,64690.1,102.814
2026-08-19 02:40:00,64690.1,64690.1,64643.0,64643.1,222.348
2026-08-19 02:45:00,64643.0,64657.7,64630.0,64641.1,154.934
2026-08-19 02:50:00,64641.2,64659.0,64636.4,64636.5,188.661
2026-08-19 02:55:00,64636.5,64636.5,64611.3,64619.7,319.972
2026-08-19 03:00:00,64619.8,64631.0,64562.1,64565.3,520.88
2026-08-19 03:05:00,64565.3,64621.2,64556.5,64621.1,198.828
2026-08-19 03:10:00,64621.1,64625.0,64603.5,64624.9,129.338
2026-08-19 03:15:00,64625.0,64625.0,64601.9,64601.9,74.327
2026-08-19 03:20:00,64602.0,64605.0,64580.3,64599.9,175.325
2026-08-19 03:25:00,64599.9,64604.8,64582.5,64582.5,58.441
2026-08-19 03:30:00,64582.5,64623.3,64571.9,64602.9,213.354
2026-08-19 03:35:00,64602.8,64610.0,64595.0,64606.1,81.158
2026-08-19 03:40:00,64606.0,64606.1,64576.0,64576.0,78.97
2026-08-19 03:45:00,64576.1,64589.4,64550.0,64550.1,273.858
2026-08-19 03:50:00,64550.1,64572.5,64528.9,64568.3,209.734
2026-08-19 03:55:00,64568.3,64580.7,64547.4,64547.5,99.818
2026-08-19 04:00:00,64547.4,64577.8,64547.4,64572.7,80.73
2026-08-19 04:05:00,64572.6,64599.4,64572.6,64599.3,96.561
2026-08-19 04:10:00,64599.3,64628.2,64596.2,64596.2,187.17
2026-08-19 04:15:00,64596.2,64596.3,64574.2,64578.3,80.367
2026-08-19 04:20:00,64578.3,64585.1,64578.2,64585.1,29.831
2026-08-19 04:25:00,64585.0,64600.0,64585.0,64594.0,56.441
2026-08-19 04:30:00,64594.0,64594.0,64576.2,64576.3,107.98
2026-08-19 04:35:00,64576.3,64579.3,64543.8,64557.2,108.464
2026-08-19 04:40:00,64557.1,64575.8,64532.7,64555.0,208.874
2026-08-19 04:45:00,64555.0,64580.6,64546.2,64574.2,174.144
2026-08-19 04:50:00,64574.1,64580.6,64559.9,64564.1,94.316
2026-08-19 04:55:00,64564.0,64579.0,64550.6,64576.0,116.127
2026-08-19 05:00:00,64576.0,64576.0,64541.0,64558.0,229.474
2026-08-19 05:05:00,64557.9,64561.2,64537.6,64561.1,100.492
2026-08-19 05:10:00,64561.2,64580.6,64542.0,64542.0,105.668
2026-08-19 05:15:00,64542.1,64555.4,64536.2,64555.3,72.301
2026-08-19 05:20:00,64555.4,64579.5,64547.9,64551.0,71.767
2026-08-19 05:25:00,64551.0,64565.0,64528.4,64564.9,158.226
2026-08-19 05:30:00,64565.0,64588.6,64564.9,64588.6,107.37
2026-08-19 05:35:00,64588.5,64621.8,64574.8,64620.4,231.188
2026-08-19 05:40:00,64620.3,64620.4,64606.1,64606.1,92.433
2026-08-19 05:45:00,64606.2,64606.2,64593.9,64597.9,80.323
2026-08-19 05:50:00,64597.9,64599.9,64575.4,64575.5,76.318
2026-08-19 05:55:00,64575.4,64607.0,64568.4,64607.0,149.164
2026-08-19 06:00:00,64607.0,64664.5,64598.7,64655.0,349.352
2026-08-19 06:05:00,64655.1,64688.5,64636.4,64641.7,187.044
2026-08-19 06:10:00,64641.8,64676.2,64641.8,64667.1,114.984
2026-08-19 06:15:00,64667.2,64685.2,64667.2,64679.0,102.637
2026-08-19 06:20:00,64678.9,64710.0,64673.5,64701.2,172.826
2026-08-19 06:25:00,64701.2,64707.5,64690.8,64690.8,112.336
2026-08-19 06:30:00,64690.8,64723.4,64690.8,64723.4,122.67
2026-08-19 06:35:00,64723.3,64727.2,64717.8,64725.0,108.25
2026-08-19 06:40:00,64725.0,64750.0,64725.0,64741.8,136.919
2026-08-19 06:45:00,64741.8,64755.5,64709.2,64725.2,252.903
2026-08-19 06:50:00,64725.3,64730.0,64703.2,64712.4,111.741
2026-08-19 06:55:00,64712.4,64712.4,64694.0,64694.0,74.745
2026-08-19 07:00:00,64694.1,64705.7,64596.0,64602.1,354.753
2026-08-19 07:05:00,64602.2,64625.5,64564.6,64603.2,202.307
2026-08-19 07:10:00,64603.2,64603.3,64550.0,64550.1,173.414
2026-08-19 07:15:00,64550.0,64566.5,64512.2,64561.2,390.503
2026-08-19 07:20:00,64561.2,64640.2,64561.2,64580.1,298.0
2026-08-19 07:25:00,64580.1,64580.1,64544.8,64572.2,173.367
2026-08-19 07:30:00,64572.3,64624.9,64567.3,64612.8,114.242
2026-08-19 07:35:00,64612.8,64626.1,64600.0,64611.1,78.099
2026-08-19 07:40:00,64611.1,64611.2,64512.2,64527.2,195.766
2026-08-19 07:45:00,64527.2,64553.4,64515.8,64542.7,148.522
2026-08-19 07:50:00,64542.7,64542.8,64458.0,64501.3,545.181
2026-08-19 07:55:00,64501.3,64508.7,64451.1,64459.4,334.012
2026-08-19 08:00:00,64459.3,64459.4,64405.0,64414.0,761.209
2026-08-19 08:05:00,64414.0,64523.2,64405.2,64517.6,531.162
2026-08-19 08:10:00,64517.7,64517.7,64459.3,64496.0,285.836
2026-08-19 08:15:00,64495.9,64496.0,64425.0,64483.2,187.087
2026-08-19 08:20:00,64483.2,64505.0,64448.8,64448.9,184.008
2026-08-19 08:25:00,64448.9,64494.1,64413.1,64455.3,311.76
2026-08-19 08:30:00,64455.3,64463.5,64425.0,64434.9,115.374
2026-08-19 08:35:00,64435.0,64437.2,64423.7,64435.3,106.94
2026-08-19 08:40:00,64435.3,64436.2,64354.1,64387.2,713.85
2026-08-19 08:45:00,64387.2,64389.9,64356.1,64380.5,227.17
2026-08-19 08:50:00,64380.5,64403.2,64371.8,64393.3,130.472
2026-08-19 08:55:00,64393.4,64417.9,64360.2,64371.6,158.332
2026-08-19 09:00:00,64371.6,64371.7,64330.7,64341.5,433.06
2026-08-19 09:05:00,64341.4,64357.2,64327.4,64330.1,169.189
2026-08-19 09:10:00,64330.1,64381.6,64325.7,64370.5,381.159
2026-08-19 09:15:00,64370.5,64370.5,64322.1,64326.2,183.138
2026-08-19 09:20:00,64326.1,64371.1,64315.0,64358.1,200.194
2026-08-19 09:25:00,64358.2,64389.1,64349.8,64363.0,290.521
2026-08-19 09:30:00,64363.0,64373.3,64344.5,64344.5,136.517
2026-08-19 09:35:00,64344.5,64382.9,64344.5,64379.4,155.144
2026-08-19 09:40:00,64379.4,64379.4,64353.6,64360.0,158.701
2026-08-19 09:45:00,64360.1,64388.4,64345.4,64345.4,256.535
2026-08-19 09:50:00,64345.4,64345.5,64315.9,64315.9,161.426
2026-08-19 09:55:00,64315.9,64341.4,64315.9,64322.1,103.016
2026-08-19 10:00:00,64322.1,64333.0,64305.1,64318.1,162.828
2026-08-19 10:05:00,64318.2,64318.2,64258.0,64267.2,720.747
2026-08-19 10:10:00,64267.2,64324.3,64252.0,64320.9,452.189
2026-08-19 10:15:00,64321.0,64381.8,64320.9,64375.6,476.767
2026-08-19 10:20:00,64375.6,64390.4,64337.0,64340.4,222.706
2026-08-19 10:25:00,64340.4,64344.8,64331.0,64331.1,79.663
2026-08-19 10:30:00,64331.1,64336.9,64311.1,64311.1,141.233
2026-08-19 10:35:00,64311.2,64330.4,64300.0,64302.0,224.572
2026-08-19 10:40:00,64302.0,64324.4,64301.9,64312.1,79.69
2026-08-19 10:45:00,64312.1,64333.7,64303.9,64333.7,120.594
2026-08-19 10:50:00,64333.7,64347.4,64305.9,64305.9,103.676
2026-08-19 10:55:00,64305.9,64311.9,64296.3,64296.3,112.255
2026-08-19 11:00:00,64296.3,64299.9,64264.4,64278.6,254.193
2026-08-19 11:05:00,64278.6,64280.8,64262.3,64266.2,217.215
2026-08-19 11:10:00,64266.3,64293.4,64266.2,64281.9,119.537
2026-08-19 11:15:00,64281.9,64337.4,64281.8,64334.2,205.33
2026-08-19 11:20:00,64334.2,64367.8,64334.2,64346.8,214.597
2026-08-19 11:25:00,64346.8,64346.8,64327.4,64327.5,88.959
2026-08-19 11:30:00,64327.4,64327.5,64300.0,64324.9,177.361
2026-08-19 11:35:00,64324.8,64342.2,64316.4,64316.4,110.881
2026-08-19 11:40:00,64316.5,64333.5,64307.8,64315.1,335.851
2026-08-19 11:45:00,64315.2,64340.9,64315.1,64315.2,130.644
2026-08-19 11:50:00,64315.1,64315.2,64291.6,64293.1,136.548
2026-08-19 11:55:00,64293.2,64293.2,64271.7,64285.4,141.931
2026-08-19 12:00:00,64285.4,64324.8,64282.3,64321.7,274.967
2026-08-19 12:05:00,64321.8,64353.6,64316.5,64351.2,234.426
2026-08-19 12:10:00,64351.1,64382.2,64351.1,64370.9,219.732
2026-08-19 12:15:00,64370.8,64370.9,64305.9,64305.9,131.25
2026-08-19 12:20:00,64306.0,64320.9,64280.0,64298.5,203.033
2026-08-19 12:25:00,64298.5,64333.9,64298.5,64326.0,82.877
2026-08-19 12:30:00,64326.1,64326.1,64313.9,64314.1,100.725
2026-08-19 12:35:00,64314.0,64314.1,64294.6,64302.3,64.828
2026-08-19 12:40:00,64302.4,64310.5,64288.1,64288.3,105.109
2026-08-19 12:45:00,64288.3,64297.5,64270.0,64270.0,140.822
2026-08-19 12:50:00,64270.1,64281.4,64230.0,64230.0,457.733
2026-08-19 12:55:00,64230.0,64236.7,64204.6,64209.1,303.046
2026-08-19 13:00:00,64209.2,64222.6,64169.9,64181.5,445.036
2026-08-19 13:05:00,64181.5,64198.3,64150.0,64150.1,349.398
2026-08-19 13:10:00,64150.0,64155.0,64131.3,64150.0,567.996
2026-08-19 13:15:00,64150.1,64219.8,64150.0,64217.6,615.679
2026-08-19 13:20:00,64217.6,64278.8,64217.6,64273.6,385.476
2026-08-19 13:25:00,64273.6,64273.7,64240.0,64243.2,172.994
2026-08-19 13:30:00,64243.1,64253.6,64225.1,64242.3,239.483
2026-08-19 13:35:00,64242.2,64271.4,64239.4,64264.8,185.254
2026-08-19 13:40:00,64264.7,64264.8,64235.5,64241.1,186.526
2026-08-19 13:45:00,64241.1,64317.4,64233.5,64288.0,668.918
2026-08-19 13:50:00,64288.0,64301.9,64256.0,64300.1,312.197
2026-08-19 13:55:00,64300.0,64321.3,64290.0,64315.1,406.455
2026-08-19 14:00:00,64315.1,64326.1,64260.5,64263.2,165.07
2026-08-19 14:05:00,64263.1,64279.0,64244.0,64279.0,269.708
2026-08-19 14:10:00,64278.9,64350.0,64272.2,64345.8,826.905
2026-08-19 14:15:00,64345.8,64345.8,64279.5,64284.7,195.279
2026-08-19 14:20:00,64284.7,64319.9,64284.7,64319.9,161.617
2026-08-19 14:25:00,64319.9,64341.5,64310.0,64312.0,315.634
2026-08-19 14:30:00,64312.0,64359.7,64306.9,64350.1,241.401
2026-08-19 14:35:00,64350.1,64361.2,64346.8,64348.7,181.499
2026-08-19 14:40:00,64348.7,64377.5,64330.0,64330.0,366.872
2026-08-19 14:45:00,64330.0,64347.4,64320.1,64333.9,239.986
2026-08-19 14:50:00,64333.9,64334.0,64291.5,64291.6,189.79
2026-08-19 14:55:00,64291.5,64291.6,64266.0,64266.1,191.276
2026-08-19 15:00:00,64266.0,64285.2,64260.3,64285.2,277.665
2026-08-19 15:05:00,64285.1,64299.8,64260.0,64261.0,371.024
2026-08-19 15:10:00,64261.0,64261.1,64227.8,64227.8,261.181
2026-08-19 15:15:00,64227.8,64261.2,64219.6,64261.2,151.65
2026-08-19 15:20:00,64261.2,64261.2,64244.1,64244.1,96.981
2026-08-19 15:25:00,64244.2,64261.2,64241.7,64261.2,110.862
2026-08-19 15:30:00,64261.2,64354.3,64261.1,64354.3,478.827
2026-08-19 15:35:00,64354.3,64482.5,64350.0,64416.8,916.992
2026-08-19 15:40:00,64416.8,64444.0,64403.5,64422.8,421.406
2026-08-19 15:45:00,64422.8,64450.0,64422.8,64428.1,355.314
2026-08-19 15:50:00,64428.1,64442.9,64416.3,64416.3,196.066
2026-08-19 15:55:00,64416.4,64420.2,64385.0,64385.0,248.9
2026-08-19 16:00:00,64385.1,64446.4,64383.5,64446.4,479.942
2026-08-19 16:05:00,64446.4,64446.4,64371.9,64371.9,174.022
2026-08-19 16:10:00,64372.0,64411.9,64360.7,64360.7,153.081
2026-08-19 16:15:00,64360.8,64392.6,64341.4,64390.0,198.38
2026-08-19 16:20:00,64390.1,64390.1,64368.0,64368.1,98.179
2026-08-19 16:25:00,64368.0,64368.0,64348.1,64357.9,64.387
2026-08-19 16:30:00,64358.0,64368.0,64351.7,64367.9,92.274
2026-08-19 16:35:00,64368.0,64368.1,64352.3,64357.8,124.75
2026-08-19 16:40:00,64357.7,64357.8,64323.2,64338.1,170.275
2026-08-19 16:45:00,64338.0,64350.8,64334.5,64350.7,106.874
2026-08-19 16:50:00,64350.7,64384.5,64346.4,64384.5,103.601
2026-08-19 16:55:00,64384.5,64395.4,64378.6,64395.3,99.457
2026-08-19 17:00:00,64395.4,64395.4,64375.4,64375.4,122.027
2026-08-19 17:05:00,64375.4,64375.4,64357.8,64357.8,100.51
2026-08-19 17:10:00,64357.8,64362.7,64341.0,64362.6,109.429
2026-08-19 17:15:00,64362.7,64362.7,64353.0,64359.9,42.024
2026-08-19 17:20:00,64359.8,64368.7,64346.0,64346.0,157.506
2026-08-19 17:25:00,64346.0,64369.7,64333.4,64369.7,83.255
2026-08-19 17:30:00,64369.7,64381.7,64344.8,64371.2,157.671
2026-08-19 17:35:00,64371.3,64400.1,64371.2,64382.8,531.018
2026-08-19 17:40:00,64382.7,64382.8,64364.0,64371.3,247.389
2026-08-19 17:45:00,64371.3,64387.0,64367.5,64367.5,208.557
2026-08-19 17:50:00,64367.6,64390.4,64364.7,64380.4,346.933
2026-08-19 17:55:00,64380.4,64431.0,64380.3,64423.9,291.516
2026-08-19 18:00:00,64423.9,64469.1,64417.3,64469.1,170.063
2026-08-19 18:05:00,64469.0,64509.7,64460.0,64476.9,623.153
2026-08-19 18:10:00,64476.9,64491.3,64460.6,64473.3,240.347
2026-08-19 18:15:00,64473.2,64482.4,64448.2,64482.4,231.627
2026-08-19 18:20:00,64482.4,64502.8,64468.9,64502.8,211.819
2026-08-19 18:25:00,64502.7,64502.8,64474.0,64474.0,181.802
2026-08-19 18:30:00,64474.1,64498.3,64471.1,64482.3,168.537
2026-08-19 18:35:00,64482.2,64486.4,64464.1,64464.7,154.454
2026-08-19 18:40:00,64464.8,64464.8,64425.2,64437.7,262.764
2026-08-19 18:45:00,64437.6,64469.2,64437.6,64469.2,70.871
2026-08-19 18:50:00,64469.1,64494.9,64440.0,64475.5,511.03
2026-08-19 18:55:00,64475.6,64482.4,64468.5,64479.0,93.751
2026-08-19 19:00:00,64479.1,64479.1,64452.6,64452.6,129.137
2026-08-19 19:05:00,64452.6,64488.0,64440.0,64468.6,180.472
2026-08-19 19:10:00,64468.7,64477.8,64454.6,64477.7,94.714
2026-08-19 19:15:00,64477.8,64480.0,64454.4,64467.6,117.143
2026-08-19 19:20:00,64467.6,64468.9,64454.1,64461.7,145.125
2026-08-19 19:25:00,64461.7,64469.5,64458.4,64458.4,74.846
2026-08-19 19:30:00,64458.5,64660.0,64449.3,64630.0,1659.899
2026-08-19 19:35:00,64630.1,64758.2,64553.1,64694.0,3240.103
2026-08-19 19:40:00,64694.1,64927.7,64680.0,64914.1,3414.939
2026-08-19 19:45:00,64914.0,64961.9,64878.5,64957.5,3364.61
2026-08-19 19:50:00,64957.4,64957.4,64785.8,64810.3,1793.61
2026-08-19 19:55:00,64810.3,64865.5,64810.3,64857.3,710.074
2026-08-19 20:00:00,64857.3,64865.3,64757.6,64773.2,1342.204
2026-08-19 20:05:00,64773.2,64850.1,64761.2,64837.8,438.352
2026-08-19 20:10:00,64837.4,64976.9,64837.3,64890.8,1954.037
2026-08-19 20:15:00,64890.9,64944.4,64889.6,64934.0,571.298
2026-08-19 20:20:00,64934.0,64995.8,64933.9,64969.2,1138.467
2026-08-19 20:25:00,64969.2,65022.0,64896.0,64976.9,1051.465
2026-08-19 20:30:00,64977.0,65190.0,64939.7,65028.7,5590.444
2026-08-19 20:35:00,65028.6,65061.9,64788.0,64800.0,3354.957
2026-08-19 20:40:00,64800.0,65075.9,64780.0,65017.8,2607.948
2026-08-19 20:45:00,65017.8,65157.3,64974.9,65029.9,2867.832
2026-08-19 20:50:00,65029.9,65091.3,64950.2,64978.0,1219.608
2026-08-19 20:55:00,64978.0,65050.1,64955.3,64984.1,750.114
2026-08-19 21:00:00,64984.1,65130.1,64984.1,65113.9,1146.898
2026-08-19 21:05:00,65113.9,65360.9,65102.8,65360.8,4921.243
2026-08-19 21:10:00,65360.8,65413.0,65276.9,65376.1,4111.349
2026-08-19 21:15:00,65376.1,65450.0,65300.0,65407.4,2250.398
2026-08-19 21:20:00,65407.3,65431.3,65293.5,65400.3,1258.576
2026-08-19 21:25:00,65400.3,65419.8,65301.1,65378.5,995.046
2026-08-19 21:30:00,65378.5,65396.2,65318.0,65330.2,854.578
2026-08-19 21:35:00,65330.2,65499.9,65330.2,65465.2,2402.998
2026-08-19 21:40:00,65465.2,65473.3,65382.0,65430.5,860.317
2026-08-19 21:45:00,65430.6,65515.0,65418.7,65499.9,2204.783
2026-08-19 21:50:00,65500.0,65741.0,65496.0,65740.9,4909.848
2026-08-19 21:55:00,65740.9,65950.0,65722.2,65895.6,6908.872
2026-08-19 22:00:00,65895.5,66046.6,65863.2,66046.5,4597.725
2026-08-19 22:05:00,66046.5,66513.6,66043.9,66475.0,10833.643
2026-08-19 22:10:00,66475.1,66785.6,66416.5,66621.1,5604.645
2026-08-19 22:15:00,66621.2,66826.5,66544.4,66640.1,4390.802
2026-08-19 22:20:00,66640.1,67235.3,66635.4,67177.2,9722.2
2026-08-19 22:25:00,67177.1,70450.0,67060.2,68298.9,35714.306
2026-08-19 22:30:00,68298.9,68484.7,67737.5,68467.1,12205.065
2026-08-19 22:35:00,68467.0,68768.5,68176.1,68637.5,6594.36
2026-08-19 22:40:00,68637.5,68863.6,68500.2,68649.6,4228.696
2026-08-19 22:45:00,68649.6,68660.7,68341.9,68457.2,3863.114
2026-08-19 22:50:00,68457.1,68622.0,68206.4,68206.5,3089.512
2026-08-19 22:55:00,68206.4,68580.0,68203.9,68523.7,2507.782
2026-08-19 23:00:00,68523.7,68738.9,68500.0,68695.7,4248.565
2026-08-19 23:05:00,68695.6,68998.0,68695.6,68729.5,3539.572
2026-08-19 23:10:00,68729.6,68729.6,68500.0,68535.1,2385.223
2026-08-19 23:15:00,68535.1,68729.6,68535.0,68694.1,1680.926
2026-08-19 23:20:00,68694.1,68757.4,68562.6,68757.4,1106.291
2026-08-19 23:25:00,68757.4,68904.0,68743.4,68872.8,1896.535
2026-08-19 23:30:00,68872.8,68872.8,68676.4,68747.1,1814.619
2026-08-19 23:35:00,68747.1,68789.5,68659.6,68665.1,1027.075
2026-08-19 23:40:00,68665.1,68665.2,68531.0,68563.0,1737.705
2026-08-19 23:45:00,68563.0,68675.6,68542.3,68649.0,730.788
2026-08-19 23:50:00,68649.0,68649.1,68540.1,68546.7,903.944
2026-08-19 23:55:00,68546.7,68569.3,68373.0,68430.7,1362.897
2026-08-20 00:00:00,68430.7,68512.3,68260.0,68368.6,2334.826
2026-08-20 00:05:00,68368.7,68411.3,68200.0,68285.6,1550.662
2026-08-20 00:10:00,68285.6,68351.0,68171.2,68216.7,1564.461
2026-08-20 00:15:00,68216.7,68291.2,68003.2,68007.4,2006.526
2026-08-20 00:20:00,68007.4,68085.4,67915.0,67940.0,1806.946
2026-08-20 00:25:00,67940.0,67989.7,67814.2,67984.2,2075.48
2026-08-20 00:30:00,67984.2,68015.8,67803.6,67924.4,1956.248
2026-08-20 00:35:00,67924.4,68046.4,67924.3,68010.6,1222.184
2026-08-20 00:40:00,68010.7,68030.0,67977.0,68030.0,495.085
2026-08-20 00:45:00,68030.0,68236.0,68019.3,68155.2,1794.059
2026-08-20 00:50:00,68155.2,68200.0,68144.0,68160.3,518.888
2026-08-20 00:55:00,68160.4,68250.0,68160.3,68170.6,1407.147
2026-08-20 01:00:00,68170.5,68230.0,68133.2,68142.7,715.235
2026-08-20 01:05:00,68142.7,68175.0,68024.4,68055.8,678.135
2026-08-20 01:10:00,68055.9,68175.0,68010.2,68164.9,683.693
2026-08-20 01:15:00,68164.9,68277.6,68150.4,68275.3,601.366
2026-08-20 01:20:00,68275.3,68298.5,68222.0,68238.4,417.232
2026-08-20 01:25:00,68238.4,68288.6,68227.3,68249.3,339.33
2026-08-20 01:30:00,68249.3,68260.4,68196.9,68260.4,289.984
2026-08-20 01:35:00,68260.4,68279.7,68202.7,68261.3,314.622
2026-08-20 01:40:00,68261.3,68414.8,68261.3,68405.8,1037.795
2026-08-20 01:45:00,68405.7,68430.1,68357.1,68408.5,556.062
2026-08-20 01:50:00,68408.4,68413.4,68316.0,68377.7,350.793
2026-08-20 01:55:00,68377.8,68377.8,68290.9,68360.7,384.565
2026-08-20 02:00:00,68360.8,68398.7,68322.9,68338.8,244.433
2026-08-20 02:05:00,68338.8,68415.3,68321.9,68350.1,319.187
2026-08-20 02:10:00,68350.1,68426.0,68070.4,68093.9,1387.236
2026-08-20 02:15:00,68094.0,68369.9,68093.9,68299.6,893.693
2026-08-20 02:20:00,68299.5,68340.0,68207.6,68337.1,474.095
2026-08-20 02:25:00,68337.1,68337.1,68112.0,68152.8,754.945
2026-08-20 02:30:00,68152.8,68279.9,68101.1,68210.9,363.782
2026-08-20 02:35:00,68210.9,68265.0,68172.2,68235.9,925.239
2026-08-20 02:40:00,68236.0,68379.8,68234.2,68370.0,502.082
2026-08-20 02:45:00,68369.9,68380.4,68330.0,68349.5,354.292
2026-08-20 02:50:00,68349.4,68415.0,68335.0,68383.4,476.406
2026-08-20 02:55:00,68383.4,68460.4,68360.1,68404.1,756.671
2026-08-20 03:00:00,68404.1,68486.0,68356.9,68485.9,660.006
2026-08-20 03:05:00,68486.0,68634.9,68445.2,68599.9,1233.38
2026-08-20 03:10:00,68599.9,68682.0,68565.3,68650.0,677.445
2026-08-20 03:15:00,68650.1,68650.1,68533.0,68585.4,400.704
2026-08-20 03:20:00,68585.5,68767.3,68560.6,68763.0,1152.744
2026-08-20 03:25:00,68763.0,68784.1,68640.0,68673.4,1013.521
2026-08-20 03:30:00,68673.3,68772.4,68653.9,68745.3,548.452
2026-08-20 03:35:00,68745.3,68745.3,68609.4,68690.0,460.409
2026-08-20 03:40:00,68689.9,68719.5,68626.3,68641.2,364.459
2026-08-20 03:45:00,68641.2,68677.7,68580.9,68672.6,402.747
2026-08-20 03:50:00,68672.6,69591.0,68658.0,69082.5,9337.291
2026-08-20 03:55:00,69082.5,69208.0,68990.0,69016.1,1626.279
2026-08-20 04:00:00,69016.0,69415.8,68946.7,69350.5,1956.17
2026-08-20 04:05:00,69350.6,69900.0,69212.5,69599.5,7827.824
2026-08-20 04:10:00,69601.6,69619.4,69126.8,69406.7,2781.478
2026-08-20 04:15:00,69406.8,69493.0,69228.2,69431.9,1620.073
2026-08-20 04:20:00,69431.8,69752.5,69412.8,69494.5,1617.376
2026-08-20 04:25:00,69494.4,69696.6,69482.0,69607.7,1380.389
2026-08-20 04:30:00,69607.7,69800.0,69542.7,69755.8,1768.459
2026-08-20 04:35:00,69755.8,69800.0,69411.4,69448.5,1524.208
2026-08-20 04:40:00,69448.4,69647.6,69345.1,69647.6,819.485
2026-08-20 04:45:00,69647.8,70048.2,69462.5,69802.1,4959.325
2026-08-20 04:50:00,69802.1,69820.8,69680.7,69724.1,723.678
2026-08-20 04:55:00,69724.1,69828.7,69602.0,69685.1,720.168
2026-08-20 05:00:00,69685.1,69813.3,69482.0,69482.1,1171.969
2026-08-20 05:05:00,69482.0,69512.9,69318.2,69390.0,1347.838
2026-08-20 05:10:00,69389.9,69421.1,69266.0,69266.0,849.593
2026-08-20 05:15:00,69266.1,69379.4,69242.3,69250.1,688.452
2026-08-20 05:20:00,69250.1,69304.5,69173.0,69232.1,780.218
2026-08-20 05:25:00,69232.1,69232.1,69118.0,69118.1,669.908
2026-08-20 05:30:00,69118.1,69176.0,68950.3,69025.9,1460.379
2026-08-20 05:35:00,69025.9,69368.4,68989.7,69353.0,961.468
2026-08-20 05:40:00,69352.9,69449.7,69271.3,69317.8,821.566
2026-08-20 05:45:00,69317.8,69319.7,69076.3,69159.8,569.429
2026-08-20 05:50:00,69159.8,69260.0,69084.2,69123.6,609.06
2026-08-20 05:55:00,69123.5,69254.3,69110.2,69227.1,570.974
2026-08-20 06:00:00,69227.1,69341.0,69182.4,69322.3,630.786
2026-08-20 06:05:00,69322.2,69369.8,69272.5,69311.1,389.32
2026-08-20 06:10:00,69311.1,69384.5,69281.6,69320.3,341.294
2026-08-20 06:15:00,69320.4,69439.6,69317.0,69372.7,895.439
2026-08-20 06:20:00,69372.7,69394.9,69268.8,69277.0,328.374
2026-08-20 06:25:00,69277.0,69397.3,69237.8,69350.5,330.58
2026-08-20 06:30:00,69350.5,69368.2,69227.3,69227.3,345.631
2026-08-20 06:35:00,69227.3,69309.1,69214.6,69267.8,382.272
2026-08-20 06:40:00,69267.8,69369.0,69251.8,69293.6,541.939
2026-08-20 06:45:00,69293.7,69293.7,69150.0,69150.1,371.994
2026-08-20 06:50:00,69150.1,69234.1,69130.4,69182.1,674.824
2026-08-20 06:55:00,69182.1,69320.3,69180.0,69310.0,562.353
2026-08-20 07:00:00,69310.1,69551.8,69286.7,69512.7,1283.606
2026-08-20 07:05:00,69512.7,69646.1,69464.5,69609.8,831.011
2026-08-20 07:10:00,69609.8,69629.5,69450.5,69544.4,558.852
2026-08-20 07:15:00,69544.5,69726.0,69525.9,69725.9,738.712
2026-08-20 07:20:00,69725.9,69765.5,69652.0,69652.1,607.266
2026-08-20 07:25:00,69652.1,69718.4,69567.6,69597.9,382.919
2026-08-20 07:30:00,69597.9,69624.2,69488.0,69589.2,654.159
2026-08-20 07:35:00,69589.3,69672.9,69454.7,69662.6,908.727
2026-08-20 07:40:00,69662.7,69662.7,69448.3,69541.9,553.272
2026-08-20 07:45:00,69541.8,69692.8,69536.7,69630.2,476.032
2026-08-20 07:50:00,69630.0,69642.9,69423.7,69484.5,466.199
2026-08-20 07:55:00,69484.4,69484.5,69339.3,69389.1,538.568
2026-08-20 08:00:00,69389.2,69488.9,69348.8,69387.1,515.817
2026-08-20 08:05:00,69387.1,69387.4,69275.6,69296.5,686.868
2026-08-20 08:10:00,69296.5,69380.3,69255.5,69344.1,361.858
2026-08-20 08:15:00,69344.0,69413.8,69245.9,69395.8,710.931
2026-08-20 08:20:00,69395.7,69418.9,69311.1,69319.8,408.362
2026-08-20 08:25:00,69319.9,69347.0,69276.0,69304.2,221.479
2026-08-20 08:30:00,69303.9,69559.6,69265.2,69559.6,647.343
2026-08-20 08:35:00,69559.5,69572.3,69486.5,69556.0,542.773
2026-08-20 08:40:00,69556.0,69616.0,69551.1,69611.4,472.083
2026-08-20 08:45:00,69611.5,69829.2,69611.4,69792.1,1492.417
2026-08-20 08:50:00,69792.2,69867.9,69670.9,69680.4,858.656
2026-08-20 08:55:00,69680.4,69700.0,69655.0,69691.4,252.025
2026-08-20 09:00:00,69691.5,69800.0,69680.0,69760.4,587.119
2026-08-20 09:05:00,69760.5,69767.9,69630.0,69647.0,521.125
2026-08-20 09:10:00,69647.0,69706.0,69554.0,69660.8,634.081
2026-08-20 09:15:00,69660.7,69688.0,69555.7,69600.0,479.685
2026-08-20 09:20:00,69600.1,69600.1,69477.8,69489.9,770.5
2026-08-20 09:25:00,69490.0,69506.2,69459.1,69486.3,316.148
2026-08-20 09:30:00,69486.3,69527.7,69424.4,69460.4,556.178
2026-08-20 09:35:00,69460.4,69460.5,69318.4,69364.1,648.528
2026-08-20 09:40:00,69364.1,69364.1,69295.4,69299.0,352.102
2026-08-20 09:45:00,69299.1,69353.3,69289.6,69306.7,970.074
2026-08-20 09:50:00,69306.7,69351.8,69247.5,69299.4,1189.531
2026-08-20 09:55:00,69299.3,69378.9,69260.3,69284.6,613.643
2026-08-20 10:00:00,69284.6,69294.0,69138.2,69141.3,923.665
2026-08-20 10:05:00,69141.2,69178.1,69037.5,69037.5,870.472
2026-08-20 10:10:00,69037.6,69045.1,68882.1,68977.7,1980.75
2026-08-20 10:15:00,68977.6,69114.0,68967.6,69114.0,735.831
2026-08-20 10:20:00,69114.0,69193.6,69012.9,69020.1,549.773
2026-08-20 10:25:00,69020.0,69020.1,68930.5,68963.3,589.861
2026-08-20 10:30:00,68963.3,69119.5,68963.2,69084.8,482.222
2026-08-20 10:35:00,69084.7,69134.6,69052.8,69064.9,324.328
2026-08-20 10:40:00,69064.9,69199.1,69056.5,69182.5,439.787
2026-08-20 10:45:00,69182.5,69342.5,69171.9,69245.9,828.743
2026-08-20 10:50:00,69245.9,69245.9,69181.0,69194.7,267.749
2026-08-20 10:55:00,69194.6,69205.5,69145.5,69183.5,414.079
2026-08-20 11:00:00,69183.5,69280.5,69155.0,69275.3,366.881
2026-08-20 11:05:00,69275.2,69351.0,69244.1,69346.4,580.2
2026-08-20 11:10:00,69346.4,69376.2,69330.0,69362.7,526.189
2026-08-20 11:15:00,69362.7,69371.4,69317.9,69342.9,361.662
2026-08-20 11:20:00,69342.8,69355.0,69282.1,69324.2,273.65
2026-08-20 11:25:00,69324.3,69415.8,69324.2,69353.4,330.319
2026-08-20 11:30:00,69353.4,69353.5,69218.5,69235.5,311.571
2026-08-20 11:35:00,69235.5,69300.0,69233.7,69274.4,182.625
2026-08-20 11:40:00,69274.3,69377.2,69257.1,69339.8,239.309
2026-08-20 11:45:00,69339.8,69380.0,69339.8,69369.3,176.936
2026-08-20 11:50:00,69369.3,69622.0,69369.3,69500.0,1542.081
2026-08-20 11:55:00,69500.0,69500.1,69480.0,69480.1,243.676
2026-08-20 12:00:00,69480.0,69507.5,69461.0,69487.0,313.079
2026-08-20 12:05:00,69487.0,69550.0,69442.1,69508.3,682.946
2026-08-20 12:10:00,69508.3,69517.8,69445.5,69455.7,311.505
2026-08-20 12:15:00,69455.7,69592.1,69427.9,69564.8,401.501
2026-08-20 12:20:00,69564.7,69647.9,69524.4,69644.7,651.994
2026-08-20 12:25:00,69644.7,69657.7,69570.8,69570.9,521.086
2026-08-20 12:30:00,69570.8,69608.4,69551.1,69582.3,292.374
2026-08-20 12:35:00,69582.3,69622.0,69515.3,69515.3,354.024
2026-08-20 12:40:00,69515.3,69555.7,69510.1,69545.9,235.68
2026-08-20 12:45:00,69545.9,69545.9,69380.4,69395.1,1338.97
2026-08-20 12:50:00,69395.1,69429.0,69365.7,69380.1,444.837
2026-08-20 12:55:00,69380.1,69410.0,69350.0,69408.3,491.334
2026-08-20 13:00:00,69408.4,69410.4,69350.0,69361.5,424.791
2026-08-20 13:05:00,69361.6,69413.6,69359.0,69359.0,287.606
2026-08-20 13:10:00,69359.1,69432.3,69357.5,69367.9,388.389
2026-08-20 13:15:00,69367.8,69499.7,69330.3,69481.5,556.421
2026-08-20 13:20:00,69481.5,69688.8,69451.5,69672.1,1266.493
2026-08-20 13:25:00,69672.0,69679.7,69536.7,69586.5,559.891
2026-08-20 13:30:00,69586.6,69699.7,69582.5,69634.9,459.613
2026-08-20 13:35:00,69635.0,69740.9,69619.2,69707.1,802.853
2026-08-20 13:40:00,69707.0,69777.0,69703.5,69761.1,616.596
2026-08-20 13:45:00,69761.2,69921.9,69756.0,69859.8,1485.187
2026-08-20 13:50:00,69859.7,69887.0,69811.2,69825.6,421.199
2026-08-20 13:55:00,69825.6,69838.9,69781.9,69838.8,501.825
2026-08-20 14:00:00,69838.8,69846.0,69727.6,69846.0,617.916
2026-08-20 14:05:00,69845.9,69966.0,69819.6,69954.4,1090.091
2026-08-20 14:10:00,69955.8,69999.0,69766.2,69766.2,1340.292
2026-08-20 14:15:00,69766.2,69771.1,69608.5,69608.5,680.965
2026-08-20 14:20:00,69608.6,69703.4,69585.6,69609.2,578.178
2026-08-20 14:25:00,69609.3,69690.0,69597.7,69660.1,237.286
2026-08-20 14:30:00,69660.1,69660.1,69482.0,69580.9,943.887
2026-08-20 14:35:00,69580.9,69606.0,69518.0,69542.3,492.05
2026-08-20 14:40:00,69542.3,69615.5,69531.2,69599.7,550.533
2026-08-20 14:45:00,69599.7,69674.1,69550.7,69668.0,469.139
2026-08-20 14:50:00,69668.1,69800.0,69608.9,69800.0,660.843
2026-08-20 14:55:00,69799.9,69815.9,69721.5,69815.9,678.332
2026-08-20 15:00:00,69815.9,69875.5,69771.8,69845.9,667.77
2026-08-20 15:05:00,69846.0,70887.9,69834.3,70700.0,11004.842
2026-08-20 15:10:00,70700.0,71377.0,70650.2,71287.9,9760.76
2026-08-20 15:15:00,71287.8,71580.0,71000.4,71307.3,7086.533
2026-08-20 15:20:00,71307.3,71317.3,71100.0,71150.2,2770.274
2026-08-20 15:25:00,71150.1,71385.5,71070.1,71326.2,2528.641
2026-08-20 15:30:00,71326.2,71441.9,71173.7,71267.6,2043.21
2026-08-20 15:35:00,71267.6,71567.6,71149.0,71418.4,2518.979
2026-08-20 15:40:00,71418.3,71687.2,71380.0,71481.4,2393.911
2026-08-20 15:45:00,71481.5,71740.0,71414.8,71599.3,3138.979
2026-08-20 15:50:00,71599.3,71791.8,71539.6,71762.1,2724.035
2026-08-20 15:55:00,71762.0,71799.6,71548.3,71560.6,1988.845
2026-08-20 16:00:00,71560.5,71664.6,71449.3,71585.8,2189.653
2026-08-20 16:05:00,71585.7,71937.0,71581.6,71847.6,4109.18
2026-08-20 16:10:00,71847.7,71945.1,71620.9,71910.0,2738.325
2026-08-20 16:15:00,71910.0,72081.7,71723.8,71854.6,3043.059
2026-08-20 16:20:00,71854.7,72057.4,71777.0,71996.1,2097.39
2026-08-20 16:25:00,71996.1,72000.0,71800.0,71800.0,1542.062
2026-08-20 16:30:00,71800.0,71978.8,71709.1,71909.4,1615.118
2026-08-20 16:35:00,71909.3,72033.5,71844.1,71860.2,1053.15
2026-08-20 16:40:00,71860.1,72049.0,71850.0,71971.7,1454.127
2026-08-20 16:45:00,71971.7,72012.7,71862.2,71890.3,963.362
2026-08-20 16:50:00,71890.3,71890.4,71666.9,71685.9,1470.36
2026-08-20 16:55:00,71685.9,71795.4,71667.0,71781.2,949.633
2026-08-20 17:00:00,71781.2,71903.3,71690.0,71750.1,1500.6
2026-08-20 17:05:00,71750.1,71900.0,71700.2,71836.3,1356.784
2026-08-20 17:10:00,71836.2,72194.7,71810.3,72122.2,2064.702
2026-08-20 17:15:00,72122.2,72450.0,72112.6,72366.9,5469.121
2026-08-20 17:20:00,72366.8,72487.5,72096.0,72225.2,1996.667
2026-08-20 17:25:00,72225.2,72225.2,71931.5,72016.5,1750.462
2026-08-20 17:30:00,72016.5,72023.1,71764.5,71860.8,1513.983
2026-08-20 17:35:00,71860.8,71888.0,71783.9,71838.9,613.608
2026-08-20 17:40:00,71838.6,71858.8,71735.8,71787.5,613.095
2026-08-20 17:45:00,71787.5,71974.6,71787.5,71851.5,993.418
2026-08-20 17:50:00,71851.9,71939.5,71832.7,71894.0,373.443
2026-08-20 17:55:00,71894.1,71978.2,71852.0,71978.2,305.932
2026-08-20 18:00:00,71978.1,72128.1,71903.1,72040.8,1255.361
2026-08-20 18:05:00,72040.8,72040.9,71838.6,71935.5,758.669
2026-08-20 18:10:00,71935.4,71963.9,71807.0,71963.9,451.242
2026-08-20 18:15:00,71963.8,71963.9,71850.0,71850.1,369.428
2026-08-20 18:20:00,71850.0,72025.0,71842.8,71903.5,604.011
2026-08-20 18:25:00,71903.5,71920.0,71862.2,71866.5,410.355
2026-08-20 18:30:00,71866.5,72241.6,71833.0,72222.4,1664.69
2026-08-20 18:35:00,72222.3,72299.9,72120.6,72251.7,1284.009
2026-08-20 18:40:00,72251.7,72300.1,72100.0,72117.3,853.162
2026-08-20 18:45:00,72117.3,72250.0,72111.0,72145.6,502.363
2026-08-20 18:50:00,72145.5,72184.0,71968.5,71968.6,754.747
2026-08-20 18:55:00,71968.5,71976.0,71783.5,71896.2,1540.433
2026-08-20 19:00:00,71896.2,71955.0,71753.1,71766.0,1017.961
2026-08-20 19:05:00,71766.1,71814.0,71466.0,71645.2,3916.684
2026-08-20 19:10:00,71645.2,71846.9,71635.3,71770.0,1202.729
2026-08-20 19:15:00,71770.0,71839.9,71660.5,71728.1,818.193
2026-08-20 19:20:00,71728.0,71872.5,71712.1,71808.5,1179.034
2026-08-20 19:25:00,71808.5,71859.6,71775.8,71813.6,434.828
2026-08-20 19:30:00,71813.6,71990.8,71700.0,71750.1,1353.953
2026-08-20 19:35:00,71750.1,71817.2,71652.5,71817.1,925.588
2026-08-20 19:40:00,71817.1,71857.8,71626.2,71652.5,838.985
2026-08-20 19:45:00,71652.6,71661.7,71435.6,71565.7,2039.996
2026-08-20 19:50:00,71565.8,71850.0,71565.7,71850.0,1116.749
2026-08-20 19:55:00,71849.9,71935.1,71838.6,71930.1,760.741
2026-08-20 20:00:00,71930.1,72028.0,71862.4,71958.5,1358.05
2026-08-20 20:05:00,71958.6,72099.0,71958.5,71987.2,1406.692
2026-08-20 20:10:00,71987.1,72036.8,71928.4,72035.9,716.631
2026-08-20 20:15:00,72035.9,72035.9,71866.5,71926.5,714.035
2026-08-20 20:20:00,71926.4,72006.3,71889.8,71976.0,817.199
2026-08-20 20:25:00,71976.0,71976.0,71794.7,71930.1,996.064
2026-08-20 20:30:00,71930.2,71934.3,71441.2,71488.7,3706.372
2026-08-20 20:35:00,71488.7,71611.3,71100.0,71344.6,4015.71
2026-08-20 20:40:00,71344.6,71645.4,71273.4,71643.4,1650.742
2026-08-20 20:45:00,71643.3,71674.2,71405.7,71596.9,1253.71
2026-08-20 20:50:00,71596.9,71831.1,71502.1,71715.7,1801.282
2026-08-20 20:55:00,71715.6,71759.9,71596.3,71663.7,570.068
2026-08-20 21:00:00,71663.7,71777.7,71571.4,71700.1,918.405
2026-08-20 21:05:00,71700.0,71846.0,71664.2,71823.5,756.444
2026-08-20 21:10:00,71823.5,71967.7,71790.0,71790.0,1095.959
2026-08-20 21:15:00,71790.1,71798.1,71530.0,71532.5,1077.274
2026-08-20 21:20:00,71532.4,71641.4,71456.1,71628.1,1131.413
2026-08-20 21:25:00,71628.0,71676.0,71309.4,71417.5,1164.869
2026-08-20 21:30:00,71417.4,71657.8,71376.6,71534.3,940.988
2026-08-20 21:35:00,71534.4,71688.0,71450.3,71517.9,584.904
2026-08-20 21:40:00,71518.0,71591.9,71428.4,71516.9,694.958
2026-08-20 21:45:00,71516.8,71536.6,71377.9,71528.7,612.785
2026-08-20 21:50:00,71528.8,71739.0,71513.6,71716.1,827.478
2026-08-20 21:55:00,71716.2,71796.0,71624.3,71792.9,757.969
2026-08-20 22:00:00,71793.0,72598.0,71760.1,72295.8,6143.964
2026-08-20 22:05:00,72295.7,72393.0,71967.0,72142.7,2915.544
2026-08-20 22:10:00,72142.7,72318.9,72104.8,72211.3,1920.59
2026-08-20 22:15:00,72211.3,72256.3,72043.2,72208.9,1874.949
2026-08-20 22:20:00,72208.9,72324.2,71937.7,72047.3,1259.265
2026-08-20 22:25:00,72047.3,72394.1,72041.5,72383.1,1645.897
2026-08-20 22:30:00,72383.1,72849.9,72336.7,72478.7,4380.422
2026-08-20 22:35:00,72478.7,72483.8,72129.9,72214.2,1879.433
2026-08-20 22:40:00,72214.1,72323.5,72160.2,72206.3,944.552
2026-08-20 22:45:00,72206.2,72364.5,72128.7,72316.1,1504.088
2026-08-20 22:50:00,72316.1,72535.6,72285.9,72450.3,1558.973
2026-08-20 22:55:00,72450.3,72492.7,72400.0,72429.0,704.156
2026-08-20 23:00:00,72429.1,72480.4,72283.8,72298.8,862.789
2026-08-20 23:05:00,72298.9,72482.2,72296.2,72452.2,622.138
2026-08-20 23:10:00,72452.3,72464.6,72225.0,72279.2,656.348
2026-08-20 23:15:00,72279.1,72338.9,72159.8,72311.0,581.472
2026-08-20 23:20:00,72311.1,72322.8,72250.0,72256.2,378.806
2026-08-20 23:25:00,72256.1,72388.7,72250.0,72377.4,458.219
2026-08-20 23:30:00,72377.4,72420.7,72250.0,72372.5,460.424
2026-08-20 23:35:00,72372.4,72419.4,72257.7,72419.3,512.633
2026-08-20 23:40:00,72419.3,72669.6,72419.3,72590.9,1866.0
2026-08-20 23:45:00,72590.9,72695.9,72485.2,72529.2,1102.313
2026-08-20 23:50:00,72529.2,72636.0,72514.1,72616.9,403.854
2026-08-20 23:55:00,72616.9,72887.9,72522.7,72805.9,1614.642
2026-08-21 00:00:00,72806.0,72843.0,72672.0,72724.1,1103.21
2026-08-21 00:05:00,72724.1,72773.6,72594.7,72623.6,696.674
2026-08-21 00:10:00,72623.6,72678.0,72482.9,72658.6,719.641
2026-08-21 00:15:00,72658.5,72700.0,72585.0,72589.7,425.68
2026-08-21 00:20:00,72589.8,72735.3,72525.0,72688.2,376.234
2026-08-21 00:25:00,72688.2,72819.8,72646.1,72766.1,635.186
2026-08-21 00:30:00,72766.1,72832.3,72711.3,72758.6,630.718
2026-08-21 00:35:00,72758.7,72800.0,72661.9,72772.4,477.76
2026-08-21 00:40:00,72772.4,72792.3,72628.6,72720.0,428.826
2026-08-21 00:45:00,72719.9,72776.7,72672.6,72759.9,360.911
2026-08-21 00:50:00,72759.8,72945.3,72738.1,72852.8,1967.086
2026-08-21 00:55:00,72852.9,72868.7,72680.0,72694.6,818.918
2026-08-21 01:00:00,72694.5,72780.0,72518.5,72575.2,1527.673
2026-08-21 01:05:00,72575.3,72611.8,72442.6,72526.3,1256.814
2026-08-21 01:10:00,72526.3,72640.0,72422.4,72580.0,1287.104
2026-08-21 01:15:00,72580.0,72607.8,72454.9,72597.4,460.664
2026-08-21 01:20:00,72597.3,72705.1,72597.3,72697.6,505.245
2026-08-21 01:25:00,72697.6,72708.7,72600.9,72648.2,379.164
2026-08-21 01:30:00,72648.2,72664.5,72353.7,72420.3,841.755
2026-08-21 01:35:00,72420.4,72549.9,72395.7,72419.5,608.58
2026-08-21 01:40:00,72419.5,72488.0,72352.3,72469.7,421.36
2026-08-21 01:45:00,72469.7,72500.0,72382.4,72498.7,609.802
2026-08-21 01:50:00,72498.7,72591.8,72424.7,72453.8,421.681
2026-08-21 01:55:00,72453.8,72480.7,72380.0,72398.4,311.608
2026-08-21 02:00:00,72398.4,72415.1,72280.1,72359.7,637.715
2026-08-21 02:05:00,72359.6,72467.1,72300.2,72435.9,327.083
2026-08-21 02:10:00,72435.8,72480.5,72411.3,72450.0,450.202
2026-08-21 02:15:00,72450.0,72554.0,72437.4,72493.6,357.284
2026-08-21 02:20:00,72493.6,72600.0,72473.1,72588.7,402.654
2026-08-21 02:25:00,72588.7,72599.4,72512.2,72565.4,261.823
2026-08-21 02:30:00,72565.4,72608.1,72533.3,72552.2,217.354
2026-08-21 02:35:00,72552.2,72693.1,72505.9,72662.3,490.258
2026-08-21 02:40:00,72662.3,72748.1,72646.6,72680.3,481.172
2026-08-21 02:45:00,72680.3,72696.0,72547.7,72636.6,384.823
2026-08-21 02:50:00,72636.6,72725.2,72607.8,72645.0,287.351
2026-08-21 02:55:00,72644.9,72680.1,72581.9,72649.7,482.06
2026-08-21 03:00:00,72649.8,72695.1,72592.0,72672.7,218.743
2026-08-21 03:05:00,72672.7,72700.0,72636.5,72699.9,207.592
2026-08-21 03:10:00,72700.0,72753.2,72613.8,72664.5,274.181
2026-08-21 03:15:00,72664.5,72692.1,72591.3,72683.7,274.122
2026-08-21 03:20:00,72683.6,72771.0,72634.0,72771.0,382.601
2026-08-21 03:25:00,72771.0,72887.4,72755.8,72794.9,595.629
2026-08-21 03:30:00,72795.0,72910.3,72777.5,72838.2,482.143
2026-08-21 03:35:00,72838.3,73106.9,72700.0,72700.0,2700.964
2026-08-21 03:40:00,72700.0,72790.0,72667.2,72731.1,491.017
2026-08-21 03:45:00,72731.5,72748.1,72679.2,72689.8,236.224
2026-08-21 03:50:00,72689.9,72698.5,72556.1,72576.1,499.371
2026-08-21 03:55:00,72576.0,72651.2,72554.0,72638.5,262.374
2026-08-21 04:00:00,72638.5,72644.6,72571.7,72579.2,486.848
2026-08-21 04:05:00,72579.3,72602.3,72514.8,72590.0,319.25
2026-08-21 04:10:00,72590.0,72665.8,72589.9,72662.5,194.784
2026-08-21 04:15:00,72662.6,72819.2,72662.5,72693.8,738.292
2026-08-21 04:20:00,72693.9,72730.2,72676.3,72687.1,117.299
2026-08-21 04:25:00,72687.1,72730.5,72601.0,72623.8,166.174
2026-08-21 04:30:00,72623.8,72776.9,72623.7,72775.9,195.377
2026-08-21 04:35:00,72775.9,72798.9,72705.6,72730.4,268.388
2026-08-21 04:40:00,72730.4,72780.2,72684.2,72708.7,140.685
2026-08-21 04:45:00,72708.8,72722.7,72684.2,72686.3,83.372
2026-08-21 04:50:00,72686.3,72744.2,72684.2,72725.6,198.025
2026-08-21 04:55:00,72725.5,72744.0,72671.0,72706.9,149.678
2026-08-21 05:00:00,72706.9,72721.9,72458.7,72471.5,1339.705
2026-08-21 05:05:00,72471.5,72630.0,72471.5,72615.8,483.124
2026-08-21 05:10:00,72615.8,72641.0,72562.7,72571.5,254.808
2026-08-21 05:15:00,72571.4,72613.9,72520.0,72579.7,209.282
2026-08-21 05:20:00,72579.8,72772.6,72579.7,72751.1,344.867
2026-08-21 05:25:00,72751.0,72800.0,72722.3,72759.0,281.778
2026-08-21 05:30:00,72758.9,72759.0,72642.0,72707.3,264.85
2026-08-21 05:35:00,72707.4,72773.6,72682.5,72722.0,214.054
2026-08-21 05:40:00,72721.9,72722.0,72657.1,72657.1,114.082
2026-08-21 05:45:00,72657.1,72702.7,72646.6,72685.8,142.025
2026-08-21 05:50:00,72685.7,72854.3,72685.2,72815.7,394.749
2026-08-21 05:55:00,72815.7,72815.8,72639.1,72648.5,371.825
2026-08-21 06:00:00,72648.4,72700.0,72625.0,72683.7,107.413
2026-08-21 06:05:00,72683.8,72814.0,72683.7,72786.9,273.285
2026-08-21 06:10:00,72786.9,72908.9,72786.9,72902.2,308.156
2026-08-21 06:15:00,72902.1,73000.5,72863.9,72979.9,1175.318
2026-08-21 06:20:00,72979.8,72999.9,72876.0,72980.0,405.175
2026-08-21 06:25:00,72979.9,73399.7,72979.9,73185.3,6382.836
2026-08-21 06:30:00,73185.3,73369.1,73165.3,73187.7,810.038
2026-08-21 06:35:00,73187.8,73217.2,73043.0,73084.7,897.295
2026-08-21 06:40:00,73084.7,73137.3,73067.6,73079.1,419.725
2026-08-21 06:45:00,73079.0,73126.4,73022.2,73075.7,558.83
2026-08-21 06:50:00,73075.7,73090.0,72945.2,73078.2,816.404
2026-08-21 06:55:00,73078.3,73078.3,72971.1,72998.7,376.883
2026-08-21 07:00:00,72998.8,73135.2,72992.4,73063.8,848.514
2026-08-21 07:05:00,73063.7,73338.7,73053.9,73246.5,1196.053
2026-08-21 07:10:00,73246.5,73479.0,73236.2,73460.2,1699.888
2026-08-21 07:15:00,73460.3,73874.0,73311.6,73605.0,4036.567
2026-08-21 07:20:00,73606.1,73857.9,73538.7,73772.7,1740.148
2026-08-21 07:25:00,73772.8,73859.4,73636.3,73694.5,1420.442
2026-08-21 07:30:00,73694.6,73985.8,73654.2,73710.1,2936.253
2026-08-21 07:35:00,73710.1,73749.9,73505.4,73618.0,1035.68
2026-08-21 07:40:00,73618.0,73700.0,73494.8,73665.1,815.188
2026-08-21 07:45:00,73665.2,73815.0,73579.7,73743.6,787.456
2026-08-21 07:50:00,73743.7,73828.6,73622.0,73638.5,603.241
2026-08-21 07:55:00,73638.5,73701.5,73550.1,73682.1,432.783
2026-08-21 08:00:00,73682.1,73908.9,73635.1,73812.8,839.418
2026-08-21 08:05:00,73812.8,73922.7,73767.7,73906.6,756.949
2026-08-21 08:10:00,73906.7,73973.8,73869.6,73958.9,682.732
2026-08-21 08:15:00,73959.0,74880.0,73921.0,74631.8,9659.667
2026-08-21 08:20:00,74631.7,74693.0,74234.6,74468.8,4534.434
2026-08-21 08:25:00,74468.9,74782.1,74451.0,74700.1,2273.905
2026-08-21 08:30:00,74700.0,75025.8,74559.2,74740.9,4395.649
2026-08-21 08:35:00,74740.7,74766.5,74513.9,74576.9,1484.279
2026-08-21 08:40:00,74576.9,74774.9,74513.9,74710.9,1164.32
2026-08-21 08:45:00,74710.9,75767.5,74675.3,75552.5,8338.608
2026-08-21 08:50:00,75552.6,75574.7,75345.0,75345.1,3264.432
2026-08-21 08:55:00,75345.0,75382.0,75065.0,75103.3,2388.195
2026-08-21 09:00:00,75103.3,75113.5,74758.1,75042.8,3035.134
2026-08-21 09:05:00,75042.8,75175.0,74865.7,74881.3,1607.051
2026-08-21 09:10:00,74881.3,74898.6,74647.7,74850.0,1351.878
2026-08-21 09:15:00,74850.1,74908.4,74635.1,74700.1,1141.78
2026-08-21 09:20:00,74700.0,74762.1,74625.9,74653.5,583.362
2026-08-21 09:25:00,74653.4,74969.3,74653.4,74946.1,951.404
2026-08-21 09:30:00,74946.1,75076.0,74539.8,74756.6,1872.74
2026-08-21 09:35:00,74756.5,74793.9,74639.8,74753.9,571.852
2026-08-21 09:40:00,74753.9,74790.2,74673.3,74692.5,326.201
2026-08-21 09:45:00,74692.8,74700.0,74395.2,74436.0,2499.907
2026-08-21 09:50:00,74436.0,74499.9,74353.0,74377.4,970.824
2026-08-21 09:55:00,74377.4,74440.0,74347.0,74410.6,917.316
2026-08-21 10:00:00,74410.7,74441.7,74303.2,74357.0,675.502
2026-08-21 10:05:00,74357.0,74357.0,74214.4,74314.9,920.065
2026-08-21 10:10:00,74315.0,74471.8,74294.9,74419.9,711.549
2026-08-21 10:15:00,74419.9,74473.4,74280.0,74410.0,528.389
2026-08-21 10:20:00,74410.1,74567.4,74408.4,74522.8,1311.329
2026-08-21 10:25:00,74522.8,74610.6,74475.0,74570.6,598.238
2026-08-21 10:30:00,74570.6,74618.0,74545.5,74545.7,620.2
2026-08-21 10:35:00,74545.8,74571.9,74401.3,74491.2,598.037
2026-08-21 10:40:00,74491.3,74700.0,74446.4,74636.0,1463.053
2026-08-21 10:45:00,74635.9,74809.9,74633.5,74750.0,885.54
2026-08-21 10:50:00,74750.0,74847.3,74615.0,74634.9,1174.309
2026-08-21 10:55:00,74634.8,74692.9,74459.1,74482.9,768.64
2026-08-21 11:00:00,74482.9,74827.8,74482.8,74743.4,884.205
2026-08-21 11:05:00,74743.3,74817.7,74668.0,74809.5,465.215
2026-08-21 11:10:00,74809.5,74875.0,74722.5,74835.0,712.061
2026-08-21 11:15:00,74834.9,74890.4,74770.7,74826.0,435.613
2026-08-21 11:20:00,74826.0,74924.4,74810.6,74810.6,336.007
2026-08-21 11:25:00,74810.6,74850.8,74744.4,74779.9,454.226
2026-08-21 11:30:00,74779.8,74961.6,74744.4,74932.2,625.034
2026-08-21 11:35:00,74932.1,74961.6,74889.9,74889.9,426.702
2026-08-21 11:40:00,74889.9,74928.2,74815.4,74918.8,519.929
2026-08-21 11:45:00,74918.9,74999.9,74883.1,74951.7,639.197
2026-08-21 11:50:00,74951.7,74999.9,74903.1,74999.7,640.579
2026-08-21 11:55:00,74999.7,75000.0,74931.7,74990.3,1048.083
2026-08-21 12:00:00,74990.4,75086.1,74871.6,74920.7,1435.917
2026-08-21 12:05:00,74920.7,75188.0,74914.1,75108.6,1194.859
2026-08-21 12:10:00,75108.6,75334.8,75095.1,75280.4,1619.68
2026-08-21 12:15:00,75280.4,75472.0,75161.0,75349.5,1855.949
2026-08-21 12:20:00,75349.5,75468.1,75241.8,75264.1,1229.438
2026-08-21 12:25:00,75264.1,75270.5,75021.5,75166.4,1418.102
2026-08-21 12:30:00,75166.3,75244.8,75059.2,75184.0,623.655
2026-08-21 12:35:00,75183.9,75300.0,75141.7,75299.9,589.384
2026-08-21 12:40:00,75300.0,75358.2,75170.0,75250.2,721.503
2026-08-21 12:45:00,75250.2,75254.6,75179.2,75238.6,438.793
2026-08-21 12:50:00,75238.6,75378.8,75238.6,75320.2,986.907
2026-08-21 12:55:00,75320.3,75433.8,75320.2,75433.0,685.471
2026-08-21 13:00:00,75433.1,75439.0,75301.2,75392.4,653.383
2026-08-21 13:05:00,75392.4,75498.3,75338.2,75429.2,1075.2
2026-08-21 13:10:00,75429.2,75429.3,75233.9,75255.8,590.476
2026-08-21 13:15:00,75255.8,75407.5,75240.1,75286.9,428.242
2026-08-21 13:20:00,75286.9,75338.0,75066.0,75202.7,985.26
2026-08-21 13:25:00,75202.8,75487.6,75166.5,75304.5,1095.879
2026-08-21 13:30:00,75304.4,75638.7,75297.0,75611.6,1797.467
2026-08-21 13:35:00,75611.7,75699.0,75459.0,75674.4,987.466
2026-08-21 13:40:00,75674.4,75720.8,75280.0,75353.3,1808.004
2026-08-21 13:45:00,75353.4,75585.5,75252.8,75487.4,971.486
2026-08-21 13:50:00,75487.3,75539.2,75385.8,75509.7,545.58
2026-08-21 13:55:00,75509.6,75618.3,75500.0,75613.3,787.904
2026-08-21 14:00:00,75613.3,75850.0,75577.0,75692.7,2328.148
2026-08-21 14:05:00,75692.7,75880.0,75610.7,75833.8,1197.13
2026-08-21 14:10:00,75833.9,75998.8,75830.0,75935.2,2585.211
2026-08-21 14:15:00,75935.2,76900.0,75900.8,76444.3,14539.115
2026-08-21 14:20:00,76444.4,76500.0,76209.9,76210.0,3960.262
2026-08-21 14:25:00,76210.0,76443.9,76209.5,76375.2,1770.972
2026-08-21 14:30:00,76375.2,76532.0,76257.0,76361.6,2668.35
2026-08-21 14:35:00,76361.6,76524.0,76269.7,76506.4,1685.569
2026-08-21 14:40:00,76506.5,76779.7,76412.5,76570.2,2833.025
2026-08-21 14:45:00,76570.3,76619.6,76382.9,76428.1,1758.531
2026-08-21 14:50:00,76428.2,76470.0,76276.4,76308.2,1758.216
2026-08-21 14:55:00,76308.3,76442.1,76205.3,76310.4,2245.022
2026-08-21 15:00:00,76310.3,76765.4,76253.2,76621.0,1941.617
2026-08-21 15:05:00,76621.0,76854.3,76466.9,76761.5,1895.775
2026-08-21 15:10:00,76761.4,77200.0,76667.8,76883.7,5009.264
2026-08-21 15:15:00,76883.6,77260.5,76835.7,77143.0,3547.052
2026-08-21 15:20:00,77143.0,77190.0,76908.1,77014.0,2146.048
2026-08-21 15:25:00,77014.0,77450.0,77001.5,77217.6,3938.588
2026-08-21 15:30:00,77217.5,77551.7,77150.0,77545.4,3868.325
2026-08-21 15:35:00,77545.3,77666.0,77400.0,77513.9,3696.548
2026-08-21 15:40:00,77513.8,77799.9,77487.0,77637.3,3206.305
2026-08-21 15:45:00,77637.4,78137.0,77559.1,77941.5,7576.856
2026-08-21 15:50:00,77941.6,78699.8,77937.6,78674.1,10189.512
2026-08-21 15:55:00,78673.9,79555.5,78506.1,79269.0,14401.967
2026-08-21 16:00:00,79268.9,79372.8,77600.0,77856.2,18255.268
2026-08-21 16:05:00,77856.2,78156.7,77255.0,77843.4,10271.808
2026-08-21 16:10:00,77843.4,78175.2,77819.4,77876.0,5281.311
2026-08-21 16:15:00,77875.9,77954.9,77451.2,77581.0,3370.846
2026-08-21 16:20:00,77581.0,77817.1,77556.0,77646.2,2020.3
2026-08-21 16:25:00,77646.1,77875.0,77561.7,77709.6,1500.842
2026-08-21 16:30:00,77709.6,77968.9,77610.1,77904.8,1451.616
2026-08-21 16:35:00,77904.8,78023.0,77759.5,77887.9,1568.1
2026-08-21 16:40:00,77887.9,78366.0,77871.0,78180.6,2557.483
2026-08-21 16:45:00,78180.5,78366.1,78100.0,78256.7,2297.733
2026-08-21 16:50:00,78256.7,78273.8,77953.9,78065.4,1479.052
2026-08-21 16:55:00,78065.5,78108.2,77550.0,77900.6,3093.504
2026-08-21 17:00:00,77900.5,77937.9,77600.9,77660.2,1558.322
2026-08-21 17:05:00,77660.3,77817.4,77610.0,77781.9,1095.008
2026-08-21 17:10:00,77781.9,78115.5,77781.9,78031.2,1533.043
2026-08-21 17:15:00,78031.1,78243.5,78016.2,78237.0,1401.772
2026-08-21 17:20:00,78237.0,78237.0,77942.6,78007.2,996.312
2026-08-21 17:25:00,78007.2,78011.2,77650.0,77913.4,1538.617
2026-08-21 17:30:00,77913.5,77958.0,77663.0,77663.1,1018.309
2026-08-21 17:35:00,77663.1,77779.7,77608.2,77702.2,1038.529
2026-08-21 17:40:00,77702.2,77847.0,77700.0,77829.7,562.866
2026-08-21 17:45:00,77829.7,77995.5,77773.5,77781.9,470.65
2026-08-21 17:50:00,77781.8,77849.8,77724.1,77814.2,343.589
2026-08-21 17:55:00,77814.1,77885.0,77765.9,77803.3,309.658
2026-08-21 18:00:00,77803.2,77828.6,77560.0,77810.2,1082.536
2026-08-21 18:05:00,77810.2,77858.0,77708.1,77732.9,507.998
2026-08-21 18:10:00,77732.9,77791.5,77317.9,77546.1,2367.523
2026-08-21 18:15:00,77546.2,77550.0,77300.0,77304.3,1671.088
2026-08-21 18:20:00,77304.3,77677.0,77213.8,77516.0,2061.218
2026-08-21 18:25:00,77516.1,77521.2,77261.0,77419.6,1159.378
2026-08-21 18:30:00,77419.6,77445.8,76393.1,76485.7,8910.498
2026-08-21 18:35:00,76485.8,77116.8,76483.2,76978.9,3556.112
2026-08-21 18:40:00,76978.9,77053.9,76784.0,76837.6,1515.599
2026-08-21 18:45:00,76837.6,76964.5,76593.2,76715.5,1822.081
2026-08-21 18:50:00,76715.5,77043.9,76676.1,77021.9,1489.287
2026-08-21 18:55:00,77021.9,77029.5,76676.1,76749.0,1720.277
2026-08-21 19:00:00,76748.9,76837.9,76537.8,76684.8,2323.121
2026-08-21 19:05:00,76684.8,76990.9,76684.7,76804.1,1462.125
2026-08-21 19:10:00,76804.2,77021.3,76742.3,76938.9,1349.639
2026-08-21 19:15:00,76938.9,76938.9,76780.0,76856.2,568.973
2026-08-21 19:20:00,76856.1,76884.2,76658.1,76805.0,876.622
2026-08-21 19:25:00,76805.1,76819.4,76675.4,76697.9,693.059
2026-08-21 19:30:00,76697.9,76770.0,76637.0,76706.1,691.69
2026-08-21 19:35:00,76706.1,77281.1,76703.4,77224.3,3015.724
2026-08-21 19:40:00,77224.3,77443.6,77200.3,77423.9,2205.43
2026-08-21 19:45:00,77423.8,77487.2,77256.0,77369.8,1462.436
2026-08-21 19:50:00,77369.9,77450.0,77100.0,77169.9,978.583
2026-08-21 19:55:00,77170.0,77266.5,77103.7,77228.1,606.259
2026-08-21 20:00:00,77228.1,77309.3,77077.0,77309.0,874.802
2026-08-21 20:05:00,77309.0,77399.6,77202.4,77242.9,784.564
2026-08-21 20:10:00,77243.0,77243.0,77031.2,77195.5,889.397
2026-08-21 20:15:00,77195.4,77195.5,76836.1,76966.4,1232.758
2026-08-21 20:20:00,76966.4,76971.2,76838.2,76971.2,973.552
2026-08-21 20:25:00,76971.1,77221.7,76904.4,77096.5,963.914
2026-08-21 20:30:00,77096.6,77096.6,76562.0,76610.2,2986.683
2026-08-21 20:35:00,76610.4,76986.9,76237.0,76980.0,5142.536
2026-08-21 20:40:00,76980.0,77333.0,76973.2,77299.9,2911.601
2026-08-21 20:45:00,77299.9,77547.4,77141.0,77457.4,2911.905
2026-08-21 20:50:00,77457.5,77721.9,77238.4,77308.5,3156.957
2026-08-21 20:55:00,77308.6,77465.4,77116.6,77244.3,1639.764
2026-08-21 21:00:00,77244.4,77251.2,76733.5,76749.3,3048.02
2026-08-21 21:05:00,76749.3,77144.5,76737.2,76976.6,1137.067
2026-08-21 21:10:00,76976.6,77096.9,76679.9,76759.7,1241.674
2026-08-21 21:15:00,76759.7,76973.2,76538.9,76669.9,1601.316
2026-08-21 21:20:00,76670.0,77104.1,76540.1,77010.2,2788.537
2026-08-21 21:25:00,77010.2,77203.6,76990.0,77060.1,1550.624
2026-08-21 21:30:00,77060.0,77225.4,77053.9,77091.6,934.93
2026-08-21 21:35:00,77091.5,77239.0,76850.1,76864.1,1138.595
2026-08-21 21:40:00,76863.9,77150.0,76861.6,77148.7,679.495
2026-08-21 21:45:00,77148.6,77378.0,77124.5,77342.0,1263.069
2026-08-21 21:50:00,77342.0,77449.6,77295.2,77306.3,1194.151
2026-08-21 21:55:00,77306.2,77450.0,77268.2,77387.7,621.408
2026-08-21 22:00:00,77387.7,77599.4,77320.9,77519.0,1202.475
2026-08-21 22:05:00,77518.9,77721.9,77469.2,77698.8,1919.336
2026-08-21 22:10:00,77698.7,77798.8,77588.8,77700.5,1369.527
2026-08-21 22:15:00,77700.5,77871.6,77534.0,77631.7,1443.891
2026-08-21 22:20:00,77631.7,77746.1,77508.2,77622.0,691.036
2026-08-21 22:25:00,77622.1,77823.6,77586.3,77603.9,694.738
2026-08-21 22:30:00,77603.8,77744.4,77517.3,77556.8,532.538
2026-08-21 22:35:00,77556.8,77650.0,77464.6,77606.0,639.838
2026-08-21 22:40:00,77606.1,77650.0,77480.9,77498.2,425.775
2026-08-21 22:45:00,77498.1,77543.8,77340.5,77343.2,985.074
2026-08-21 22:50:00,77343.1,77471.0,77274.2,77286.3,721.362
2026-08-21 22:55:00,77286.3,77330.9,77157.3,77219.8,826.193
2026-08-21 23:00:00,77219.8,77315.9,77080.4,77080.4,986.525
2026-08-21 23:05:00,77080.4,77146.2,76908.2,76950.3,1440.791
2026-08-21 23:10:00,76950.0,77149.9,76841.9,76846.3,1144.945
2026-08-21 23:15:00,76846.2,77195.8,76757.0,77119.7,1229.325
2026-08-21 23:20:00,77119.7,77209.4,77052.6,77134.2,834.403
2026-08-21 23:25:00,77134.1,77379.5,77086.9,77379.5,857.318
2026-08-21 23:30:00,77379.5,77412.6,77259.1,77333.5,716.341
2026-08-21 23:35:00,77333.4,77333.5,77220.8,77296.4,422.778
2026-08-21 23:40:00,77296.4,77350.0,77251.3,77346.6,262.542
2026-08-21 23:45:00,77346.5,77528.2,77300.2,77504.7,837.977
2026-08-21 23:50:00,77504.8,77549.0,77415.7,77438.6,574.22
2026-08-21 23:55:00,77438.6,77513.6,77415.8,77462.3,434.672
2026-08-22 00:00:00,77462.3,77619.7,77441.6,77499.9,1052.635
2026-08-22 00:05:00,77499.9,77711.1,77457.3,77596.9,1233.873
2026-08-22 00:10:00,77597.0,77643.2,77482.0,77546.9,702.744
2026-08-22 00:15:00,77547.0,77547.8,77350.7,77385.9,807.389
2026-08-22 00:20:00,77385.8,77385.9,77162.8,77219.0,915.709
2026-08-22 00:25:00,77218.9,77550.0,77218.9,77550.0,724.533
2026-08-22 00:30:00,77550.0,77641.4,77510.6,77629.2,873.715
2026-08-22 00:35:00,77629.3,77629.3,77474.0,77537.0,458.888
2026-08-22 00:40:00,77537.1,77549.0,77304.8,77370.7,1105.185
2026-08-22 00:45:00,77370.8,77505.8,77293.9,77401.0,543.231
2026-08-22 00:50:00,77401.0,77433.9,77334.0,77345.1,286.686
2026-08-22 00:55:00,77345.0,77463.9,77345.0,77381.8,278.002
2026-08-22 01:00:00,77381.7,77471.9,77366.2,77423.1,537.004
2026-08-22 01:05:00,77423.1,77543.8,77334.3,77337.4,876.292
2026-08-22 01:10:00,77337.2,77379.6,77256.0,77304.2,865.501
2026-08-22 01:15:00,77304.2,77411.1,77238.2,77410.9,646.114
2026-08-22 01:20:00,77410.9,77489.0,77391.6,77405.7,380.124
2026-08-22 01:25:00,77405.7,77456.8,77354.4,77372.8,349.423
2026-08-22 01:30:00,77372.9,77435.0,77268.4,77275.0,406.096
2026-08-22 01:35:00,77275.1,77279.4,77080.4,77207.4,1066.854
2026-08-22 01:40:00,77207.3,77214.5,76825.9,76920.6,1222.789
2026-08-22 01:45:00,76920.6,76920.6,76576.4,76669.2,2765.928
2026-08-22 01:50:00,76669.2,76919.8,76669.1,76820.6,1042.676
2026-08-22 01:55:00,76820.6,77115.5,76793.7,77115.4,865.928
2026-08-22 02:00:00,77115.4,77157.2,76860.9,76872.5,640.244
2026-08-22 02:05:00,76872.6,77032.8,76817.6,77025.8,513.984
2026-08-22 02:10:00,77025.7,77150.0,76979.4,77109.2,401.529
2026-08-22 02:15:00,77109.2,77109.3,76934.2,77079.6,407.401
2026-08-22 02:20:00,77079.5,77200.6,77019.6,77162.8,424.701
2026-08-22 02:25:00,77162.8,77308.3,77162.7,77288.5,556.535
2026-08-22 02:30:00,77288.5,77328.6,77151.1,77159.7,366.057
2026-08-22 02:35:00,77159.8,77215.0,77082.1,77151.9,337.836
2026-08-22 02:40:00,77151.7,77187.5,77058.5,77143.2,388.386
2026-08-22 02:45:00,77143.1,77215.0,77051.8,77174.6,322.14
2026-08-22 02:50:00,77174.6,77193.4,77063.8,77134.4,392.858
2026-08-22 02:55:00,77134.4,77134.4,76974.9,76995.4,557.363
2026-08-22 03:00:00,76995.4,77141.3,76815.6,77137.7,843.092
2026-08-22 03:05:00,77137.6,77137.6,76925.0,77092.7,494.516
2026-08-22 03:10:00,77092.7,77273.3,77035.6,77243.1,573.654
2026-08-22 03:15:00,77243.0,77465.9,77243.0,77390.7,978.809
2026-08-22 03:20:00,77390.7,77500.0,77357.3,77488.9,636.978
2026-08-22 03:25:00,77488.9,77490.0,77353.3,77456.8,242.653
2026-08-22 03:30:00,77456.8,77500.0,77436.3,77487.5,336.673
2026-08-22 03:35:00,77487.6,77499.9,77310.3,77360.3,390.827
2026-08-22 03:40:00,77360.2,77488.7,77360.2,77439.0,273.044
2026-08-22 03:45:00,77439.0,77460.0,77275.6,77399.3,324.095
2026-08-22 03:50:00,77399.3,77517.4,77367.4,77455.1,327.599
2026-08-22 03:55:00,77455.2,77480.1,77424.5,77480.0,202.178
2026-08-22 04:00:00,77480.0,77480.1,77417.2,77445.5,203.254
2026-08-22 04:05:00,77445.5,77455.9,77345.9,77403.1,238.228
2026-08-22 04:10:00,77403.2,77786.8,77403.1,77650.3,1430.959
2026-08-22 04:15:00,77650.2,77693.9,77560.3,77693.3,468.54
2026-08-22 04:20:00,77693.3,78093.5,77549.4,78014.5,2185.247
2026-08-22 04:25:00,78014.4,78185.5,77884.4,78074.2,1886.406
2026-08-22 04:30:00,78074.1,78487.6,78074.1,78399.9,2430.031
2026-08-22 04:35:00,78399.9,78443.6,77957.6,77995.3,1351.07
2026-08-22 04:40:00,77995.3,78248.0,77945.2,78220.3,699.291
2026-08-22 04:45:00,78220.2,78392.7,78192.4,78323.9,710.286
2026-08-22 04:50:00,78323.8,78655.0,78240.6,78638.3,1684.292
2026-08-22 04:55:00,78638.2,78666.0,78394.0,78491.5,914.644
2026-08-22 05:00:00,78491.4,78517.3,78150.0,78371.7,1393.83
2026-08-22 05:05:00,78371.6,78748.8,78304.4,78708.1,1496.056
2026-08-22 05:10:00,78708.0,78740.0,78556.0,78740.0,1057.769
2026-08-22 05:15:00,78739.9,78740.0,78436.1,78591.5,1128.875
2026-08-22 05:20:00,78591.5,78685.3,78315.3,78511.2,1141.262
2026-08-22 05:25:00,78511.3,78648.5,78436.9,78485.7,593.781
2026-08-22 05:30:00,78485.8,78514.4,78061.6,78292.2,1604.11
2026-08-22 05:35:00,78292.2,78504.0,78251.2,78433.3,467.401
2026-08-22 05:40:00,78433.4,78561.7,78392.3,78491.7,356.673
2026-08-22 05:45:00,78491.5,78491.5,78250.0,78267.3,528.932
2026-08-22 05:50:00,78267.4,78612.6,78215.3,78525.0,702.381
2026-08-22 05:55:00,78525.1,78565.0,78400.0,78436.8,371.873
2026-08-22 06:00:00,78436.8,78444.7,78308.9,78351.8,727.492
2026-08-22 06:05:00,78352.0,78530.0,78346.5,78501.0,527.475
2026-08-22 06:10:00,78501.0,78600.0,78451.3,78520.1,417.946
2026-08-22 06:15:00,78520.0,78690.0,78510.2,78618.2,664.838
2026-08-22 06:20:00,78618.1,78705.8,78537.4,78659.7,583.536
2026-08-22 06:25:00,78659.7,78676.8,78330.6,78383.8,789.729
2026-08-22 06:30:00,78383.8,78489.6,78330.6,78369.2,379.484
2026-08-22 06:35:00,78369.2,78404.9,78180.0,78204.3,662.073
2026-08-22 06:40:00,78204.3,78372.2,78100.0,78353.4,672.516
2026-08-22 06:45:00,78353.4,78383.7,78214.9,78239.7,247.045
2026-08-22 06:50:00,78239.6,78335.7,78093.3,78287.9,499.931
2026-08-22 06:55:00,78287.9,78347.6,78234.0,78309.1,252.247
2026-08-22 07:00:00,78309.1,78486.6,78067.0,78153.0,936.337
2026-08-22 07:05:00,78153.1,78155.1,77707.3,77862.9,2222.608
2026-08-22 07:10:00,77862.9,77983.6,77779.4,77888.6,723.066
2026-08-22 07:15:00,77888.6,78071.1,77833.1,78040.9,793.112
2026-08-22 07:20:00,78040.9,78083.5,78010.8,78063.4,393.035
2026-08-22 07:25:00,78063.4,78063.4,77866.2,77898.7,376.807
2026-08-22 07:30:00,77898.7,78032.1,77849.8,77890.1,436.42
2026-08-22 07:35:00,77890.1,77993.9,77882.4,77908.0,175.151
2026-08-22 07:40:00,77908.0,77915.8,77728.1,77812.0,548.558
2026-08-22 07:45:00,77812.0,77879.6,77649.7,77794.3,761.198
2026-08-22 07:50:00,77794.3,77847.2,77731.4,77819.2,305.575
2026-08-22 07:55:00,77819.3,77963.6,77810.5,77921.6,359.925
2026-08-22 08:00:00,77921.6,78065.0,77879.6,78065.0,348.665
2026-08-22 08:05:00,78065.0,78114.4,78037.3,78051.9,627.943
2026-08-22 08:10:00,78052.0,78188.0,78050.1,78076.8,493.867
2026-08-22 08:15:00,78076.9,78149.8,77956.2,77980.9,355.031
2026-08-22 08:20:00,77980.9,77999.8,77862.6,77978.0,325.143
2026-08-22 08:25:00,77978.0,78024.6,77946.3,77991.5,134.389
2026-08-22 08:30:00,77991.5,78223.1,77991.4,78108.2,494.31
2026-08-22 08:35:00,78108.2,78145.4,77972.3,77983.2,335.473
2026-08-22 08:40:00,77983.2,78033.0,77855.3,77891.8,434.187
2026-08-22 08:45:00,77891.8,77948.0,77807.2,77807.2,387.967
2026-08-22 08:50:00,77807.3,77866.8,77780.9,77852.7,332.974
2026-08-22 08:55:00,77852.7,77988.3,77792.0,77807.7,326.242
2026-08-22 09:00:00,77807.6,77965.4,77763.0,77941.7,354.801
2026-08-22 09:05:00,77941.8,78036.1,77907.1,77999.9,312.203
2026-08-22 09:10:00,78000.0,78094.7,77992.0,78029.5,377.238
2026-08-22 09:15:00,78029.5,78181.9,78012.5,78083.1,457.092
2026-08-22 09:20:00,78083.0,78181.6,78078.3,78172.4,446.508
2026-08-22 09:25:00,78172.3,78472.5,78156.0,78358.1,1045.347
2026-08-22 09:30:00,78358.2,78494.9,78250.3,78266.5,531.623
2026-08-22 09:35:00,78266.5,78398.9,78134.1,78397.8,451.528
2026-08-22 09:40:00,78397.7,78493.9,78327.4,78489.9,485.02
2026-08-22 09:45:00,78490.0,78534.9,78288.5,78352.3,556.66
2026-08-22 09:50:00,78352.2,78481.6,78314.2,78426.2,371.595
2026-08-22 09:55:00,78426.2,78549.9,78406.9,78467.9,474.324
2026-08-22 10:00:00,78467.9,78629.1,78400.0,78552.1,488.537
2026-08-22 10:05:00,78552.1,78690.4,78534.7,78534.7,661.569
2026-08-22 10:10:00,78534.7,78537.6,78350.0,78378.1,408.807
2026-08-22 10:15:00,78378.0,78596.9,78344.3,78581.3,410.722
2026-08-22 10:20:00,78581.2,78600.0,78479.1,78576.2,422.954
2026-08-22 10:25:00,78576.1,78783.6,78576.1,78746.7,985.63
2026-08-22 10:30:00,78746.6,78831.8,78632.5,78654.3,706.787
2026-08-22 10:35:00,78654.3,78740.0,78654.2,78674.9,326.697
2026-08-22 10:40:00,78675.0,78675.0,78531.0,78630.5,363.165
2026-08-22 10:45:00,78630.5,78630.5,78533.6,78545.7,420.525
2026-08-22 10:50:00,78545.7,78676.9,78524.3,78528.9,370.504
2026-08-22 10:55:00,78529.0,78542.6,78365.2,78395.0,522.714
2026-08-22 11:00:00,78395.0,78456.5,78222.1,78369.0,639.797
2026-08-22 11:05:00,78369.1,78420.4,78232.7,78314.0,454.674
2026-08-22 11:10:00,78313.9,78400.0,78313.9,78384.3,233.121
2026-08-22 11:15:00,78384.3,78384.3,78183.1,78241.8,449.362
2026-08-22 11:20:00,78241.8,78528.1,78241.8,78481.4,486.572
2026-08-22 11:25:00,78481.4,78580.0,78469.8,78576.4,314.653
2026-08-22 11:30:00,78576.5,78730.9,78502.6,78684.6,669.929
2026-08-22 11:35:00,78684.6,78758.0,78593.0,78663.6,465.217
2026-08-22 11:40:00,78663.7,78815.2,78630.3,78645.1,705.272
2026-08-22 11:45:00,78645.0,78681.6,78510.8,78560.0,687.906
2026-08-22 11:50:00,78560.0,78573.4,78477.3,78525.4,413.008
2026-08-22 11:55:00,78525.4,78548.5,78444.4,78453.3,460.443
2026-08-22 12:00:00,78453.2,78589.9,78413.5,78495.5,489.626
2026-08-22 12:05:00,78495.4,78553.5,77781.5,77788.2,2910.268
2026-08-22 12:10:00,77788.2,77840.0,76510.0,77310.9,9958.681
2026-08-22 12:15:00,77310.9,77528.4,76728.1,76954.2,4244.01
2026-08-22 12:20:00,76954.2,77273.6,76760.1,77054.2,2115.292
2026-08-22 12:25:00,77054.3,77300.0,77030.1,77297.1,1077.81
2026-08-22 12:30:00,77297.1,77350.3,76900.4,77350.2,1521.173
2026-08-22 12:35:00,77350.2,77571.0,77118.0,77122.2,1463.272
2026-08-22 12:40:00,77122.2,77239.6,76982.4,77176.1,1046.892
2026-08-22 12:45:00,77176.0,77428.4,77053.8,77365.3,1155.839
2026-08-22 12:50:00,77365.3,77497.8,77242.3,77342.4,877.325
2026-08-22 12:55:00,77342.4,77465.0,77315.0,77371.6,561.91
2026-08-22 13:00:00,77371.5,77438.0,77277.7,77297.8,496.435
2026-08-22 13:05:00,77297.8,77350.0,77139.0,77306.2,630.871
2026-08-22 13:10:00,77306.3,77330.2,77143.8,77162.4,581.698
2026-08-22 13:15:00,77162.4,77350.0,77162.4,77213.9,350.627
2026-08-22 13:20:00,77214.0,77370.0,77213.9,77364.1,419.613
2026-08-22 13:25:00,77364.1,77388.0,77200.0,77234.3,295.971
2026-08-22 13:30:00,77234.3,77234.3,76963.5,77070.6,884.996
2026-08-22 13:35:00,77070.6,77560.0,77070.6,77493.5,1241.927
2026-08-22 13:40:00,77493.4,77564.1,77384.3,77384.4,874.189
2026-08-22 13:45:00,77384.3,77468.3,77369.1,77442.3,286.724
2026-08-22 13:50:00,77442.2,77539.3,77384.0,77453.2,510.988
2026-08-22 13:55:00,77453.2,77494.4,77387.2,77476.6,294.794
2026-08-22 14:00:00,77476.6,77640.4,77433.4,77613.9,768.426
2026-08-22 14:05:00,77613.9,77675.0,77367.6,77377.7,718.399
2026-08-22 14:10:00,77377.5,77433.4,77253.5,77365.3,688.542
2026-08-22 14:15:00,77365.3,77389.5,77201.4,77255.4,453.144
2026-08-22 14:20:00,77255.3,77450.0,77254.7,77424.2,389.803
2026-08-22 14:25:00,77424.3,77482.3,77371.8,77471.1,235.253
2026-08-22 14:30:00,77471.1,77497.0,77395.7,77446.2,449.203
2026-08-22 14:35:00,77446.1,77461.7,77368.1,77404.1,300.93
2026-08-22 14:40:00,77404.2,77424.7,77285.6,77402.3,297.59
2026-08-22 14:45:00,77402.4,77430.3,77305.3,77331.1,230.338
2026-08-22 14:50:00,77331.2,77355.5,77283.7,77334.9,320.829
2026-08-22 14:55:00,77334.9,77354.6,77258.6,77286.7,264.652
2026-08-22 15:00:00,77286.7,77399.3,77237.3,77237.3,448.846
2026-08-22 15:05:00,77237.4,77391.7,77177.0,77329.4,590.678
2026-08-22 15:10:00,77329.3,77420.4,77329.3,77414.1,254.376
2026-08-22 15:15:00,77414.0,77430.0,77288.3,77302.8,212.304
2026-08-22 15:20:00,77302.8,77348.3,77250.0,77265.5,205.383
2026-08-22 15:25:00,77265.5,77286.1,77086.1,77204.8,711.393
2026-08-22 15:30:00,77204.9,77215.9,77050.0,77109.3,1109.651
2026-08-22 15:35:00,77109.3,77185.9,77056.6,77135.3,499.38
2026-08-22 15:40:00,77135.3,77317.5,77012.9,77275.6,707.955
2026-08-22 15:45:00,77275.7,77275.7,77088.2,77189.0,373.031
2026-08-22 15:50:00,77189.0,77200.0,77137.0,77165.5,210.79
2026-08-22 15:55:00,77165.4,77200.0,77125.6,77193.5,354.11
2026-08-22 16:00:00,77193.5,77218.4,77031.0,77100.0,377.609
2026-08-22 16:05:00,77100.0,77253.1,77067.5,77235.9,439.35
2026-08-22 16:10:00,77235.9,77355.5,77185.1,77355.4,668.263
2026-08-22 16:15:00,77355.5,77385.0,77257.1,77261.4,380.365
2026-08-22 16:20:00,77261.4,77350.0,77209.6,77213.4,351.0
2026-08-22 16:25:00,77213.4,77230.2,77145.0,77189.4,326.419
2026-08-22 16:30:00,77189.4,77239.5,77162.3,77180.1,216.813
2026-08-22 16:35:00,77180.1,77218.9,77133.0,77151.7,204.531
2026-08-22 16:40:00,77151.6,77187.6,77136.9,77185.7,134.874
2026-08-22 16:45:00,77185.6,77185.6,76816.4,76952.3,1600.36
2026-08-22 16:50:00,76952.4,77020.0,76857.6,76917.5,558.926
2026-08-22 16:55:00,76917.5,77055.0,76900.3,77047.5,482.162
2026-08-22 17:00:00,77047.6,77059.5,76782.0,76916.9,826.517
2026-08-22 17:05:00,76917.0,76922.0,76730.2,76776.4,821.488
2026-08-22 17:10:00,76776.5,76875.8,76663.8,76703.0,1000.946
2026-08-22 17:15:00,76702.9,76840.2,76661.0,76669.0,856.214
2026-08-22 17:20:00,76669.1,76758.2,76512.9,76600.0,2064.614
2026-08-22 17:25:00,76600.1,76957.2,76571.9,76939.0,1158.13
2026-08-22 17:30:00,76939.0,76977.0,76861.8,76929.0,604.086
2026-08-22 17:35:00,76929.0,77143.0,76928.9,77074.6,692.162
2026-08-22 17:40:00,77074.6,77176.6,77074.6,77169.5,483.505
2026-08-22 17:45:00,77169.5,77194.8,77034.2,77052.4,492.983
2026-08-22 17:50:00,77052.4,77077.1,76984.1,76992.0,316.493
2026-08-22 17:55:00,76992.0,77023.9,76900.0,76975.7,416.764
2026-08-22 18:00:00,76975.7,77000.0,76821.8,76973.2,426.851
2026-08-22 18:05:00,76973.2,77079.0,76888.0,76888.3,415.404
2026-08-22 18:10:00,76888.3,76968.0,76861.8,76861.8,191.367
2026-08-22 18:15:00,76861.8,76896.9,76815.6,76824.8,361.717
2026-08-22 18:20:00,76824.8,76929.0,76824.8,76838.9,606.825
2026-08-22 18:25:00,76838.9,77009.7,76838.9,76991.8,354.169
2026-08-22 18:30:00,76991.8,77100.0,76950.2,77096.5,441.641
2026-08-22 18:35:00,77096.4,77198.9,77096.4,77128.0,636.991
2026-08-22 18:40:00,77128.0,77188.8,77116.1,77182.7,351.756
2026-08-22 18:45:00,77182.8,77224.9,77101.1,77101.1,580.072
2026-08-22 18:50:00,77101.1,77124.8,77070.0,77105.3,223.739
2026-08-22 18:55:00,77105.4,77195.1,77101.3,77137.9,396.739
2026-08-22 19:00:00,77137.9,77297.8,77081.7,77139.4,515.825
2026-08-22 19:05:00,77139.5,77278.9,77139.4,77243.3,388.957
2026-08-22 19:10:00,77243.2,77289.1,77220.2,77243.6,301.095
2026-08-22 19:15:00,77243.6,77290.0,77201.0,77254.9,293.817
2026-08-22 19:20:00,77254.9,77337.0,77254.9,77282.1,426.181
2026-08-22 19:25:00,77282.0,77347.9,77251.3,77329.9,431.977
2026-08-22 19:30:00,77329.8,77335.4,77208.7,77227.0,281.733
2026-08-22 19:35:00,77227.0,77285.3,77205.0,77253.6,139.168
2026-08-22 19:40:00,77253.5,77350.0,77253.5,77343.9,175.416
2026-08-22 19:45:00,77343.8,77390.0,77325.8,77343.4,220.708
2026-08-22 19:50:00,77343.4,77345.0,77244.6,77314.9,277.253
2026-08-22 19:55:00,77315.0,77353.7,77285.9,77295.6,313.38
2026-08-22 20:00:00,77295.6,77318.2,77187.3,77220.8,276.292
2026-08-22 20:05:00,77220.7,77268.4,77183.0,77268.4,235.886
2026-08-22 20:10:00,77268.5,77270.9,77214.1,77222.6,112.429
2026-08-22 20:15:00,77222.6,77258.6,77125.9,77144.5,309.71
2026-08-22 20:20:00,77144.5,77189.8,77117.1,77189.5,163.279
2026-08-22 20:25:00,77189.5,77258.6,77166.3,77175.4,148.537
2026-08-22 20:30:00,77175.4,77206.7,77134.0,77134.0,118.141
2026-08-22 20:35:00,77134.1,77191.1,77104.7,77129.5,161.423
2026-08-22 20:40:00,77129.6,77184.0,77129.5,77165.9,79.61
2026-08-22 20:45:00,77165.9,77299.8,77149.4,77256.7,263.527
2026-08-22 20:50:00,77256.6,77381.1,77256.6,77300.4,424.385
2026-08-22 20:55:00,77300.3,77314.6,77258.2,77290.6,192.098
2026-08-22 21:00:00,77290.6,77322.0,77183.5,77208.1,230.308
2026-08-22 21:05:00,77208.2,77229.9,76959.4,77088.6,940.658
2026-08-22 21:10:00,77088.6,77118.7,77022.6,77040.8,278.434
2026-08-22 21:15:00,77040.8,77084.7,76970.0,77003.8,289.094
2026-08-22 21:20:00,77003.8,77070.5,77003.7,77030.9,162.184
2026-08-22 21:25:00,77030.9,77107.8,77020.1,77107.7,158.984
2026-08-22 21:30:00,77107.8,77169.0,77050.0,77150.2,238.613
2026-08-22 21:35:00,77150.3,77175.0,76986.3,76996.3,266.672
2026-08-22 21:40:00,76996.3,77068.4,76961.5,76970.1,408.992
2026-08-22 21:45:00,76970.2,77030.2,76960.0,76972.1,193.11
2026-08-22 21:50:00,76972.2,77017.5,76936.1,76958.1,244.829
2026-08-22 21:55:00,76958.1,77093.9,76952.0,77018.6,246.447
2026-08-22 22:00:00,77018.6,77100.0,76968.0,77028.6,222.077
2026-08-22 22:05:00,77028.5,77073.8,76970.2,76977.7,178.678
2026-08-22 22:10:00,76977.7,77053.4,76951.0,76951.0,233.582
2026-08-22 22:15:00,76951.1,77027.9,76935.0,76962.5,205.332
2026-08-22 22:20:00,76962.5,77044.1,76888.0,77009.8,347.676
2026-08-22 22:25:00,77009.8,77038.8,76974.4,76993.9,232.17
2026-08-22 22:30:00,76993.9,77118.3,76993.9,77104.9,239.926
2026-08-22 22:35:00,77105.0,77112.3,77028.5,77071.9,128.528
2026-08-22 22:40:00,77071.9,77090.0,77018.0,77067.1,101.421
2026-08-22 22:45:00,77067.1,77112.8,77003.7,77005.6,130.748
2026-08-22 22:50:00,77005.6,77019.3,76923.0,76980.6,325.656
2026-08-22 22:55:00,76980.6,77043.5,76980.0,76995.6,155.293
2026-08-22 23:00:00,76995.6,77086.0,76969.4,77078.2,196.834
2026-08-22 23:05:00,77078.3,77087.8,77030.0,77034.8,144.962
2026-08-22 23:10:00,77034.9,77084.7,76971.0,77069.0,205.571
2026-08-22 23:15:00,77069.1,77196.5,77057.1,77190.4,480.642
2026-08-22 23:20:00,77190.3,77266.9,77166.9,77220.4,380.659
2026-08-22 23:25:00,77220.5,77249.0,77181.2,77209.0,169.656
2026-08-22 23:30:00,77209.0,77246.6,77193.5,77207.5,157.332
2026-08-22 23:35:00,77207.5,77348.2,77207.5,77329.5,477.241
2026-08-22 23:40:00,77329.5,77499.5,77329.4,77405.6,1015.306
2026-08-22 23:45:00,77405.6,77590.6,77405.5,77464.3,1000.497
2026-08-22 23:50:00,77464.2,77464.2,77332.4,77337.6,387.241
2026-08-22 23:55:00,77337.6,77364.0,77293.4,77299.0,253.761
2026-08-23 00:00:00,77299.0,77350.0,77275.3,77280.0,219.475
2026-08-23 00:05:00,77280.0,77343.6,77256.1,77310.9,304.09
2026-08-23 00:10:00,77310.9,77325.0,77290.1,77293.6,99.992
2026-08-23 00:15:00,77293.6,77361.6,77290.4,77356.9,137.96
2026-08-23 00:20:00,77356.9,77368.4,77298.2,77303.3,151.401
2026-08-23 00:25:00,77303.3,77317.4,77081.1,77103.8,683.976
2026-08-23 00:30:00,77103.8,77214.0,77103.8,77189.2,197.854
2026-08-23 00:35:00,77189.2,77220.0,77138.7,77138.7,121.675
2026-08-23 00:40:00,77138.7,77241.2,77132.2,77235.1,142.374
2026-08-23 00:45:00,77235.1,77330.9,77235.0,77300.2,214.579
2026-08-23 00:50:00,77300.2,77394.9,77280.7,77311.0,186.794
2026-08-23 00:55:00,77311.0,77319.2,77283.0,77289.2,104.094
2026-08-23 01:00:00,77289.1,77366.0,77288.0,77364.1,90.086
2026-08-23 01:05:00,77364.2,77370.9,77255.9,77256.5,132.334
2026-08-23 01:10:00,77256.4,77282.9,77225.0,77253.7,122.519
2026-08-23 01:15:00,77253.7,77317.7,77253.6,77281.1,124.112
2026-08-23 01:20:00,77281.1,77363.8,77271.8,77323.5,77.143
2026-08-23 01:25:00,77323.5,77342.8,77286.3,77308.6,69.82
2026-08-23 01:30:00,77308.7,77340.0,77286.5,77340.0,122.787
2026-08-23 01:35:00,77340.0,77340.0,77255.8,77271.2,105.5
2026-08-23 01:40:00,77271.2,77285.2,77234.5,77234.6,97.292
2026-08-23 01:45:00,77234.6,77244.8,77182.5,77223.7,164.456
2026-08-23 01:50:00,77223.8,77223.8,77139.8,77215.9,214.588
2026-08-23 01:55:00,77215.9,77276.5,77204.4,77276.5,52.627
2026-08-23 02:00:00,77276.5,77300.7,77257.5,77263.3,119.574
2026-08-23 02:05:00,77263.4,77273.8,77209.4,77273.8,71.618
2026-08-23 02:10:00,77273.8,77350.0,77252.2,77334.7,102.717
2026-08-23 02:15:00,77334.7,77350.0,77274.9,77300.7,119.33
2026-08-23 02:20:00,77300.7,77309.8,77270.1,77282.6,44.82
2026-08-23 02:25:00,77282.7,77316.7,77256.4,77295.1,99.692
2026-08-23 02:30:00,77295.2,77360.9,77293.3,77340.3,95.328
2026-08-23 02:35:00,77340.3,77389.5,77336.5,77358.3,134.541
2026-08-23 02:40:00,77358.4,77440.0,77358.3,77440.0,161.281
2026-08-23 02:45:00,77439.9,77484.0,77415.4,77446.4,323.156
2026-08-23 02:50:00,77446.3,77484.3,77445.2,77460.4,178.333
2026-08-23 02:55:00,77460.4,77470.4,77422.3,77422.4,98.52
2026-08-23 03:00:00,77422.3,77440.1,77367.7,77407.8,140.013
2026-08-23 03:05:00,77407.9,77457.9,77384.4,77440.3,83.111
2026-08-23 03:10:00,77440.3,77498.0,77419.3,77419.4,163.44
2026-08-23 03:15:00,77419.4,77438.3,77355.0,77355.0,189.271
2026-08-23 03:20:00,77355.0,77356.0,77325.2,77337.8,123.912
2026-08-23 03:25:00,77337.9,77362.0,77296.4,77304.8,120.79
2026-08-23 03:30:00,77304.8,77332.3,77267.6,77289.1,196.755
2026-08-23 03:35:00,77289.1,77388.9,77281.7,77388.8,141.772
2026-08-23 03:40:00,77388.9,77427.6,77316.0,77374.1,249.618
2026-08-23 03:45:00,77374.1,77393.4,77360.1,77363.4,44.128
2026-08-23 03:50:00,77363.5,77363.5,77337.0,77337.1,26.511
2026-08-23 03:55:00,77337.0,77340.0,77275.1,77330.3,130.221
2026-08-23 04:00:00,77330.3,77330.3,77028.6,77090.2,664.687
2026-08-23 04:05:00,77090.2,77160.9,77086.5,77141.9,198.17
2026-08-23 04:10:00,77141.9,77150.0,77050.0,77054.2,255.412
2026-08-23 04:15:00,77054.2,77196.2,77054.2,77196.1,198.087
2026-08-23 04:20:00,77196.1,77217.2,77140.1,77140.2,161.756
2026-08-23 04:25:00,77140.1,77219.4,77126.4,77187.1,87.748
2026-08-23 04:30:00,77187.2,77215.0,77090.0,77122.9,185.846
2026-08-23 04:35:00,77122.8,77127.1,76971.1,77000.1,405.603
2026-08-23 04:40:00,77000.1,77041.4,76922.1,77040.5,358.957
2026-08-23 04:45:00,77040.5,77040.5,76890.0,76985.9,273.404
2026-08-23 04:50:00,76986.0,76999.3,76933.4,76942.9,199.486
2026-08-23 04:55:00,76942.8,76954.4,76818.1,76862.8,470.75
2026-08-23 05:00:00,76862.8,76981.5,76772.0,76976.3,842.804
2026-08-23 05:05:00,76976.3,77173.0,76976.3,77107.3,683.48
2026-08-23 05:10:00,77107.4,77163.4,77071.1,77108.9,212.428
2026-08-23 05:15:00,77109.0,77136.5,77043.7,77055.8,160.475
2026-08-23 05:20:00,77055.8,77160.0,77055.8,77125.5,145.359
2026-08-23 05:25:00,77125.6,77166.6,77056.8,77056.8,135.073
2026-08-23 05:30:00,77056.9,77071.6,76833.9,76956.7,674.369
2026-08-23 05:35:00,76956.7,77051.2,76956.7,76984.8,119.9
2026-08-23 05:40:00,76984.7,77078.4,76984.7,77054.5,147.021
2026-08-23 05:45:00,77054.6,77099.9,77021.6,77047.4,189.927
2026-08-23 05:50:00,77047.4,77157.8,77037.4,77110.1,159.183
2026-08-23 05:55:00,77110.0,77121.7,76961.4,77000.8,205.965
2026-08-23 06:00:00,77000.9,77053.8,76940.9,77053.8,130.761
2026-08-23 06:05:00,77053.7,77094.4,77022.2,77022.3,112.367
2026-08-23 06:10:00,77022.2,77039.9,76953.8,76989.9,149.569
2026-08-23 06:15:00,76989.9,77025.2,76982.5,77020.2,62.435
2026-08-23 06:20:00,77020.3,77034.4,76995.7,77003.7,101.185
2026-08-23 06:25:00,77003.8,77034.6,76951.0,76956.4,101.935
2026-08-23 06:30:00,76956.4,76992.1,76914.9,76924.3,117.956
2026-08-23 06:35:00,76924.2,77002.4,76905.3,76991.3,135.618
2026-08-23 06:40:00,76991.4,77048.2,76991.3,77024.6,59.439
2026-08-23 06:45:00,77024.3,77119.0,77015.2,77116.5,71.973
2026-08-23 06:50:00,77116.6,77146.1,77073.8,77101.1,180.796
2026-08-23 06:55:00,77101.2,77123.5,77084.4,77084.5,93.33
2026-08-23 07:00:00,77084.5,77155.3,77084.4,77146.4,129.831
2026-08-23 07:05:00,77146.2,77157.9,77105.8,77105.9,90.144
2026-08-23 07:10:00,77105.9,77107.4,77058.9,77091.3,153.912
2026-08-23 07:15:00,77091.2,77150.0,77059.9,77117.1,73.27
2026-08-23 07:20:00,77117.2,77219.3,77104.0,77215.1,226.803
2026-08-23 07:25:00,77215.1,77268.1,77178.7,77237.9,248.775
2026-08-23 07:30:00,77237.9,77299.9,77234.0,77285.0,166.323
2026-08-23 07:35:00,77285.1,77377.4,77230.3,77298.1,369.526
2026-08-23 07:40:00,77298.2,77323.8,77244.0,77288.9,197.483
2026-08-23 07:45:00,77288.9,77350.0,77261.4,77330.2,227.816
2026-08-23 07:50:00,77330.3,77363.0,77316.8,77349.1,153.779
2026-08-23 07:55:00,77349.2,77356.7,77308.0,77308.0,200.519
2026-08-23 08:00:00,77308.1,77308.1,77175.6,77203.4,299.081
2026-08-23 08:05:00,77203.4,77276.9,77183.6,77262.3,142.779
2026-08-23 08:10:00,77262.2,77423.8,77256.8,77423.8,596.163
2026-08-23 08:15:00,77423.7,77423.8,77312.4,77327.8,356.914
2026-08-23 08:20:00,77327.8,77349.4,77318.9,77318.9,149.805
2026-08-23 08:25:00,77318.9,77319.0,77268.0,77282.3,127.26
2026-08-23 08:30:00,77282.3,77333.0,77200.0,77222.3,259.062
2026-08-23 08:35:00,77222.4,77266.0,77193.6,77266.0,167.317
2026-08-23 08:40:00,77265.9,77289.3,77173.9,77262.8,155.729
2026-08-23 08:45:00,77262.7,77344.0,77243.7,77254.3,151.148
2026-08-23 08:50:00,77254.4,77298.0,77205.6,77277.0,135.415
2026-08-23 08:55:00,77277.1,77277.1,77169.5,77202.1,165.659
2026-08-23 09:00:00,77202.1,77227.6,77140.0,77143.9,289.722
2026-08-23 09:05:00,77143.9,77154.3,77100.0,77110.1,192.891
2026-08-23 09:10:00,77110.1,77148.0,77060.0,77063.8,266.822
2026-08-23 09:15:00,77063.8,77148.4,77063.8,77115.6,167.016
2026-08-23 09:20:00,77115.6,77125.3,77015.8,77077.7,306.547
2026-08-23 09:25:00,77077.8,77127.2,77077.7,77126.7,103.458
2026-08-23 09:30:00,77126.7,77220.0,77123.3,77219.9,149.113
2026-08-23 09:35:00,77219.9,77220.0,77183.2,77198.0,101.507
2026-08-23 09:40:00,77198.1,77215.9,77147.1,77189.1,178.517
2026-08-23 09:45:00,77189.1,77220.6,77170.0,77200.8,69.277
2026-08-23 09:50:00,77200.9,77224.2,77072.1,77079.0,334.418
2026-08-23 09:55:00,77079.0,77100.0,77076.1,77080.6,67.64
2026-08-23 10:00:00,77080.6,77128.6,77076.1,77078.3,227.067
2026-08-23 10:05:00,77078.4,77078.4,77024.4,77026.9,215.472
2026-08-23 10:10:00,77026.9,77110.4,77017.0,77094.5,191.047
2026-08-23 10:15:00,77094.5,77158.3,77062.9,77114.8,120.013
2026-08-23 10:20:00,77114.8,77114.9,77015.1,77027.2,192.689
2026-08-23 10:25:00,77027.3,77054.8,76982.3,76992.9,170.192
2026-08-23 10:30:00,76992.8,77004.8,76915.1,76960.9,460.685
2026-08-23 10:35:00,76960.8,77000.0,76935.9,76938.1,312.404
2026-08-23 10:40:00,76938.0,76939.8,76842.1,76863.2,509.121
2026-08-23 10:45:00,76863.2,76997.9,76863.1,76992.9,667.925
2026-08-23 10:50:00,76992.8,76992.9,76947.3,76971.1,157.287
2026-08-23 10:55:00,76971.1,76971.1,76920.8,76941.1,151.223
2026-08-23 11:00:00,76941.2,76969.7,76855.0,76859.2,345.955
2026-08-23 11:05:00,76859.2,76948.4,76663.9,76830.0,1632.752
2026-08-23 11:10:00,76830.0,77038.5,76829.9,77006.7,573.106
2026-08-23 11:15:00,77006.7,77046.8,76820.6,76820.7,360.708
2026-08-23 11:20:00,76820.7,76916.6,76802.3,76916.6,280.328
2026-08-23 11:25:00,76916.6,77007.0,76916.5,76968.0,179.829
2026-08-23 11:30:00,76968.0,76980.0,76840.0,76873.2,223.279
2026-08-23 11:35:00,76873.8,76886.1,76820.0,76866.0,194.326
2026-08-23 11:40:00,76866.1,76913.5,76816.1,76827.1,211.407
2026-08-23 11:45:00,76827.1,76829.8,76560.1,76627.1,1800.363
2026-08-23 11:50:00,76627.1,76750.0,76620.3,76695.4,545.874
2026-08-23 11:55:00,76695.5,76715.0,76425.4,76610.7,2151.028
2026-08-23 12:00:00,76610.7,76747.7,76474.0,76574.4,1506.668
2026-08-23 12:05:00,76574.4,76653.8,76231.0,76306.7,2727.736
2026-08-23 12:10:00,76306.7,76444.2,75808.0,75896.0,4296.589
2026-08-23 12:15:00,75895.7,76071.1,75588.0,76061.8,7106.99
2026-08-23 12:20:00,76061.8,76306.1,76018.3,76295.6,2147.45
2026-08-23 12:25:00,76295.6,76354.8,76193.4,76243.9,1604.211
2026-08-23 12:30:00,76243.8,76350.0,76201.0,76258.4,914.115
2026-08-23 12:35:00,76258.5,76320.0,76182.9,76247.4,553.311
2026-08-23 12:40:00,76247.4,76282.9,76108.0,76175.9,950.883
2026-08-23 12:45:00,76176.0,76219.3,76111.9,76181.5,347.459
2026-08-23 12:50:00,76181.4,76263.0,76033.0,76161.7,518.047
2026-08-23 12:55:00,76161.6,76193.7,76064.9,76064.9,265.837
2026-08-23 13:00:00,76065.0,76139.5,75989.7,76116.0,792.588
2026-08-23 13:05:00,76116.0,76148.2,75870.0,75926.3,1014.023
2026-08-23 13:10:00,75926.3,76178.8,75910.9,76091.1,741.455
2026-08-23 13:15:00,76091.0,76300.0,76082.2,76299.9,870.301
2026-08-23 13:20:00,76300.0,76319.5,76200.0,76283.8,574.637
2026-08-23 13:25:00,76283.8,76283.9,76176.5,76240.0,292.974
2026-08-23 13:30:00,76239.9,76380.2,76239.9,76349.7,824.692
2026-08-23 13:35:00,76349.7,76370.7,76182.9,76245.3,349.482
2026-08-23 13:40:00,76245.3,76310.1,76245.2,76272.8,133.634
2026-08-23 13:45:00,76272.8,76297.0,76204.5,76206.6,168.512
2026-08-23 13:50:00,76206.7,76239.4,76149.9,76161.1,265.456
2026-08-23 13:55:00,76161.1,76186.7,76015.2,76110.3,542.154
2026-08-23 14:00:00,76110.3,76132.3,76038.0,76132.3,387.426
2026-08-23 14:05:00,76132.3,76275.0,76132.3,76247.1,335.125
2026-08-23 14:10:00,76247.1,76339.4,76245.3,76309.9,265.552
2026-08-23 14:15:00,76309.9,76368.8,76300.1,76349.3,274.976
2026-08-23 14:20:00,76349.3,76349.3,76248.4,76251.4,257.698
2026-08-23 14:25:00,76251.3,76284.2,76231.5,76232.4,182.922
2026-08-23 14:30:00,76232.3,76241.7,76102.2,76102.3,245.684
2026-08-23 14:35:00,76102.3,76147.7,76080.1,76133.2,324.649
2026-08-23 14:40:00,76133.2,76137.9,76056.4,76068.8,248.356
2026-08-23 14:45:00,76068.9,76119.7,76053.4,76119.7,292.022
2026-08-23 14:50:00,76119.7,76168.0,76038.0,76042.3,438.464
2026-08-23 14:55:00,76042.3,76060.8,75900.0,76020.3,941.393
2026-08-23 15:00:00,76020.2,76056.2,75966.7,76056.2,514.91
2026-08-23 15:05:00,76056.1,76269.3,76044.3,76248.6,794.91
2026-08-23 15:10:00,76248.7,76310.0,76189.6,76214.0,727.292
2026-08-23 15:15:00,76214.1,76316.0,76201.7,76270.4,834.766
2026-08-23 15:20:00,76270.4,76270.5,76231.5,76251.1,124.565
2026-08-23 15:25:00,76251.1,76273.7,76230.8,76251.1,185.26
2026-08-23 15:30:00,76251.1,76329.0,76251.0,76312.7,339.979
2026-08-23 15:35:00,76312.7,76520.8,76300.1,76449.8,1341.276
2026-08-23 15:40:00,76449.8,76694.3,76434.1,76529.3,1231.825
2026-08-23 15:45:00,76529.3,76626.6,76492.9,76497.2,636.592
2026-08-23 15:50:00,76497.1,76552.8,76473.6,76516.4,356.369
2026-08-23 15:55:00,76516.5,76530.3,76450.4,76486.5,281.127
2026-08-23 16:00:00,76486.5,76632.1,76471.2,76586.4,398.532
2026-08-23 16:05:00,76586.4,76656.6,76576.4,76589.1,396.213
2026-08-23 16:10:00,76589.0,76609.0,76542.0,76586.4,204.49
2026-08-23 16:15:00,76586.4,76619.4,76510.5,76541.1,238.307
2026-08-23 16:20:00,76541.0,76550.0,76476.1,76500.1,226.859
2026-08-23 16:25:00,76500.1,76589.3,76500.0,76555.1,144.695
2026-08-23 16:30:00,76555.2,76555.2,76475.0,76497.6,179.103
2026-08-23 16:35:00,76497.6,76549.8,76470.0,76539.7,229.861
2026-08-23 16:40:00,76539.7,76584.1,76539.7,76570.0,108.603
2026-08-23 16:45:00,76569.9,76609.0,76510.0,76589.1,224.296
2026-08-23 16:50:00,76589.1,76653.3,76585.8,76602.0,188.25
2026-08-23 16:55:00,76602.1,76608.8,76540.2,76540.2,182.946
2026-08-23 17:00:00,76540.3,76640.0,76535.5,76625.3,250.335
2026-08-23 17:05:00,76625.3,76741.3,76625.3,76676.1,777.226
2026-08-23 17:10:00,76676.1,76699.4,76596.1,76650.8,388.342
2026-08-23 17:15:00,76650.8,76684.0,76640.4,76653.9,112.512
2026-08-23 17:20:00,76654.0,76940.1,76654.0,76840.4,2196.436
2026-08-23 17:25:00,76840.4,76891.4,76741.8,76758.8,653.158
2026-08-23 17:30:00,76758.7,76933.4,76738.3,76930.7,496.211
2026-08-23 17:35:00,76930.8,76935.0,76802.9,76828.4,370.072
2026-08-23 17:40:00,76828.5,76877.9,76803.1,76853.1,172.985
2026-08-23 17:45:00,76853.1,76880.0,76807.9,76808.1,150.387
2026-08-23 17:50:00,76808.1,76862.6,76800.0,76815.8,222.887
2026-08-23 17:55:00,76815.9,76815.9,76776.0,76784.4,129.708
2026-08-23 18:00:00,76784.4,76841.5,76738.0,76738.1,296.115
2026-08-23 18:05:00,76738.0,76844.8,76738.0,76809.4,201.044
2026-08-23 18:10:00,76809.4,76890.9,76800.6,76881.0,211.232
2026-08-23 18:15:00,76880.9,76975.3,76818.1,76971.5,582.801
2026-08-23 18:20:00,76971.4,77323.0,76971.4,77283.9,2866.267
2026-08-23 18:25:00,77283.8,77300.0,77137.3,77161.2,788.012
2026-08-23 18:30:00,77161.2,77256.4,77127.4,77190.0,506.624
2026-08-23 18:35:00,77190.1,77400.0,77190.0,77379.1,1063.284
2026-08-23 18:40:00,77379.0,77379.1,77256.0,77272.6,535.607
2026-08-23 18:45:00,77272.6,77290.0,77165.3,77194.8,413.331
2026-08-23 18:50:00,77194.8,77400.0,77177.4,77343.1,951.813
2026-08-23 18:55:00,77343.1,77349.1,77287.1,77296.0,281.744
2026-08-23 19:00:00,77296.1,77300.0,77175.0,77181.8,331.18
2026-08-23 19:05:00,77181.7,77197.0,77069.0,77137.6,720.09
2026-08-23 19:10:00,77137.6,77137.6,77003.8,77075.8,695.909
2026-08-23 19:15:00,77075.7,77102.0,77050.0,77092.5,215.31
2026-08-23 19:20:00,77092.4,77130.0,77092.0,77106.1,154.036
2026-08-23 19:25:00,77106.0,77111.1,77008.5,77035.2,288.165
2026-08-23 19:30:00,77035.1,77092.0,77035.1,77079.8,125.367
2026-08-23 19:35:00,77079.7,77136.9,77042.1,77136.9,140.578
2026-08-23 19:40:00,77136.8,77249.2,77136.8,77234.6,358.884
2026-08-23 19:45:00,77234.6,77262.5,77188.0,77201.8,225.947
2026-08-23 19:50:00,77201.9,77210.4,77152.3,77160.9,106.857
2026-08-23 19:55:00,77160.8,77216.2,77160.8,77202.9,86.164
2026-08-23 20:00:00,77203.0,77222.0,77202.9,77207.0,113.42
2026-08-23 20:05:00,77207.0,77243.6,77189.8,77241.7,137.489
2026-08-23 20:10:00,77241.6,77338.0,77241.6,77323.3,311.296
2026-08-23 20:15:00,77323.3,77771.6,77323.3,77636.3,3548.924
2026-08-23 20:20:00,77636.3,77672.6,77403.3,77629.1,1448.544
2026-08-23 20:25:00,77629.1,77629.1,77411.8,77426.7,569.071
2026-08-23 20:30:00,77426.7,77488.1,77352.9,77380.1,797.495
2026-08-23 20:35:00,77380.1,77600.0,77333.0,77562.3,404.61
2026-08-23 20:40:00,77562.2,77612.9,77462.5,77508.0,289.047
2026-08-23 20:45:00,77507.9,77555.0,77388.4,77451.8,298.235
2026-08-23 20:50:00,77451.8,77500.0,77360.0,77483.5,316.083
2026-08-23 20:55:00,77483.4,77491.8,77431.0,77471.8,159.528
2026-08-23 21:00:00,77471.7,77606.2,77471.7,77538.9,504.494
2026-08-23 21:05:00,77538.9,77546.8,77309.0,77404.9,613.798
2026-08-23 21:10:00,77404.9,77569.9,77404.9,77538.1,422.003
2026-08-23 21:15:00,77538.2,77636.3,77446.1,77464.3,484.286
2026-08-23 21:20:00,77464.2,77494.8,77402.8,77414.9,282.752
2026-08-23 21:25:00,77414.9,77485.0,77400.0,77431.1,367.046
2026-08-23 21:30:00,77431.1,77452.0,77395.9,77404.9,371.559
2026-08-23 21:35:00,77404.9,77479.9,77400.0,77423.4,206.497
2026-08-23 21:40:00,77423.4,77450.0,76762.1,77005.4,4765.608
2026-08-23 21:45:00,77005.5,77195.9,77000.0,77189.6,1720.39
2026-08-23 21:50:00,77189.6,77298.0,77154.4,77250.0,598.387
2026-08-23 21:55:00,77250.1,77250.1,77109.6,77174.1,463.793
2026-08-23 22:00:00,77174.2,77274.4,77039.0,77250.1,729.118
2026-08-23 22:05:00,77250.0,77317.0,77212.8,77278.5,412.938
2026-08-23 22:10:00,77278.5,77287.4,77138.7,77139.5,243.234
2026-08-23 22:15:00,77139.5,77150.0,76900.0,76999.9,794.874
2026-08-23 22:20:00,77000.0,77225.0,76972.8,77199.7,506.998
2026-08-23 22:25:00,77199.6,77210.0,77158.8,77175.3,203.464
2026-08-23 22:30:00,77175.4,77257.0,77102.8,77147.0,279.301
2026-08-23 22:35:00,77147.1,77261.2,77147.0,77261.1,198.369
2026-08-23 22:40:00,77261.1,77300.0,77237.1,77248.2,308.064
2026-08-23 22:45:00,77248.1,77248.1,77163.1,77168.1,211.157
2026-08-23 22:50:00,77168.0,77185.5,77142.3,77154.6,140.137
2026-08-23 22:55:00,77154.6,77185.3,77108.0,77124.0,178.001
2026-08-23 23:00:00,77124.0,77277.3,77124.0,77235.1,212.95
2026-08-23 23:05:00,77235.2,77235.2,77181.8,77181.8,76.917
2026-08-23 23:10:00,77181.8,77259.8,77173.8,77250.2,101.327
2026-08-23 23:15:00,77250.1,77300.0,77205.1,77207.8,227.222
2026-08-23 23:20:00,77207.9,77258.6,77180.3,77247.8,115.034
2026-08-23 23:25:00,77247.7,77304.5,77237.0,77296.7,169.719
2026-08-23 23:30:00,77296.6,77400.0,77284.9,77390.4,489.299
2026-08-23 23:35:00,77390.5,77397.6,77293.1,77363.2,293.138
2026-08-23 23:40:00,77363.2,77421.5,77340.0,77352.4,193.989
2026-08-23 23:45:00,77352.4,77398.0,77326.3,77346.6,134.938
2026-08-23 23:50:00,77346.6,77450.0,77346.6,77370.3,289.252
2026-08-23 23:55:00,77370.4,77434.2,77370.3,77389.0,151.634
2026-08-24 00:00:00,77389.0,77420.0,77115.8,77184.3,641.948
2026-08-24 00:05:00,77184.3,77337.5,77184.2,77311.2,246.626
2026-08-24 00:10:00,77311.3,77311.3,77248.0,77260.1,106.239
2026-08-24 00:15:00,77260.1,77344.0,77158.5,77343.9,251.324
2026-08-24 00:20:00,77344.0,77358.0,77266.0,77266.0,159.393
2026-08-24 00:25:00,77266.1,77278.3,77205.1,77232.0,138.282
2026-08-24 00:30:00,77231.9,77239.6,77124.6,77233.2,221.466
2026-08-24 00:35:00,77233.1,77295.8,77213.2,77222.9,98.748
2026-08-24 00:40:00,77223.0,77249.3,77169.1,77212.0,126.097
2026-08-24 00:45:00,77211.9,77300.6,77189.4,77225.0,130.582
2026-08-24 00:50:00,77225.0,77265.0,77210.0,77211.2,145.823
2026-08-24 00:55:00,77211.2,77219.3,77158.2,77158.3,101.093
2026-08-24 01:00:00,77158.2,77185.5,77137.8,77151.0,274.77
2026-08-24 01:05:00,77151.0,77199.9,77075.1,77199.9,521.629
2026-08-24 01:10:00,77200.0,77381.5,77192.5,77311.4,560.075
2026-08-24 01:15:00,77311.5,77379.1,77287.6,77287.6,164.237
2026-08-24 01:20:00,77287.7,77311.3,77235.9,77286.4,216.415
2026-08-24 01:25:00,77286.5,77378.3,77275.5,77321.3,135.54
2026-08-24 01:30:00,77321.3,77340.4,77270.4,77270.5,96.608
2026-08-24 01:35:00,77270.5,77324.2,77270.5,77302.9,67.981
2026-08-24 01:40:00,77302.9,77341.5,77291.2,77309.4,157.503
2026-08-24 01:45:00,77309.3,77312.7,77218.2,77276.0,220.55
2026-08-24 01:50:00,77276.1,77295.8,77238.1,77265.1,193.644
2026-08-24 01:55:00,77265.0,77317.7,77259.8,77317.6,64.486
2026-08-24 02:00:00,77317.7,77388.0,77295.1,77315.2,273.995
2026-08-24 02:05:00,77315.3,77334.1,77292.0,77292.2,83.853
2026-08-24 02:10:00,77292.2,77292.2,77217.2,77289.2,167.375
2026-08-24 02:15:00,77289.1,77349.0,77257.3,77339.3,84.369
2026-08-24 02:20:00,77339.2,77369.1,77332.3,77334.4,128.791
2026-08-24 02:25:00,77334.5,77336.6,77300.0,77329.0,43.771
2026-08-24 02:30:00,77329.0,77329.0,77220.1,77311.9,126.969
2026-08-24 02:35:00,77311.9,77343.3,77289.5,77343.1,59.569
2026-08-24 02:40:00,77343.2,77419.5,77324.8,77407.1,182.785
2026-08-24 02:45:00,77407.0,77467.8,77345.1,77361.0,272.16
2026-08-24 02:50:00,77361.0,77365.1,77345.5,77356.5,58.33
2026-08-24 02:55:00,77356.6,77356.6,77292.9,77305.1,92.223
2026-08-24 03:00:00,77305.0,77306.4,77167.3,77167.4,297.501
2026-08-24 03:05:00,77167.5,77234.1,77167.3,77234.0,106.35
2026-08-24 03:10:00,77234.0,77266.8,77234.0,77249.4,78.514
2026-08-24 03:15:00,77249.4,77280.8,77239.4,77279.9,57.879
2026-08-24 03:20:00,77279.9,77352.4,77279.9,77345.5,134.952
2026-08-24 03:25:00,77345.5,77390.3,77341.5,77353.0,125.567
2026-08-24 03:30:00,77353.0,77395.8,77350.0,77374.5,79.282
2026-08-24 03:35:00,77374.6,77395.1,77369.7,77394.9,64.703
2026-08-24 03:40:00,77394.9,77438.5,77390.1,77395.1,98.873
2026-08-24 03:45:00,77395.0,77413.0,77360.1,77387.6,80.703
2026-08-24 03:50:00,77387.6,77408.8,77365.2,77372.0,55.104
2026-08-24 03:55:00,77372.1,77392.5,77365.2,77376.7,66.869
2026-08-24 04:00:00,77376.7,77672.8,77376.7,77650.5,1021.675
2026-08-24 04:05:00,77650.4,77677.0,77581.8,77630.0,359.996
2026-08-24 04:10:00,77630.0,77685.0,77572.4,77670.0,429.492
2026-08-24 04:15:00,77670.0,77961.0,77668.0,77947.4,1961.184
2026-08-24 04:20:00,77947.3,77999.9,77842.8,77888.7,844.526
2026-08-24 04:25:00,77888.6,78057.6,77855.0,78000.8,746.682
2026-08-24 04:30:00,78000.7,78023.9,77915.6,77915.6,584.977
2026-08-24 04:35:00,77915.6,77915.7,77573.0,77623.4,847.189
2026-08-24 04:40:00,77623.3,77659.0,77517.9,77614.1,578.804
2026-08-24 04:45:00,77614.0,77800.0,77614.0,77767.4,361.166
2026-08-24 04:50:00,77767.5,77849.9,77732.1,77767.0,281.169
2026-08-24 04:55:00,77767.0,77822.1,77717.6,77808.8,311.956
2026-08-24 05:00:00,77808.7,77960.6,77553.0,77676.2,1077.099
2026-08-24 05:05:00,77676.2,77746.1,77604.5,77705.0,385.729
2026-08-24 05:10:00,77705.1,77775.0,77614.2,77667.1,357.962
2026-08-24 05:15:00,77667.2,77749.4,77607.4,77722.3,251.153
2026-08-24 05:20:00,77722.3,77796.0,77679.8,77758.6,285.378
2026-08-24 05:25:00,77758.6,77783.8,77635.0,77635.0,169.219
2026-08-24 05:30:00,77635.1,77705.9,77591.0,77634.1,185.802
2026-08-24 05:35:00,77634.0,77690.0,77568.8,77672.0,216.076
2026-08-24 05:40:00,77672.0,77675.7,77600.0,77621.8,220.037
2026-08-24 05:45:00,77621.9,77647.3,77535.3,77642.3,195.445
2026-08-24 05:50:00,77642.3,77690.7,77604.3,77609.4,166.416
2026-08-24 05:55:00,77609.4,77629.5,77549.8,77578.4,147.621
2026-08-24 06:00:00,77578.4,77597.2,77387.3,77409.5,520.094
2026-08-24 06:05:00,77409.6,77477.6,77252.5,77460.2,592.704
2026-08-24 06:10:00,77460.1,77503.9,77352.7,77449.9,200.312
2026-08-24 06:15:00,77449.9,77635.6,77440.9,77531.3,449.905
2026-08-24 06:20:00,77531.4,77538.2,77442.0,77469.4,244.363
2026-08-24 06:25:00,77469.4,77648.7,77412.1,77641.9,257.866
2026-08-24 06:30:00,77641.9,77803.0,77639.8,77657.3,579.818
2026-08-24 06:35:00,77657.3,77690.9,77463.3,77518.1,329.85
2026-08-24 06:40:00,77518.0,77548.2,77370.1,77457.2,207.987
2026-08-24 06:45:00,77457.2,77556.9,77454.0,77531.0,144.447
2026-08-24 06:50:00,77531.0,77627.1,77512.4,77603.9,174.992
2026-08-24 06:55:00,77603.9,77794.2,77597.7,77719.1,768.63
2026-08-24 07:00:00,77719.0,77728.4,77588.4,77593.9,314.818
2026-08-24 07:05:00,77593.9,77685.1,77483.8,77672.5,350.506
2026-08-24 07:10:00,77672.5,77708.8,77586.2,77606.3,177.417
2026-08-24 07:15:00,77606.3,77628.0,77480.0,77507.5,240.691
2026-08-24 07:20:00,77507.6,77507.6,77436.0,77470.7,252.162
2026-08-24 07:25:00,77470.7,77470.7,77243.3,77415.4,860.605
2026-08-24 07:30:00,77415.5,77469.2,77330.1,77459.5,316.658
2026-08-24 07:35:00,77459.4,77576.0,77367.3,77379.3,477.85
2026-08-24 07:40:00,77379.4,77422.8,77187.7,77214.0,537.692
2026-08-24 07:45:00,77214.0,77417.0,77104.8,77348.6,1052.879
2026-08-24 07:50:00,77348.6,77516.0,77330.1,77495.0,339.156
2026-08-24 07:55:00,77494.9,77674.1,77466.9,77674.1,741.499
2026-08-24 08:00:00,77674.1,77715.9,77534.8,77629.5,671.938
2026-08-24 08:05:00,77629.5,77671.2,77424.1,77434.9,379.122
2026-08-24 08:10:00,77435.0,77542.1,77413.7,77417.6,236.829
2026-08-24 08:15:00,77417.5,77454.6,77345.1,77391.0,459.276
2026-08-24 08:20:00,77391.0,77391.2,77207.0,77207.1,414.94
2026-08-24 08:25:00,77207.0,77305.7,77207.0,77225.1,429.652
2026-08-24 08:30:00,77225.1,77356.8,77189.3,77350.0,510.26
2026-08-24 08:35:00,77350.0,77359.9,77150.0,77234.1,531.45
2026-08-24 08:40:00,77234.1,77287.4,77171.2,77201.8,208.308
2026-08-24 08:45:00,77201.8,77250.0,77122.0,77203.9,414.545
2026-08-24 08:50:00,77203.9,77239.7,77077.0,77183.7,706.491
2026-08-24 08:55:00,77183.6,77185.8,76888.0,76892.9,1738.563
2026-08-24 09:00:00,76892.9,77072.7,76857.1,77057.6,1214.418
2026-08-24 09:05:00,77057.7,77166.0,77033.6,77100.8,639.55
2026-08-24 09:10:00,77100.9,77415.1,77060.0,77351.5,714.109
2026-08-24 09:15:00,77351.6,77484.0,77351.5,77484.0,545.663
2026-08-24 09:20:00,77484.2,77484.7,77370.6,77444.6,391.466
2026-08-24 09:25:00,77444.5,77496.1,77370.0,77437.0,360.979
2026-08-24 09:30:00,77437.1,77497.7,77408.3,77486.1,311.098
2026-08-24 09:35:00,77486.1,77542.2,77380.2,77420.3,403.176
2026-08-24 09:40:00,77420.3,77486.5,77380.6,77426.3,230.212
2026-08-24 09:45:00,77426.3,77430.9,77214.3,77348.3,1081.002
2026-08-24 09:50:00,77348.4,77391.6,77261.0,77368.1,206.956
2026-08-24 09:55:00,77368.2,77515.8,77365.2,77461.7,481.812
2026-08-24 10:00:00,77461.6,77516.7,77320.9,77340.0,556.779
2026-08-24 10:05:00,77340.1,77340.1,77240.0,77293.1,324.769
2026-08-24 10:10:00,77293.1,77316.7,77201.8,77201.8,270.026
2026-08-24 10:15:00,77201.9,77221.3,77125.8,77177.5,484.01
2026-08-24 10:20:00,77177.4,77277.3,77130.0,77210.6,318.933
2026-08-24 10:25:00,77210.7,77258.2,77105.0,77105.0,265.397
2026-08-24 10:30:00,77105.1,77149.2,77002.8,77108.7,492.656
2026-08-24 10:35:00,77108.7,77119.8,76985.8,77038.1,405.307
2026-08-24 10:40:00,77038.1,77038.2,76949.1,76974.0,477.72
2026-08-24 10:45:00,76973.9,77064.9,76966.0,77017.9,431.67
2026-08-24 10:50:00,77017.8,77150.0,76929.4,76973.9,396.015
2026-08-24 10:55:00,76974.0,76987.4,76916.1,76925.2,265.105
2026-08-24 11:00:00,76925.2,77059.2,76925.2,77045.1,299.468
2026-08-24 11:05:00,77045.0,77094.0,77000.0,77000.0,200.451
2026-08-24 11:10:00,77000.0,77043.7,76991.1,77017.9,189.089
2026-08-24 11:15:00,77018.0,77229.8,77017.9,77165.7,295.645
2026-08-24 11:20:00,77165.6,77249.0,77159.6,77159.6,180.117
2026-08-24 11:25:00,77159.6,77236.7,77159.6,77219.8,111.776
2026-08-24 11:30:00,77219.8,77230.7,77168.8,77205.3,149.076
2026-08-24 11:35:00,77205.3,77208.2,77126.9,77150.2,161.548
2026-08-24 11:40:00,77150.2,77188.3,77044.0,77106.4,389.554
2026-08-24 11:45:00,77106.3,77130.0,76941.1,76943.2,668.895
2026-08-24 11:50:00,76943.2,76945.6,76649.0,76819.0,2772.326
2026-08-24 11:55:00,76818.9,76890.0,76759.9,76889.9,652.655
2026-08-24 12:00:00,76889.9,76960.0,76829.3,76946.0,450.241
2026-08-24 12:05:00,76946.0,77056.4,76873.4,77021.8,563.799
2026-08-24 12:10:00,77021.8,77213.6,76985.3,77209.6,806.555
2026-08-24 12:15:00,77209.5,77230.2,77037.8,77040.3,703.429
2026-08-24 12:20:00,77040.1,77119.0,76937.1,77060.0,683.037
2026-08-24 12:25:00,77060.0,77125.6,77026.1,77047.2,244.998
2026-08-24 12:30:00,77047.2,77047.2,76880.7,76956.3,370.501
2026-08-24 12:35:00,76956.3,77085.4,76832.0,77026.8,341.504
2026-08-24 12:40:00,77026.7,77174.7,77008.6,77075.0,254.312
2026-08-24 12:45:00,77074.9,77117.2,77050.7,77050.8,153.575
2026-08-24 12:50:00,77050.8,77120.0,76983.1,77113.8,215.295
2026-08-24 12:55:00,77113.8,77166.4,77067.5,77139.3,199.499
2026-08-24 13:00:00,77139.3,77177.3,77057.4,77086.1,246.608
2026-08-24 13:05:00,77086.1,77207.5,77053.5,77179.4,249.708
2026-08-24 13:10:00,77179.4,77425.0,77138.3,77380.3,1573.464
2026-08-24 13:15:00,77380.4,77477.1,77332.7,77365.1,698.746
2026-08-24 13:20:00,77365.1,77387.0,77285.9,77386.2,285.684
2026-08-24 13:25:00,77386.2,77400.0,77344.3,77344.3,224.626
2026-08-24 13:30:00,77344.3,77374.9,77258.1,77260.9,188.14
2026-08-24 13:35:00,77261.0,77296.0,77240.0,77240.1,142.689
2026-08-24 13:40:00,77240.0,77337.0,77209.9,77336.9,244.841
2026-08-24 13:45:00,77337.0,77520.0,77320.3,77495.0,709.887
2026-08-24 13:50:00,77495.0,77506.3,77402.1,77447.1,506.445
2026-08-24 13:55:00,77447.0,77480.0,77431.3,77455.5,182.55
2026-08-24 14:00:00,77455.5,77508.0,77442.3,77490.8,221.321
2026-08-24 14:05:00,77490.8,77552.2,77479.9,77536.5,322.88
2026-08-24 14:10:00,77536.6,77789.7,77536.5,77738.8,2176.932
2026-08-24 14:15:00,77738.8,77738.9,77578.8,77645.1,385.325
2026-08-24 14:20:00,77645.0,77653.6,77564.7,77642.9,245.176
2026-08-24 14:25:00,77643.0,77674.3,77531.3,77583.5,256.999
2026-08-24 14:30:00,77583.5,77587.8,77461.3,77479.9,262.053
2026-08-24 14:35:00,77479.9,77493.2,77427.2,77455.4,320.543
2026-08-24 14:40:00,77455.3,77456.0,77334.7,77334.8,334.214
2026-08-24 14:45:00,77334.7,77420.0,77327.4,77376.8,294.57
2026-08-24 14:50:00,77377.0,77400.0,77272.7,77344.6,428.915
2026-08-24 14:55:00,77344.6,77353.2,77288.1,77301.8,267.344
2026-08-24 15:00:00,77301.8,77338.5,77178.0,77244.2,698.008
2026-08-24 15:05:00,77244.1,77402.0,77244.1,77328.4,267.939
2026-08-24 15:10:00,77328.3,77333.1,77217.6,77241.1,200.743
2026-08-24 15:15:00,77241.0,77241.1,77063.0,77120.0,1127.9
2026-08-24 15:20:00,77120.1,77146.0,76922.4,76922.5,1281.365
2026-08-24 15:25:00,76922.4,76963.4,76802.9,76903.5,1915.287
2026-08-24 15:30:00,76903.5,77060.0,76890.0,77013.8,528.584
2026-08-24 15:35:00,77013.9,77104.4,77000.1,77097.0,368.387
2026-08-24 15:40:00,77097.0,77117.7,77043.0,77117.6,185.521
2026-08-24 15:45:00,77117.6,77136.1,77050.3,77126.3,222.457
2026-08-24 15:50:00,77126.4,77126.4,77043.1,77050.1,310.516
2026-08-24 15:55:00,77050.0,77060.0,77000.0,77032.9,279.56
2026-08-24 16:00:00,77032.9,77177.6,77012.7,77157.7,426.086
2026-08-24 16:05:00,77157.7,77252.1,77144.2,77221.0,305.605
2026-08-24 16:10:00,77221.1,77309.3,77172.5,77271.6,646.629
2026-08-24 16:15:00,77271.6,77395.3,77232.4,77298.9,835.15
2026-08-24 16:20:00,77298.9,77337.1,77254.0,77254.1,496.0
2026-08-24 16:25:00,77254.1,77413.0,77200.5,77412.9,509.47
2026-08-24 16:30:00,77413.0,77476.6,77386.4,77423.9,447.062
2026-08-24 16:35:00,77424.0,77490.0,77407.0,77489.9,290.007
2026-08-24 16:40:00,77489.9,77500.0,77440.0,77460.0,562.826
2026-08-24 16:45:00,77459.9,77529.1,77426.2,77502.3,338.487
2026-08-24 16:50:00,77502.4,77584.9,77475.0,77571.8,524.564
2026-08-24 16:55:00,77571.8,77598.1,77507.5,77546.2,286.327
2026-08-24 17:00:00,77546.3,77687.4,77525.5,77642.5,744.603
2026-08-24 17:05:00,77642.6,77796.6,77526.2,77684.0,1535.769
2026-08-24 17:10:00,77684.0,77876.1,77676.7,77830.4,1290.192
2026-08-24 17:15:00,77830.3,77925.0,77752.9,77921.9,1098.275
2026-08-24 17:20:00,77921.9,77937.9,77773.8,77856.1,1122.425
2026-08-24 17:25:00,77856.1,77925.0,77809.5,77845.6,628.528
2026-08-24 17:30:00,77845.6,78016.6,77839.0,77958.9,766.383
2026-08-24 17:35:00,77959.0,77985.0,77823.7,77836.6,654.809
2026-08-24 17:40:00,77836.6,77843.8,77638.5,77719.9,1316.747
2026-08-24 17:45:00,77719.9,77825.0,77719.9,77800.1,517.793
2026-08-24 17:50:00,77800.2,77819.5,77588.0,77623.1,774.955
2026-08-24 17:55:00,77623.0,77623.1,77539.5,77614.3,324.619
2026-08-24 18:00:00,77614.3,77640.2,77434.8,77587.5,623.779
2026-08-24 18:05:00,77587.5,77717.5,77546.5,77680.1,485.187
2026-08-24 18:10:00,77680.0,77848.0,77680.0,77810.0,521.439
2026-08-24 18:15:00,77810.1,77862.7,77713.7,77836.3,482.493
2026-08-24 18:20:00,77836.3,77872.0,77761.4,77804.8,694.568
2026-08-24 18:25:00,77804.8,77888.1,77785.1,77819.5,216.548
2026-08-24 18:30:00,77819.5,78155.6,77801.0,78130.4,1508.112
2026-08-24 18:35:00,78130.4,78442.0,78124.5,78322.0,4857.934
2026-08-24 18:40:00,78322.0,78564.4,78271.5,78559.5,3102.594
2026-08-24 18:45:00,78559.5,78594.2,78159.0,78188.4,1848.208
2026-08-24 18:50:00,78188.5,78221.7,78081.5,78138.0,974.232
2026-08-24 18:55:00,78137.9,78490.1,78122.3,78429.4,2104.83
2026-08-24 19:00:00,78429.4,78430.9,78190.8,78191.0,943.816
2026-08-24 19:05:00,78190.9,78221.9,78100.0,78191.4,622.94
2026-08-24 19:10:00,78191.5,78235.5,78086.0,78127.0,463.988
2026-08-24 19:15:00,78127.0,78255.6,77950.0,78236.7,1074.24
2026-08-24 19:20:00,78236.7,78417.3,78193.0,78397.8,657.899
2026-08-24 19:25:00,78397.8,78489.0,78365.6,78434.5,703.246
2026-08-24 19:30:00,78434.6,78725.0,78350.0,78519.4,2403.941
2026-08-24 19:35:00,78519.5,78723.2,78460.7,78670.7,880.396
2026-08-24 19:40:00,78670.7,78875.0,78578.2,78711.4,1898.987
2026-08-24 19:45:00,78711.3,78977.0,78693.8,78960.9,2042.066
2026-08-24 19:50:00,78961.0,79268.8,78897.0,79132.9,3974.509
2026-08-24 19:55:00,79133.0,79324.2,79059.7,79146.4,1925.103
2026-08-24 20:00:00,79146.3,79166.0,78938.9,78981.7,1804.215
2026-08-24 20:05:00,78981.8,79222.0,78981.8,79222.0,1129.276
2026-08-24 20:10:00,79221.9,79440.8,79127.9,79199.9,2182.225
2026-08-24 20:15:00,79200.0,79216.5,78855.0,79012.5,2030.861
2026-08-24 20:20:00,79012.6,79061.9,78885.7,78970.1,772.48
2026-08-24 20:25:00,78970.1,79057.4,78888.1,78988.8,796.884
2026-08-24 20:30:00,78988.7,79011.5,78536.0,78766.1,3336.343
2026-08-24 20:35:00,78766.0,78899.0,78537.8,78586.3,1919.938
2026-08-24 20:40:00,78586.3,78595.3,78135.7,78256.2,4284.097
2026-08-24 20:45:00,78256.0,78363.1,77800.0,78270.8,4552.736
2026-08-24 20:50:00,78270.8,78415.0,78040.0,78348.7,1740.303
2026-08-24 20:55:00,78348.8,78590.1,78286.3,78565.2,1356.352
2026-08-24 21:00:00,78565.3,78846.1,78556.8,78692.7,1993.368
2026-08-24 21:05:00,78692.7,78956.0,78674.4,78932.0,1696.206
2026-08-24 21:10:00,78932.0,79227.1,78909.8,79173.5,2539.529
2026-08-24 21:15:00,79173.6,79320.3,79039.2,79114.2,2267.434
2026-08-24 21:20:00,79114.2,79670.0,78842.6,78914.3,5509.825
2026-08-24 21:25:00,78914.3,79398.9,78911.2,79364.4,2055.032
2026-08-24 21:30:00,79364.3,79747.8,79300.1,79604.8,3408.279
2026-08-24 21:35:00,79604.7,79788.0,79559.0,79632.4,1912.862
2026-08-24 21:40:00,79632.3,79810.8,79450.5,79630.1,2701.248
2026-08-24 21:45:00,79630.1,79750.0,79455.6,79551.4,1948.016
2026-08-24 21:50:00,79551.4,79562.2,79231.9,79266.1,1876.856
2026-08-24 21:55:00,79266.1,79520.4,79243.0,79481.1,1232.986
2026-08-24 22:00:00,79481.1,79632.2,79329.6,79464.3,969.663
2026-08-24 22:05:00,79464.3,79690.8,79380.4,79561.0,759.053
2026-08-24 22:10:00,79561.0,79669.9,79493.2,79512.2,614.772
2026-08-24 22:15:00,79512.1,79784.4,79490.1,79726.2,1002.086
2026-08-24 22:20:00,79726.1,79899.0,79660.3,79873.1,1818.897
2026-08-24 22:25:00,79873.0,79974.1,79682.4,79853.2,3135.905
2026-08-24 22:30:00,79853.1,79974.8,79718.0,79769.6,1581.367
2026-08-24 22:35:00,79769.6,79879.0,79460.2,79516.9,2015.805
2026-08-24 22:40:00,79516.9,79644.8,78969.2,79262.8,3702.795
2026-08-24 22:45:00,79262.7,79519.2,79020.0,79249.3,2334.455
2026-08-24 22:50:00,79249.4,79312.1,79083.2,79125.2,1471.263
2026-08-24 22:55:00,79125.2,79134.9,78777.8,79069.3,3133.553
2026-08-24 23:00:00,79069.3,79325.7,79059.2,79245.3,1590.544
2026-08-24 23:05:00,79245.3,79500.0,79240.0,79300.0,1550.089
2026-08-24 23:10:00,79300.0,79459.9,79242.4,79458.9,594.37
2026-08-24 23:15:00,79458.9,79839.8,79444.5,79802.8,1806.522
2026-08-24 23:20:00,79802.9,79824.7,79652.4,79711.4,872.838
2026-08-24 23:25:00,79711.4,79725.3,79574.4,79625.1,823.145
2026-08-24 23:30:00,79625.0,79717.8,79600.0,79642.2,666.03
2026-08-24 23:35:00,79642.1,79739.3,79586.5,79586.6,783.784
2026-08-24 23:40:00,79586.5,79586.6,79333.1,79339.3,1279.854
2026-08-24 23:45:00,79339.2,79369.6,79228.8,79267.3,1034.37
2026-08-24 23:50:00,79267.3,79316.1,78839.0,78902.5,1529.076
2026-08-24 23:55:00,78902.5,79131.8,78885.1,79021.9,1269.373
2026-08-25 00:00:00,79022.0,79033.7,78541.4,78814.3,3128.238
2026-08-25 00:05:00,78814.4,79155.2,78803.5,79139.2,1537.712
2026-08-25 00:10:00,79139.1,79161.0,79056.7,79063.9,859.997
2026-08-25 00:15:00,79064.0,79142.8,78725.0,78950.6,1347.838
2026-08-25 00:20:00,78950.5,78950.6,78410.0,78562.2,2340.194
2026-08-25 00:25:00,78562.1,78764.0,78424.0,78505.0,1604.905
2026-08-25 00:30:00,78504.9,78638.3,78433.2,78522.8,1014.217
2026-08-25 00:35:00,78522.9,78802.2,78504.3,78758.6,985.149
2026-08-25 00:40:00,78758.6,78822.6,78595.0,78595.0,728.913
2026-08-25 00:45:00,78595.0,78736.5,78505.8,78696.1,516.474
2026-08-25 00:50:00,78696.1,78795.6,78640.0,78665.4,281.405
2026-08-25 00:55:00,78665.3,78747.6,78560.0,78726.3,482.623
2026-08-25 01:00:00,78726.3,78881.1,78720.3,78864.0,565.647
2026-08-25 01:05:00,78863.9,78979.1,78702.9,78779.5,923.171
2026-08-25 01:10:00,78779.5,78996.4,78779.4,78973.1,517.688
2026-08-25 01:15:00,78973.1,79033.5,78909.5,78955.5,447.687
2026-08-25 01:20:00,78955.5,79039.4,78891.0,78928.3,402.606
2026-08-25 01:25:00,78928.3,79036.9,78913.1,78977.5,361.673
2026-08-25 01:30:00,78977.6,79049.4,78900.2,78911.1,285.648
2026-08-25 01:35:00,78911.1,78951.0,78680.0,78819.2,624.909
2026-08-25 01:40:00,78819.3,78938.5,78809.4,78938.5,241.034
2026-08-25 01:45:00,78938.5,79033.0,78908.4,79015.0,537.324
2026-08-25 01:50:00,79015.0,79053.0,78837.8,78932.9,305.708
2026-08-25 01:55:00,78932.9,78950.0,78820.0,78902.1,183.711
2026-08-25 02:00:00,78902.0,79011.8,78852.0,78852.0,393.132
2026-08-25 02:05:00,78852.0,78982.9,78730.6,78861.3,999.438
2026-08-25 02:10:00,78861.2,79089.1,78841.6,78990.2,516.809
2026-08-25 02:15:00,78990.3,79005.0,78645.6,78685.3,1016.956
2026-08-25 02:20:00,78685.2,78763.3,78520.6,78708.5,890.899
2026-08-25 02:25:00,78708.5,78849.2,78708.5,78835.0,221.166
2026-08-25 02:30:00,78835.1,78889.1,78791.4,78862.8,170.889
2026-08-25 02:35:00,78862.8,78928.9,78828.9,78851.7,305.246
2026-08-25 02:40:00,78851.7,78872.4,78714.2,78838.2,457.312
2026-08-25 02:45:00,78838.2,78858.5,78711.6,78765.9,183.934
2026-08-25 02:50:00,78766.7,78791.0,78546.1,78714.5,914.541
2026-08-25 02:55:00,78714.4,78742.0,78665.4,78715.1,440.382
2026-08-25 03:00:00,78715.1,78784.6,78520.3,78534.5,783.828
2026-08-25 03:05:00,78534.5,78759.5,78534.4,78756.9,446.063
2026-08-25 03:10:00,78756.9,78782.7,78573.9,78648.0,384.552
2026-08-25 03:15:00,78648.1,78695.9,78571.7,78695.8,119.263
2026-08-25 03:20:00,78695.9,78758.4,78642.2,78679.9,224.075
2026-08-25 03:25:00,78680.0,78698.3,78581.3,78660.1,184.278
2026-08-25 03:30:00,78660.1,78768.4,78603.4,78763.7,188.527
2026-08-25 03:35:00,78763.8,78961.4,78742.4,78937.1,588.965
2026-08-25 03:40:00,78937.0,78949.1,78862.7,78873.6,243.53
2026-08-25 03:45:00,78873.5,78890.2,78806.8,78827.8,175.897
2026-08-25 03:50:00,78827.8,78840.0,78784.5,78829.8,67.16
2026-08-25 03:55:00,78829.9,78906.6,78829.9,78905.7,99.66
2026-08-25 04:00:00,78906.2,78982.1,78906.1,78974.9,154.117
2026-08-25 04:05:00,78974.9,78978.4,78928.5,78940.3,184.506
2026-08-25 04:10:00,78940.3,79012.6,78940.3,78995.4,143.787
2026-08-25 04:15:00,78995.4,79006.9,78810.7,78820.6,421.792
2026-08-25 04:20:00,78820.5,78921.8,78812.4,78912.5,201.345
2026-08-25 04:25:00,78912.5,78917.6,78869.2,78890.8,93.644
2026-08-25 04:30:00,78890.8,78989.8,78873.3,78907.9,244.582
2026-08-25 04:35:00,78908.0,78944.8,78895.0,78944.8,91.113
2026-08-25 04:40:00,78944.8,78992.1,78934.9,78950.0,199.785
2026-08-25 04:45:00,78950.0,79012.6,78925.7,78980.1,283.752
2026-08-25 04:50:00,78980.1,78992.4,78881.3,78905.5,114.244
2026-08-25 04:55:00,78905.4,78958.0,78905.4,78944.3,64.25
2026-08-25 05:00:00,78944.2,78958.4,78807.8,78870.8,247.441
2026-08-25 05:05:00,78870.8,78947.6,78855.4,78860.0,114.455
2026-08-25 05:10:00,78860.0,78888.3,78790.0,78838.4,122.969
2026-08-25 05:15:00,78838.4,78900.0,78815.8,78820.0,102.934
2026-08-25 05:20:00,78820.1,78854.5,78780.0,78810.8,106.831
2026-08-25 05:25:00,78810.8,78810.9,78713.1,78743.7,293.954
2026-08-25 05:30:00,78743.7,78874.2,78705.2,78837.8,174.988
2026-08-25 05:35:00,78837.7,78883.8,78812.4,78821.1,103.675
2026-08-25 05:40:00,78821.2,78821.2,78690.1,78720.7,201.882
2026-08-25 05:45:00,78720.6,78779.2,78715.8,78776.1,140.363
2026-08-25 05:50:00,78776.1,78805.0,78715.1,78769.3,131.301
2026-08-25 05:55:00,78769.2,78769.3,78619.2,78703.8,301.629
2026-08-25 06:00:00,78703.9,78724.6,78579.7,78700.1,267.958
2026-08-25 06:05:00,78700.0,78784.0,78677.9,78749.3,203.275
2026-08-25 06:10:00,78749.4,78780.8,78684.9,78709.2,164.379
2026-08-25 06:15:00,78709.2,78759.9,78700.8,78738.8,150.216
2026-08-25 06:20:00,78738.8,78947.7,78738.8,78894.9,322.798
2026-08-25 06:25:00,78894.9,78941.7,78859.9,78859.9,139.706
2026-08-25 06:30:00,78860.0,78941.4,78825.4,78850.1,230.852
2026-08-25 06:35:00,78850.0,78911.9,78825.0,78911.9,90.249
2026-08-25 06:40:00,78911.9,78957.2,78892.7,78915.4,189.459
2026-08-25 06:45:00,78915.4,78971.0,78835.6,78857.8,172.141
2026-08-25 06:50:00,78857.9,78877.3,78801.2,78814.4,157.632
2026-08-25 06:55:00,78814.4,78955.2,78791.6,78953.0,246.64
2026-08-25 07:00:00,78952.9,78970.1,78900.0,78906.1,291.862
2026-08-25 07:05:00,78906.0,79035.7,78861.1,78904.9,495.588
2026-08-25 07:10:00,78904.9,79015.9,78886.0,78922.3,313.464
2026-08-25 07:15:00,78922.2,78922.2,78675.7,78749.6,443.55
2026-08-25 07:20:00,78749.5,78820.6,78712.1,78766.0,231.18
2026-08-25 07:25:00,78766.0,78844.3,78713.0,78762.7,251.289
2026-08-25 07:30:00,78762.6,78789.9,78705.6,78741.3,173.062
2026-08-25 07:35:00,78741.3,78994.0,78741.3,78934.9,425.155
2026-08-25 07:40:00,78934.9,79330.6,78871.8,79330.6,1867.731
2026-08-25 07:45:00,79330.5,79750.0,79293.6,79550.2,3010.349
2026-08-25 07:50:00,79550.2,79821.5,79431.5,79821.5,1376.191
2026-08-25 07:55:00,79821.5,79859.3,79677.3,79703.1,1468.331
2026-08-25 08:00:00,79703.1,79958.0,79661.3,79905.9,1749.683
2026-08-25 08:05:00,79905.9,79926.2,79712.1,79775.1,833.117
2026-08-25 08:10:00,79774.8,79774.8,79576.7,79621.0,1172.249
2026-08-25 08:15:00,79620.9,79775.5,79439.3,79706.5,996.113
2026-08-25 08:20:00,79706.5,79798.6,79603.9,79708.3,446.803
2026-08-25 08:25:00,79708.3,79945.4,79699.9,79800.0,1012.477
2026-08-25 08:30:00,79800.0,79840.6,79634.4,79691.9,577.631
2026-08-25 08:35:00,79691.9,79849.8,79650.3,79802.9,488.502
2026-08-25 08:40:00,79803.0,79894.3,79660.9,79670.5,531.546
2026-08-25 08:45:00,79670.5,79743.2,79620.1,79675.9,338.137
2026-08-25 08:50:00,79675.9,79686.5,79460.1,79583.2,607.867
2026-08-25 08:55:00,79583.3,79822.3,79568.8,79806.1,570.87
2026-08-25 09:00:00,79806.1,79909.8,79710.0,79756.4,837.164
2026-08-25 09:05:00,79756.3,79822.4,79714.2,79766.3,401.891
2026-08-25 09:10:00,79766.4,79892.0,79766.4,79833.2,420.574
2026-08-25 09:15:00,79833.2,81270.5,79790.4,80832.2,12406.286
2026-08-25 09:20:00,80832.2,81067.6,80581.0,80770.6,4642.756
2026-08-25 09:25:00,80770.7,81018.3,80714.6,80981.6,2348.876
2026-08-25 09:30:00,80981.6,80984.8,80768.3,80845.4,1496.356
2026-08-25 09:35:00,80845.4,80978.9,80743.1,80933.1,1280.218
2026-08-25 09:40:00,80933.0,81260.0,80797.8,80797.8,3202.982
2026-08-25 09:45:00,80797.7,80839.6,80618.0,80618.0,1279.681
2026-08-25 09:50:00,80618.1,80713.7,80401.8,80620.3,2276.291
2026-08-25 09:55:00,80620.2,80709.4,80577.3,80630.4,713.393
2026-08-25 10:00:00,80630.4,80833.6,80566.2,80810.9,1002.095
2026-08-25 10:05:00,80810.9,80932.0,80793.2,80837.0,861.709
2026-08-25 10:10:00,80836.9,80897.5,80740.0,80772.8,511.444
2026-08-25 10:15:00,80772.8,80803.4,80630.8,80731.4,640.835
2026-08-25 10:20:00,80731.4,80791.9,80575.9,80629.6,652.929
2026-08-25 10:25:00,80629.6,80651.8,80480.0,80617.2,739.46
2026-08-25 10:30:00,80617.1,80815.5,80571.1,80725.1,652.453
2026-08-25 10:35:00,80725.1,80857.5,80680.0,80784.0,652.311
2026-08-25 10:40:00,80783.9,80794.6,80510.7,80568.1,942.643
2026-08-25 10:45:00,80568.1,80653.3,80310.8,80444.6,1366.506
2026-08-25 10:50:00,80444.9,80633.7,80444.9,80536.6,715.533
2026-08-25 10:55:00,80536.6,80536.6,80286.0,80457.6,1056.612
2026-08-25 11:00:00,80457.6,80588.6,80344.1,80364.2,650.36
2026-08-25 11:05:00,80364.3,80436.8,80233.3,80427.0,967.26
2026-08-25 11:10:00,80427.0,80539.5,80335.9,80471.7,544.607
2026-08-25 11:15:00,80471.7,80475.8,80263.3,80287.5,541.823
2026-08-25 11:20:00,80287.4,80412.6,80236.0,80396.5,820.802
2026-08-25 11:25:00,80396.5,80405.0,80213.2,80236.1,503.51
2026-08-25 11:30:00,80236.1,80348.7,80128.0,80286.7,826.696
2026-08-25 11:35:00,80286.7,80376.4,80270.0,80315.8,465.312
2026-08-25 11:40:00,80315.7,80328.1,80187.8,80216.9,531.944
2026-08-25 11:45:00,80217.0,80326.5,80208.6,80287.8,328.866
2026-08-25 11:50:00,80287.8,80343.9,80221.0,80221.1,421.821
2026-08-25 11:55:00,80221.1,80350.0,80200.0,80348.9,243.183
2026-08-25 12:00:00,80348.8,80459.9,80301.9,80446.0,698.312
2026-08-25 12:05:00,80446.0,80540.6,80431.4,80536.6,493.35
2026-08-25 12:10:00,80536.6,80571.4,80493.8,80518.7,722.695
2026-08-25 12:15:00,80518.7,80581.8,80454.8,80538.3,842.403
2026-08-25 12:20:00,80538.3,80561.9,80461.0,80544.0,477.473
2026-08-25 12:25:00,80543.9,80750.0,80535.9,80621.9,959.317
2026-08-25 12:30:00,80621.8,80790.0,80568.8,80789.9,924.479
2026-08-25 12:35:00,80790.0,80800.0,80700.0,80753.3,880.808
2026-08-25 12:40:00,80753.5,80778.0,80680.0,80682.6,470.336
2026-08-25 12:45:00,80682.6,80735.0,80611.1,80726.1,443.907
2026-08-25 12:50:00,80726.1,80783.8,80620.0,80634.7,599.54
2026-08-25 12:55:00,80634.7,80762.3,80634.7,80709.7,427.037
2026-08-25 13:00:00,80709.7,80764.2,80658.8,80704.2,665.769
2026-08-25 13:05:00,80704.2,80755.7,80659.2,80749.9,510.425
2026-08-25 13:10:00,80749.8,80839.5,80692.1,80812.8,676.398
2026-08-25 13:15:00,80812.8,80853.8,80743.4,80799.8,531.081
2026-08-25 13:20:00,80799.8,80912.0,80738.7,80758.8,604.957
2026-08-25 13:25:00,80758.7,80864.0,80720.2,80722.9,423.364
2026-08-25 13:30:00,80722.9,80723.4,80582.2,80694.1,592.383
2026-08-25 13:35:00,80694.2,80694.2,80510.6,80535.4,603.805
2026-08-25 13:40:00,80535.4,80564.0,80475.0,80509.3,484.659
2026-08-25 13:45:00,80509.3,80548.5,80481.1,80527.0,426.7
2026-08-25 13:50:00,80527.0,80527.1,80435.6,80458.6,423.129
2026-08-25 13:55:00,80458.7,80549.0,80383.4,80549.0,640.055
2026-08-25 14:00:00,80548.9,80774.0,80521.0,80731.0,728.673
2026-08-25 14:05:00,80731.0,80789.0,80682.5,80729.0,387.646
2026-08-25 14:10:00,80728.9,80735.9,80674.6,80699.8,275.318
2026-08-25 14:15:00,80699.8,80724.6,80604.7,80606.0,373.396
2026-08-25 14:20:00,80605.9,80670.9,80588.0,80593.0,263.909
2026-08-25 14:25:00,80593.0,80673.1,80587.9,80640.4,314.825
2026-08-25 14:30:00,80640.4,80676.7,80587.9,80587.9,463.563
2026-08-25 14:35:00,80587.9,80623.7,80459.1,80465.5,584.206
2026-08-25 14:40:00,80465.5,80522.9,80465.5,80489.9,475.177
2026-08-25 14:45:00,80489.9,80507.8,79666.0,79862.5,5442.298
2026-08-25 14:50:00,79862.6,79908.9,79288.5,79758.2,6054.415
2026-08-25 14:55:00,79758.1,79758.2,79621.0,79661.5,1386.225
2026-08-25 15:00:00,79661.6,79843.0,79580.0,79833.0,1739.901
2026-08-25 15:05:00,79833.0,79844.4,79749.4,79806.5,635.587
2026-08-25 15:10:00,79806.6,79943.3,79806.5,79889.3,734.545
2026-08-25 15:15:00,79889.3,80040.0,79889.2,79960.6,836.342
2026-08-25 15:20:00,79960.5,80159.4,79957.0,80096.0,1111.839
2026-08-25 15:25:00,80096.0,80235.4,80080.3,80156.3,966.105
2026-08-25 15:30:00,80156.2,80194.0,80089.0,80150.0,644.791
2026-08-25 15:35:00,80150.1,80171.3,79931.9,79944.9,577.933
2026-08-25 15:40:00,79945.0,80081.9,79872.8,80081.8,612.784
2026-08-25 15:45:00,80081.8,80090.2,79876.3,79876.3,472.652
2026-08-25 15:50:00,79876.3,79920.4,79813.1,79869.5,661.485
2026-08-25 15:55:00,79869.6,79920.9,79800.0,79899.0,368.459
2026-08-25 16:00:00,79899.0,79908.0,79676.9,79714.1,891.602
2026-08-25 16:05:00,79714.1,79806.0,79676.9,79750.0,650.615
2026-08-25 16:10:00,79749.9,79930.0,79705.5,79811.0,580.155
2026-08-25 16:15:00,79810.9,79879.7,79746.2,79805.9,399.944
2026-08-25 16:20:00,79805.9,79930.0,79796.2,79906.9,192.259
2026-08-25 16:25:00,79907.0,79907.0,79738.8,79790.1,525.558
2026-08-25 16:30:00,79790.1,79918.4,79790.0,79880.1,347.177
2026-08-25 16:35:00,79880.0,79888.8,79780.0,79807.5,387.101
2026-08-25 16:40:00,79807.5,79897.6,79718.0,79718.0,523.365
2026-08-25 16:45:00,79718.0,79753.2,79555.0,79564.8,1079.451
2026-08-25 16:50:00,79564.9,79564.9,78827.3,79065.3,5591.427
2026-08-25 16:55:00,79065.3,79217.1,78973.6,79160.9,1847.373
2026-08-25 17:00:00,79161.0,79177.9,78958.0,79158.6,1266.067
2026-08-25 17:05:00,79158.7,79240.3,79080.0,79196.7,674.137
2026-08-25 17:10:00,79196.8,79312.5,79196.7,79285.1,743.138
2026-08-25 17:15:00,79285.1,79386.0,79226.7,79345.0,539.804
2026-08-25 17:20:00,79345.0,79366.6,79221.9,79277.1,440.992
2026-08-25 17:25:00,79277.1,79290.0,79189.6,79243.4,367.247
2026-08-25 17:30:00,79243.5,79290.0,79215.0,79249.8,258.41
2026-08-25 17:35:00,79249.9,79260.0,79190.7,79233.0,252.627
2026-08-25 17:40:00,79233.0,79298.0,79224.7,79289.7,342.341
2026-08-25 17:45:00,79289.7,79452.7,79281.5,79327.8,609.466
2026-08-25 17:50:00,79327.7,79394.2,79288.0,79337.5,215.775
2026-08-25 17:55:00,79337.4,79377.1,79270.0,79275.8,281.1
2026-08-25 18:00:00,79275.8,79308.8,79216.4,79233.6,328.508
2026-08-25 18:05:00,79233.6,79365.3,79165.0,79224.1,363.781
2026-08-25 18:10:00,79224.0,79243.7,79054.7,79069.6,749.678
2026-08-25 18:15:00,79069.6,79229.3,79028.3,79154.5,681.239
2026-08-25 18:20:00,79154.5,79285.7,79154.5,79247.4,265.888
2026-08-25 18:25:00,79247.4,79260.1,79157.4,79228.0,224.807
2026-08-25 18:30:00,79227.9,79339.1,79227.9,79330.7,427.493
2026-08-25 18:35:00,79330.8,79460.8,79299.9,79299.9,544.38
2026-08-25 18:40:00,79299.9,79300.0,79123.1,79127.0,582.204
2026-08-25 18:45:00,79126.9,79159.4,79050.0,79052.8,446.827
2026-08-25 18:50:00,79052.8,79155.4,79039.8,79052.5,577.894
2026-08-25 18:55:00,79052.4,79150.6,79003.5,79097.0,371.579
2026-08-25 19:00:00,79097.0,79153.4,78913.4,78969.9,875.767
2026-08-25 19:05:00,78970.0,78970.0,78633.5,78813.7,3387.336
2026-08-25 19:10:00,78813.6,79059.2,78792.6,79055.3,911.444
2026-08-25 19:15:00,79055.3,79059.5,78845.7,78909.1,758.56
2026-08-25 19:20:00,78909.1,78924.8,78677.3,78857.7,1121.605
2026-08-25 19:25:00,78857.7,78902.3,78600.0,78861.7,1284.35
2026-08-25 19:30:00,78861.7,78949.0,78766.9,78935.7,546.117
2026-08-25 19:35:00,78935.7,78982.9,78863.3,78880.0,452.357
2026-08-25 19:40:00,78880.1,78953.7,78737.8,78908.4,382.082
2026-08-25 19:45:00,78908.4,79038.1,78864.3,79012.0,751.289
2026-08-25 19:50:00,79012.0,79064.0,78957.6,79000.0,556.243
2026-08-25 19:55:00,79000.1,79014.2,78909.4,78949.9,327.864
2026-08-25 20:00:00,78950.0,79039.8,78904.0,79033.0,356.043
2026-08-25 20:05:00,79033.0,79054.7,78768.8,78838.6,659.294
2026-08-25 20:10:00,78838.6,78897.7,78690.0,78783.4,1366.493
2026-08-25 20:15:00,78783.5,78783.5,78608.9,78700.1,842.005
2026-08-25 20:20:00,78700.0,78797.2,78540.1,78731.9,1797.189
2026-08-25 20:25:00,78731.9,78785.0,78549.8,78615.2,871.547
2026-08-25 20:30:00,78615.3,79016.0,78570.3,79004.0,1590.949
2026-08-25 20:35:00,79003.9,79194.9,78945.6,79018.4,2222.793
2026-08-25 20:40:00,79018.5,79057.4,78585.0,78614.8,1813.201
2026-08-25 20:45:00,78614.9,78639.8,78340.9,78465.6,3938.597
2026-08-25 20:50:00,78465.7,78480.8,78100.1,78334.6,4027.215
2026-08-25 20:55:00,78334.7,78648.1,78224.5,78627.3,1526.153
2026-08-25 21:00:00,78627.7,78795.0,78505.7,78782.0,1670.83
2026-08-25 21:05:00,78781.9,78946.6,78720.6,78918.1,1316.066
2026-08-25 21:10:00,78918.1,79030.6,78867.6,78974.3,1624.396
2026-08-25 21:15:00,78974.2,79093.8,78871.2,78918.7,1434.641
2026-08-25 21:20:00,78918.7,79114.3,78876.0,79100.5,1057.707
2026-08-25 21:25:00,79100.5,79291.3,79037.6,79175.8,2611.654
2026-08-25 21:30:00,79175.9,79359.2,79001.5,79193.0,1760.425
2026-08-25 21:35:00,79193.0,79282.8,79066.5,79078.7,749.381
2026-08-25 21:40:00,79078.8,79157.2,79020.6,79141.6,975.924
2026-08-25 21:45:00,79141.7,79276.6,79128.1,79176.6,608.852
2026-08-25 21:50:00,79176.7,79321.1,79153.9,79228.0,634.414
2026-08-25 21:55:00,79227.9,79345.1,79137.9,79211.4,736.926
2026-08-25 22:00:00,79211.4,79260.7,79110.8,79163.0,495.446
2026-08-25 22:05:00,79163.0,79325.6,79163.0,79260.1,487.371
2026-08-25 22:10:00,79260.0,79296.0,79028.0,79079.8,784.424
2026-08-25 22:15:00,79079.9,79223.6,78978.1,79182.7,614.463
2026-08-25 22:20:00,79182.6,79253.6,79110.7,79137.8,376.946
2026-08-25 22:25:00,79137.9,79209.0,79043.0,79199.6,460.728
2026-08-25 22:30:00,79199.5,79307.5,79138.8,79265.6,428.409
2026-08-25 22:35:00,79265.6,79452.5,79259.4,79336.2,1468.639
2026-08-25 22:40:00,79336.2,79376.6,79270.0,79365.9,337.803
2026-08-25 22:45:00,79366.0,79408.8,79241.3,79285.1,578.017
2026-08-25 22:50:00,79285.0,79332.0,79225.6,79302.0,339.374
2026-08-25 22:55:00,79302.0,79499.9,79302.0,79463.1,630.08
2026-08-25 23:00:00,79463.1,79539.9,79393.8,79458.2,1339.183
2026-08-25 23:05:00,79458.2,79471.4,79291.8,79296.0,471.65
2026-08-25 23:10:00,79296.0,79311.0,79117.1,79130.6,826.659
2026-08-25 23:15:00,79130.7,79223.0,79087.9,79222.9,497.019
2026-08-25 23:20:00,79223.0,79241.1,79035.4,79084.0,523.424
2026-08-25 23:25:00,79084.0,79126.6,79039.6,79109.2,289.066
2026-08-25 23:30:00,79109.2,79328.0,79103.4,79262.4,502.808
2026-08-25 23:35:00,79262.4,79299.6,79168.9,79187.7,324.428
2026-08-25 23:40:00,79187.8,79304.3,79154.0,79188.0,222.264
2026-08-25 23:45:00,79188.1,79327.0,79184.8,79242.0,348.385
2026-08-25 23:50:00,79242.0,79251.9,79090.7,79099.9,241.763
2026-08-25 23:55:00,79099.9,79149.8,79060.0,79121.5,271.885
2026-08-26 00:00:00,79121.5,79121.5,79018.1,79037.6,549.691
2026-08-26 00:05:00,79037.7,79114.0,78825.2,78936.3,1399.059
2026-08-26 00:10:00,78936.2,78966.2,78868.5,78946.5,679.087
2026-08-26 00:15:00,78946.4,79000.0,78922.0,78926.1,259.676
2026-08-26 00:20:00,78926.0,78991.3,78756.4,78839.1,680.006
2026-08-26 00:25:00,78839.1,78845.6,78709.7,78777.4,865.988
2026-08-26 00:30:00,78777.4,79064.1,78777.3,79021.4,418.583
2026-08-26 00:35:00,79021.4,79053.2,78968.4,79012.7,298.828
2026-08-26 00:40:00,79012.6,79157.2,79012.6,79109.6,418.32
2026-08-26 00:45:00,79109.6,79198.4,79109.6,79173.4,329.131
2026-08-26 00:50:00,79173.5,79204.1,79115.8,79161.0,214.133
2026-08-26 00:55:00,79160.9,79230.2,79153.0,79203.3,407.815
2026-08-26 01:00:00,79203.3,79294.8,79175.4,79199.4,703.623
2026-08-26 01:05:00,79199.3,79251.4,79185.0,79233.5,120.02
2026-08-26 01:10:00,79233.4,79368.4,79192.3,79289.1,822.758
2026-08-26 01:15:00,79289.2,79307.7,79226.1,79253.0,185.87
2026-08-26 01:20:00,79253.0,79290.8,79202.1,79236.1,297.27
2026-08-26 01:25:00,79236.1,79260.3,79204.0,79236.0,162.992
2026-08-26 01:30:00,79235.9,79235.9,79109.0,79122.5,298.833
2026-08-26 01:35:00,79122.5,79157.5,79066.6,79127.0,179.107
2026-08-26 01:40:00,79127.0,79143.7,79110.4,79135.5,77.814
2026-08-26 01:45:00,79135.5,79210.8,79130.0,79182.9,497.671
2026-08-26 01:50:00,79183.0,79190.6,79009.8,79036.6,448.563
2026-08-26 01:55:00,79036.6,79115.2,79009.7,79090.8,116.799
2026-08-26 02:00:00,79090.8,79158.6,78988.0,78988.0,310.339
2026-08-26 02:05:00,78988.0,79063.6,78976.3,79045.3,224.263
2026-08-26 02:10:00,79045.3,79131.8,79018.2,79126.3,188.214
2026-08-26 02:15:00,79126.3,79200.0,79115.6,79199.8,246.351
2026-08-26 02:20:00,79199.8,79199.8,79109.0,79138.7,439.842
2026-08-26 02:25:00,79138.8,79138.8,78870.2,78895.4,711.703
2026-08-26 02:30:00,78895.3,78896.4,78780.9,78857.2,374.14
2026-08-26 02:35:00,78857.1,78912.7,78850.0,78850.1,222.929
2026-08-26 02:40:00,78850.1,78850.2,78677.2,78710.0,1084.611
2026-08-26 02:45:00,78709.9,78786.7,78704.0,78729.0,293.895
2026-08-26 02:50:00,78728.9,78911.5,78704.0,78864.2,411.294
2026-08-26 02:55:00,78864.3,78914.2,78808.4,78890.7,302.777
2026-08-26 03:00:00,78890.6,78945.5,78631.0,78750.9,984.262
2026-08-26 03:05:00,78750.9,78832.4,78697.6,78829.2,295.562
2026-08-26 03:10:00,78829.2,78845.0,78761.1,78844.9,206.448
2026-08-26 03:15:00,78845.0,78929.5,78792.7,78928.7,170.413
2026-08-26 03:20:00,78928.8,78928.8,78840.4,78857.1,137.239
2026-08-26 03:25:00,78857.0,78857.1,78728.3,78733.5,179.776
2026-08-26 03:30:00,78733.5,78755.3,78655.0,78719.7,371.765
2026-08-26 03:35:00,78719.7,78749.9,78506.2,78555.1,478.732
2026-08-26 03:40:00,78555.2,78580.0,78318.0,78436.0,1701.716
2026-08-26 03:45:00,78436.0,78511.4,78143.6,78193.9,3237.471
2026-08-26 03:50:00,78193.9,78449.9,78170.7,78253.4,1329.778
2026-08-26 03:55:00,78253.5,78255.9,78130.1,78168.8,887.837
2026-08-26 04:00:00,78168.8,78265.3,78050.6,78173.0,1014.419
2026-08-26 04:05:00,78173.0,78265.4,77808.1,77941.5,3727.498
2026-08-26 04:10:00,77941.4,78276.0,77872.1,78252.9,1065.445
2026-08-26 04:15:00,78252.9,78435.1,78167.0,78420.0,1098.846
2026-08-26 04:20:00,78420.0,78423.8,78236.0,78340.4,496.618
2026-08-26 04:25:00,78340.3,78450.0,78300.8,78428.0,462.607
2026-08-26 04:30:00,78427.9,78444.7,78338.6,78439.8,280.241
2026-08-26 04:35:00,78439.9,78594.1,78429.4,78570.9,919.698
2026-08-26 04:40:00,78570.8,78620.0,78530.0,78551.9,423.627
2026-08-26 04:45:00,78551.9,78596.8,78527.4,78596.1,355.641
2026-08-26 04:50:00,78596.0,78596.5,78502.1,78582.9,290.718
2026-08-26 04:55:00,78583.0,78635.2,78502.0,78535.8,642.466
2026-08-26 05:00:00,78535.9,78697.7,78535.9,78684.7,457.881
2026-08-26 05:05:00,78684.6,78894.9,78668.4,78778.0,909.081
2026-08-26 05:10:00,78778.0,78912.8,78773.6,78893.6,727.935
2026-08-26 05:15:00,78893.6,78980.0,78801.9,78891.8,584.373
2026-08-26 05:20:00,78891.7,78900.0,78773.3,78839.0,443.401
2026-08-26 05:25:00,78839.0,78842.5,78567.1,78617.0,861.68
2026-08-26 05:30:00,78617.1,78822.9,78559.7,78819.8,511.909
2026-08-26 05:35:00,78819.8,78838.0,78736.7,78770.3,229.391
2026-08-26 05:40:00,78770.3,78802.0,78740.8,78745.2,154.932
2026-08-26 05:45:00,78745.2,78838.0,78740.8,78836.3,201.049
2026-08-26 05:50:00,78836.4,78888.0,78814.5,78861.0,191.158
2026-08-26 05:55:00,78861.0,78920.0,78831.8,78850.1,288.578
2026-08-26 06:00:00,78850.0,78930.0,78817.0,78927.8,261.819
2026-08-26 06:05:00,78927.9,78931.0,78788.0,78804.0,286.75
2026-08-26 06:10:00,78804.0,78948.8,78769.1,78918.2,406.096
2026-08-26 06:15:00,78918.2,78938.7,78730.3,78762.6,463.798
2026-08-26 06:20:00,78762.6,78762.7,78633.3,78640.0,497.822
2026-08-26 06:25:00,78640.0,78720.0,78586.0,78699.2,411.547
2026-08-26 06:30:00,78699.2,78766.0,78600.7,78730.8,486.09
2026-08-26 06:35:00,78730.7,78742.0,78601.4,78608.4,185.51
2026-08-26 06:40:00,78608.3,78631.4,78463.3,78560.0,516.793
2026-08-26 06:45:00,78560.0,78560.0,78370.4,78454.4,574.453
2026-08-26 06:50:00,78454.4,78501.6,78351.0,78463.3,383.687
2026-08-26 06:55:00,78463.4,78580.8,78423.1,78505.4,431.272
2026-08-26 07:00:00,78505.5,78600.0,78426.0,78573.9,469.278
2026-08-26 07:05:00,78573.9,78578.3,78252.8,78331.5,1232.332
2026-08-26 07:10:00,78331.5,78430.0,78272.8,78324.1,496.67
2026-08-26 07:15:00,78324.0,78553.9,78300.0,78491.4,332.123
2026-08-26 07:20:00,78491.4,78575.0,78421.2,78557.0,225.925
2026-08-26 07:25:00,78557.0,78558.0,78472.0,78557.8,187.126
2026-08-26 07:30:00,78557.9,78642.8,78539.9,78544.8,289.456
2026-08-26 07:35:00,78544.8,78554.8,78351.0,78351.1,281.422
2026-08-26 07:40:00,78351.1,78451.1,78330.6,78362.1,470.115
2026-08-26 07:45:00,78362.1,78516.4,78333.0,78500.1,395.067
2026-08-26 07:50:00,78500.1,78683.1,78491.0,78671.1,505.888
2026-08-26 07:55:00,78671.0,78671.1,78580.0,78592.8,184.666
2026-08-26 08:00:00,78592.7,78776.2,78562.0,78776.2,506.092
2026-08-26 08:05:00,78776.2,78870.0,78756.3,78770.4,711.687
2026-08-26 08:10:00,78770.5,78780.8,78670.0,78709.5,300.858
2026-08-26 08:15:00,78709.5,78835.7,78678.4,78828.9,351.784
2026-08-26 08:20:00,78828.9,78838.0,78768.0,78780.4,266.891
2026-08-26 08:25:00,78780.4,78780.4,78644.3,78677.0,322.006
2026-08-26 08:30:00,78677.0,78888.0,78677.0,78886.9,284.429
2026-08-26 08:35:00,78886.9,78927.0,78849.4,78874.9,339.129
2026-08-26 08:40:00,78874.9,78880.0,78801.0,78833.4,175.834
2026-08-26 08:45:00,78833.5,78836.5,78759.6,78799.9,247.42
2026-08-26 08:50:00,78799.9,78801.6,78740.0,78761.9,175.038
2026-08-26 08:55:00,78761.9,78780.9,78722.1,78780.9,138.373
2026-08-26 09:00:00,78780.9,78846.1,78754.3,78810.3,176.505
2026-08-26 09:05:00,78810.2,78818.8,78708.3,78712.8,127.826
2026-08-26 09:10:00,78712.7,78786.8,78709.3,78743.6,135.961
2026-08-26 09:15:00,78743.7,78915.7,78698.6,78856.8,447.204
2026-08-26 09:20:00,78856.7,78962.9,78856.7,78954.2,285.173
2026-08-26 09:25:00,78954.2,79200.0,78954.1,79185.1,1951.895
2026-08-26 09:30:00,79185.0,79200.0,79081.3,79142.5,745.544
2026-08-26 09:35:00,79142.5,79176.8,79109.9,79141.1,277.766
2026-08-26 09:40:00,79141.1,79166.9,79093.8,79106.7,284.444
2026-08-26 09:45:00,79106.8,79139.6,79060.0,79083.1,255.99
2026-08-26 09:50:00,79083.1,79089.9,78985.2,79025.0,438.197
2026-08-26 09:55:00,79025.1,79094.3,79025.1,79070.1,178.718
2026-08-26 10:00:00,79070.1,79150.3,79023.6,79028.3,386.584
2026-08-26 10:05:00,79028.4,79076.1,79005.3,79012.8,116.869
2026-08-26 10:10:00,79012.8,79049.0,78999.9,79003.1,290.877
2026-08-26 10:15:00,79003.2,79031.2,78950.0,78962.5,296.496
2026-08-26 10:20:00,78962.6,79075.2,78951.1,79060.1,216.095
2026-08-26 10:25:00,79060.1,79079.0,78984.5,79007.5,209.403
2026-08-26 10:30:00,79007.4,79007.5,78852.1,78950.0,304.589
2026-08-26 10:35:00,78950.1,79088.0,78950.0,79011.1,225.561
2026-08-26 10:40:00,79011.0,79043.3,78951.7,79023.7,139.629
2026-08-26 10:45:00,79023.7,79043.0,78911.0,78945.6,152.938
2026-08-26 10:50:00,78945.6,78998.4,78918.7,78998.4,136.508
2026-08-26 10:55:00,78998.4,79078.0,78998.4,79049.0,218.217
2026-08-26 11:00:00,79049.0,79049.1,78921.1,78975.3,219.834
2026-08-26 11:05:00,78975.4,79114.3,78958.0,79114.3,458.086
2026-08-26 11:10:00,79114.2,79149.2,78923.8,79008.6,590.642
2026-08-26 11:15:00,79008.5,79100.0,78938.4,79091.9,252.369
2026-08-26 11:20:00,79091.9,79100.0,78943.0,79067.0,436.097
2026-08-26 11:25:00,79067.0,79086.0,78970.0,78976.6,143.036
2026-08-26 11:30:00,78976.7,79019.0,78862.0,78891.7,287.051
2026-08-26 11:35:00,78891.8,78971.0,78850.0,78902.1,303.842
2026-08-26 11:40:00,78902.0,78952.6,78902.0,78929.0,188.029
2026-08-26 11:45:00,78929.0,78929.0,78750.0,78822.7,673.434
2026-08-26 11:50:00,78822.8,78874.9,78804.1,78847.7,163.298
2026-08-26 11:55:00,78847.7,78847.7,78751.0,78792.1,244.689
2026-08-26 12:00:00,78792.1,78818.6,78720.3,78727.9,384.266
2026-08-26 12:05:00,78728.0,78776.1,78600.0,78776.1,796.66
2026-08-26 12:10:00,78776.1,78926.4,78773.0,78865.1,489.001
2026-08-26 12:15:00,78865.0,78865.0,78712.2,78714.9,541.473
2026-08-26 12:20:00,78715.0,78994.1,78714.9,78988.4,378.333
2026-08-26 12:25:00,78988.3,79040.4,78912.8,78990.5,431.009
2026-08-26 12:30:00,78990.5,79105.0,78946.6,79032.0,451.837
2026-08-26 12:35:00,79032.0,79050.0,78950.0,79037.0,170.638
2026-08-26 12:40:00,79037.1,79097.7,79021.6,79079.9,176.623
2026-08-26 12:45:00,79080.0,79080.0,78995.3,79028.7,183.919
2026-08-26 12:50:00,79028.8,79036.5,78895.3,78918.8,257.725
2026-08-26 12:55:00,78918.8,79060.1,78918.8,79052.5,296.893
2026-08-26 13:00:00,79052.6,79120.0,78985.3,79066.7,573.646
2026-08-26 13:05:00,79066.8,79180.2,79066.7,79137.8,578.457
2026-08-26 13:10:00,79137.7,79137.8,78932.2,78968.2,395.323
2026-08-26 13:15:00,78967.4,79019.8,78833.0,78843.9,264.968
2026-08-26 13:20:00,78843.9,78973.0,78823.0,78823.0,535.102
2026-08-26 13:25:00,78823.0,78923.8,78791.2,78868.9,223.405
2026-08-26 13:30:00,78869.0,78930.4,78830.8,78874.8,195.076
2026-08-26 13:35:00,78874.8,78923.8,78774.4,78835.5,390.153
2026-08-26 13:40:00,78835.6,78926.4,78824.0,78904.7,177.075
2026-08-26 13:45:00,78904.8,78936.0,78827.5,78854.5,196.95
2026-08-26 13:50:00,78854.4,78899.9,78834.1,78895.6,139.551
2026-08-26 13:55:00,78895.7,78917.4,78863.2,78908.9,171.768
2026-08-26 14:00:00,78908.9,78997.5,78824.4,78991.1,331.049
2026-08-26 14:05:00,78991.2,79065.1,78893.5,78893.5,386.251
2026-08-26 14:10:00,78893.5,78998.4,78893.5,78955.2,155.039
2026-08-26 14:15:00,78955.1,78982.0,78918.7,78928.7,92.519
2026-08-26 14:20:00,78928.7,78972.5,78860.1,78918.3,170.804
2026-08-26 14:25:00,78918.3,78999.0,78900.5,78904.5,175.056
2026-08-26 14:30:00,78904.5,78949.2,78848.8,78947.2,252.829
2026-08-26 14:35:00,78947.2,79017.9,78930.8,78966.7,370.755
2026-08-26 14:40:00,78966.7,78999.3,78930.4,78960.1,145.393
2026-08-26 14:45:00,78960.0,78970.4,78925.6,78959.4,93.43
2026-08-26 14:50:00,78959.3,79025.9,78925.5,78925.6,176.357
2026-08-26 14:55:00,78925.5,78971.3,78881.5,78887.0,243.372
2026-08-26 15:00:00,78887.1,78912.6,78808.8,78851.8,424.935
2026-08-26 15:05:00,78851.9,79054.0,78792.8,79015.9,550.068
2026-08-26 15:10:00,79015.9,79087.9,79001.1,79002.0,391.985
2026-08-26 15:15:00,79002.0,79083.8,78950.6,78962.9,204.779
2026-08-26 15:20:00,78962.8,78972.2,78871.8,78937.4,154.877
2026-08-26 15:25:00,78937.4,78978.0,78937.4,78950.5,85.033
2026-08-26 15:30:00,78950.4,78995.1,78884.5,78908.9,159.568
2026-08-26 15:35:00,78909.0,78915.8,78863.6,78890.4,228.741
2026-08-26 15:40:00,78890.4,78988.7,78875.2,78969.0,342.682
2026-08-26 15:45:00,78969.1,78984.8,78883.5,78893.2,289.417
2026-08-26 15:50:00,78893.4,78913.1,78666.0,78666.0,845.174
2026-08-26 15:55:00,78666.0,78687.5,78570.3,78677.0,827.072
2026-08-26 16:00:00,78677.0,78836.6,78635.0,78780.7,627.884
2026-08-26 16:05:00,78780.6,78850.0,78764.1,78777.8,195.358
2026-08-26 16:10:00,78777.8,78814.6,78715.0,78744.8,228.222
2026-08-26 16:15:00,78744.8,78744.9,78388.0,78449.0,2127.659
2026-08-26 16:20:00,78449.1,78504.4,78363.0,78370.0,989.511
2026-08-26 16:25:00,78370.0,78519.0,78369.9,78501.3,629.674
2026-08-26 16:30:00,78501.2,78563.7,78433.2,78525.4,336.506
2026-08-26 16:35:00,78525.5,78546.7,78450.0,78450.0,213.778
2026-08-26 16:40:00,78450.0,78450.1,78280.2,78290.2,640.252
2026-08-26 16:45:00,78290.2,78405.6,78208.0,78401.8,817.038
2026-08-26 16:50:00,78401.7,78465.0,78360.0,78368.8,402.276
2026-08-26 16:55:00,78368.8,78425.0,78365.9,78415.5,181.728
2026-08-26 17:00:00,78415.2,78415.2,78260.6,78287.3,325.173
2026-08-26 17:05:00,78287.9,78363.2,78287.9,78334.1,254.085
2026-08-26 17:10:00,78334.1,78449.1,78296.5,78396.8,352.569
2026-08-26 17:15:00,78396.8,78507.5,78389.3,78501.9,425.106
2026-08-26 17:20:00,78502.0,78558.3,78470.6,78545.6,285.064
2026-08-26 17:25:00,78545.7,78612.9,78545.0,78593.0,464.296
2026-08-26 17:30:00,78593.0,78625.0,78530.8,78625.0,293.478
2026-08-26 17:35:00,78625.0,78780.3,78582.5,78704.0,692.861
2026-08-26 17:40:00,78704.0,78730.2,78623.5,78689.6,437.222
2026-08-26 17:45:00,78689.6,78822.0,78661.3,78803.1,512.244
2026-08-26 17:50:00,78803.1,78858.1,78719.9,78736.7,705.237
2026-08-26 17:55:00,78736.7,78748.1,78675.4,78688.5,291.495
2026-08-26 18:00:00,78688.5,78750.0,78651.4,78707.9,248.449
2026-08-26 18:05:00,78707.8,78730.5,78615.0,78646.4,219.749
2026-08-26 18:10:00,78646.5,78675.2,78628.2,78670.2,133.832
2026-08-26 18:15:00,78670.2,78705.7,78613.8,78635.6,145.889
2026-08-26 18:20:00,78635.6,78674.6,78600.3,78664.1,407.84
2026-08-26 18:25:00,78664.1,78677.0,78578.0,78590.3,215.864
2026-08-26 18:30:00,78590.2,78596.2,78515.1,78525.3,341.098
2026-08-26 18:35:00,78525.3,78586.6,78274.1,78356.6,1063.588
2026-08-26 18:40:00,78356.7,78462.7,78310.0,78439.0,477.472
2026-08-26 18:45:00,78438.9,78439.0,78340.1,78352.6,365.513
2026-08-26 18:50:00,78352.7,78507.9,78352.7,78487.4,259.711
2026-08-26 18:55:00,78487.4,78543.1,78437.8,78442.6,232.083
2026-08-26 19:00:00,78442.6,78529.6,78430.0,78480.9,315.253
2026-08-26 19:05:00,78480.8,78480.8,78318.4,78387.0,306.705
2026-08-26 19:10:00,78387.1,78430.0,78353.4,78360.4,226.166
2026-08-26 19:15:00,78360.4,78395.9,78249.0,78353.0,464.465
2026-08-26 19:20:00,78353.0,78555.0,78339.9,78539.6,370.643
2026-08-26 19:25:00,78539.7,78679.2,78534.6,78670.7,842.178
2026-08-26 19:30:00,78670.6,78670.7,77906.4,78362.2,4367.763
2026-08-26 19:35:00,78362.1,78450.0,78124.3,78200.0,1087.075
2026-08-26 19:40:00,78200.0,78339.2,78179.2,78224.5,366.319
2026-08-26 19:45:00,78224.4,78345.0,78161.0,78283.8,540.994
2026-08-26 19:50:00,78283.7,78415.3,78249.3,78270.3,545.824
2026-08-26 19:55:00,78270.3,78397.5,78253.0,78280.5,280.035
2026-08-26 20:00:00,78280.4,78416.0,78209.4,78209.4,1331.033
2026-08-26 20:05:00,78209.4,78240.0,78031.1,78084.5,1167.113
2026-08-26 20:10:00,78084.6,78132.3,77921.1,78088.7,1352.188
2026-08-26 20:15:00,78088.7,78142.8,78048.0,78107.1,795.063
2026-08-26 20:20:00,78107.2,78119.7,77957.1,77989.9,677.138
2026-08-26 20:25:00,77989.9,78042.9,77850.0,78011.4,1239.158
2026-08-26 20:30:00,78011.5,78341.4,78011.5,78292.4,1866.862
2026-08-26 20:35:00,78292.4,78463.8,78228.1,78317.2,1500.737
2026-08-26 20:40:00,78317.2,78458.7,78286.0,78450.3,736.019
2026-08-26 20:45:00,78450.3,78518.7,78337.1,78340.9,844.331
2026-08-26 20:50:00,78340.8,78340.9,78056.3,78185.2,1233.791
2026-08-26 20:55:00,78185.1,78422.9,78162.9,78407.0,691.61
2026-08-26 21:00:00,78406.9,78559.9,78255.5,78490.1,1142.706
2026-08-26 21:05:00,78490.1,78560.0,78438.5,78506.1,759.262
2026-08-26 21:10:00,78506.1,78559.9,78409.5,78418.0,841.248
2026-08-26 21:15:00,78418.0,78530.9,78401.5,78478.3,314.396
2026-08-26 21:20:00,78478.4,78511.6,78352.0,78352.1,293.837
2026-08-26 21:25:00,78352.1,78359.6,78160.4,78202.4,803.541
2026-08-26 21:30:00,78202.2,78243.5,78116.2,78133.0,546.502
2026-08-26 21:35:00,78133.0,78230.3,78050.1,78112.9,687.436
2026-08-26 21:40:00,78113.0,78161.1,77900.0,77941.5,1629.721
2026-08-26 21:45:00,77941.4,77981.7,77821.8,77953.2,1311.288
2026-08-26 21:50:00,77953.2,78011.0,77722.5,77768.6,1910.244
2026-08-26 21:55:00,77768.6,77833.1,77738.7,77764.4,911.619
2026-08-26 22:00:00,77764.5,77862.9,77600.0,77625.8,2454.979
2026-08-26 22:05:00,77625.8,77927.1,77615.8,77895.3,1639.411
2026-08-26 22:10:00,77895.1,77911.9,77794.1,77813.1,348.421
2026-08-26 22:15:00,77813.1,77835.6,77692.1,77762.9,628.606
2026-08-26 22:20:00,77762.9,77936.9,77762.9,77908.2,536.439
2026-08-26 22:25:00,77908.3,78137.3,77908.2,78129.1,1300.481
2026-08-26 22:30:00,78129.0,78142.0,77912.1,77925.4,726.883
2026-08-26 22:35:00,77925.4,77988.4,77891.6,77970.1,381.816
2026-08-26 22:40:00,77970.1,78098.4,77970.1,78007.6,572.411
2026-08-26 22:45:00,78007.6,78115.0,78007.5,78102.7,357.922
2026-08-26 22:50:00,78102.6,78115.9,77990.5,78011.4,300.14
2026-08-26 22:55:00,78011.3,78085.0,77936.3,77980.7,332.858
2026-08-26 23:00:00,77980.7,78060.0,77938.6,78057.2,374.326
2026-08-26 23:05:00,78057.3,78131.5,78027.0,78095.4,343.021
2026-08-26 23:10:00,78095.4,78114.6,78010.0,78043.7,225.6
2026-08-26 23:15:00,78043.8,78081.6,77942.8,78008.7,247.679
2026-08-26 23:20:00,78008.8,78114.1,77982.0,77996.4,322.779
2026-08-26 23:25:00,77996.4,78040.2,77950.0,78027.2,285.898
2026-08-26 23:30:00,78027.2,78079.8,77973.2,78074.8,306.526
2026-08-26 23:35:00,78074.9,78120.0,77936.3,77936.4,487.182
2026-08-26 23:40:00,77936.3,77996.0,77812.6,77837.8,794.648
2026-08-26 23:45:00,77837.8,78138.0,77837.8,78057.1,660.077
2026-08-26 23:50:00,78057.0,78102.4,77956.6,77999.3,214.937
2026-08-26 23:55:00,77999.3,78046.4,77935.0,77961.2,281.082
2026-08-27 00:00:00,77961.2,78048.4,77961.2,78015.0,206.658
2026-08-27 00:05:00,78014.9,78100.0,77977.6,78055.1,156.104
2026-08-27 00:10:00,78055.1,78109.6,78020.0,78101.3,163.01
2026-08-27 00:15:00,78101.4,78270.0,78101.3,78216.9,864.77
2026-08-27 00:20:00,78217.0,78328.5,78199.8,78310.7,1120.384
2026-08-27 00:25:00,78310.8,78486.2,78301.1,78486.1,1963.751
2026-08-27 00:30:00,78486.2,78555.0,78455.5,78546.0,982.906
2026-08-27 00:35:00,78546.1,78550.1,78458.0,78500.0,751.676
2026-08-27 00:40:00,78499.9,78583.7,78473.2,78480.7,1363.967
2026-08-27 00:45:00,78480.7,78484.7,78328.7,78366.4,691.363
2026-08-27 00:50:00,78366.4,78435.8,78360.0,78424.1,205.908
2026-08-27 00:55:00,78424.2,78448.7,78376.1,78404.0,177.24
2026-08-27 01:00:00,78404.0,78488.3,78360.4,78439.6,271.715
2026-08-27 01:05:00,78439.5,78503.6,78409.5,78489.2,166.033
2026-08-27 01:10:00,78489.1,78641.3,78467.2,78535.9,1434.565
2026-08-27 01:15:00,78535.8,78550.0,78457.7,78508.5,372.077
2026-08-27 01:20:00,78508.5,78570.8,78436.2,78477.5,272.286
2026-08-27 01:25:00,78477.6,78488.4,78397.8,78432.1,201.534
2026-08-27 01:30:00,78432.2,78456.3,78368.7,78393.8,208.815
2026-08-27 01:35:00,78393.7,78402.6,78330.1,78359.4,198.58
2026-08-27 01:40:00,78359.4,78359.4,78244.2,78271.6,407.705
2026-08-27 01:45:00,78271.6,78386.0,78256.8,78375.0,214.519
2026-08-27 01:50:00,78375.0,78431.9,78360.0,78431.9,149.333
2026-08-27 01:55:00,78431.9,78474.1,78401.8,78440.1,264.285
2026-08-27 02:00:00,78440.1,78486.8,78405.6,78419.6,145.546
2026-08-27 02:05:00,78419.6,78421.3,78358.9,78359.0,173.407
2026-08-27 02:10:00,78358.9,78430.0,78340.6,78347.9,178.66
2026-08-27 02:15:00,78348.0,78420.0,78346.4,78381.6,224.123
2026-08-27 02:20:00,78381.6,78381.6,78252.1,78304.1,333.404
2026-08-27 02:25:00,78304.0,78551.4,78267.3,78491.9,404.09
2026-08-27 02:30:00,78491.9,78515.4,78450.0,78455.7,239.044
2026-08-27 02:35:00,78455.6,78475.1,78375.2,78375.3,158.434
2026-08-27 02:40:00,78375.3,78401.0,78340.0,78399.0,115.441
2026-08-27 02:45:00,78399.1,78452.4,78399.0,78443.1,104.265
2026-08-27 02:50:00,78443.2,78516.4,78412.1,78422.8,391.936
2026-08-27 02:55:00,78422.8,78460.0,78406.5,78434.9,164.858
2026-08-27 03:00:00,78434.9,78474.7,78354.3,78465.6,248.679
2026-08-27 03:05:00,78465.5,78492.3,78438.0,78438.0,124.811
2026-08-27 03:10:00,78438.0,78446.6,78375.2,78377.5,85.535
2026-08-27 03:15:00,78377.6,78422.7,78350.1,78368.7,110.407
2026-08-27 03:20:00,78368.7,78368.7,78156.5,78294.0,776.85
2026-08-27 03:25:00,78294.0,78365.8,78293.9,78364.8,117.799
2026-08-27 03:30:00,78364.8,78378.2,78284.9,78305.4,161.468
2026-08-27 03:35:00,78305.4,78346.0,78242.1,78334.1,129.695
2026-08-27 03:40:00,78334.1,78395.4,78334.1,78358.5,163.454
2026-08-27 03:45:00,78358.6,78384.2,78346.6,78352.6,50.924
2026-08-27 03:50:00,78352.5,78396.0,78341.4,78396.0,65.481
2026-08-27 03:55:00,78396.0,78421.9,78396.0,78418.2,91.978
2026-08-27 04:00:00,78418.2,78423.8,78347.8,78373.6,147.018
2026-08-27 04:05:00,78373.5,78579.0,78373.5,78579.0,379.0
2026-08-27 04:10:00,78578.9,78770.0,78520.0,78753.2,996.458
2026-08-27 04:15:00,78753.3,78799.0,78693.2,78729.0,619.735
2026-08-27 04:20:00,78729.1,78797.3,78690.3,78755.0,294.667
2026-08-27 04:25:00,78754.9,78800.0,78666.9,78706.7,1096.127
2026-08-27 04:30:00,78706.8,78709.0,78612.1,78708.9,283.688
2026-08-27 04:35:00,78709.0,78800.0,78708.9,78741.6,290.119
2026-08-27 04:40:00,78741.6,78741.6,78665.0,78681.0,231.7
2026-08-27 04:45:00,78681.0,78693.6,78630.3,78659.9,112.988
2026-08-27 04:50:00,78660.0,78770.0,78659.9,78736.1,208.181
2026-08-27 04:55:00,78736.1,78736.1,78682.9,78682.9,107.343
2026-08-27 05:00:00,78682.9,78831.1,78640.0,78827.4,433.085
2026-08-27 05:05:00,78827.4,78839.1,78750.1,78750.1,198.685
2026-08-27 05:10:00,78750.1,78779.9,78683.5,78746.5,461.069
2026-08-27 05:15:00,78746.6,78899.0,78724.9,78847.4,871.251
2026-08-27 05:20:00,78847.3,78945.0,78775.4,78782.0,743.632
2026-08-27 05:25:00,78782.0,78843.3,78751.2,78784.3,249.28
2026-08-27 05:30:00,78784.3,78784.3,78667.2,78726.9,426.531
2026-08-27 05:35:00,78726.9,78737.2,78561.3,78561.3,359.734
2026-08-27 05:40:00,78561.4,78665.1,78552.0,78658.1,295.301
2026-08-27 05:45:00,78658.1,78660.2,78565.4,78568.9,152.279
2026-08-27 05:50:00,78568.9,78574.2,78513.7,78560.3,217.1
2026-08-27 05:55:00,78560.4,78702.6,78532.3,78656.6,361.129
2026-08-27 06:00:00,78656.6,78717.8,78607.3,78711.6,190.997
2026-08-27 06:05:00,78711.6,78711.6,78630.2,78647.9,193.073
2026-08-27 06:10:00,78647.9,78682.4,78633.9,78672.1,134.462
2026-08-27 06:15:00,78672.1,78703.9,78636.0,78683.3,111.08
2026-08-27 06:20:00,78683.4,78713.5,78655.7,78700.4,197.749
2026-08-27 06:25:00,78700.4,78876.5,78677.3,78821.9,612.984
2026-08-27 06:30:00,78821.9,78915.1,78821.8,78849.5,641.63
2026-08-27 06:35:00,78849.5,78983.4,78845.5,78912.4,1365.762
2026-08-27 06:40:00,78912.3,79028.4,78868.8,79010.4,934.865
2026-08-27 06:45:00,79010.4,79138.7,78963.6,79030.0,937.599
2026-08-27 06:50:00,79029.9,79071.4,78966.2,79034.5,348.645
2026-08-27 06:55:00,79034.5,79080.0,78962.0,78989.4,279.711
2026-08-27 07:00:00,78989.4,78999.4,78815.0,78815.1,513.084
2026-08-27 07:05:00,78815.0,78953.7,78805.1,78935.0,272.915
2026-08-27 07:10:00,78935.1,78941.5,78774.3,78803.6,297.816
2026-08-27 07:15:00,78803.6,78895.0,78775.6,78895.0,199.983
2026-08-27 07:20:00,78895.0,78909.8,78814.9,78819.8,127.665
2026-08-27 07:25:00,78819.9,78871.5,78778.0,78871.3,181.33
2026-08-27 07:30:00,78871.3,78871.3,78800.1,78804.2,114.891
2026-08-27 07:35:00,78804.2,78830.7,78750.8,78800.0,295.499
2026-08-27 07:40:00,78799.9,78871.3,78750.1,78842.5,348.242
2026-08-27 07:45:00,78842.5,78853.2,78720.0,78757.4,345.167
2026-08-27 07:50:00,78757.5,78813.8,78680.1,78684.0,299.173
2026-08-27 07:55:00,78684.0,78721.3,78649.9,78650.1,314.666
2026-08-27 08:00:00,78650.0,78715.5,78633.8,78708.6,267.352
2026-08-27 08:05:00,78708.5,78747.1,78654.6,78694.9,199.919
2026-08-27 08:10:00,78694.9,78729.9,78593.2,78628.1,336.787
2026-08-27 08:15:00,78628.1,78656.0,78522.1,78632.2,335.845
2026-08-27 08:20:00,78632.1,78764.0,78632.1,78753.4,179.654
2026-08-27 08:25:00,78753.4,78936.1,78750.0,78902.9,405.644
2026-08-27 08:30:00,78902.9,78947.8,78737.0,78837.7,378.585
2026-08-27 08:35:00,78837.6,78885.1,78737.0,78801.9,211.999
2026-08-27 08:40:00,78801.9,78802.0,78676.9,78677.0,167.462
2026-08-27 08:45:00,78676.9,78925.0,78662.9,78924.9,322.782
2026-08-27 08:50:00,78925.0,78989.0,78872.3,78898.9,418.239
2026-08-27 08:55:00,78898.9,78960.0,78852.0,78864.6,244.997
2026-08-27 09:00:00,78864.6,78951.0,78851.8,78904.5,229.483
2026-08-27 09:05:00,78904.6,78915.9,78877.6,78908.8,104.957
2026-08-27 09:10:00,78908.9,78918.5,78818.8,78843.2,220.815
2026-08-27 09:15:00,78842.7,78842.8,78769.2,78795.2,143.201
2026-08-27 09:20:00,78795.1,78817.4,78711.0,78734.1,139.71
2026-08-27 09:25:00,78734.2,78740.0,78686.9,78726.5,148.36
2026-08-27 09:30:00,78726.5,78757.0,78711.0,78755.0,113.938
2026-08-27 09:35:00,78755.0,78767.4,78700.0,78709.3,196.245
2026-08-27 09:40:00,78709.3,78713.0,78666.1,78700.0,87.745
2026-08-27 09:45:00,78699.9,78719.7,78680.0,78718.0,124.47
2026-08-27 09:50:00,78718.0,78756.0,78697.8,78718.8,127.515
2026-08-27 09:55:00,78718.8,78722.9,78680.0,78697.2,413.968
2026-08-27 10:00:00,78697.2,78705.9,78670.4,78690.0,236.671
2026-08-27 10:05:00,78690.0,78754.2,78680.5,78688.0,124.032
2026-08-27 10:10:00,78688.0,78714.6,78635.0,78641.4,129.594
2026-08-27 10:15:00,78641.4,78728.5,78605.5,78725.3,264.907
2026-08-27 10:20:00,78725.2,78967.0,78688.3,78915.4,1122.285
2026-08-27 10:25:00,78915.3,78917.9,78846.7,78862.1,168.91
2026-08-27 10:30:00,78862.1,78881.7,78804.6,78830.1,191.284
2026-08-27 10:35:00,78830.1,78876.5,78813.7,78820.5,179.41
2026-08-27 10:40:00,78820.5,78920.6,78799.4,78846.0,494.219
2026-08-27 10:45:00,78846.0,78916.9,78808.1,78812.1,261.238
2026-08-27 10:50:00,78812.1,78823.0,78738.3,78799.9,303.007
2026-08-27 10:55:00,78799.9,78801.9,78775.3,78801.8,81.898
2026-08-27 11:00:00,78801.8,78863.9,78800.0,78824.6,120.617
2026-08-27 11:05:00,78824.6,78861.8,78765.7,78855.0,105.786
2026-08-27 11:10:00,78855.0,78855.1,78814.8,78827.9,87.121
2026-08-27 11:15:00,78827.8,78874.0,78827.8,78847.0,157.945
2026-08-27 11:20:00,78847.0,78847.0,78788.4,78812.5,83.368
2026-08-27 11:25:00,78812.5,78817.8,78745.6,78745.6,83.074
2026-08-27 11:30:00,78745.5,78745.5,78667.6,78675.6,156.224
2026-08-27 11:35:00,78675.6,78759.4,78651.0,78724.2,455.37
2026-08-27 11:40:00,78724.2,78787.5,78713.0,78784.0,109.844
2026-08-27 11:45:00,78784.0,78791.3,78700.0,78712.4,129.994
2026-08-27 11:50:00,78712.5,78720.0,78672.7,78720.0,91.725
2026-08-27 11:55:00,78719.9,78752.9,78706.6,78746.1,65.377
2026-08-27 12:00:00,78746.0,78750.0,78653.4,78653.4,112.619
2026-08-27 12:05:00,78653.5,78703.9,78628.1,78685.9,269.964
2026-08-27 12:10:00,78685.9,78695.0,78612.2,78616.7,167.5
2026-08-27 12:15:00,78616.7,78627.1,78606.0,78617.2,114.285
2026-08-27 12:20:00,78617.2,78709.8,78617.1,78709.8,131.728
2026-08-27 12:25:00,78709.8,78772.0,78621.9,78638.3,219.381
2026-08-27 12:30:00,78638.4,78654.9,78583.9,78614.9,477.833
2026-08-27 12:35:00,78614.8,78685.0,78566.5,78666.0,235.206
2026-08-27 12:40:00,78666.0,78776.9,78644.7,78681.8,200.049
2026-08-27 12:45:00,78681.9,78803.0,78676.5,78803.0,240.392
2026-08-27 12:50:00,78803.0,78904.7,78795.6,78819.5,383.344
2026-08-27 12:55:00,78819.6,78900.0,78772.0,78888.1,601.436
2026-08-27 13:00:00,78888.1,78888.1,78772.7,78772.7,144.922
2026-08-27 13:05:00,78772.7,78811.2,78772.7,78784.4,59.854
2026-08-27 13:10:00,78784.4,78784.4,78622.0,78652.1,525.366
2026-08-27 13:15:00,78652.2,78711.2,78575.6,78699.9,1376.019
2026-08-27 13:20:00,78699.9,78771.0,78642.5,78646.7,217.074
2026-08-27 13:25:00,78646.7,78672.9,78586.0,78633.9,350.34
2026-08-27 13:30:00,78633.9,78772.1,78633.8,78725.7,642.659
2026-08-27 13:35:00,78725.8,78753.4,78713.5,78713.6,186.873
2026-08-27 13:40:00,78713.6,78750.6,78694.7,78728.0,144.136
2026-08-27 13:45:00,78727.9,78765.9,78725.0,78763.1,147.007
2026-08-27 13:50:00,78763.1,78818.5,78749.1,78784.0,210.82
2026-08-27 13:55:00,78783.9,78817.0,78775.0,78795.6,129.124
2026-08-27 14:00:00,78795.6,78795.7,78732.6,78763.4,157.229
2026-08-27 14:05:00,78763.4,78765.1,78733.9,78756.0,81.415
2026-08-27 14:10:00,78756.1,78838.0,78750.0,78803.5,145.604
2026-08-27 14:15:00,78803.4,78814.4,78784.9,78791.1,78.071
2026-08-27 14:20:00,78791.2,78817.7,78753.1,78753.1,121.131
2026-08-27 14:25:00,78753.2,78780.0,78720.0,78767.3,109.356
2026-08-27 14:30:00,78767.2,78841.9,78759.9,78831.0,308.708
2026-08-27 14:35:00,78830.9,78850.0,78804.6,78850.0,123.379
2026-08-27 14:40:00,78850.0,78850.0,78807.3,78812.0,83.147
2026-08-27 14:45:00,78812.0,78848.9,78812.0,78833.6,119.918
2026-08-27 14:50:00,78833.7,79034.0,78833.6,79002.0,893.755
2026-08-27 14:55:00,79002.1,79074.0,79002.0,79054.4,661.521
2026-08-27 15:00:00,79054.3,79493.3,79015.0,79405.6,3194.323
2026-08-27 15:05:00,79405.6,79719.3,79250.6,79719.3,3891.717
2026-08-27 15:10:00,79719.2,79838.9,79503.2,79600.0,3654.023
2026-08-27 15:15:00,79599.9,79609.6,79449.4,79485.3,932.606
2026-08-27 15:20:00,79485.3,79579.6,79410.7,79546.1,1114.117
2026-08-27 15:25:00,79546.2,79715.7,79546.1,79713.0,1142.222
2026-08-27 15:30:00,79712.9,79848.1,79712.9,79815.2,1323.407
2026-08-27 15:35:00,79815.2,79815.2,79676.5,79746.1,690.925
2026-08-27 15:40:00,79746.2,79968.0,79715.0,79879.9,1453.983
2026-08-27 15:45:00,79879.9,79992.5,79755.0,79758.3,1036.185
2026-08-27 15:50:00,79758.3,79842.3,79732.0,79742.7,745.79
2026-08-27 15:55:00,79742.7,79750.0,79642.1,79722.8,601.256
2026-08-27 16:00:00,79722.7,79792.7,79640.7,79710.8,735.904
2026-08-27 16:05:00,79710.8,79817.9,79671.0,79759.9,646.742
2026-08-27 16:10:00,79759.9,79848.8,79759.9,79847.6,474.629
2026-08-27 16:15:00,79847.6,79971.0,79756.6,79966.9,963.031
2026-08-27 16:20:00,79966.9,80096.0,79945.2,80054.8,1859.341
2026-08-27 16:25:00,80054.7,80478.0,80054.7,80463.3,3639.31
2026-08-27 16:30:00,80463.2,80499.9,80176.8,80177.6,1449.318
2026-08-27 16:35:00,80177.5,80294.7,80165.5,80250.0,1177.616
2026-08-27 16:40:00,80250.0,80291.0,80165.0,80219.2,496.3
2026-08-27 16:45:00,80219.3,80248.0,80159.8,80161.9,380.733
2026-08-27 16:50:00,80161.9,80170.8,80010.7,80032.0,1031.785
2026-08-27 16:55:00,80032.1,80032.8,79882.8,79957.8,1021.831
2026-08-27 17:00:00,79957.8,80027.0,79883.8,80026.9,870.744
2026-08-27 17:05:00,80026.9,80128.8,80016.3,80123.2,562.993
2026-08-27 17:10:00,80123.2,80126.4,79766.5,79899.9,1056.357
2026-08-27 17:15:00,79899.9,79955.0,79800.0,79922.3,654.357
2026-08-27 17:20:00,79922.2,79989.9,79724.0,79769.5,559.682
2026-08-27 17:25:00,79769.5,79769.5,79300.0,79631.3,2814.664
2026-08-27 17:30:00,79631.3,79643.6,79492.0,79577.2,821.292
2026-08-27 17:35:00,79577.3,79614.0,79325.0,79424.7,1155.934
2026-08-27 17:40:00,79424.7,79619.5,79420.0,79572.0,481.972
2026-08-27 17:45:00,79572.0,79587.4,79461.0,79488.6,291.59
2026-08-27 17:50:00,79488.7,79600.0,79475.0,79563.7,465.759
2026-08-27 17:55:00,79563.6,79599.0,79512.4,79599.0,347.864
2026-08-27 18:00:00,79599.5,79698.9,79521.3,79668.2,617.109
2026-08-27 18:05:00,79668.3,79696.8,79600.0,79648.0,317.93
2026-08-27 18:10:00,79648.0,79726.2,79612.9,79720.5,322.442
2026-08-27 18:15:00,79720.5,79726.5,79593.7,79648.0,274.087
2026-08-27 18:20:00,79648.1,79739.1,79644.0,79712.6,272.345
2026-08-27 18:25:00,79712.6,79725.0,79450.0,79490.1,953.029
2026-08-27 18:30:00,79490.0,79533.2,79351.0,79488.3,765.365
2026-08-27 18:35:00,79488.3,79504.0,79337.0,79361.3,456.418
2026-08-27 18:40:00,79361.3,79414.9,79353.0,79396.4,360.05
2026-08-27 18:45:00,79396.4,79439.5,79351.0,79351.0,385.062
2026-08-27 18:50:00,79351.1,79451.0,79131.8,79451.0,1503.04
2026-08-27 18:55:00,79451.0,79472.4,79431.2,79440.1,197.031
2026-08-27 19:00:00,79440.1,79493.8,79388.0,79396.3,286.649
2026-08-27 19:05:00,79396.4,79426.3,79341.0,79415.4,446.307
2026-08-27 19:10:00,79415.5,79532.9,79408.0,79461.7,250.195
2026-08-27 19:15:00,79461.7,79512.7,79353.1,79362.1,237.97
2026-08-27 19:20:00,79362.1,79500.0,79362.1,79498.5,168.953
2026-08-27 19:25:00,79498.5,79558.9,79491.0,79512.4,352.406
2026-08-27 19:30:00,79512.5,79520.0,79362.1,79375.6,481.591
2026-08-27 19:35:00,79375.6,79378.4,79230.0,79323.0,627.152
2026-08-27 19:40:00,79323.0,79344.7,79226.0,79239.0,314.279
2026-08-27 19:45:00,79239.0,79292.1,79238.9,79284.1,273.223
2026-08-27 19:50:00,79284.0,79323.0,79234.7,79250.6,194.071
2026-08-27 19:55:00,79250.7,79286.8,79236.0,79247.3,305.148
2026-08-27 20:00:00,79247.4,79298.4,79243.2,79243.2,260.425
2026-08-27 20:05:00,79243.2,79351.6,79236.0,79250.0,452.812
2026-08-27 20:10:00,79250.0,79350.0,79250.0,79332.6,269.493
2026-08-27 20:15:00,79332.6,79397.4,79272.3,79294.2,406.481
2026-08-27 20:20:00,79294.2,79412.1,79285.3,79382.9,474.119
2026-08-27 20:25:00,79382.9,79462.6,79316.1,79317.8,728.307
2026-08-27 20:30:00,79317.8,79330.1,79070.8,79123.2,2311.169
2026-08-27 20:35:00,79123.2,79244.0,79106.1,79237.6,873.012
2026-08-27 20:40:00,79237.5,79302.7,79111.1,79205.4,679.814
2026-08-27 20:45:00,79205.5,79321.1,78864.0,79016.0,2549.079
2026-08-27 20:50:00,79016.0,79299.9,79016.0,79271.5,841.431
2026-08-27 20:55:00,79271.5,79539.8,79271.5,79492.9,2229.269
2026-08-27 21:00:00,79492.9,79704.8,79375.6,79654.1,1810.062
2026-08-27 21:05:00,79654.1,79761.3,79428.6,79452.1,1819.189
2026-08-27 21:10:00,79452.1,79453.9,79308.0,79418.4,813.936
2026-08-27 21:15:00,79418.3,79675.3,79353.9,79668.5,534.963
2026-08-27 21:20:00,79668.6,79880.0,79633.1,79769.9,1779.586
2026-08-27 21:25:00,79769.9,79871.9,79733.9,79871.8,1071.11
2026-08-27 21:30:00,79871.8,79925.0,79753.0,79913.9,1266.449
2026-08-27 21:35:00,79913.8,80236.5,79913.8,80160.7,2381.188
2026-08-27 21:40:00,80160.7,80350.0,80100.6,80323.3,1342.205
2026-08-27 21:45:00,80323.2,80323.3,79961.0,80059.8,2010.799
2026-08-27 21:50:00,80059.9,80170.9,80012.4,80013.8,998.785
2026-08-27 21:55:00,80013.8,80225.9,79975.0,80161.2,1045.619
2026-08-27 22:00:00,80161.3,80288.4,80048.0,80166.0,731.031
2026-08-27 22:05:00,80166.0,80349.2,80099.0,80279.1,951.406
2026-08-27 22:10:00,80279.0,80766.8,80229.9,80638.1,4412.145
2026-08-27 22:15:00,80638.1,80709.8,80420.0,80602.1,2513.678
2026-08-27 22:20:00,80602.2,80602.2,80380.0,80529.6,1206.739
2026-08-27 22:25:00,80529.6,80656.0,80471.4,80564.0,1325.19
2026-08-27 22:30:00,80563.9,80577.8,80336.0,80389.8,1028.466
2026-08-27 22:35:00,80389.8,80472.8,80356.6,80398.3,822.182
2026-08-27 22:40:00,80398.3,80570.7,80311.9,80459.5,913.628
2026-08-27 22:45:00,80459.4,80479.6,80259.8,80302.8,901.645
2026-08-27 22:50:00,80302.8,80370.9,80258.1,80355.3,650.199
2026-08-27 22:55:00,80355.4,80389.8,80261.8,80273.6,467.767
2026-08-27 23:00:00,80273.7,80400.0,80258.1,80378.2,438.623
2026-08-27 23:05:00,80378.3,80454.1,80163.0,80182.9,1321.189
2026-08-27 23:10:00,80183.0,80512.1,80182.9,80377.7,976.1
2026-08-27 23:15:00,80377.6,80494.9,80358.0,80425.3,408.174
2026-08-27 23:20:00,80425.4,80496.3,80394.8,80458.4,445.654
2026-08-27 23:25:00,80458.5,80504.0,80357.3,80375.7,499.245
2026-08-27 23:30:00,80375.7,80380.6,80281.8,80300.0,640.414
2026-08-27 23:35:00,80300.1,80371.4,80235.6,80361.3,369.464
2026-08-27 23:40:00,80361.3,80607.3,80352.3,80532.4,831.923
2026-08-27 23:45:00,80532.4,80580.3,80366.6,80410.8,486.441
2026-08-27 23:50:00,80410.7,80493.2,80380.0,80419.7,286.133
2026-08-27 23:55:00,80419.7,80419.8,80316.2,80335.9,701.209
2026-08-28 00:00:00,80335.9,80382.5,80200.0,80312.7,645.507
2026-08-28 00:05:00,80312.7,80501.5,80274.5,80486.5,485.068
2026-08-28 00:10:00,80486.4,80647.2,80466.8,80600.1,877.495
2026-08-28 00:15:00,80600.1,80845.1,80562.0,80776.8,1861.64
2026-08-28 00:20:00,80776.9,80786.5,80640.4,80756.1,758.595
2026-08-28 00:25:00,80756.0,80775.2,80635.3,80687.8,607.326
2026-08-28 00:30:00,80687.8,80783.8,80682.0,80682.0,1070.694
2026-08-28 00:35:00,80682.0,80695.2,80565.4,80649.0,1099.525
2026-08-28 00:40:00,80649.0,80685.6,80424.7,80459.8,801.166
2026-08-28 00:45:00,80459.9,80495.0,80400.0,80490.8,463.646
2026-08-28 00:50:00,80490.8,80550.8,80435.9,80480.2,400.603
2026-08-28 00:55:00,80480.1,80505.4,80415.0,80415.1,252.554
2026-08-28 01:00:00,80415.1,80415.1,80292.3,80340.9,1200.394
2026-08-28 01:05:00,80340.8,80391.4,80312.0,80350.1,303.246
2026-08-28 01:10:00,80350.1,80350.2,79920.0,80049.9,2288.374
2026-08-28 01:15:00,80050.0,80174.0,79827.3,79877.4,2041.931
2026-08-28 01:20:00,79877.3,79945.2,79707.0,79904.9,1448.577
2026-08-28 01:25:00,79904.8,79956.2,79832.9,79888.0,509.268
2026-08-28 01:30:00,79887.9,79927.4,79793.8,79830.4,395.168
2026-08-28 01:35:00,79830.5,79973.9,79816.9,79973.9,395.684
2026-08-28 01:40:00,79973.9,79984.0,79828.0,79932.2,408.969
2026-08-28 01:45:00,79932.2,80011.0,79881.6,79946.2,310.169
2026-08-28 01:50:00,79946.2,79997.2,79867.0,79984.6,218.332
2026-08-28 01:55:00,79984.6,80120.1,79962.2,80120.0,451.553
2026-08-28 02:00:00,80120.0,80198.4,80078.0,80172.5,476.448
2026-08-28 02:05:00,80172.4,80252.0,80172.4,80186.2,1049.13
2026-08-28 02:10:00,80186.2,80220.3,80105.9,80122.5,330.235
2026-08-28 02:15:00,80122.4,80199.7,80056.9,80112.3,445.357
2026-08-28 02:20:00,80112.3,80165.2,80058.0,80080.0,204.303
2026-08-28 02:25:00,80080.1,80143.1,80000.0,80143.0,195.403
2026-08-28 02:30:00,80143.0,80195.3,80078.2,80084.1,326.413
2026-08-28 02:35:00,80084.1,80084.1,79953.6,79972.4,573.94
2026-08-28 02:40:00,79971.9,79980.0,79939.7,79969.9,278.033
2026-08-28 02:45:00,79970.0,80011.8,79947.1,79960.8,222.366
2026-08-28 02:50:00,79960.7,80019.2,79921.9,80019.2,421.143
2026-08-28 02:55:00,80019.2,80019.3,79800.0,79877.9,1068.318
2026-08-28 03:00:00,79877.9,79903.2,79843.3,79868.3,339.129
2026-08-28 03:05:00,79868.2,80017.4,79858.9,79989.1,548.468
2026-08-28 03:10:00,79989.1,79989.1,79922.2,79922.2,89.466
2026-08-28 03:15:00,79922.2,79971.8,79912.9,79971.8,96.804
2026-08-28 03:20:00,79971.7,80090.9,79971.7,80009.3,377.618
2026-08-28 03:25:00,80009.3,80019.9,79949.0,79952.9,169.933
2026-08-28 03:30:00,79952.9,79965.9,79937.2,79957.2,181.118
2026-08-28 03:35:00,79957.1,79969.8,79945.0,79955.4,64.218
2026-08-28 03:40:00,79955.4,80016.9,79955.4,79980.1,180.576
2026-08-28 03:45:00,79980.1,80018.5,79925.6,79953.4,283.352
2026-08-28 03:50:00,79953.3,79979.1,79935.0,79952.2,145.548
2026-08-28 03:55:00,79952.3,80066.3,79947.4,80066.3,169.963
2026-08-28 04:00:00,80066.3,80084.6,79984.7,80035.1,176.842
2026-08-28 04:05:00,80035.1,80086.5,80000.0,80036.9,262.665
2026-08-28 04:10:00,80036.8,80129.5,80036.8,80059.7,210.605
2026-08-28 04:15:00,80059.8,80095.9,79966.9,79974.3,348.562
2026-08-28 04:20:00,79974.3,80091.4,79947.3,80040.4,195.607
2026-08-28 04:25:00,80040.3,80059.0,79999.7,79999.7,152.087
2026-08-28 04:30:00,79999.7,80092.5,79999.7,80061.4,220.653
2026-08-28 04:35:00,80061.4,80072.5,80013.5,80023.6,102.157
2026-08-28 04:40:00,80023.7,80032.0,79936.4,79997.6,246.523
2026-08-28 04:45:00,79997.5,80072.4,79955.7,80070.2,199.528
2026-08-28 04:50:00,80070.1,80104.0,80033.7,80083.8,89.08
2026-08-28 04:55:00,80083.8,80150.0,80078.0,80149.9,132.653
2026-08-28 05:00:00,80149.9,80285.7,80149.9,80228.7,486.546
2026-08-28 05:05:00,80228.7,80278.3,80192.1,80192.1,363.968
2026-08-28 05:10:00,80192.2,80249.2,80169.3,80207.2,175.768
2026-08-28 05:15:00,80207.2,80399.5,80207.2,80332.6,713.26
2026-08-28 05:20:00,80332.5,80395.7,80281.6,80281.6,276.097
2026-08-28 05:25:00,80281.6,80289.6,80160.8,80200.4,443.603
2026-08-28 05:30:00,80200.3,80260.0,80152.4,80245.1,196.289
2026-08-28 05:35:00,80245.1,80245.1,80110.1,80228.4,232.418
2026-08-28 05:40:00,80228.3,80260.1,80148.7,80247.7,158.519
2026-08-28 05:45:00,80247.7,80247.7,80176.4,80200.0,90.575
2026-08-28 05:50:00,80200.1,80244.0,80196.1,80197.6,93.236
2026-08-28 05:55:00,80197.6,80266.5,80197.4,80264.9,94.635
2026-08-28 06:00:00,80264.9,80266.6,80185.9,80186.0,141.712
2026-08-28 06:05:00,80186.1,80230.3,80170.0,80173.5,106.038
2026-08-28 06:10:00,80173.6,80226.1,80103.9,80130.6,154.998
2026-08-28 06:15:00,80130.6,80291.7,80091.1,80248.5,239.2
2026-08-28 06:20:00,80248.4,80359.0,80247.2,80330.3,177.533
2026-08-28 06:25:00,80330.4,80330.4,80249.9,80281.5,192.906
2026-08-28 06:30:00,80281.4,80285.8,80229.7,80247.5,158.983
2026-08-28 06:35:00,80247.6,80257.6,80222.2,80248.5,84.229
2026-08-28 06:40:00,80248.5,80265.0,80206.1,80223.1,79.198
2026-08-28 06:45:00,80223.1,80234.4,80150.0,80209.9,131.33
2026-08-28 06:50:00,80210.0,80282.3,80209.9,80249.3,118.81
2026-08-28 06:55:00,80249.3,80249.3,80193.9,80208.9,97.615
2026-08-28 07:00:00,80208.9,80239.0,80118.1,80118.1,257.984
2026-08-28 07:05:00,80118.2,80169.8,80110.6,80138.1,210.712
2026-08-28 07:10:00,80138.1,80224.2,80131.6,80175.9,195.286
2026-08-28 07:15:00,80175.9,80387.6,80175.9,80340.1,536.167
2026-08-28 07:20:00,80340.0,80430.6,80306.2,80354.6,452.306
2026-08-28 07:25:00,80354.5,80427.5,80299.8,80380.0,415.966
2026-08-28 07:30:00,80380.1,80469.9,80312.8,80394.2,398.467
2026-08-28 07:35:00,80394.3,80464.4,80369.9,80464.3,252.143
2026-08-28 07:40:00,80464.4,80464.4,80342.4,80383.9,229.304
2026-08-28 07:45:00,80383.9,80411.9,80306.3,80372.9,175.415
2026-08-28 07:50:00,80372.9,80452.8,80325.4,80416.0,338.465
2026-08-28 07:55:00,80416.0,80680.0,80400.0,80537.5,1266.281
2026-08-28 08:00:00,80537.5,80788.5,80537.4,80743.2,1337.226
2026-08-28 08:05:00,80743.2,80781.2,80651.2,80762.9,381.014
2026-08-28 08:10:00,80762.9,80845.0,80698.5,80710.7,734.287
2026-08-28 08:15:00,80710.7,81052.9,80643.8,80950.3,1899.261
2026-08-28 08:20:00,80950.2,81110.5,80947.0,81023.3,1353.104
2026-08-28 08:25:00,81023.4,81150.0,80969.1,81095.9,1002.448
2026-08-28 08:30:00,81095.9,81500.0,81023.1,81116.7,4322.6
2026-08-28 08:35:00,81116.8,81145.8,80768.7,80897.2,1903.342
2026-08-28 08:40:00,80897.2,80946.5,80809.6,80809.7,735.551
2026-08-28 08:45:00,80809.6,80861.6,80660.0,80679.9,989.143
2026-08-28 08:50:00,80679.9,80735.3,80479.3,80590.1,1397.794
2026-08-28 08:55:00,80590.2,80615.8,80386.6,80467.1,853.442
2026-08-28 09:00:00,80467.1,80467.1,80270.2,80396.8,2093.479
2026-08-28 09:05:00,80396.8,80433.3,80326.0,80399.1,698.806
2026-08-28 09:10:00,80399.2,80453.9,80190.0,80200.1,943.958
2026-08-28 09:15:00,80200.0,80268.0,80012.2,80093.7,1708.274
2026-08-28 09:20:00,80093.7,80131.9,79912.0,80044.2,1401.033
2026-08-28 09:25:00,80044.1,80093.8,79878.0,79883.0,866.954
2026-08-28 09:30:00,79883.0,80032.2,79785.5,80025.4,1236.653
2026-08-28 09:35:00,80025.3,80128.6,80010.8,80047.1,897.351
2026-08-28 09:40:00,80047.2,80086.5,79939.3,80004.9,529.179
2026-08-28 09:45:00,80004.9,80005.0,79750.0,79885.9,827.679
2026-08-28 09:50:00,79885.8,79896.9,79659.2,79888.7,1500.839
2026-08-28 09:55:00,79888.8,79943.8,79815.0,79888.1,486.448
2026-08-28 10:00:00,79888.0,79903.5,79784.2,79858.1,438.367
2026-08-28 10:05:00,79858.0,79947.3,79759.1,79777.5,473.013
2026-08-28 10:10:00,79777.6,79938.3,79731.9,79836.7,559.672
2026-08-28 10:15:00,79836.7,79981.0,79836.7,79976.0,489.235
2026-08-28 10:20:00,79976.0,80017.4,79943.1,80017.4,364.442
2026-08-28 10:25:00,80017.4,80017.4,79870.3,79871.5,312.676
2026-08-28 10:30:00,79871.4,79960.0,79864.0,79896.9,339.935
2026-08-28 10:35:00,79896.8,79919.5,79800.2,79838.6,627.704
2026-08-28 10:40:00,79838.7,79880.5,79777.0,79788.8,329.753
2026-08-28 10:45:00,79788.7,79826.6,79753.8,79800.0,223.789
2026-08-28 10:50:00,79800.1,79836.0,79754.6,79818.4,189.787
2026-08-28 10:55:00,79818.4,79823.3,79762.0,79783.3,254.646
2026-08-28 11:00:00,79783.3,79820.0,79740.2,79742.3,315.118
2026-08-28 11:05:00,79742.3,79802.1,79560.2,79619.5,2143.163
2026-08-28 11:10:00,79619.4,79828.9,79580.0,79822.4,533.606
2026-08-28 11:15:00,79822.3,79942.3,79816.9,79876.9,552.677
2026-08-28 11:20:00,79877.0,79919.8,79803.1,79824.2,248.677
2026-08-28 11:25:00,79824.2,79835.0,79784.8,79785.0,98.156
2026-08-28 11:30:00,79785.0,79819.2,79666.1,79694.3,321.959
2026-08-28 11:35:00,79694.4,79707.0,79607.2,79616.3,343.701
2026-08-28 11:40:00,79616.3,79716.2,79616.3,79684.8,181.881
2026-08-28 11:45:00,79684.7,79720.0,79600.0,79606.7,276.06
2026-08-28 11:50:00,79606.7,79679.8,79600.0,79624.3,209.162
2026-08-28 11:55:00,79624.4,79648.2,79600.0,79616.3,170.375
2026-08-28 12:00:00,79616.3,79699.0,79550.0,79680.1,590.031
2026-08-28 12:05:00,79680.1,79680.1,79522.3,79545.6,352.097
2026-08-28 12:10:00,79545.7,79613.0,79534.6,79612.9,323.905
2026-08-28 12:15:00,79613.0,79661.4,79600.0,79600.1,277.433
2026-08-28 12:20:00,79600.1,79612.8,79540.0,79612.7,153.092
2026-08-28 12:25:00,79612.8,79708.6,79600.6,79699.9,567.892
2026-08-28 12:30:00,79699.8,79796.7,79675.3,79783.7,522.679
2026-08-28 12:35:00,79783.7,79843.5,79777.0,79780.8,364.733
2026-08-28 12:40:00,79780.8,79795.1,79754.7,79786.3,146.231
2026-08-28 12:45:00,79786.3,79844.1,79768.2,79835.2,238.886
2026-08-28 12:50:00,79835.2,79847.3,79777.0,79777.1,294.586
2026-08-28 12:55:00,79777.1,79777.1,79614.3,79657.7,409.346
2026-08-28 13:00:00,79657.7,79821.2,79657.7,79805.7,217.902
2026-08-28 13:05:00,79805.7,79880.4,79787.5,79858.6,314.97
2026-08-28 13:10:00,79858.6,79887.9,79827.2,79877.1,280.809
2026-08-28 13:15:00,79877.1,79877.2,79827.2,79829.8,166.123
2026-08-28 13:20:00,79829.8,79844.5,79769.9,79811.5,206.309
2026-08-28 13:25:00,79811.4,79816.1,79796.8,79800.0,93.011
2026-08-28 13:30:00,79799.9,79843.5,79770.0,79807.9,282.068
2026-08-28 13:35:00,79807.9,79849.0,79790.7,79829.2,140.455
2026-08-28 13:40:00,79829.1,79844.3,79763.8,79834.7,180.278
2026-08-28 13:45:00,79834.7,79930.8,79834.6,79930.8,246.318
2026-08-28 13:50:00,79930.8,79971.0,79920.2,79920.3,379.463
2026-08-28 13:55:00,79920.3,79926.7,79863.9,79863.9,212.506
2026-08-28 14:00:00,79863.9,79864.0,79741.0,79741.0,308.334
2026-08-28 14:05:00,79741.0,79747.7,79630.8,79660.1,490.912
2026-08-28 14:10:00,79660.1,79713.1,79656.0,79662.2,121.571
2026-08-28 14:15:00,79662.2,79736.2,79662.1,79690.5,205.295
2026-08-28 14:20:00,79690.5,79690.6,79643.5,79679.2,178.385
2026-08-28 14:25:00,79679.3,79791.7,79679.2,79775.6,342.547
2026-08-28 14:30:00,79775.7,79783.2,79690.5,79694.9,441.649
2026-08-28 14:35:00,79694.9,79704.8,79638.3,79654.4,417.737
2026-08-28 14:40:00,79654.4,79662.3,79538.9,79560.8,1188.315
2026-08-28 14:45:00,79560.7,79645.8,79560.7,79645.8,668.675
2026-08-28 14:50:00,79645.8,79645.8,79587.7,79597.2,461.09
2026-08-28 14:55:00,79597.2,79645.9,79570.3,79645.6,560.031
2026-08-28 15:00:00,79645.7,79810.3,79645.6,79743.7,400.283
2026-08-28 15:05:00,79743.7,79785.2,79684.5,79785.1,277.75
2026-08-28 15:10:00,79785.1,79815.0,79705.3,79709.6,385.077
2026-08-28 15:15:00,79709.6,79810.0,79709.6,79809.9,256.654
2026-08-28 15:20:00,79810.0,79810.0,79758.1,79758.1,291.244
2026-08-28 15:25:00,79758.1,79783.4,79747.2,79747.3,147.934
2026-08-28 15:30:00,79747.2,79783.4,79718.6,79768.5,489.853
2026-08-28 15:35:00,79768.6,79775.7,79709.9,79716.1,136.209
2026-08-28 15:40:00,79716.1,79783.5,79682.4,79682.5,293.418
2026-08-28 15:45:00,79682.6,79700.0,79450.0,79478.3,1257.832
2026-08-28 15:50:00,79478.2,79573.9,79440.0,79566.6,346.808
2026-08-28 15:55:00,79566.5,79566.5,79445.3,79484.0,384.879
2026-08-28 16:00:00,79483.9,79487.5,79247.7,79274.3,2410.771
2026-08-28 16:05:00,79274.3,79450.0,79179.7,79371.9,1605.396
2026-08-28 16:10:00,79371.9,79440.5,79340.4,79352.3,265.604
2026-08-28 16:15:00,79352.3,79408.2,79341.3,79398.8,257.637
2026-08-28 16:20:00,79398.7,79416.0,79360.7,79416.0,124.94
2026-08-28 16:25:00,79416.0,79439.2,79336.1,79352.8,206.867
2026-08-28 16:30:00,79352.9,79387.5,79311.8,79366.1,213.195
2026-08-28 16:35:00,79366.0,79371.0,79321.8,79370.0,130.844
2026-08-28 16:40:00,79370.0,79427.0,79232.2,79238.6,549.787
2026-08-28 16:45:00,79238.6,79327.0,79238.6,79242.9,308.891
2026-08-28 16:50:00,79242.9,79320.3,79242.8,79288.4,247.012
2026-08-28 16:55:00,79288.4,79288.4,79246.5,79254.5,120.927
2026-08-28 17:00:00,79254.5,79285.5,79140.1,79157.0,568.729
2026-08-28 17:05:00,79156.9,79188.0,78961.5,79004.4,2287.072
2026-08-28 17:10:00,79004.4,79205.3,79004.4,79180.9,561.576
2026-08-28 17:15:00,79180.8,79195.2,79115.0,79165.1,270.267
2026-08-28 17:20:00,79165.2,79165.2,79110.0,79136.1,245.886
2026-08-28 17:25:00,79136.0,79276.7,79122.7,79265.1,488.871
2026-08-28 17:30:00,79265.1,79350.5,79260.6,79300.0,700.098
2026-08-28 17:35:00,79300.0,79316.8,79255.8,79316.7,300.107
2026-08-28 17:40:00,79316.8,79329.1,79290.1,79290.1,181.705
2026-08-28 17:45:00,79290.1,79368.2,79275.0,79356.0,386.482
2026-08-28 17:50:00,79355.9,79427.8,79310.0,79416.9,976.517
2026-08-28 17:55:00,79416.9,79545.6,79411.1,79528.4,1529.605
2026-08-28 18:00:00,79528.4,79691.8,79510.3,79655.9,1157.639
2026-08-28 18:05:00,79655.9,79656.0,79580.1,79626.8,395.367
2026-08-28 18:10:00,79626.8,79659.0,79593.0,79658.9,192.03
2026-08-28 18:15:00,79659.0,79699.7,79607.9,79699.3,461.696
2026-08-28 18:20:00,79699.4,79733.7,79651.2,79733.6,360.263
2026-08-28 18:25:00,79733.7,79733.7,79604.0,79627.8,652.878
2026-08-28 18:30:00,79627.7,79708.7,79625.6,79657.7,409.497
2026-08-28 18:35:00,79657.7,79657.8,79545.0,79548.7,510.984
2026-08-28 18:40:00,79548.8,79597.0,79546.5,79584.8,154.699
2026-08-28 18:45:00,79584.7,79610.1,79584.7,79587.2,92.951
2026-08-28 18:50:00,79587.1,79587.2,79504.7,79555.0,246.213
2026-08-28 18:55:00,79555.0,79569.8,79523.3,79563.2,107.626
2026-08-28 19:00:00,79563.2,79585.5,79526.3,79574.0,189.416
2026-08-28 19:05:00,79574.0,79638.3,79525.0,79543.0,205.104
2026-08-28 19:10:00,79543.1,79543.1,79467.8,79497.0,341.995
2026-08-28 19:15:00,79497.0,79685.0,79496.9,79557.5,427.943
2026-08-28 19:20:00,79557.5,79640.0,79528.0,79555.9,179.219
2026-08-28 19:25:00,79555.9,79569.2,79471.8,79481.4,278.616
2026-08-28 19:30:00,79481.3,79495.1,79406.3,79429.6,363.59
2026-08-28 19:35:00,79429.6,79435.0,79334.2,79345.2,437.23
2026-08-28 19:40:00,79345.2,79389.0,79264.2,79377.1,889.453
2026-08-28 19:45:00,79377.1,79413.4,79335.2,79360.5,323.478
2026-08-28 19:50:00,79360.5,79361.7,79314.0,79357.3,136.22
2026-08-28 19:55:00,79357.4,79393.7,79334.4,79383.7,181.512
2026-08-28 20:00:00,79383.7,79447.7,79350.0,79423.2,600.146
2026-08-28 20:05:00,79423.2,79436.3,79236.0,79282.9,573.241
2026-08-28 20:10:00,79282.9,79343.1,79272.4,79343.0,147.524
2026-08-28 20:15:00,79343.1,79343.1,79256.6,79322.9,148.839
2026-08-28 20:20:00,79322.8,79322.9,79231.3,79238.4,147.921
2026-08-28 20:25:00,79238.4,79276.0,78972.8,79160.1,1929.399
2026-08-28 20:30:00,79160.1,79292.2,79140.7,79283.2,795.534
2026-08-28 20:35:00,79283.2,79332.0,79110.0,79118.4,730.864
2026-08-28 20:40:00,79118.4,79125.9,78980.5,79052.2,1625.968
2026-08-28 20:45:00,79052.1,79292.5,79031.3,79156.1,917.062
2026-08-28 20:50:00,79156.0,79419.8,79134.2,79377.7,1058.087
2026-08-28 20:55:00,79377.7,79511.2,79279.9,79279.9,1462.137
2026-08-28 21:00:00,79281.7,79683.2,78702.2,78763.7,7630.608
2026-08-28 21:05:00,78763.7,78968.0,78566.0,78807.1,4395.64
2026-08-28 21:10:00,78807.1,78866.1,78400.0,78601.7,3827.493
2026-08-28 21:15:00,78601.8,78869.0,78475.0,78850.1,2322.222
2026-08-28 21:20:00,78850.1,78993.7,78662.7,78775.4,2141.669
2026-08-28 21:25:00,78775.4,78949.3,78582.5,78909.8,1771.638
2026-08-28 21:30:00,78909.8,79239.6,78805.9,79234.9,2570.692
2026-08-28 21:35:00,79234.9,79665.8,79200.3,79436.0,4535.856
2026-08-28 21:40:00,79436.3,79555.0,79262.0,79382.7,2093.7
2026-08-28 21:45:00,79382.7,79440.0,79048.9,79144.7,1835.557
2026-08-28 21:50:00,79144.7,79490.6,79125.3,79466.7,1943.91
2026-08-28 21:55:00,79466.6,79568.2,79440.4,79512.3,733.001
2026-08-28 22:00:00,79512.3,79840.0,79382.4,79456.0,3160.922
2026-08-28 22:05:00,79455.9,79474.3,79288.6,79308.3,979.682
2026-08-28 22:10:00,79308.3,79425.8,79250.0,79269.9,475.575
2026-08-28 22:15:00,79269.9,79472.7,79269.9,79429.0,633.43
2026-08-28 22:20:00,79429.1,79492.8,79275.7,79375.7,850.195
2026-08-28 22:25:00,79375.8,79489.7,79186.9,79310.0,763.106
2026-08-28 22:30:00,79310.0,79320.0,79092.0,79145.8,1344.4
2026-08-28 22:35:00,79145.9,79197.3,79104.4,79105.5,408.435
2026-08-28 22:40:00,79105.6,79125.3,78744.1,78769.1,2307.671
2026-08-28 22:45:00,78769.2,78888.0,78638.3,78660.9,1590.317
2026-08-28 22:50:00,78660.9,78715.3,78500.1,78517.7,1897.78
2026-08-28 22:55:00,78517.7,78517.7,78271.0,78309.0,3457.146
2026-08-28 23:00:00,78309.0,78381.6,77901.0,78036.5,5015.632
2026-08-28 23:05:00,78036.5,78260.0,77942.3,78071.9,2577.461
2026-08-28 23:10:00,78071.9,78097.7,77800.0,77801.6,3033.853
2026-08-28 23:15:00,77801.7,77839.0,77530.0,77627.2,3909.423
2026-08-28 23:20:00,77627.1,77803.4,77028.0,77100.8,6185.18
2026-08-28 23:25:00,77100.8,77605.1,76853.1,77507.3,7346.539
2026-08-28 23:30:00,77507.2,77848.5,77480.7,77649.9,3349.435
2026-08-28 23:35:00,77650.0,77942.6,77625.6,77838.4,1769.072
2026-08-28 23:40:00,77838.4,77920.0,77763.4,77768.3,1464.24
2026-08-28 23:45:00,77768.3,77968.6,77768.3,77929.5,1572.366
2026-08-28 23:50:00,77929.5,77938.0,77736.8,77750.0,994.805
2026-08-28 23:55:00,77750.0,77887.0,77736.9,77755.9,453.928
2026-08-29 00:00:00,77755.8,77826.2,77657.4,77693.2,1226.885
2026-08-29 00:05:00,77693.1,77861.7,77626.9,77785.6,656.077
2026-08-29 00:10:00,77785.7,78026.0,77727.0,77973.5,1329.951
2026-08-29 00:15:00,77973.5,78099.0,77890.5,78044.1,782.245
2026-08-29 00:20:00,78044.1,78071.7,77886.7,77916.3,1159.346
2026-08-29 00:25:00,77916.4,77986.8,77773.2,77916.0,714.031
2026-08-29 00:30:00,77915.9,77974.9,77845.0,77869.8,282.144
2026-08-29 00:35:00,77869.9,77890.9,77668.4,77700.7,905.226
2026-08-29 00:40:00,77700.7,77770.0,77693.2,77757.6,319.576
2026-08-29 00:45:00,77757.7,77950.1,77757.6,77941.8,1134.102
2026-08-29 00:50:00,77941.8,77992.5,77876.0,77879.3,487.135
2026-08-29 00:55:00,77879.3,77888.0,77821.9,77877.1,246.842
2026-08-29 01:00:00,77877.1,77913.0,77825.5,77850.5,498.918
2026-08-29 01:05:00,77850.6,77890.9,77744.4,77770.2,330.716
2026-08-29 01:10:00,77770.2,77814.7,77702.9,77711.6,461.137
2026-08-29 01:15:00,77711.5,77769.4,77649.7,77650.0,316.767
2026-08-29 01:20:00,77650.0,77662.6,77479.7,77500.1,1389.613
2026-08-29 01:25:00,77500.0,77648.4,77479.2,77559.3,359.766
2026-08-29 01:30:00,77559.3,77600.0,77480.0,77546.7,452.499
2026-08-29 01:35:00,77546.7,77572.2,77302.4,77409.1,1366.423
2026-08-29 01:40:00,77409.1,77475.5,77374.5,77390.6,370.24
2026-08-29 01:45:00,77390.5,77421.4,77242.8,77274.0,941.703
2026-08-29 01:50:00,77273.9,77468.0,77265.7,77467.0,760.13
2026-08-29 01:55:00,77467.0,77533.4,77407.7,77533.4,472.789
2026-08-29 02:00:00,77533.4,77631.3,77489.4,77524.3,587.291
2026-08-29 02:05:00,77524.4,77677.7,77503.2,77664.1,658.242
2026-08-29 02:10:00,77664.2,77714.1,77608.2,77640.9,450.339
2026-08-29 02:15:00,77640.9,77656.2,77597.1,77648.8,178.817
2026-08-29 02:20:00,77648.8,77807.7,77646.1,77698.4,762.08
2026-08-29 02:25:00,77698.4,77735.7,77670.6,77670.6,187.83
2026-08-29 02:30:00,77670.6,77681.9,77585.9,77614.0,274.232
2026-08-29 02:35:00,77613.9,77663.2,77590.0,77595.6,167.911
2026-08-29 02:40:00,77595.6,77627.6,77510.1,77510.1,248.469
2026-08-29 02:45:00,77510.1,77528.0,77286.7,77389.1,913.55
2026-08-29 02:50:00,77389.1,77438.7,77359.8,77406.1,479.413
2026-08-29 02:55:00,77406.2,77579.3,77406.2,77546.4,529.188
2026-08-29 03:00:00,77546.3,77584.0,77450.0,77509.1,437.408
2026-08-29 03:05:00,77509.1,77565.3,77442.2,77520.3,470.547
2026-08-29 03:10:00,77520.3,77591.0,77481.6,77541.7,633.291
2026-08-29 03:15:00,77541.7,77541.8,77381.5,77384.3,384.127
2026-08-29 03:20:00,77384.2,77498.0,77384.2,77479.4,185.925
2026-08-29 03:25:00,77479.4,77499.9,77450.0,77486.0,116.918
2026-08-29 03:30:00,77486.0,77486.0,77280.0,77309.8,480.559
2026-08-29 03:35:00,77309.8,77389.5,77295.5,77371.6,248.195
2026-08-29 03:40:00,77371.5,77411.6,77371.5,77374.1,90.099
2026-08-29 03:45:00,77374.0,77435.0,77360.1,77400.1,395.878
2026-08-29 03:50:00,77400.0,77400.0,77308.9,77358.6,139.852
2026-08-29 03:55:00,77358.7,77377.0,77345.7,77377.0,64.868
2026-08-29 04:00:00,77377.0,77409.8,77320.4,77320.5,242.024
2026-08-29 04:05:00,77320.4,77373.6,77311.1,77311.2,111.688
2026-08-29 04:10:00,77311.2,77375.3,77298.3,77374.1,129.276
2026-08-29 04:15:00,77374.0,77397.3,77354.9,77364.5,67.128
2026-08-29 04:20:00,77364.5,77376.3,77288.2,77354.7,197.893
2026-08-29 04:25:00,77354.8,77398.0,77354.7,77381.9,167.831
2026-08-29 04:30:00,77381.9,77482.2,77381.8,77472.1,541.39
2026-08-29 04:35:00,77472.1,77500.5,77464.2,77500.0,242.067
2026-08-29 04:40:00,77500.0,77507.7,77401.6,77449.3,312.686
2026-08-29 04:45:00,77449.3,77449.3,77342.6,77353.2,195.693
2026-08-29 04:50:00,77353.2,77384.3,77313.0,77333.2,154.908
2026-08-29 04:55:00,77333.3,77367.8,77210.8,77341.9,476.67
2026-08-29 05:00:00,77342.0,77378.4,77310.8,77348.4,348.248
2026-08-29 05:05:00,77348.3,77410.2,77348.3,77391.7,218.025
2026-08-29 05:10:00,77391.7,77428.8,77391.6,77421.8,113.475
2026-08-29 05:15:00,77421.8,77421.8,77365.6,77416.1,149.507
2026-08-29 05:20:00,77416.0,77469.9,77405.0,77426.3,205.687
2026-08-29 05:25:00,77426.4,77565.7,77426.4,77539.9,791.751
2026-08-29 05:30:00,77540.0,77590.9,77528.1,77575.2,396.006
2026-08-29 05:35:00,77575.2,77683.9,77569.3,77668.5,729.8
2026-08-29 05:40:00,77668.5,77720.0,77634.7,77709.1,630.891
2026-08-29 05:45:00,77709.1,77728.8,77706.9,77721.3,256.399
2026-08-29 05:50:00,77721.3,77738.2,77692.3,77732.5,268.2
2026-08-29 05:55:00,77732.5,77742.0,77645.0,77723.8,358.227
2026-08-29 06:00:00,77723.9,77734.4,77648.6,77656.7,184.591
2026-08-29 06:05:00,77656.7,77692.1,77646.7,77692.0,176.887
2026-08-29 06:10:00,77692.1,77748.0,77670.0,77733.0,301.993
2026-08-29 06:15:00,77733.0,77733.0,77663.1,77672.9,123.998
2026-08-29 06:20:00,77672.8,77672.9,77628.4,77668.2,239.449
2026-08-29 06:25:00,77668.1,77688.5,77640.8,77649.9,81.458
2026-08-29 06:30:00,77649.9,77678.6,77649.9,77678.4,62.879
2026-08-29 06:35:00,77678.4,77684.4,77643.4,77650.5,96.308
2026-08-29 06:40:00,77650.4,77668.0,77641.0,77662.0,73.573
2026-08-29 06:45:00,77662.0,77662.1,77606.9,77611.0,141.472
2026-08-29 06:50:00,77611.0,77730.0,77611.0,77722.7,233.308
2026-08-29 06:55:00,77722.7,77824.1,77722.7,77805.9,398.204
2026-08-29 07:00:00,77805.9,77827.4,77760.9,77775.1,301.198
2026-08-29 07:05:00,77775.2,77875.9,77750.0,77839.4,297.658
2026-08-29 07:10:00,77839.4,77840.0,77779.6,77780.1,127.449
2026-08-29 07:15:00,77780.0,77863.8,77780.0,77859.1,508.482
2026-08-29 07:20:00,77859.2,77910.3,77838.5,77863.5,453.843
2026-08-29 07:25:00,77863.6,77920.0,77852.2,77868.2,380.532
2026-08-29 07:30:00,77868.1,77868.2,77747.1,77747.9,203.25
2026-08-29 07:35:00,77748.0,77791.0,77747.9,77759.8,113.784
2026-08-29 07:40:00,77759.8,77770.0,77733.1,77757.1,97.496
2026-08-29 07:45:00,77757.0,77757.1,77716.2,77720.0,107.138
2026-08-29 07:50:00,77720.0,77756.5,77696.5,77756.5,228.099
2026-08-29 07:55:00,77756.5,77786.9,77686.1,77703.7,206.5
2026-08-29 08:00:00,77703.7,77703.7,77656.9,77662.6,264.976
2026-08-29 08:05:00,77662.6,77676.2,77638.6,77649.9,143.933
2026-08-29 08:10:00,77649.9,77653.6,77596.0,77610.4,244.249
2026-08-29 08:15:00,77610.4,77673.3,77610.4,77673.3,136.383
2026-08-29 08:20:00,77673.2,77733.7,77673.2,77733.6,101.166
2026-08-29 08:25:00,77733.7,77761.3,77721.0,77761.2,97.498
2026-08-29 08:30:00,77761.3,77798.1,77758.7,77787.1,121.272
2026-08-29 08:35:00,77787.1,77799.9,77727.3,77749.0,132.207
2026-08-29 08:40:00,77749.0,77799.9,77748.9,77798.4,129.173
2026-08-29 08:45:00,77798.4,77798.4,77721.4,77778.8,142.505
2026-08-29 08:50:00,77778.7,77816.0,77758.7,77780.3,166.815
2026-08-29 08:55:00,77780.3,77780.3,77736.2,77762.2,115.469
2026-08-29 09:00:00,77762.2,77797.4,77735.0,77750.9,138.059
2026-08-29 09:05:00,77750.8,77774.7,77740.0,77767.7,94.752
2026-08-29 09:10:00,77767.7,77767.7,77708.8,77708.9,143.13
2026-08-29 09:15:00,77708.8,77719.0,77630.0,77630.1,206.543
2026-08-29 09:20:00,77630.1,77635.4,77555.0,77555.0,355.299
2026-08-29 09:25:00,77555.1,77604.6,77544.1,77604.4,160.599
2026-08-29 09:30:00,77604.4,77653.9,77561.4,77565.9,122.722
2026-08-29 09:35:00,77565.9,77646.4,77561.1,77631.8,120.155
2026-08-29 09:40:00,77631.7,77635.9,77583.3,77591.4,107.031
2026-08-29 09:45:00,77591.4,77614.6,77591.4,77614.5,44.727
2026-08-29 09:50:00,77614.5,77671.3,77605.4,77665.6,127.717
2026-08-29 09:55:00,77665.6,77684.8,77636.9,77643.2,85.994
2026-08-29 10:00:00,77643.2,77700.0,77643.1,77665.2,79.046
2026-08-29 10:05:00,77665.2,77689.2,77660.0,77669.8,62.854
2026-08-29 10:10:00,77669.9,77687.5,77653.1,77653.1,44.563
2026-08-29 10:15:00,77653.2,77653.2,77600.0,77629.7,99.377
2026-08-29 10:20:00,77629.7,77688.0,77621.3,77644.8,124.126
2026-08-29 10:25:00,77644.9,77663.4,77632.0,77657.2,65.808
2026-08-29 10:30:00,77657.3,77679.0,77610.0,77610.1,124.845
2026-08-29 10:35:00,77610.1,77610.1,77550.0,77578.8,173.633
2026-08-29 10:40:00,77578.9,77643.0,77578.3,77591.7,126.664
2026-08-29 10:45:00,77591.7,77591.8,77546.2,77558.6,129.832
2026-08-29 10:50:00,77558.5,77559.3,77500.0,77515.2,301.147
2026-08-29 10:55:00,77515.3,77515.3,77470.6,77482.2,225.541
2026-08-29 11:00:00,77482.3,77549.9,77482.2,77549.9,163.751
2026-08-29 11:05:00,77549.9,77556.4,77522.8,77552.6,116.022
2026-08-29 11:10:00,77552.7,77572.3,77545.7,77561.4,65.981
2026-08-29 11:15:00,77561.3,77579.1,77553.6,77570.0,69.515
2026-08-29 11:20:00,77570.0,77588.1,77569.9,77588.1,63.165
2026-08-29 11:25:00,77588.0,77588.1,77574.0,77581.8,63.904
2026-08-29 11:30:00,77581.8,77597.0,77555.0,77559.9,64.044
2026-08-29 11:35:00,77559.9,77596.3,77559.0,77596.2,72.944
2026-08-29 11:40:00,77596.2,77616.5,77576.3,77588.2,70.245
2026-08-29 11:45:00,77588.2,77618.3,77581.2,77605.4,106.127
2026-08-29 11:50:00,77605.4,77644.5,77600.0,77630.7,134.941
2026-08-29 11:55:00,77630.7,77651.4,77590.7,77619.7,143.064
2026-08-29 12:00:00,77619.6,77648.7,77600.0,77633.1,140.392
2026-08-29 12:05:00,77633.1,77665.1,77628.8,77651.0,143.443
2026-08-29 12:10:00,77650.9,77690.0,77642.3,77671.3,173.158
2026-08-29 12:15:00,77671.2,77675.0,77655.9,77667.9,109.12
2026-08-29 12:20:00,77668.0,77668.0,77605.3,77642.1,109.589
2026-08-29 12:25:00,77642.2,77650.0,77625.8,77629.5,56.883
2026-08-29 12:30:00,77629.5,77636.9,77620.6,77629.4,108.702
2026-08-29 12:35:00,77629.4,77678.4,77606.4,77677.3,143.478
2026-08-29 12:40:00,77677.3,77691.8,77640.0,77658.1,106.361
2026-08-29 12:45:00,77658.1,77667.3,77650.0,77650.0,36.413
2026-08-29 12:50:00,77650.0,77650.1,77588.6,77588.6,89.295
2026-08-29 12:55:00,77588.6,77607.1,77574.9,77607.0,107.58
2026-08-29 13:00:00,77606.9,77608.0,77525.2,77544.1,160.428
2026-08-29 13:05:00,77544.0,77563.0,77529.0,77547.3,133.548
2026-08-29 13:10:00,77547.3,77547.3,77441.8,77453.1,302.913
2026-08-29 13:15:00,77453.1,77494.5,77420.1,77430.6,368.198
2026-08-29 13:20:00,77430.6,77430.6,77359.5,77387.5,453.026
2026-08-29 13:25:00,77387.6,77399.6,77353.0,77387.4,275.103
2026-08-29 13:30:00,77387.4,77440.9,77387.3,77439.0,187.735
2026-08-29 13:35:00,77439.0,77439.1,77395.1,77395.1,141.515
2026-08-29 13:40:00,77395.1,77463.9,77395.1,77417.5,132.749
2026-08-29 13:45:00,77417.5,77447.9,77417.4,77432.1,60.095
2026-08-29 13:50:00,77432.1,77449.4,77404.2,77406.8,130.828
2026-08-29 13:55:00,77406.8,77443.9,77406.8,77437.4,124.255
2026-08-29 14:00:00,77437.5,77493.2,77437.4,77484.3,109.047
2026-08-29 14:05:00,77484.4,77507.0,77412.7,77412.7,283.626
2026-08-29 14:10:00,77412.8,77454.5,77412.7,77436.6,149.928
2026-08-29 14:15:00,77436.6,77499.5,77421.0,77481.0,125.181
2026-08-29 14:20:00,77481.0,77484.9,77469.4,77469.5,75.546
2026-08-29 14:25:00,77469.4,77496.7,77469.4,77491.2,70.11
2026-08-29 14:30:00,77491.3,77502.9,77477.9,77499.0,142.398
2026-08-29 14:35:00,77499.0,77583.4,77499.0,77583.3,168.759
2026-08-29 14:40:00,77583.4,77630.0,77572.9,77623.9,345.139
2026-08-29 14:45:00,77623.9,77638.0,77587.3,77595.0,171.852
2026-08-29 14:50:00,77595.1,77599.4,77586.6,77599.4,114.415
2026-08-29 14:55:00,77599.4,77641.2,77586.9,77587.0,202.757
2026-08-29 15:00:00,77586.9,77587.0,77442.1,77455.1,378.569
2026-08-29 15:05:00,77455.1,77489.6,77455.1,77474.3,132.933
2026-08-29 15:10:00,77474.4,77518.9,77472.2,77489.4,183.772
2026-08-29 15:15:00,77489.5,77511.5,77472.4,77511.5,91.051
2026-08-29 15:20:00,77511.4,77535.9,77488.1,77526.0,80.625
2026-08-29 15:25:00,77526.0,77560.7,77525.9,77559.6,58.054
2026-08-29 15:30:00,77559.6,77559.7,77478.4,77518.1,98.154
2026-08-29 15:35:00,77518.1,77518.2,77510.4,77515.2,55.365
2026-08-29 15:40:00,77515.2,77557.3,77515.2,77550.3,116.814
2026-08-29 15:45:00,77550.3,77595.0,77500.0,77541.5,146.318
2026-08-29 15:50:00,77541.6,77584.7,77531.8,77535.3,87.217
2026-08-29 15:55:00,77535.4,77608.3,77535.3,77608.3,110.838
2026-08-29 16:00:00,77608.2,77627.7,77595.5,77612.5,187.328
2026-08-29 16:05:00,77612.5,77652.8,77536.1,77574.3,300.097
2026-08-29 16:10:00,77574.4,77613.9,77574.3,77613.9,56.478
2026-08-29 16:15:00,77613.9,77643.1,77613.8,77627.6,99.292
2026-08-29 16:20:00,77627.6,77627.7,77579.0,77608.7,107.863
2026-08-29 16:25:00,77608.7,77608.7,77591.7,77600.0,50.208
2026-08-29 16:30:00,77600.0,77637.8,77600.0,77637.8,88.061
2026-08-29 16:35:00,77637.8,77700.0,77633.3,77699.9,391.979
2026-08-29 16:40:00,77700.0,77728.9,77625.6,77627.3,278.563
2026-08-29 16:45:00,77627.3,77643.0,77621.8,77628.8,71.936
2026-08-29 16:50:00,77628.7,77642.9,77620.8,77642.9,89.412
2026-08-29 16:55:00,77642.8,77643.0,77618.9,77618.9,66.534
2026-08-29 17:00:00,77619.0,77619.0,77558.1,77558.1,86.064
2026-08-29 17:05:00,77558.1,77558.2,77481.9,77515.2,370.013
2026-08-29 17:10:00,77515.1,77549.0,77515.1,77549.0,79.815
2026-08-29 17:15:00,77549.0,77690.0,77548.9,77664.5,288.009
2026-08-29 17:20:00,77664.5,77690.0,77626.0,77654.3,174.568
2026-08-29 17:25:00,77654.3,77658.3,77638.3,77639.1,67.803
2026-08-29 17:30:00,77639.0,77647.2,77633.5,77645.2,63.311
2026-08-29 17:35:00,77645.2,77695.4,77633.7,77659.1,126.979
2026-08-29 17:40:00,77659.0,77659.1,77650.0,77653.1,50.916
2026-08-29 17:45:00,77653.1,77697.7,77653.0,77692.4,118.379
2026-08-29 17:50:00,77692.5,77692.5,77671.9,77692.0,84.669
2026-08-29 17:55:00,77691.9,77692.0,77602.4,77602.4,175.649
2026-08-29 18:00:00,77602.5,77610.3,77589.1,77610.2,79.832
2026-08-29 18:05:00,77610.3,77628.2,77589.8,77608.8,87.885
2026-08-29 18:10:00,77608.8,77688.0,77608.8,77688.0,88.594
2026-08-29 18:15:00,77688.0,77700.0,77666.5,77666.6,102.674
2026-08-29 18:20:00,77666.5,77666.6,77642.1,77644.5,87.436
2026-08-29 18:25:00,77644.5,77662.3,77644.5,77662.0,40.793
2026-08-29 18:30:00,77662.0,77662.1,77641.4,77650.8,62.001
2026-08-29 18:35:00,77650.8,77661.6,77634.1,77661.5,89.062
2026-08-29 18:40:00,77661.6,77676.8,77609.3,77612.1,143.124
2026-08-29 18:45:00,77612.1,77641.3,77612.0,77628.4,97.211
2026-08-29 18:50:00,77628.3,77639.9,77600.0,77600.1,68.208
2026-08-29 18:55:00,77600.1,77600.1,77540.0,77563.4,220.219
2026-08-29 19:00:00,77563.4,77575.9,77563.0,77575.8,64.667
2026-08-29 19:05:00,77575.8,77590.7,77551.0,77551.2,116.901
2026-08-29 19:10:00,77551.3,77570.0,77540.5,77569.9,64.496
2026-08-29 19:15:00,77569.9,77630.8,77569.9,77619.0,74.501
2026-08-29 19:20:00,77619.0,77632.1,77522.1,77529.8,126.145
2026-08-29 19:25:00,77529.7,77563.1,77506.6,77563.0,85.388
2026-08-29 19:30:00,77563.0,77571.4,77472.4,77512.0,180.327
2026-08-29 19:35:00,77511.9,77549.9,77511.9,77538.2,50.915
2026-08-29 19:40:00,77538.3,77550.0,77538.2,77550.0,25.106
2026-08-29 19:45:00,77549.9,77562.8,77544.7,77562.7,97.929
2026-08-29 19:50:00,77562.7,77569.9,77518.5,77523.2,109.643
2026-08-29 19:55:00,77523.3,77559.2,77523.3,77559.1,37.971
2026-08-29 20:00:00,77559.2,77576.9,77534.0,77547.3,209.244
2026-08-29 20:05:00,77547.3,77585.6,77547.3,77570.0,133.007
2026-08-29 20:10:00,77570.0,77648.8,77570.0,77629.6,334.5
2026-08-29 20:15:00,77629.7,77700.0,77615.4,77628.4,505.514
2026-08-29 20:20:00,77628.4,77664.5,77623.9,77662.4,88.376
2026-08-29 20:25:00,77662.5,77662.5,77616.6,77622.6,159.486
2026-08-29 20:30:00,77622.6,77650.0,77609.1,77615.0,170.382
2026-08-29 20:35:00,77615.1,77686.9,77615.1,77634.4,121.702
2026-08-29 20:40:00,77634.4,77634.5,77629.9,77633.9,44.899
2026-08-29 20:45:00,77633.9,77689.8,77623.1,77675.8,89.415
2026-08-29 20:50:00,77675.8,77675.9,77667.3,77671.4,49.881
2026-08-29 20:55:00,77671.4,77699.9,77670.0,77670.0,99.012
2026-08-29 21:00:00,77670.1,77677.2,77665.3,77677.2,77.749
2026-08-29 21:05:00,77677.2,77696.0,77659.1,77660.7,183.504
2026-08-29 21:10:00,77660.6,77670.7,77626.9,77656.7,155.057
2026-08-29 21:15:00,77656.8,77682.1,77642.1,77642.1,248.909
2026-08-29 21:20:00,77642.1,77711.0,77642.1,77704.0,309.661
2026-08-29 21:25:00,77703.9,77723.9,77666.5,77667.9,205.713
2026-08-29 21:30:00,77668.0,77678.7,77667.0,77667.0,55.633
2026-08-29 21:35:00,77667.1,77720.0,77655.0,77720.0,191.953
2026-08-29 21:40:00,77720.0,77995.0,77720.0,77894.2,2277.154
2026-08-29 21:45:00,77894.3,78135.0,77894.2,78006.2,2077.777
2026-08-29 21:50:00,78006.3,78008.8,77945.2,77957.1,819.044
2026-08-29 21:55:00,77957.1,78013.0,77954.9,77979.2,252.559
2026-08-29 22:00:00,77979.2,77989.7,77835.2,77858.4,784.315
2026-08-29 22:05:00,77858.5,77908.3,77835.2,77896.1,248.432
2026-08-29 22:10:00,77896.1,77939.4,77888.4,77910.0,212.571
2026-08-29 22:15:00,77910.0,77940.1,77833.0,77876.0,307.758
2026-08-29 22:20:00,77876.1,77960.0,77876.0,77925.8,245.756
2026-08-29 22:25:00,77925.8,77925.8,77864.4,77864.4,125.492
2026-08-29 22:30:00,77864.4,77864.4,77777.7,77826.5,374.503
2026-08-29 22:35:00,77826.5,77855.4,77817.7,77841.2,118.116
2026-08-29 22:40:00,77841.1,77862.0,77799.9,77803.8,163.649
2026-08-29 22:45:00,77803.8,77907.7,77793.0,77907.7,176.293
2026-08-29 22:50:00,77907.7,77907.7,77820.0,77820.1,110.387
2026-08-29 22:55:00,77820.1,77835.3,77768.0,77824.1,175.739
2026-08-29 23:00:00,77824.1,77882.4,77822.8,77882.3,149.873
2026-08-29 23:05:00,77882.2,77930.0,77864.3,77930.0,129.152
2026-08-29 23:10:00,77929.9,77959.1,77904.6,77959.1,214.583
2026-08-29 23:15:00,77959.0,78132.4,77959.0,77981.1,1000.56
2026-08-29 23:20:00,77981.1,77992.7,77895.4,77927.7,312.104
2026-08-29 23:25:00,77927.7,77927.7,77873.9,77923.3,146.78
2026-08-29 23:30:00,77923.3,77991.5,77855.8,77950.8,223.029
2026-08-29 23:35:00,77950.9,77969.6,77891.3,77948.4,163.339
2026-08-29 23:40:00,77948.4,78000.0,77948.4,77983.5,261.54
2026-08-29 23:45:00,77983.5,78022.2,77976.4,77997.6,271.852
2026-08-29 23:50:00,77997.6,78066.9,77997.5,78000.0,292.004
2026-08-29 23:55:00,78000.0,78006.2,77961.3,77989.1,123.607
2026-08-30 00:00:00,77989.1,78053.6,77989.0,78027.1,176.039
2026-08-30 00:05:00,78027.2,78027.2,77980.2,77994.7,68.301
2026-08-30 00:10:00,77994.7,78025.4,77994.5,78015.3,101.694
2026-08-30 00:15:00,78015.4,78070.0,78011.8,78035.4,110.642
2026-08-30 00:20:00,78035.3,78035.4,77951.7,77987.8,111.693
2026-08-30 00:25:00,77987.7,77994.2,77950.0,77950.1,101.521
2026-08-30 00:30:00,77950.1,77979.0,77910.0,77911.4,139.999
2026-08-30 00:35:00,77911.4,77943.7,77863.2,77916.0,425.204
2026-08-30 00:40:00,77916.0,78000.0,77915.9,77984.2,126.564
2026-08-30 00:45:00,77984.2,78016.2,77984.1,78016.2,65.245
2026-08-30 00:50:00,78016.2,78027.3,77979.7,77979.7,67.325
2026-08-30 00:55:00,77979.8,78073.0,77954.8,78073.0,206.398
2026-08-30 01:00:00,78073.0,78128.8,78030.9,78032.9,328.483
2026-08-30 01:05:00,78032.9,78068.9,78032.9,78050.0,78.103
2026-08-30 01:10:00,78050.0,78066.5,78036.4,78036.5,44.422
2026-08-30 01:15:00,78036.4,78049.6,77988.8,78023.3,93.027
2026-08-30 01:20:00,78023.2,78070.6,78016.2,78069.7,108.113
2026-08-30 01:25:00,78069.7,78069.8,78016.5,78016.5,58.005
2026-08-30 01:30:00,78016.5,78057.0,77982.5,78044.6,110.184
2026-08-30 01:35:00,78044.5,78191.0,78044.5,78139.3,560.752
2026-08-30 01:40:00,78139.4,78183.7,78083.1,78111.7,314.377
2026-08-30 01:45:00,78111.7,78226.5,78107.7,78210.2,397.616
2026-08-30 01:50:00,78210.1,78215.3,78171.5,78172.9,171.283
2026-08-30 01:55:00,78172.9,78172.9,78121.9,78121.9,111.321
2026-08-30 02:00:00,78122.0,78208.1,78121.9,78191.2,144.775
2026-08-30 02:05:00,78191.2,78237.9,78186.3,78207.0,226.357
2026-08-30 02:10:00,78207.1,78282.8,78207.0,78274.9,297.924
2026-08-30 02:15:00,78275.0,78314.9,78254.3,78256.7,298.974
2026-08-30 02:20:00,78256.7,78265.9,78207.0,78234.4,182.322
2026-08-30 02:25:00,78234.4,78252.0,78204.9,78212.0,160.724
2026-08-30 02:30:00,78212.0,78234.1,78173.9,78194.1,244.848
2026-08-30 02:35:00,78194.1,78219.2,78159.1,78171.4,223.884
2026-08-30 02:40:00,78171.3,78230.9,78154.5,78228.4,131.411
2026-08-30 02:45:00,78228.4,78237.1,78206.1,78216.1,68.71
2026-08-30 02:50:00,78216.0,78220.8,78179.5,78186.8,85.271
2026-08-30 02:55:00,78186.8,78186.9,78104.5,78154.9,247.305
2026-08-30 03:00:00,78154.9,78275.3,78135.7,78210.4,210.282
2026-08-30 03:05:00,78210.4,78240.1,78204.7,78210.6,92.008
2026-08-30 03:10:00,78210.5,78210.6,78184.9,78198.7,122.736
2026-08-30 03:15:00,78198.7,78233.4,78190.7,78223.8,93.559
2026-08-30 03:20:00,78223.9,78233.0,78173.3,78179.3,73.826
2026-08-30 03:25:00,78179.3,78179.4,78144.0,78144.0,100.282
2026-08-30 03:30:00,78144.1,78144.1,78080.0,78086.1,213.429
2026-08-30 03:35:00,78086.0,78127.6,78084.0,78107.9,116.046
2026-08-30 03:40:00,78107.9,78115.0,78095.0,78102.3,79.759
2026-08-30 03:45:00,78102.2,78115.0,78077.7,78115.0,62.24
2026-08-30 03:50:00,78115.0,78122.0,78105.0,78115.5,69.32
2026-08-30 03:55:00,78115.5,78115.5,78093.6,78094.6,53.221
2026-08-30 04:00:00,78094.6,78094.6,78016.0,78029.7,266.783
2026-08-30 04:05:00,78029.7,78140.1,78029.7,78098.7,130.699
2026-08-30 04:10:00,78098.6,78156.3,78098.6,78116.7,120.785
2026-08-30 04:15:00,78116.7,78142.8,78108.0,78142.8,23.639
2026-08-30 04:20:00,78142.8,78142.8,78107.3,78107.4,59.695
2026-08-30 04:25:00,78107.3,78107.3,78063.5,78068.2,66.402
2026-08-30 04:30:00,78068.3,78093.4,78060.4,78071.7,57.709
2026-08-30 04:35:00,78071.6,78082.0,78031.0,78057.8,85.838
2026-08-30 04:40:00,78057.8,78072.3,78034.4,78066.2,78.162
2026-08-30 04:45:00,78066.3,78129.4,78060.6,78129.4,58.059
2026-08-30 04:50:00,78129.4,78156.6,78124.6,78150.1,44.177
2026-08-30 04:55:00,78150.1,78171.0,78111.5,78131.7,79.896
2026-08-30 05:00:00,78131.8,78158.3,78116.2,78149.4,68.13
2026-08-30 05:05:00,78149.5,78190.0,78128.5,78171.6,76.571
2026-08-30 05:10:00,78171.5,78183.1,78082.8,78106.6,176.356
2026-08-30 05:15:00,78106.6,78130.0,78050.7,78053.1,188.699
2026-08-30 05:20:00,78053.1,78073.5,78053.0,78073.5,28.697
2026-08-30 05:25:00,78073.5,78121.3,78063.7,78117.6,95.197
2026-08-30 05:30:00,78117.6,78126.0,78107.6,78112.3,64.803
2026-08-30 05:35:00,78112.3,78149.9,78112.2,78149.8,98.962
2026-08-30 05:40:00,78149.9,78149.9,78129.6,78141.0,21.666
2026-08-30 05:45:00,78140.9,78170.5,78140.9,78158.1,61.639
2026-08-30 05:50:00,78158.0,78179.3,78158.0,78179.2,36.778
2026-08-30 05:55:00,78179.3,78207.0,78179.2,78194.0,73.505
2026-08-30 06:00:00,78193.9,78220.8,78193.8,78193.8,74.201
2026-08-30 06:05:00,78193.8,78224.6,78162.8,78187.1,146.094
2026-08-30 06:10:00,78187.0,78212.6,78173.1,78206.5,56.309
2026-08-30 06:15:00,78206.5,78233.0,78189.8,78211.7,55.031
2026-08-30 06:20:00,78211.8,78211.8,78165.4,78165.4,55.029
2026-08-30 06:25:00,78165.4,78239.9,78153.1,78224.3,163.88
2026-08-30 06:30:00,78224.3,78238.8,78195.0,78195.0,97.207
2026-08-30 06:35:00,78195.0,78231.2,78195.0,78226.9,52.617
2026-08-30 06:40:00,78227.0,78230.0,78191.1,78191.1,89.639
2026-08-30 06:45:00,78191.2,78253.5,78191.1,78249.6,94.527
2026-08-30 06:50:00,78249.5,78249.5,78198.9,78210.1,149.416
2026-08-30 06:55:00,78210.1,78210.2,78200.6,78200.7,41.054
2026-08-30 07:00:00,78200.6,78206.8,78174.0,78174.1,173.554
2026-08-30 07:05:00,78174.1,78174.1,78150.6,78150.6,74.36
2026-08-30 07:10:00,78150.6,78150.6,78113.2,78143.1,139.571
2026-08-30 07:15:00,78143.0,78297.3,78143.0,78249.1,399.669
2026-08-30 07:20:00,78249.2,78249.2,78170.0,78178.1,90.865
2026-08-30 07:25:00,78178.0,78195.4,78177.9,78186.5,51.644
2026-08-30 07:30:00,78186.4,78208.9,78159.9,78180.0,162.813
2026-08-30 07:35:00,78180.0,78273.9,78179.9,78206.7,86.677
2026-08-30 07:40:00,78206.6,78225.7,78161.2,78176.1,90.213
2026-08-30 07:45:00,78176.1,78209.5,78156.2,78209.5,81.015
2026-08-30 07:50:00,78209.5,78224.7,78178.3,78190.0,77.242
2026-08-30 07:55:00,78190.3,78190.4,78141.9,78144.7,72.384
2026-08-30 08:00:00,78144.8,78159.7,78126.9,78159.7,102.189
2026-08-30 08:05:00,78159.6,78159.7,78080.0,78085.0,246.942
2026-08-30 08:10:00,78085.1,78100.0,78025.0,78047.6,202.21
2026-08-30 08:15:00,78047.6,78047.6,77953.8,78011.8,822.008
2026-08-30 08:20:00,78011.9,78042.4,78011.8,78019.1,164.845
2026-08-30 08:25:00,78019.1,78019.2,77969.2,77983.2,165.935
2026-08-30 08:30:00,77983.1,78002.3,77960.0,77977.5,227.303
2026-08-30 08:35:00,77977.5,78044.8,77969.9,78026.7,157.497
2026-08-30 08:40:00,78026.8,78037.1,78014.5,78025.7,132.153
2026-08-30 08:45:00,78025.8,78109.2,78025.8,78080.0,262.823
2026-08-30 08:50:00,78080.0,78088.0,78042.8,78052.9,88.655
2026-08-30 08:55:00,78053.0,78053.0,78011.3,78050.8,110.434
2026-08-30 09:00:00,78050.8,78100.0,78031.0,78099.9,83.833
2026-08-30 09:05:00,78100.0,78101.2,78038.6,78055.8,141.047
2026-08-30 09:10:00,78055.9,78058.3,78037.3,78056.0,58.096
2026-08-30 09:15:00,78056.0,78058.6,78015.5,78032.9,128.578
2026-08-30 09:20:00,78032.9,78040.7,78017.0,78018.8,50.634
2026-08-30 09:25:00,78018.8,78036.0,77983.2,78007.1,140.153
2026-08-30 09:30:00,78007.1,78020.8,77982.1,78009.7,102.458
2026-08-30 09:35:00,78009.7,78038.3,78009.7,78038.3,58.542
2026-08-30 09:40:00,78038.2,78095.2,78038.2,78071.0,107.191
2026-08-30 09:45:00,78071.0,78081.3,78049.9,78081.3,87.112
2026-08-30 09:50:00,78081.2,78154.4,78081.2,78116.0,192.17
2026-08-30 09:55:00,78116.0,78126.1,78071.9,78072.0,96.251
2026-08-30 10:00:00,78072.0,78096.3,78047.9,78048.0,78.349
2026-08-30 10:05:00,78048.0,78061.6,78033.0,78061.6,74.742
2026-08-30 10:10:00,78061.6,78061.6,78045.0,78052.5,51.869
2026-08-30 10:15:00,78052.5,78052.6,78031.8,78046.0,64.861
2026-08-30 10:20:00,78045.9,78062.0,78027.0,78062.0,65.396
2026-08-30 10:25:00,78061.9,78136.0,78061.9,78136.0,69.846
2026-08-30 10:30:00,78136.0,78211.2,78107.4,78199.9,188.744
2026-08-30 10:35:00,78199.9,78200.0,78136.0,78149.9,121.433
2026-08-30 10:40:00,78149.8,78183.6,78133.9,78154.7,149.34
2026-08-30 10:45:00,78154.7,78154.8,78121.0,78130.9,91.155
2026-08-30 10:50:00,78130.8,78130.9,78105.7,78108.9,49.605
2026-08-30 10:55:00,78109.0,78128.3,78101.4,78101.4,59.152
2026-08-30 11:00:00,78101.5,78188.8,78101.4,78179.2,216.969
2026-08-30 11:05:00,78179.2,78188.6,78113.2,78127.5,121.154
2026-08-30 11:10:00,78127.5,78127.5,78118.5,78125.7,32.689
2026-08-30 11:15:00,78125.7,78147.3,78103.9,78115.2,74.284
2026-08-30 11:20:00,78115.1,78118.2,78052.7,78075.3,92.111
2026-08-30 11:25:00,78075.4,78103.0,78075.3,78085.2,67.237
2026-08-30 11:30:00,78085.1,78085.2,78056.0,78056.1,46.373
2026-08-30 11:35:00,78056.1,78056.1,77980.1,77997.2,191.096
2026-08-30 11:40:00,77997.2,78021.4,77980.0,77980.0,199.572
2026-08-30 11:45:00,77980.0,77999.2,77944.9,77979.9,221.168
2026-08-30 11:50:00,77980.0,78045.8,77979.9,78045.8,161.132
2026-08-30 11:55:00,78045.7,78083.1,78045.7,78083.0,80.457
2026-08-30 12:00:00,78083.1,78175.0,78083.0,78169.9,212.728
2026-08-30 12:05:00,78169.9,78194.4,78121.3,78142.0,199.565
2026-08-30 12:10:00,78141.9,78142.0,78109.9,78122.5,66.678
2026-08-30 12:15:00,78122.4,78122.5,78108.1,78108.1,32.603
2026-08-30 12:20:00,78108.1,78114.3,78108.1,78114.3,30.028
2026-08-30 12:25:00,78114.3,78115.0,78114.2,78114.9,14.855
2026-08-30 12:30:00,78115.0,78115.0,78107.4,78107.4,47.927
2026-08-30 12:35:00,78107.5,78107.5,78087.7,78096.3,40.997
2026-08-30 12:40:00,78096.4,78107.5,78095.0,78100.0,84.702
2026-08-30 12:45:00,78100.0,78101.4,78100.0,78101.4,18.717
2026-08-30 12:50:00,78101.3,78111.3,78092.1,78102.3,39.192
2026-08-30 12:55:00,78102.3,78108.9,78095.9,78108.8,25.048
2026-08-30 13:00:00,78108.8,78121.0,78088.7,78115.7,69.037
2026-08-30 13:05:00,78115.7,78115.8,78088.3,78088.3,34.167
2026-08-30 13:10:00,78088.4,78099.8,78088.3,78099.8,26.13
2026-08-30 13:15:00,78099.7,78118.2,78099.7,78118.2,31.787
2026-08-30 13:20:00,78118.2,78171.7,78118.1,78169.7,50.762
2026-08-30 13:25:00,78169.7,78170.8,78150.8,78156.1,67.727
2026-08-30 13:30:00,78156.1,78172.9,78153.5,78172.8,46.117
2026-08-30 13:35:00,78172.9,78247.4,78172.8,78212.6,378.841
2026-08-30 13:40:00,78212.6,78276.9,78188.2,78215.4,330.537
2026-08-30 13:45:00,78215.3,78289.2,78200.0,78257.3,230.407
2026-08-30 13:50:00,78257.3,78257.3,78214.8,78243.1,121.916
2026-08-30 13:55:00,78243.2,78258.1,78234.1,78253.9,101.893
2026-08-30 14:00:00,78253.9,78266.0,78231.9,78238.5,85.564
2026-08-30 14:05:00,78238.5,78238.6,78219.4,78219.5,50.17
2026-08-30 14:10:00,78219.4,78233.0,78219.4,78233.0,50.803
2026-08-30 14:15:00,78233.0,78233.0,78206.7,78206.7,53.422
2026-08-30 14:20:00,78206.7,78209.7,78195.2,78195.2,59.079
2026-08-30 14:25:00,78195.3,78201.6,78191.9,78192.0,106.044
2026-08-30 14:30:00,78192.0,78192.0,78140.3,78148.4,188.947
2026-08-30 14:35:00,78148.4,78172.3,78134.0,78151.7,176.328
2026-08-30 14:40:00,78151.8,78151.8,78106.8,78108.1,150.952
2026-08-30 14:45:00,78108.1,78129.4,78080.1,78122.7,169.201
2026-08-30 14:50:00,78122.6,78129.9,78101.6,78126.7,129.407
2026-08-30 14:55:00,78126.8,78126.8,78073.9,78082.6,95.518
2026-08-30 15:00:00,78082.7,78110.0,78082.7,78107.7,90.723
2026-08-30 15:05:00,78107.6,78175.2,78107.6,78161.0,144.648
2026-08-30 15:10:00,78161.0,78161.1,78101.7,78122.3,84.821
2026-08-30 15:15:00,78122.2,78171.5,78122.2,78171.4,130.372
2026-08-30 15:20:00,78171.5,78178.8,78126.0,78134.8,63.045
2026-08-30 15:25:00,78134.9,78151.4,78122.2,78129.7,58.31
2026-08-30 15:30:00,78129.8,78129.8,78104.8,78108.9,69.683
2026-08-30 15:35:00,78108.9,78108.9,78000.0,78016.3,437.445
2026-08-30 15:40:00,78016.3,78038.5,78003.1,78038.4,86.283
2026-08-30 15:45:00,78038.5,78038.5,78000.0,78037.8,99.797
2026-08-30 15:50:00,78037.9,78041.2,78007.6,78030.7,58.849
2026-08-30 15:55:00,78030.7,78061.5,78030.7,78049.0,59.13
2026-08-30 16:00:00,78049.1,78060.7,78036.8,78056.0,96.126
2026-08-30 16:05:00,78056.0,78057.6,78050.0,78050.1,33.522
2026-08-30 16:10:00,78050.0,78072.8,78050.0,78072.8,26.59
2026-08-30 16:15:00,78072.8,78072.8,78036.5,78048.8,85.728
2026-08-30 16:20:00,78048.8,78091.8,78014.2,78014.3,94.946
2026-08-30 16:25:00,78014.2,78025.0,77952.8,77960.3,240.833
2026-08-30 16:30:00,77960.4,78000.0,77956.6,77975.7,184.791
2026-08-30 16:35:00,77975.7,77987.8,77975.7,77976.7,60.935
2026-08-30 16:40:00,77976.7,78026.8,77970.0,78007.5,124.788
2026-08-30 16:45:00,78007.6,78033.9,77980.7,77980.8,77.518
2026-08-30 16:50:00,77980.7,77980.8,77962.0,77970.3,104.26
2026-08-30 16:55:00,77970.3,77997.1,77967.7,77967.7,94.202
2026-08-30 17:00:00,77967.7,77977.0,77933.4,77935.8,163.698
2026-08-30 17:05:00,77935.8,78017.8,77935.8,78017.8,139.343
2026-08-30 17:10:00,78017.8,78046.2,77983.2,77983.2,135.322
2026-08-30 17:15:00,77983.2,77995.3,77963.2,77990.9,75.477
2026-08-30 17:20:00,77990.9,78035.0,77988.8,78034.9,97.665
2026-08-30 17:25:00,78035.0,78099.9,78009.9,78013.5,263.019
2026-08-30 17:30:00,78013.5,78064.4,78013.5,78029.6,97.446
2026-08-30 17:35:00,78029.7,78052.9,78028.1,78048.2,59.842
2026-08-30 17:40:00,78048.2,78089.4,78048.2,78081.0,107.948
2026-08-30 17:45:00,78081.0,78121.9,78081.0,78120.5,111.135
2026-08-30 17:50:00,78120.5,78122.1,78109.8,78122.1,61.785
2026-08-30 17:55:00,78122.0,78122.1,78115.1,78119.2,47.723
2026-08-30 18:00:00,78119.1,78129.8,78119.1,78125.9,52.249
2026-08-30 18:05:00,78125.8,78173.7,78125.8,78170.9,148.162
2026-08-30 18:10:00,78170.9,78171.0,78118.8,78139.6,78.785
2026-08-30 18:15:00,78139.6,78139.7,78120.7,78139.7,36.408
2026-08-30 18:20:00,78139.6,78159.3,78139.6,78159.3,103.562
2026-08-30 18:25:00,78159.2,78198.7,78151.8,78198.7,113.402
2026-08-30 18:30:00,78198.7,78212.8,78153.3,78185.0,226.822
2026-08-30 18:35:00,78185.1,78185.1,78116.7,78138.7,105.676
2026-08-30 18:40:00,78138.8,78190.7,78138.7,78155.3,96.039
2026-08-30 18:45:00,78155.3,78159.1,78116.7,78120.2,51.699
2026-08-30 18:50:00,78120.2,78125.6,78088.1,78108.7,135.268
2026-08-30 18:55:00,78108.7,78141.5,78108.7,78141.5,24.618
2026-08-30 19:00:00,78141.5,78286.4,78141.4,78254.0,616.524
2026-08-30 19:05:00,78254.0,78600.0,78206.7,78570.2,3753.744
2026-08-30 19:10:00,78570.1,78688.0,78550.6,78624.1,2152.239
2026-08-30 19:15:00,78624.2,78624.2,78484.8,78485.1,1030.151
2026-08-30 19:20:00,78485.0,78539.9,78451.0,78499.2,559.24
2026-08-30 19:25:00,78499.2,78593.5,78464.0,78593.5,398.699
2026-08-30 19:30:00,78593.5,78824.0,78531.9,78545.7,1994.859
2026-08-30 19:35:00,78545.7,78593.3,78508.7,78593.3,414.203
2026-08-30 19:40:00,78593.3,78711.1,78524.8,78614.8,769.083
2026-08-30 19:45:00,78614.7,78642.6,78561.9,78575.4,238.87
2026-08-30 19:50:00,78575.3,78629.8,78547.5,78597.8,260.326
2026-08-30 19:55:00,78597.9,78750.1,78588.8,78750.1,862.68
2026-08-30 20:00:00,78750.1,78798.3,78649.0,78697.4,764.633
2026-08-30 20:05:00,78697.3,78705.0,78632.0,78635.0,253.712
2026-08-30 20:10:00,78634.9,78647.7,78586.1,78595.3,229.947
2026-08-30 20:15:00,78595.2,78636.7,78550.0,78636.7,231.853
2026-08-30 20:20:00,78636.6,78681.8,78630.8,78681.8,191.843
2026-08-30 20:25:00,78681.8,78694.6,78659.5,78686.7,127.143
2026-08-30 20:30:00,78686.6,78715.5,78654.2,78666.7,205.496
2026-08-30 20:35:00,78666.8,78690.0,78640.8,78677.6,133.583
2026-08-30 20:40:00,78677.8,78788.0,78638.6,78754.2,319.159
2026-08-30 20:45:00,78754.1,78918.8,78754.1,78914.5,1620.269
2026-08-30 20:50:00,78914.5,78939.9,78846.9,78861.3,825.039
2026-08-30 20:55:00,78861.3,78869.6,78816.8,78817.7,342.794
2026-08-30 21:00:00,78817.7,78906.2,78776.4,78849.0,582.896
2026-08-30 21:05:00,78848.9,78853.3,78736.0,78848.7,443.989
2026-08-30 21:10:00,78848.7,78900.0,78811.1,78882.0,376.732
2026-08-30 21:15:00,78882.0,78899.4,78760.0,78760.1,259.104
2026-08-30 21:20:00,78760.0,78800.0,78752.8,78799.9,183.217
2026-08-30 21:25:00,78800.0,78838.4,78799.9,78822.5,158.37
2026-08-30 21:30:00,78822.5,78898.7,78800.0,78800.0,252.161
2026-08-30 21:35:00,78800.0,78800.1,78685.3,78699.9,363.3
2026-08-30 21:40:00,78699.9,78743.5,78699.9,78728.0,176.864
2026-08-30 21:45:00,78727.9,78754.3,78687.9,78732.2,234.696
2026-08-30 21:50:00,78732.2,78777.7,78732.2,78777.6,136.994
2026-08-30 21:55:00,78777.7,78790.0,78744.0,78745.8,138.163
2026-08-30 22:00:00,78745.8,78764.3,78646.9,78647.0,384.019
2026-08-30 22:05:00,78647.0,78848.0,78647.0,78751.3,437.365
2026-08-30 22:10:00,78751.3,78776.0,78613.8,78635.9,274.633
2026-08-30 22:15:00,78635.9,78737.2,78591.3,78656.4,440.457
2026-08-30 22:20:00,78656.4,78742.3,78656.4,78742.2,167.956
2026-08-30 22:25:00,78742.3,78808.7,78729.3,78750.4,326.433
2026-08-30 22:30:00,78750.4,78796.8,78750.4,78765.6,125.376
2026-08-30 22:35:00,78765.6,78787.8,78748.7,78787.8,73.669
2026-08-30 22:40:00,78787.8,78825.2,78754.7,78823.0,157.339
2026-08-30 22:45:00,78823.1,78877.6,78784.3,78784.5,238.058
2026-08-30 22:50:00,78784.5,78816.8,78768.8,78772.4,107.418
2026-08-30 22:55:00,78772.3,78791.2,78748.8,78791.1,71.614
2026-08-30 23:00:00,78791.2,78991.9,78771.8,78927.3,736.631
2026-08-30 23:05:00,78927.4,78979.7,78773.6,78781.6,457.308
2026-08-30 23:10:00,78781.7,79176.9,78707.4,79084.9,2041.412
2026-08-30 23:15:00,79085.0,79222.0,79000.0,79068.7,1399.842
2026-08-30 23:20:00,79068.6,79087.2,78976.3,79086.5,498.87
2026-08-30 23:25:00,79086.5,79100.8,79004.4,79004.4,341.429
2026-08-30 23:30:00,79004.4,79157.8,78980.8,79134.1,440.882
2026-08-30 23:35:00,79134.0,79185.3,79069.6,79093.8,587.642
2026-08-30 23:40:00,79093.8,79231.2,79093.7,79163.1,675.304
2026-08-30 23:45:00,79163.0,79198.1,79115.8,79146.7,310.075
2026-08-30 23:50:00,79146.7,79200.0,79100.3,79172.0,303.622
2026-08-30 23:55:00,79172.0,79384.4,79153.8,79304.9,1136.533
2026-08-31 00:00:00,79304.9,79304.9,79178.1,79209.8,400.521
2026-08-31 00:05:00,79209.8,79233.3,79120.8,79155.1,336.995
2026-08-31 00:10:00,79155.0,79159.4,79100.0,79142.1,278.31
2026-08-31 00:15:00,79142.2,79142.2,78929.6,78971.6,1000.921
2026-08-31 00:20:00,78971.7,78971.8,78737.0,78842.5,1215.586
2026-08-31 00:25:00,78842.5,78912.6,78737.0,78902.5,673.966
2026-08-31 00:30:00,78902.5,78966.0,78838.9,78963.2,295.434
2026-08-31 00:35:00,78963.2,78989.7,78938.4,78984.0,223.87
2026-08-31 00:40:00,78984.0,79027.0,78932.1,79007.8,270.735
2026-08-31 00:45:00,79007.7,79049.9,78970.0,78984.3,216.686
2026-08-31 00:50:00,78984.3,79022.8,78922.4,78989.2,202.266
2026-08-31 00:55:00,78989.1,78989.1,78932.6,78985.6,89.716
2026-08-31 01:00:00,78985.7,79040.0,78950.3,78987.0,229.498
2026-08-31 01:05:00,78987.1,78987.1,78828.7,78830.2,293.023
2026-08-31 01:10:00,78830.2,78833.4,78728.7,78812.5,400.693
2026-08-31 01:15:00,78812.5,78871.8,78812.4,78864.9,113.776
2026-08-31 01:20:00,78864.9,78865.0,78827.6,78849.9,74.23
2026-08-31 01:25:00,78849.9,78974.7,78821.4,78974.7,177.897
2026-08-31 01:30:00,78974.7,79140.3,78974.7,79128.5,643.192
2026-08-31 01:35:00,79128.4,79147.1,79098.4,79118.6,211.569
2026-08-31 01:40:00,79118.6,79124.6,79034.6,79058.0,181.609
2026-08-31 01:45:00,79057.9,79058.3,79006.0,79036.1,107.884
2026-08-31 01:50:00,79036.2,79038.9,78981.1,78996.6,101.877
2026-08-31 01:55:00,78996.5,79024.5,78988.0,79005.0,77.995
2026-08-31 02:00:00,79005.1,79005.1,78931.8,78954.6,87.606
2026-08-31 02:05:00,78954.6,79014.0,78901.9,78965.3,173.213
2026-08-31 02:10:00,78965.3,79000.5,78957.8,79000.4,59.139
2026-08-31 02:15:00,79000.4,79008.8,78928.9,78967.1,111.973
2026-08-31 02:20:00,78967.2,78967.2,78880.0,78885.9,115.272
2026-08-31 02:25:00,78886.0,78898.1,78882.3,78882.3,47.142
2026-08-31 02:30:00,78882.4,78916.7,78841.7,78870.8,226.389
2026-08-31 02:35:00,78870.8,78870.8,78758.9,78758.9,186.986
2026-08-31 02:40:00,78758.9,78808.1,78737.6,78754.5,166.839
2026-08-31 02:45:00,78754.6,78793.0,78678.0,78762.3,380.379
2026-08-31 02:50:00,78762.3,78817.4,78762.3,78810.2,73.988
2026-08-31 02:55:00,78810.2,78837.9,78810.1,78828.2,71.531
2026-08-31 03:00:00,78828.3,78882.9,78826.9,78826.9,117.558
2026-08-31 03:05:00,78826.9,78849.1,78796.2,78849.1,89.672
2026-08-31 03:10:00,78849.1,78892.0,78826.5,78826.5,99.867
2026-08-31 03:15:00,78826.5,78850.0,78804.7,78850.0,56.823
2026-08-31 03:20:00,78850.0,78884.5,78829.2,78884.5,66.873
2026-08-31 03:25:00,78884.5,78899.8,78804.1,78804.1,84.4
2026-08-31 03:30:00,78804.1,78806.2,78693.4,78776.9,204.977
2026-08-31 03:35:00,78777.0,78859.3,78661.8,78677.8,299.301
2026-08-31 03:40:00,78677.8,78695.1,78362.0,78450.9,1774.327
2026-08-31 03:45:00,78451.0,78640.0,78443.0,78639.9,534.439
2026-08-31 03:50:00,78639.9,78713.8,78639.9,78657.9,313.193
2026-08-31 03:55:00,78657.8,78659.7,78561.4,78561.5,446.434
2026-08-31 04:00:00,78561.5,78561.5,78174.8,78437.2,3327.77
2026-08-31 04:05:00,78437.3,78494.6,78404.1,78494.6,279.212
2026-08-31 04:10:00,78494.6,78512.7,78334.1,78475.4,319.211
2026-08-31 04:15:00,78475.4,78582.2,78475.4,78567.0,260.401
2026-08-31 04:20:00,78567.1,78597.8,78436.3,78562.3,373.381
2026-08-31 04:25:00,78562.2,78636.4,78536.9,78607.5,221.234
2026-08-31 04:30:00,78607.4,78688.3,78596.7,78688.0,310.817
2026-08-31 04:35:00,78688.0,78709.4,78593.4,78626.0,227.174
2026-08-31 04:40:00,78626.0,78630.0,78563.9,78609.5,239.622
2026-08-31 04:45:00,78609.5,78609.5,78511.6,78530.0,223.547
2026-08-31 04:50:00,78530.1,78609.3,78521.6,78574.6,174.333
2026-08-31 04:55:00,78574.6,78667.0,78574.5,78623.7,158.445
2026-08-31 05:00:00,78623.6,78776.4,78488.0,78712.5,592.259
2026-08-31 05:05:00,78712.5,78750.0,78600.0,78614.2,218.324
2026-08-31 05:10:00,78614.2,78614.3,78529.1,78534.2,170.109
2026-08-31 05:15:00,78534.2,78534.2,78369.3,78497.4,459.767
2026-08-31 05:20:00,78497.5,78501.0,78333.0,78333.0,317.67
2026-08-31 05:25:00,78333.0,78355.7,78251.9,78351.1,518.283
2026-08-31 05:30:00,78351.1,78411.5,78238.0,78327.6,404.621
2026-08-31 05:35:00,78327.7,78439.2,78309.1,78439.2,263.086
2026-08-31 05:40:00,78439.1,78512.0,78414.1,78419.9,268.077
2026-08-31 05:45:00,78420.0,78452.3,78358.7,78401.5,234.227
2026-08-31 05:50:00,78401.6,78417.7,78340.5,78405.1,166.311
2026-08-31 05:55:00,78405.0,78479.2,78382.8,78390.0,276.371
2026-08-31 06:00:00,78390.0,78390.0,78271.3,78271.6,469.751
2026-08-31 06:05:00,78271.7,78378.2,78271.6,78304.2,274.747
2026-08-31 06:10:00,78304.2,78429.1,78292.3,78334.3,356.33
2026-08-31 06:15:00,78334.3,78354.0,78106.9,78330.6,847.888
2026-08-31 06:20:00,78330.6,78375.0,77800.0,77951.0,2497.184
2026-08-31 06:25:00,77951.1,78050.0,77614.8,77647.9,2102.651
2026-08-31 06:30:00,77647.9,77857.3,77565.3,77715.0,1302.586
2026-08-31 06:35:00,77715.0,77715.0,77434.6,77495.7,1602.896
2026-08-31 06:40:00,77495.2,77546.7,77308.0,77440.1,1675.0
2026-08-31 06:45:00,77440.0,77498.1,76947.2,77333.2,3253.31
2026-08-31 06:50:00,77333.3,77572.0,77332.8,77535.0,985.025
2026-08-31 06:55:00,77535.0,77683.3,77506.7,77634.6,821.03
2026-08-31 07:00:00,77634.6,77786.3,77530.0,77769.1,1249.59
2026-08-31 07:05:00,77769.1,77782.3,77401.0,77404.7,1743.498
2026-08-31 07:10:00,77404.7,77734.9,77393.5,77726.3,689.651
2026-08-31 07:15:00,77726.3,77872.5,77680.0,77823.9,865.98
2026-08-31 07:20:00,77823.8,77946.0,77822.0,77945.9,695.236
2026-08-31 07:25:00,77946.0,77946.0,77850.0,77872.0,348.988
2026-08-31 07:30:00,77871.9,77926.7,77850.0,77915.2,361.845
2026-08-31 07:35:00,77915.1,78166.7,77915.1,77986.9,1563.044
2026-08-31 07:40:00,77986.9,78038.0,77964.6,78001.5,278.612
2026-08-31 07:45:00,78001.5,78001.6,77909.4,77945.5,347.151
2026-08-31 07:50:00,77945.5,78007.3,77937.4,77989.0,279.369
2026-08-31 07:55:00,77988.9,77999.5,77882.9,77903.8,221.081
2026-08-31 08:00:00,77903.8,77966.1,77727.6,77739.8,598.977
2026-08-31 08:05:00,77739.9,77771.9,77601.9,77614.9,703.746
2026-08-31 08:10:00,77614.9,77675.0,77524.6,77622.3,493.98
2026-08-31 08:15:00,77622.3,77747.8,77540.5,77747.7,463.552
2026-08-31 08:20:00,77747.8,77823.2,77665.9,77823.2,370.927
2026-08-31 08:25:00,77823.2,77823.2,77721.2,77744.0,174.167
2026-08-31 08:30:00,77743.9,77781.6,77609.3,77683.1,186.118
2026-08-31 08:35:00,77683.1,77922.0,77652.8,77825.9,374.032
2026-08-31 08:40:00,77825.9,77860.4,77680.1,77713.2,213.835
2026-08-31 08:45:00,77713.1,77821.2,77683.1,77734.5,228.709
2026-08-31 08:50:00,77734.5,77773.5,77659.5,77659.6,216.744
2026-08-31 08:55:00,77659.6,77716.9,77585.7,77609.9,227.07
2026-08-31 09:00:00,77609.9,77622.7,77488.0,77622.7,546.892
2026-08-31 09:05:00,77622.6,77739.8,77611.1,77700.6,298.786
2026-08-31 09:10:00,77700.6,77972.7,77700.6,77912.8,611.279
2026-08-31 09:15:00,77912.8,77922.2,77803.4,77824.1,289.764
2026-08-31 09:20:00,77824.1,77857.0,77780.9,77790.6,530.473
2026-08-31 09:25:00,77790.7,77849.8,77782.9,77840.5,89.539
2026-08-31 09:30:00,77840.5,77895.6,77805.0,77805.0,141.907
2026-08-31 09:35:00,77805.1,77805.1,77706.0,77735.1,156.689
2026-08-31 09:40:00,77735.1,77740.0,77674.6,77674.6,287.955
2026-08-31 09:45:00,77674.7,77735.0,77563.0,77566.6,783.007
2026-08-31 09:50:00,77566.7,77592.0,77381.2,77395.6,713.589
2026-08-31 09:55:00,77395.6,77473.2,77350.7,77440.0,645.774
2026-08-31 10:00:00,77440.0,77573.4,77358.3,77517.9,389.539
2026-08-31 10:05:00,77517.9,77588.8,77480.0,77588.7,243.519
2026-08-31 10:10:00,77588.7,77654.6,77550.0,77617.5,317.296
2026-08-31 10:15:00,77617.5,77670.0,77543.2,77553.1,165.47
2026-08-31 10:20:00,77553.1,77735.0,77551.5,77730.6,312.896
2026-08-31 10:25:00,77730.5,77730.6,77672.6,77689.0,284.144
2026-08-31 10:30:00,77689.1,77689.1,77632.1,77662.7,168.89
2026-08-31 10:35:00,77662.7,77765.8,77662.7,77755.0,235.471
2026-08-31 10:40:00,77755.0,77813.0,77704.8,77800.0,705.02
2026-08-31 10:45:00,77800.0,77853.5,77800.0,77800.5,668.508
2026-08-31 10:50:00,77800.5,77800.6,77746.7,77746.7,153.383
2026-08-31 10:55:00,77746.7,77775.6,77715.9,77727.2,397.056
2026-08-31 11:00:00,77727.2,77743.6,77563.0,77566.9,516.968
2026-08-31 11:05:00,77566.9,77682.4,77541.0,77593.0,403.698
2026-08-31 11:10:00,77593.1,77610.3,77540.8,77563.1,123.767
2026-08-31 11:15:00,77563.1,77574.6,77485.8,77488.8,357.484
2026-08-31 11:20:00,77488.9,77534.0,77460.4,77491.4,244.931
2026-08-31 11:25:00,77491.5,77527.1,77448.2,77480.1,204.315
2026-08-31 11:30:00,77480.0,77500.8,77427.2,77454.8,200.485
2026-08-31 11:35:00,77454.8,77549.5,77427.3,77549.5,338.323
2026-08-31 11:40:00,77549.4,77564.4,77460.0,77541.8,276.232
2026-08-31 11:45:00,77541.8,77557.6,77453.0,77453.0,222.662
2026-08-31 11:50:00,77453.0,77614.0,77437.3,77597.0,254.616
2026-08-31 11:55:00,77597.0,77628.9,77562.2,77586.4,184.417
2026-08-31 12:00:00,77586.4,77630.0,77480.0,77630.0,227.762
2026-08-31 12:05:00,77630.0,77680.7,77591.8,77625.8,219.663
2026-08-31 12:10:00,77625.8,77784.1,77600.0,77728.7,394.29
2026-08-31 12:15:00,77728.6,78014.9,77727.3,78004.0,864.119
2026-08-31 12:20:00,78004.0,78084.9,77883.2,78059.9,1105.291
2026-08-31 12:25:00,78060.0,78133.2,77842.9,77977.7,1303.607
2026-08-31 12:30:00,77977.7,78036.7,77941.8,78033.1,537.642
2026-08-31 12:35:00,78033.1,78035.3,77842.6,77865.4,427.912
2026-08-31 12:40:00,77865.5,77968.5,77865.5,77941.8,165.582
2026-08-31 12:45:00,77941.8,77995.7,77941.8,77981.3,149.287
2026-08-31 12:50:00,77981.3,78014.4,77956.6,77968.8,174.944
2026-08-31 12:55:00,77968.8,78036.6,77922.0,77984.9,200.993
2026-08-31 13:00:00,77984.8,78050.0,77920.2,78020.6,244.126
2026-08-31 13:05:00,78020.6,78020.6,77761.4,77936.6,1020.405
2026-08-31 13:10:00,77936.6,78006.1,77930.2,77995.7,226.653
2026-08-31 13:15:00,77995.6,78094.7,77995.6,78078.5,309.896
2026-08-31 13:20:00,78078.4,78078.5,77928.7,77962.4,361.264
2026-08-31 13:25:00,77962.4,78072.5,77962.4,77986.9,284.2
2026-08-31 13:30:00,77986.9,77987.0,77891.3,77924.1,262.141
2026-08-31 13:35:00,77924.2,78060.0,77887.0,78057.1,523.116
2026-08-31 13:40:00,78057.1,78135.2,78038.7,78053.1,624.76
2026-08-31 13:45:00,78053.1,78091.7,78018.5,78061.3,184.815
2026-08-31 13:50:00,78061.3,78093.0,77980.1,78078.0,211.552
2026-08-31 13:55:00,78078.0,78097.4,78013.6,78049.3,417.662
2026-08-31 14:00:00,78049.3,78126.7,78000.0,78029.8,261.91
2026-08-31 14:05:00,78029.9,78071.0,78000.0,78055.8,152.546
2026-08-31 14:10:00,78055.8,78142.6,78055.7,78097.2,310.665
2026-08-31 14:15:00,78097.2,78218.6,78097.1,78140.8,491.688
2026-08-31 14:20:00,78140.9,78272.8,78126.1,78256.4,380.274
2026-08-31 14:25:00,78256.4,78294.0,78182.4,78182.4,400.139
2026-08-31 14:30:00,78182.4,78185.0,78095.2,78150.1,293.017
2026-08-31 14:35:00,78150.0,78217.6,78150.0,78217.6,143.588
2026-08-31 14:40:00,78217.6,78262.0,78164.0,78243.6,275.942
2026-08-31 14:45:00,78243.5,78261.7,78160.6,78163.8,180.167
2026-08-31 14:50:00,78163.8,78212.0,78161.8,78173.4,139.211
2026-08-31 14:55:00,78173.4,78198.7,78160.7,78168.2,147.247
2026-08-31 15:00:00,78168.2,78210.6,78080.0,78080.0,475.92
2026-08-31 15:05:00,78080.1,78146.0,78017.0,78146.0,278.793
2026-08-31 15:10:00,78146.0,78325.0,78130.6,78132.7,479.661
2026-08-31 15:15:00,78132.7,78132.7,78034.0,78034.1,270.086
2026-08-31 15:20:00,78034.0,78034.1,77950.0,77972.4,428.924
2026-08-31 15:25:00,77972.5,78093.6,77951.3,78064.6,719.424
2026-08-31 15:30:00,78064.7,78135.2,78045.0,78098.8,256.182
2026-08-31 15:35:00,78098.8,78137.3,78098.8,78137.3,232.257
2026-08-31 15:40:00,78137.3,78450.0,78116.9,78299.9,1185.241
2026-08-31 15:45:00,78299.9,78410.0,78281.5,78363.9,362.171
2026-08-31 15:50:00,78363.9,78431.9,78301.9,78387.8,542.147
2026-08-31 15:55:00,78387.8,78487.7,78387.8,78439.1,816.669
2026-08-31 16:00:00,78439.1,78452.8,78359.4,78367.0,395.596
2026-08-31 16:05:00,78367.0,78774.0,78360.1,78717.5,2223.674
2026-08-31 16:10:00,78717.4,78717.5,78546.4,78616.7,647.213
2026-08-31 16:15:00,78616.7,78688.0,78560.1,78665.0,456.051
2026-08-31 16:20:00,78665.1,78764.5,78640.2,78729.3,690.831
2026-08-31 16:25:00,78729.3,78757.9,78608.6,78616.3,439.107
2026-08-31 16:30:00,78616.4,78680.0,78607.3,78617.6,246.448
2026-08-31 16:35:00,78617.6,78624.3,78557.5,78617.1,381.124
2026-08-31 16:40:00,78617.2,78669.4,78579.4,78669.3,256.62
2026-08-31 16:45:00,78669.4,78769.5,78627.9,78631.3,496.801
2026-08-31 16:50:00,78631.4,78631.4,78526.3,78535.1,276.809
2026-08-31 16:55:00,78535.1,78535.1,78479.7,78486.6,483.601
2026-08-31 17:00:00,78486.6,78496.8,78377.4,78412.8,620.313
2026-08-31 17:05:00,78412.7,78421.6,78287.6,78370.8,609.379
2026-08-31 17:10:00,78370.9,78491.4,78340.5,78491.3,356.431
2026-08-31 17:15:00,78491.4,78491.4,78368.3,78411.0,328.044
2026-08-31 17:20:00,78411.0,78427.1,78372.3,78390.0,145.414
2026-08-31 17:25:00,78390.1,78422.2,78372.2,78409.4,76.574
2026-08-31 17:30:00,78409.3,78409.4,78341.4,78370.7,117.569
2026-08-31 17:35:00,78370.7,78512.8,78370.6,78466.0,261.523
2026-08-31 17:40:00,78466.0,78512.6,78429.8,78497.3,348.91
2026-08-31 17:45:00,78497.4,78535.1,78472.0,78483.8,244.462
2026-08-31 17:50:00,78483.8,78633.0,78468.0,78605.6,376.135
2026-08-31 17:55:00,78605.6,78744.9,78605.5,78680.7,808.704
2026-08-31 18:00:00,78680.7,78680.7,78558.1,78567.3,274.974
2026-08-31 18:05:00,78567.3,78669.0,78535.4,78548.5,301.611
2026-08-31 18:10:00,78548.5,78620.3,78548.5,78596.8,150.766
2026-08-31 18:15:00,78596.8,78611.3,78513.4,78573.7,236.161
2026-08-31 18:20:00,78573.7,78578.0,78516.4,78543.0,106.326
2026-08-31 18:25:00,78543.0,78543.1,78434.8,78453.8,261.223
2026-08-31 18:30:00,78453.8,78454.5,78401.6,78401.8,220.233
2026-08-31 18:35:00,78401.7,78433.3,78361.1,78393.1,301.376
2026-08-31 18:40:00,78393.1,78417.8,78326.9,78359.9,300.71
2026-08-31 18:45:00,78359.9,78389.7,78320.3,78322.2,238.751
2026-08-31 18:50:00,78322.2,78341.8,78272.2,78278.1,296.787
2026-08-31 18:55:00,78278.1,78320.0,78262.0,78284.7,371.954
2026-08-31 19:00:00,78284.6,78502.7,78232.3,78496.1,845.355
2026-08-31 19:05:00,78496.1,78516.4,78356.7,78408.0,501.462
2026-08-31 19:10:00,78408.1,78457.1,78362.7,78380.4,346.386
2026-08-31 19:15:00,78380.4,78450.0,78311.5,78425.6,414.001
2026-08-31 19:20:00,78425.6,78427.2,78206.1,78229.7,708.423
2026-08-31 19:25:00,78229.7,78234.1,78020.0,78059.6,1540.598
2026-08-31 19:30:00,78059.5,78107.6,77855.6,78089.2,1583.032
2026-08-31 19:35:00,78089.1,78130.0,77900.1,77900.2,847.216
2026-08-31 19:40:00,77900.1,77917.6,77663.1,77853.1,1915.582
2026-08-31 19:45:00,77853.1,77884.3,77742.9,77744.7,919.126
2026-08-31 19:50:00,77744.8,77880.0,77744.7,77809.0,503.303
2026-08-31 19:55:00,77809.1,77900.0,77746.4,77900.0,423.355
2026-08-31 20:00:00,77900.0,78173.4,77900.0,77972.7,1657.192
2026-08-31 20:05:00,77972.6,78056.6,77972.6,78007.8,392.178
2026-08-31 20:10:00,78007.8,78078.0,77985.0,78051.5,384.228
2026-08-31 20:15:00,78051.6,78060.8,77891.2,77937.3,387.567
2026-08-31 20:20:00,77937.3,78037.0,77915.0,78019.0,299.746
2026-08-31 20:25:00,78019.0,78027.5,77850.0,78024.9,671.064
2026-08-31 20:30:00,78025.0,78214.8,77840.1,77992.8,1331.604
2026-08-31 20:35:00,77992.7,78183.3,77802.7,78110.2,1127.559
2026-08-31 20:40:00,78110.1,78256.2,77961.8,77968.7,908.67
2026-08-31 20:45:00,77968.7,78036.0,77759.2,77878.3,1168.049
2026-08-31 20:50:00,77878.3,77940.3,77676.8,77812.8,1319.023
2026-08-31 20:55:00,77812.7,77983.3,77777.0,77834.7,409.791
2026-08-31 21:00:00,77834.7,78021.0,77797.6,77927.3,508.166
2026-08-31 21:05:00,77927.3,78046.8,77769.2,77940.5,503.698
2026-08-31 21:10:00,77940.5,77972.2,77800.0,77864.2,386.802
2026-08-31 21:15:00,77864.2,77993.8,77780.0,77974.2,395.775
2026-08-31 21:20:00,77974.2,78044.0,77750.3,77752.9,611.186
2026-08-31 21:25:00,77752.9,77999.0,77711.7,77998.9,624.909
2026-08-31 21:30:00,77998.9,78117.6,77938.8,77941.3,673.405
2026-08-31 21:35:00,77941.2,78203.6,77941.2,78122.7,694.58
2026-08-31 21:40:00,78122.7,78650.0,78122.6,78482.3,3220.171
2026-08-31 21:45:00,78482.2,78569.9,78357.0,78377.9,1165.67
2026-08-31 21:50:00,78378.0,78444.6,78334.1,78415.4,553.907
2026-08-31 21:55:00,78415.4,78628.1,78375.8,78628.1,1116.402
2026-08-31 22:00:00,78573.9,78660.0,78419.3,78429.8,1043.908
2026-08-31 22:05:00,78429.9,78537.3,78383.6,78497.4,443.046
2026-08-31 22:10:00,78497.3,78497.3,78280.0,78285.4,695.168
2026-08-31 22:15:00,78285.4,78382.7,78175.5,78232.1,715.13
2026-08-31 22:20:00,78232.2,78362.7,78200.0,78320.7,305.285
2026-08-31 22:25:00,78320.8,78509.2,78263.9,78425.6,378.95
2026-08-31 22:30:00,78425.5,78568.9,78364.1,78493.1,516.688
2026-08-31 22:35:00,78493.2,78553.8,78435.0,78500.0,332.631
2026-08-31 22:40:00,78499.9,78747.4,78479.2,78676.4,907.971
2026-08-31 22:45:00,78676.4,78735.3,78573.4,78620.0,587.993
2026-08-31 22:50:00,78620.0,78629.2,78486.1,78561.4,496.987
2026-08-31 22:55:00,78561.5,78594.9,78509.0,78543.0,480.417
2026-08-31 23:00:00,78543.1,78678.0,78490.9,78563.6,450.892
2026-08-31 23:05:00,78563.6,78617.2,78500.0,78575.2,262.756
2026-08-31 23:10:00,78575.2,78765.4,78549.8,78640.3,623.899
2026-08-31 23:15:00,78640.3,78720.0,78466.2,78679.5,837.608
2026-08-31 23:20:00,78679.5,78679.5,78549.5,78569.8,322.343
2026-08-31 23:25:00,78569.7,78637.8,78533.5,78619.8,327.594
2026-08-31 23:30:00,78619.9,78685.5,78557.0,78594.8,321.774
2026-08-31 23:35:00,78594.9,78643.7,78542.6,78564.1,151.412
2026-08-31 23:40:00,78564.1,78736.6,78561.6,78686.4,308.325
2026-08-31 23:45:00,78686.5,78720.5,78598.1,78677.1,264.569
2026-08-31 23:50:00,78677.1,78730.0,78630.0,78699.8,300.393
2026-08-31 23:55:00,78699.9,78875.0,78600.6,78600.7,1188.733
2026-09-01 00:00:00,78600.7,78707.8,78570.4,78643.4,480.603
2026-09-01 00:05:00,78643.4,78715.8,78632.6,78710.0,248.29
2026-09-01 00:10:00,78710.0,78777.0,78657.7,78702.8,343.241
2026-09-01 00:15:00,78702.8,78710.0,78486.1,78617.7,694.498
2026-09-01 00:20:00,78617.7,78635.5,78506.3,78520.7,390.505
2026-09-01 00:25:00,78520.7,78555.0,78450.2,78506.6,848.549
2026-09-01 00:30:00,78506.6,78615.5,78502.4,78587.2,279.51
2026-09-01 00:35:00,78587.2,78760.0,78546.6,78759.9,423.646
2026-09-01 00:40:00,78759.9,79030.0,78759.9,78879.1,1716.102
2026-09-01 00:45:00,78879.1,78928.3,78804.3,78822.1,355.998
2026-09-01 00:50:00,78822.0,78936.0,78822.0,78894.9,240.39
2026-09-01 00:55:00,78894.9,78918.7,78847.6,78865.0,224.592
2026-09-01 01:00:00,78865.0,78865.1,78764.5,78776.1,324.821
2026-09-01 01:05:00,78776.1,78833.9,78735.4,78817.8,225.604
2026-09-01 01:10:00,78817.8,78939.0,78789.8,78937.0,404.035
2026-09-01 01:15:00,78937.0,79056.0,78898.6,79016.6,983.567
2026-09-01 01:20:00,79016.5,79016.6,78850.0,78859.2,398.796
2026-09-01 01:25:00,78859.2,78906.1,78803.7,78867.4,341.945
2026-09-01 01:30:00,78867.3,78909.6,78846.1,78862.1,164.729
2026-09-01 01:35:00,78862.2,79015.5,78859.1,78961.0,291.553
2026-09-01 01:40:00,78961.0,79194.5,78942.1,79150.1,913.523
2026-09-01 01:45:00,79150.0,79150.1,78975.3,79045.4,689.12
2026-09-01 01:50:00,79045.4,79049.2,78968.0,78969.6,206.026
2026-09-01 01:55:00,78969.6,79026.3,78953.4,78980.4,218.925
2026-09-01 02:00:00,78980.5,79063.3,78980.4,79038.3,169.698
2026-09-01 02:05:00,79038.3,79200.0,79023.1,79182.6,403.794
2026-09-01 02:10:00,79182.7,79228.5,79110.3,79145.9,333.143
2026-09-01 02:15:00,79145.8,79145.8,79018.5,79027.6,425.508
2026-09-01 02:20:00,79027.3,79076.0,79000.0,79044.9,226.395
2026-09-01 02:25:00,79044.9,79083.5,78987.6,79056.7,167.766
2026-09-01 02:30:00,79056.7,79103.7,79000.0,79061.1,337.3
2026-09-01 02:35:00,79061.1,79112.8,79020.9,79020.9,184.975
2026-09-01 02:40:00,79021.0,79021.0,78890.0,78947.1,426.084
2026-09-01 02:45:00,78947.0,79026.3,78920.0,79026.2,448.567
2026-09-01 02:50:00,79026.3,79072.9,78842.2,78886.8,567.021
2026-09-01 02:55:00,78886.9,78930.8,78822.2,78869.2,609.675
2026-09-01 03:00:00,78869.2,78940.0,78828.7,78860.2,398.005
2026-09-01 03:05:00,78860.2,78940.5,78839.4,78918.7,204.967
2026-09-01 03:10:00,78918.6,78936.7,78891.8,78936.6,91.004
2026-09-01 03:15:00,78936.6,79059.1,78917.3,79058.9,218.787
2026-09-01 03:20:00,79058.8,79162.6,78986.2,78986.3,604.142
2026-09-01 03:25:00,78986.2,78986.3,78889.2,78889.3,239.904
2026-09-01 03:30:00,78889.2,78923.8,78783.9,78811.1,310.978
2026-09-01 03:35:00,78811.1,78826.8,78763.2,78781.1,256.606
2026-09-01 03:40:00,78781.2,78891.8,78781.1,78850.0,133.19
2026-09-01 03:45:00,78850.0,78882.7,78803.0,78803.1,127.884
2026-09-01 03:50:00,78803.0,78879.9,78796.6,78879.8,183.56
2026-09-01 03:55:00,78879.9,78892.5,78825.5,78834.6,173.008
2026-09-01 04:00:00,78834.6,78836.3,78744.3,78793.2,239.55
2026-09-01 04:05:00,78793.3,78864.3,78685.9,78864.2,463.761
2026-09-01 04:10:00,78864.2,78864.2,78783.5,78804.6,118.193
2026-09-01 04:15:00,78804.7,78830.0,78777.9,78780.7,97.701
2026-09-01 04:20:00,78780.6,78831.6,78780.6,78820.8,121.994
2026-09-01 04:25:00,78820.8,78934.7,78797.1,78927.2,248.239
2026-09-01 04:30:00,78927.3,79005.9,78927.3,79001.3,272.071
2026-09-01 04:35:00,79001.2,79040.0,78977.4,78977.5,223.827
2026-09-01 04:40:00,78977.4,79026.1,78977.4,79025.8,136.217
2026-09-01 04:45:00,79025.9,79039.8,78960.3,78960.3,134.66
2026-09-01 04:50:00,78960.3,78993.9,78950.0,78959.6,146.17
2026-09-01 04:55:00,78959.6,78959.7,78916.5,78929.1,91.797
2026-09-01 05:00:00,78929.1,78984.7,78869.2,78876.0,260.632
2026-09-01 05:05:00,78876.0,78952.3,78876.0,78935.1,134.146
2026-09-01 05:10:00,78935.1,78935.1,78852.1,78855.2,142.139
2026-09-01 05:15:00,78855.2,78855.2,78771.7,78778.8,143.492
2026-09-01 05:20:00,78778.8,78779.0,78740.1,78743.6,197.914
2026-09-01 05:25:00,78743.5,78747.6,78710.1,78730.0,294.359
2026-09-01 05:30:00,78729.9,78736.4,78660.0,78701.2,270.636
2026-09-01 05:35:00,78701.2,78701.3,78638.1,78670.0,498.719
2026-09-01 05:40:00,78670.1,78670.1,78616.3,78626.1,211.649
2026-09-01 05:45:00,78626.1,78626.2,78556.1,78558.1,277.899
2026-09-01 05:50:00,78558.1,78614.9,78541.3,78597.5,281.33
2026-09-01 05:55:00,78597.4,78597.5,78550.0,78561.7,198.912
2026-09-01 06:00:00,78561.6,78561.7,78362.4,78403.4,919.736
2026-09-01 06:05:00,78403.3,78479.6,78403.3,78479.5,242.269
2026-09-01 06:10:00,78479.4,78479.5,78394.8,78424.1,187.642
2026-09-01 06:15:00,78424.0,78529.9,78424.0,78529.9,281.881
2026-09-01 06:20:00,78529.9,78540.8,78500.0,78518.0,228.317
2026-09-01 06:25:00,78518.0,78559.8,78517.9,78546.7,198.027
2026-09-01 06:30:00,78546.7,78546.8,78488.2,78511.8,131.748
2026-09-01 06:35:00,78511.8,78535.2,78463.9,78524.5,219.283
2026-09-01 06:40:00,78524.4,78557.5,78514.8,78527.3,245.252
2026-09-01 06:45:00,78527.2,78540.8,78512.5,78518.7,61.814
2026-09-01 06:50:00,78518.7,78553.3,78506.7,78524.9,164.409
2026-09-01 06:55:00,78524.9,78549.6,78519.4,78549.6,81.722
2026-09-01 07:00:00,78549.6,78613.0,78519.7,78609.4,510.141
2026-09-01 07:05:00,78609.4,78696.5,78583.9,78683.4,312.139
2026-09-01 07:10:00,78683.4,78747.4,78680.5,78713.2,313.195
2026-09-01 07:15:00,78713.2,78815.2,78702.1,78772.6,363.653
2026-09-01 07:20:00,78772.5,78825.2,78769.8,78810.0,230.74
2026-09-01 07:25:00,78809.9,78868.7,78809.9,78826.9,238.938
2026-09-01 07:30:00,78826.9,78849.7,78693.0,78772.7,546.077
2026-09-01 07:35:00,78772.7,78788.7,78663.1,78663.1,288.722
2026-09-01 07:40:00,78663.1,78716.2,78635.5,78670.4,216.473
2026-09-01 07:45:00,78670.4,78774.0,78670.3,78774.0,187.109
2026-09-01 07:50:00,78774.0,78774.0,78603.7,78616.8,253.712
2026-09-01 07:55:00,78616.8,78618.0,78547.4,78618.0,293.916
2026-09-01 08:00:00,78617.9,78730.0,78613.3,78672.1,238.499
2026-09-01 08:05:00,78672.2,78766.7,78619.8,78653.4,257.931
2026-09-01 08:10:00,78653.3,78653.6,78480.9,78516.0,449.727
2026-09-01 08:15:00,78516.0,78610.0,78464.3,78585.4,324.613
2026-09-01 08:20:00,78585.3,78608.4,78546.1,78546.1,198.936
2026-09-01 08:25:00,78546.1,78546.2,78369.0,78381.7,679.734
2026-09-01 08:30:00,78381.7,78449.1,78331.3,78444.0,630.178
2026-09-01 08:35:00,78444.1,78528.5,78431.0,78504.7,258.073
2026-09-01 08:40:00,78504.6,78553.8,78489.6,78543.2,90.133
2026-09-01 08:45:00,78543.2,78543.8,78450.0,78480.0,99.541
2026-09-01 08:50:00,78480.1,78493.7,78383.1,78405.6,127.949
2026-09-01 08:55:00,78405.6,78414.3,78349.1,78375.7,270.067
2026-09-01 09:00:00,78375.6,78375.7,78227.8,78299.7,536.44
2026-09-01 09:05:00,78299.7,78345.6,78250.0,78285.2,335.421
2026-09-01 09:10:00,78285.2,78286.5,78152.5,78267.6,624.074
2026-09-01 09:15:00,78267.5,78277.1,78170.0,78247.3,364.717
2026-09-01 09:20:00,78247.3,78298.4,78216.0,78298.4,271.516
2026-09-01 09:25:00,78298.3,78298.4,78150.0,78188.1,833.402
2026-09-01 09:30:00,78188.1,78369.7,78188.0,78344.2,475.837
2026-09-01 09:35:00,78344.2,78378.0,78292.0,78308.4,139.88
2026-09-01 09:40:00,78308.3,78344.8,78300.0,78332.3,116.233
2026-09-01 09:45:00,78332.2,78408.2,78306.1,78376.5,156.126
2026-09-01 09:50:00,78376.4,78408.2,78366.0,78384.3,108.914
2026-09-01 09:55:00,78384.3,78427.8,78384.2,78420.7,100.297
2026-09-01 10:00:00,78420.8,78453.9,78401.2,78451.5,160.243
2026-09-01 10:05:00,78451.5,78462.9,78407.0,78422.0,120.862
2026-09-01 10:10:00,78422.0,78472.9,78353.1,78406.0,475.498
2026-09-01 10:15:00,78406.1,78474.7,78406.0,78474.6,146.979
2026-09-01 10:20:00,78474.6,78474.7,78410.0,78416.0,76.143
2026-09-01 10:25:00,78416.0,78450.0,78368.4,78449.3,101.063
2026-09-01 10:30:00,78449.3,78716.7,78443.2,78695.0,627.311
2026-09-01 10:35:00,78694.7,78847.0,78684.0,78822.9,877.391
2026-09-01 10:40:00,78822.9,78834.7,78764.4,78769.8,354.845
2026-09-01 10:45:00,78769.8,78769.9,78650.3,78691.3,526.664
2026-09-01 10:50:00,78691.3,78710.6,78655.1,78667.4,173.963
2026-09-01 10:55:00,78667.4,78667.4,78634.8,78653.9,84.591
2026-09-01 11:00:00,78654.0,78717.7,78653.9,78654.1,164.365
2026-09-01 11:05:00,78654.1,78740.0,78637.1,78739.9,176.521
2026-09-01 11:10:00,78739.9,78780.0,78624.3,78649.9,347.328
2026-09-01 11:15:00,78650.0,78737.7,78645.6,78691.6,120.506
2026-09-01 11:20:00,78691.5,78778.1,78691.5,78778.0,194.23
2026-09-01 11:25:00,78778.1,78911.2,78778.0,78795.3,553.752
2026-09-01 11:30:00,78795.4,78827.0,78711.5,78724.6,259.223
2026-09-01 11:35:00,78724.6,78724.7,78683.2,78698.2,242.923
2026-09-01 11:40:00,78698.1,78725.0,78680.4,78682.8,99.995
2026-09-01 11:45:00,78682.8,78760.5,78682.8,78747.9,170.458
2026-09-01 11:50:00,78747.9,78751.5,78668.3,78713.7,247.813
2026-09-01 11:55:00,78713.7,78736.8,78652.2,78695.9,370.627
2026-09-01 12:00:00,78696.0,78879.2,78696.0,78874.9,356.016
2026-09-01 12:05:00,78874.8,78947.7,78840.2,78896.9,754.739
2026-09-01 12:10:00,78896.9,78897.0,78811.4,78825.9,220.169
2026-09-01 12:15:00,78826.0,78869.6,78805.9,78805.9,219.273
2026-09-01 12:20:00,78805.9,78806.0,78750.6,78770.2,130.559
2026-09-01 12:25:00,78770.2,78982.2,78770.1,78955.7,594.665
2026-09-01 12:30:00,78955.6,79048.0,78933.3,79036.7,605.0
2026-09-01 12:35:00,79036.8,79108.5,79009.3,79062.0,518.905
2026-09-01 12:40:00,79062.0,79149.0,79000.2,79135.5,586.563
2026-09-01 12:45:00,79135.5,79156.0,79050.0,79148.0,372.553
2026-09-01 12:50:00,79148.1,79165.3,79057.1,79165.2,363.913
2026-09-01 12:55:00,79165.3,79196.0,79106.8,79149.8,729.164
2026-09-01 13:00:00,79149.8,79149.8,79040.1,79069.9,513.496
2026-09-01 13:05:00,79070.0,79081.0,78922.6,78968.8,441.593
2026-09-01 13:10:00,78968.8,79000.0,78951.5,79000.0,209.884
2026-09-01 13:15:00,78999.9,79000.0,78861.5,78869.7,437.048
2026-09-01 13:20:00,78869.8,78890.0,78804.1,78808.3,405.113
2026-09-01 13:25:00,78808.4,78884.7,78784.3,78860.4,416.495
2026-09-01 13:30:00,78860.5,78912.4,78860.4,78899.8,264.731
2026-09-01 13:35:00,78899.9,78910.3,78834.2,78889.4,148.546
2026-09-01 13:40:00,78889.4,78889.4,78826.5,78844.0,125.137
2026-09-01 13:45:00,78843.9,78850.0,78735.8,78799.9,241.991
2026-09-01 13:50:00,78800.0,78820.0,78752.2,78770.5,181.824
2026-09-01 13:55:00,78770.5,78770.6,78705.8,78705.8,206.803
2026-09-01 14:00:00,78705.8,78766.0,78681.6,78756.2,314.75
2026-09-01 14:05:00,78756.2,78774.5,78722.0,78737.0,147.992
2026-09-01 14:10:00,78737.1,78737.1,78673.5,78688.9,317.186
2026-09-01 14:15:00,78689.0,78741.2,78689.0,78741.1,237.356
2026-09-01 14:20:00,78741.2,78758.4,78705.1,78722.1,237.609
2026-09-01 14:25:00,78722.1,78758.4,78666.8,78747.4,537.484
2026-09-01 14:30:00,78747.4,78758.4,78714.7,78758.4,181.272
2026-09-01 14:35:00,78758.3,78758.4,78510.2,78528.3,869.875
2026-09-01 14:40:00,78528.2,78609.8,78467.6,78589.9,519.052
2026-09-01 14:45:00,78590.0,78638.0,78554.4,78621.7,528.909
2026-09-01 14:50:00,78621.7,78656.4,78601.1,78615.0,150.601
2026-09-01 14:55:00,78615.0,78650.1,78580.3,78600.2,299.194
2026-09-01 15:00:00,78600.3,78627.4,78516.4,78549.9,357.221
2026-09-01 15:05:00,78550.0,78595.2,78256.9,78272.6,1635.402
2026-09-01 15:10:00,78272.6,78312.4,78232.0,78278.2,892.52
2026-09-01 15:15:00,78278.2,78300.0,78070.6,78198.0,1686.187
2026-09-01 15:20:00,78198.0,78266.2,78062.1,78072.6,801.066
2026-09-01 15:25:00,78072.6,78114.7,77836.4,77859.8,2337.016
2026-09-01 15:30:00,77859.8,77985.8,77800.0,77964.8,1476.954
2026-09-01 15:35:00,77964.8,78021.7,77912.5,77920.7,734.78
2026-09-01 15:40:00,77920.6,77941.4,77821.7,77936.1,679.249
2026-09-01 15:45:00,77936.0,78003.4,77858.1,77896.1,627.822
2026-09-01 15:50:00,77896.2,77928.8,77777.0,77872.3,809.798
2026-09-01 15:55:00,77872.3,77916.5,77850.0,77850.0,431.838
2026-09-01 16:00:00,77850.1,77898.6,77755.0,77854.1,627.749
2026-09-01 16:05:00,77854.1,77886.6,77747.0,77841.7,633.679
2026-09-01 16:10:00,77841.7,77869.6,77781.2,77789.1,348.851
2026-09-01 16:15:00,77789.1,77853.8,77771.9,77812.8,393.017
2026-09-01 16:20:00,77812.7,77935.1,77804.9,77935.1,799.386
2026-09-01 16:25:00,77935.1,77938.0,77883.6,77888.4,442.469
2026-09-01 16:30:00,77888.4,77929.9,77855.2,77918.3,431.958
2026-09-01 16:35:00,77918.3,77928.7,77810.0,77876.6,281.717
2026-09-01 16:40:00,77876.7,78011.6,77876.6,78011.6,417.867
2026-09-01 16:45:00,78011.6,78012.1,77905.5,77905.5,431.968
2026-09-01 16:50:00,77905.6,77947.9,77890.0,77890.1,255.014
2026-09-01 16:55:00,77890.0,77920.6,77866.8,77875.5,271.872
2026-09-01 17:00:00,77875.4,77958.0,77856.2,77885.3,253.589
2026-09-01 17:05:00,77885.2,77918.4,77821.5,77821.5,366.628
2026-09-01 17:10:00,77821.5,77947.0,77772.2,77845.6,683.39
2026-09-01 17:15:00,77845.7,77878.7,77710.4,77839.7,688.15
2026-09-01 17:20:00,77839.7,77984.2,77839.6,77984.2,469.146
2026-09-01 17:25:00,77984.2,78009.8,77920.0,77972.5,442.167
2026-09-01 17:30:00,77972.5,78139.3,77972.5,78062.7,1008.986
2026-09-01 17:35:00,78062.7,78135.8,78005.4,78135.7,583.398
2026-09-01 17:40:00,78135.8,78157.1,78081.0,78092.8,449.616
2026-09-01 17:45:00,78092.9,78135.4,78028.5,78028.5,254.444
2026-09-01 17:50:00,78028.5,78059.5,77950.0,77969.9,459.767
2026-09-01 17:55:00,77970.0,78004.4,77940.0,77988.0,211.418
2026-09-01 18:00:00,77988.1,78016.0,77880.6,78004.0,328.62
2026-09-01 18:05:00,78004.0,78016.0,77884.9,77939.1,221.642
2026-09-01 18:10:00,77939.0,77966.1,77932.6,77949.8,111.851
2026-09-01 18:15:00,77949.9,77988.0,77946.5,77956.7,150.634
2026-09-01 18:20:00,77956.6,77956.6,77844.0,77935.1,304.23
2026-09-01 18:25:00,77935.1,77977.2,77909.0,77966.0,136.322
2026-09-01 18:30:00,77966.1,78057.2,77912.1,78028.8,375.533
2026-09-01 18:35:00,78028.8,78140.0,78028.8,78140.0,339.21
2026-09-01 18:40:00,78140.0,78166.7,78059.7,78071.2,267.136
2026-09-01 18:45:00,78071.2,78116.2,78057.9,78058.0,217.883
2026-09-01 18:50:00,78058.0,78162.0,78057.8,78124.4,224.906
2026-09-01 18:55:00,78124.4,78124.5,78015.6,78056.4,173.474
2026-09-01 19:00:00,78056.4,78056.4,77911.2,77990.2,342.844
2026-09-01 19:05:00,77990.1,78123.9,77960.0,78048.0,307.111
2026-09-01 19:10:00,78048.0,78110.0,77977.7,77999.9,315.273
2026-09-01 19:15:00,78000.0,78071.0,77930.2,77933.9,181.145
2026-09-01 19:20:00,77933.9,77987.9,77878.0,77931.5,327.954
2026-09-01 19:25:00,77931.5,78009.6,77931.5,77955.4,218.044
2026-09-01 19:30:00,77955.4,77955.4,77794.7,77845.2,569.625
2026-09-01 19:35:00,77845.2,77881.6,77682.4,77787.8,1320.457
2026-09-01 19:40:00,77787.8,77941.7,77704.2,77937.0,525.837
2026-09-01 19:45:00,77937.0,78044.1,77885.7,77961.3,431.95
2026-09-01 19:50:00,77961.4,78030.0,77944.0,77978.7,268.566
2026-09-01 19:55:00,77978.6,78015.7,77957.2,77960.9,176.241
2026-09-01 20:00:00,77961.0,77979.9,77790.5,77815.1,518.808
2026-09-01 20:05:00,77815.1,77884.0,77366.0,77701.9,3215.586
2026-09-01 20:10:00,77701.9,77882.3,77696.4,77782.4,676.535
2026-09-01 20:15:00,77782.3,77860.9,77709.3,77771.0,470.046
2026-09-01 20:20:00,77770.9,77801.0,77714.9,77724.5,352.133
2026-09-01 20:25:00,77724.5,77870.0,77692.9,77852.1,446.469
2026-09-01 20:30:00,77852.2,77995.6,77755.0,77788.0,1019.054
2026-09-01 20:35:00,77788.0,77817.6,77507.4,77593.4,1499.094
2026-09-01 20:40:00,77593.4,77923.8,77452.0,77883.9,1816.565
2026-09-01 20:45:00,77883.8,78107.7,77816.0,78066.9,1539.178
2026-09-01 20:50:00,78067.0,78177.8,77958.3,78005.3,1309.934
2026-09-01 20:55:00,78005.3,78039.0,77946.7,78039.0,342.304
2026-09-01 21:00:00,78039.0,78264.1,78011.8,78108.2,1406.581
2026-09-01 21:05:00,78108.2,78396.9,78080.0,78327.6,1813.569
2026-09-01 21:10:00,78327.6,78350.0,78168.3,78233.3,696.341
2026-09-01 21:15:00,78233.3,78321.0,78128.2,78164.3,670.36
2026-09-01 21:20:00,78164.3,78254.6,78100.1,78254.5,444.711
2026-09-01 21:25:00,78254.5,78376.0,78202.3,78214.1,636.307
2026-09-01 21:30:00,78214.1,78328.3,78187.9,78308.4,334.737
2026-09-01 21:35:00,78308.4,78369.9,78273.9,78297.1,474.73
2026-09-01 21:40:00,78297.1,78383.0,78240.9,78365.1,429.488
2026-09-01 21:45:00,78365.1,78393.9,78272.7,78272.7,594.208
2026-09-01 21:50:00,78272.6,78315.8,78222.9,78243.1,277.511
2026-09-01 21:55:00,78243.1,78249.4,78100.1,78136.5,792.551
2026-09-01 22:00:00,78136.4,78136.4,77774.8,77814.0,2191.586
2026-09-01 22:05:00,77813.9,77869.3,77713.9,77750.0,1191.001
2026-09-01 22:10:00,77750.0,77807.2,77688.0,77783.8,672.601
2026-09-01 22:15:00,77783.7,77837.2,77722.4,77782.3,541.942
2026-09-01 22:20:00,77782.3,77857.6,77768.0,77815.9,538.982
2026-09-01 22:25:00,77816.0,77839.3,77760.0,77832.1,286.337
2026-09-01 22:30:00,77832.2,77911.9,77766.6,77876.9,535.606
2026-09-01 22:35:00,77877.0,77924.5,77857.2,77873.8,235.916
2026-09-01 22:40:00,77873.7,78003.4,77870.2,77991.2,521.416
2026-09-01 22:45:00,77991.4,78036.3,77917.9,78030.9,522.226
2026-09-01 22:50:00,78030.9,78070.3,77964.6,77973.1,355.009
2026-09-01 22:55:00,77973.1,78000.5,77874.8,77877.3,278.333
2026-09-01 23:00:00,77877.4,77915.3,77800.0,77876.9,375.361
2026-09-01 23:05:00,77876.9,77942.8,77762.0,77762.0,465.286
2026-09-01 23:10:00,77762.1,77811.5,77604.6,77630.6,755.583
2026-09-01 23:15:00,77630.7,77708.2,77512.0,77566.5,959.948
2026-09-01 23:20:00,77566.5,77573.4,77428.0,77477.0,1643.563
2026-09-01 23:25:00,77476.9,77643.5,77471.4,77587.5,794.02
2026-09-01 23:30:00,77587.5,77587.6,77458.0,77458.0,607.308
2026-09-01 23:35:00,77458.0,77577.8,77244.3,77531.8,2496.637
2026-09-01 23:40:00,77531.8,77566.3,77390.9,77407.4,882.548
2026-09-01 23:45:00,77407.4,77568.0,77393.3,77557.0,369.515
2026-09-01 23:50:00,77557.0,77603.0,77512.4,77603.0,449.516
2026-09-01 23:55:00,77603.0,77623.0,77539.9,77559.4,384.987
2026-09-02 00:00:00,77559.3,77619.3,77536.9,77537.0,239.44
2026-09-02 00:05:00,77536.9,77561.5,77486.4,77528.5,222.632
2026-09-02 00:10:00,77528.4,77528.5,77470.0,77487.9,230.093
2026-09-02 00:15:00,77487.9,77520.0,77376.4,77519.9,448.213
2026-09-02 00:20:00,77519.9,77593.8,77510.1,77534.7,426.934
2026-09-02 00:25:00,77534.7,77534.7,77430.4,77482.5,285.244
2026-09-02 00:30:00,77482.5,77695.3,77470.7,77636.0,852.925
2026-09-02 00:35:00,77636.0,77654.8,77558.0,77558.0,234.668
2026-09-02 00:40:00,77558.0,77594.1,77481.2,77484.3,177.287
2026-09-02 00:45:00,77484.3,77484.4,77282.3,77402.2,985.597
2026-09-02 00:50:00,77402.3,77430.1,77318.0,77334.5,628.548
2026-09-02 00:55:00,77334.5,77350.0,77210.0,77239.9,1185.98
2026-09-02 01:00:00,77239.9,77295.5,77116.3,77222.0,1742.678
2026-09-02 01:05:00,77222.0,77247.4,77107.0,77123.5,910.146
2026-09-02 01:10:00,77123.5,77200.0,77100.1,77192.1,735.706
2026-09-02 01:15:00,77192.1,77222.2,77050.0,77057.0,841.646
2026-09-02 01:20:00,77057.0,77126.5,77040.0,77085.0,782.293
2026-09-02 01:25:00,77085.1,77102.1,76688.0,77017.9,6062.785
2026-09-02 01:30:00,77018.0,77092.4,76875.0,76904.9,1131.625
2026-09-02 01:35:00,76904.9,76918.9,76561.6,76662.0,2325.661
2026-09-02 01:40:00,76662.0,76768.9,76545.5,76545.5,1309.749
2026-09-02 01:45:00,76545.6,76758.6,76368.0,76750.1,3305.626
2026-09-02 01:50:00,76750.1,76951.2,76741.0,76905.0,1408.125
2026-09-02 01:55:00,76905.0,77128.8,76888.0,77119.9,1406.696
2026-09-02 02:00:00,77119.9,77267.0,77072.2,77267.0,1285.754
2026-09-02 02:05:00,77267.0,77279.9,77105.8,77148.6,681.692
2026-09-02 02:10:00,77148.5,77216.5,77136.0,77174.9,312.356
2026-09-02 02:15:00,77174.8,77270.0,77099.7,77189.2,414.948
2026-09-02 02:20:00,77189.1,77410.5,77189.1,77304.8,816.359
2026-09-02 02:25:00,77304.8,77450.0,77301.0,77323.1,536.614
2026-09-02 02:30:00,77323.1,77355.9,77277.1,77299.2,509.226
2026-09-02 02:35:00,77299.1,77341.1,77256.0,77270.4,345.904
2026-09-02 02:40:00,77270.4,77336.1,77267.8,77277.9,140.021
2026-09-02 02:45:00,77278.0,77303.4,77234.0,77268.4,347.491
2026-09-02 02:50:00,77268.4,77286.3,77169.9,77182.4,324.945
2026-09-02 02:55:00,77182.5,77286.3,77182.5,77286.3,228.735
2026-09-02 03:00:00,77286.3,77323.3,77200.0,77268.0,402.547
2026-09-02 03:05:00,77268.1,77368.5,77239.2,77239.2,227.788
2026-09-02 03:10:00,77239.2,77397.9,77239.2,77397.9,308.283
2026-09-02 03:15:00,77397.9,77435.7,77295.5,77396.9,435.248
2026-09-02 03:20:00,77396.8,77419.1,77348.2,77356.5,126.625
2026-09-02 03:25:00,77356.5,77370.5,77286.0,77368.4,152.979
2026-09-02 03:30:00,77368.4,77390.8,77327.8,77353.4,108.322
2026-09-02 03:35:00,77353.5,77443.9,77339.3,77394.6,249.19
2026-09-02 03:40:00,77394.6,77394.6,77305.0,77356.0,171.884
2026-09-02 03:45:00,77355.9,77370.6,77311.3,77312.5,132.875
2026-09-02 03:50:00,77312.5,77394.6,77312.5,77394.5,111.465
2026-09-02 03:55:00,77394.6,77441.2,77390.1,77415.0,171.875
2026-09-02 04:00:00,77415.1,77497.2,77333.1,77350.0,409.083
2026-09-02 04:05:00,77349.9,77350.0,77197.0,77220.0,534.646
2026-09-02 04:10:00,77220.1,77220.1,77034.4,77080.1,905.762
2026-09-02 04:15:00,77080.0,77119.1,76883.6,76994.8,1296.106
2026-09-02 04:20:00,76994.9,77187.4,76994.8,77187.4,439.483
2026-09-02 04:25:00,77187.3,77240.0,77117.3,77162.4,207.445
2026-09-02 04:30:00,77162.5,77162.5,77000.0,77017.2,256.13
2026-09-02 04:35:00,77017.8,77137.6,77017.8,77137.6,197.158
2026-09-02 04:40:00,77137.6,77199.9,77100.6,77115.0,222.614
2026-09-02 04:45:00,77115.0,77160.0,77099.8,77146.2,162.079
2026-09-02 04:50:00,77146.1,77243.3,77130.0,77208.6,162.383
2026-09-02 04:55:00,77208.6,77244.0,77175.0,77180.4,108.823
2026-09-02 05:00:00,77180.5,77286.0,77151.7,77250.3,260.948
2026-09-02 05:05:00,77250.4,77277.0,77181.8,77240.4,161.369
2026-09-02 05:10:00,77240.4,77285.0,77240.3,77266.0,68.724
2026-09-02 05:15:00,77266.0,77266.0,77180.6,77210.7,146.727
2026-09-02 05:20:00,77210.7,77210.7,77046.5,77133.9,443.294
2026-09-02 05:25:00,77134.0,77148.9,77028.5,77036.8,301.955
2026-09-02 05:30:00,77036.8,77077.0,76989.9,77051.4,364.709
2026-09-02 05:35:00,77051.3,77158.8,77051.3,77081.8,217.512
2026-09-02 05:40:00,77081.8,77135.9,77052.8,77121.1,144.836
2026-09-02 05:45:00,77121.1,77292.0,77121.1,77292.0,394.433
2026-09-02 05:50:00,77292.0,77333.0,77248.5,77256.1,502.519
2026-09-02 05:55:00,77256.1,77281.1,77240.0,77240.1,99.989
2026-09-02 06:00:00,77240.1,77269.1,77176.0,77176.1,293.74
2026-09-02 06:05:00,77176.1,77292.7,77176.1,77251.7,146.508
2026-09-02 06:10:00,77251.7,77269.1,77218.1,77225.0,111.445
2026-09-02 06:15:00,77225.0,77290.3,77225.0,77284.6,162.436
2026-09-02 06:20:00,77284.6,77288.0,77222.8,77285.0,137.775
2026-09-02 06:25:00,77284.9,77360.0,77253.1,77360.0,246.554
2026-09-02 06:30:00,77360.0,77437.5,77340.3,77414.2,422.996
2026-09-02 06:35:00,77414.1,77548.3,77402.6,77477.0,643.37
2026-09-02 06:40:00,77477.0,77560.2,77477.0,77504.6,240.766
2026-09-02 06:45:00,77504.5,77604.3,77445.3,77530.6,584.657
2026-09-02 06:50:00,77530.6,77547.4,77368.0,77433.1,955.51
2026-09-02 06:55:00,77433.0,77433.1,77378.0,77400.1,133.504
2026-09-02 07:00:00,77400.2,77485.0,77372.7,77413.8,544.747
2026-09-02 07:05:00,77413.8,77438.8,77360.5,77360.6,196.095
2026-09-02 07:10:00,77360.6,77376.6,77316.5,77362.9,138.253
2026-09-02 07:15:00,77362.8,77434.3,77356.8,77364.1,164.84
2026-09-02 07:20:00,77364.1,77431.7,77311.5,77365.1,174.031
2026-09-02 07:25:00,77365.2,77365.2,77225.1,77227.6,365.375
2026-09-02 07:30:00,77227.6,77306.5,77191.1,77221.1,231.918
2026-09-02 07:35:00,77221.2,77248.9,77123.1,77177.3,287.581
2026-09-02 07:40:00,77177.3,77232.4,77093.4,77199.3,567.603
2026-09-02 07:45:00,77200.0,77228.8,77160.7,77216.3,167.153
2026-09-02 07:50:00,77216.4,77216.4,77150.0,77152.8,239.068
2026-09-02 07:55:00,77152.8,77242.6,77150.0,77179.5,254.098
2026-09-02 08:00:00,77179.5,77208.3,77153.0,77172.4,161.217
2026-09-02 08:05:00,77172.5,77200.0,77113.5,77200.0,253.657
2026-09-02 08:10:00,77200.0,77343.4,77200.0,77312.5,486.249
2026-09-02 08:15:00,77312.4,77319.9,77200.0,77290.5,399.419
2026-09-02 08:20:00,77290.5,77320.0,77240.0,77320.0,156.019
2026-09-02 08:25:00,77320.0,77320.0,77113.5,77120.0,260.526
2026-09-02 08:30:00,77120.0,77158.3,77037.0,77038.6,397.088
2026-09-02 08:35:00,77038.6,77038.7,76942.0,76942.1,753.123
2026-09-02 08:40:00,76942.1,76992.2,76810.0,76855.7,1053.68
2026-09-02 08:45:00,76855.9,76942.7,76783.6,76795.9,887.652
2026-09-02 08:50:00,76795.9,76807.9,76682.3,76775.4,1008.709
2026-09-02 08:55:00,76775.5,77016.7,76763.9,76983.0,615.98
2026-09-02 09:00:00,76983.0,77024.2,76922.9,76961.9,655.201
2026-09-02 09:05:00,76962.0,77181.7,76913.4,77030.1,881.533
2026-09-02 09:10:00,77030.1,77134.9,77006.4,77051.1,299.04
2026-09-02 09:15:00,77051.1,77166.2,77044.2,77118.7,358.477
2026-09-02 09:20:00,77118.6,77239.1,77118.6,77220.6,372.316
2026-09-02 09:25:00,77220.6,77320.3,77175.0,77293.3,791.832
2026-09-02 09:30:00,77293.2,77293.3,77193.0,77242.7,387.885
2026-09-02 09:35:00,77242.7,77263.8,77166.3,77190.4,285.177
2026-09-02 09:40:00,77190.5,77205.2,77138.6,77195.0,290.181
2026-09-02 09:45:00,77195.1,77228.7,77172.0,77213.3,184.494
2026-09-02 09:50:00,77213.3,77256.7,77208.3,77208.3,113.373
2026-09-02 09:55:00,77208.3,77300.0,77202.3,77299.9,181.805
2026-09-02 10:00:00,77299.9,77447.2,77280.6,77447.1,521.294
2026-09-02 10:05:00,77447.2,77480.1,77390.0,77402.4,395.421
2026-09-02 10:10:00,77402.4,77573.4,77402.4,77476.9,788.102
2026-09-02 10:15:00,77476.9,77641.4,77452.8,77531.4,690.59
2026-09-02 10:20:00,77531.5,77573.2,77487.4,77509.5,230.937
2026-09-02 10:25:00,77509.5,77767.8,77504.3,77620.1,1701.727
2026-09-02 10:30:00,77620.0,77627.9,77483.3,77499.9,537.229
2026-09-02 10:35:00,77499.9,77621.0,77476.2,77620.9,465.529
2026-09-02 10:40:00,77621.0,77624.0,77485.0,77513.0,280.326
2026-09-02 10:45:00,77512.9,77615.0,77505.2,77610.3,436.91
2026-09-02 10:50:00,77610.3,77610.4,77517.0,77563.1,288.415
2026-09-02 10:55:00,77563.1,77568.6,77469.8,77534.3,289.862
2026-09-02 11:00:00,77534.3,77534.4,77451.7,77482.6,338.203
2026-09-02 11:05:00,77482.6,77482.7,77353.0,77353.0,439.856
2026-09-02 11:10:00,77353.0,77383.0,77327.9,77341.0,240.336
2026-09-02 11:15:00,77341.0,77381.0,77265.6,77373.8,335.794
2026-09-02 11:20:00,77373.8,77408.0,77344.8,77395.0,235.417
2026-09-02 11:25:00,77395.0,77419.1,77355.8,77400.0,129.394
2026-09-02 11:30:00,77400.1,77479.0,77396.7,77478.9,248.088
2026-09-02 11:35:00,77479.0,77512.2,77440.5,77509.1,155.375
2026-09-02 11:40:00,77509.1,77560.0,77473.9,77560.0,231.094
2026-09-02 11:45:00,77560.0,77578.5,77533.6,77552.9,167.363
2026-09-02 11:50:00,77552.8,77552.9,77510.8,77510.9,151.936
2026-09-02 11:55:00,77510.8,77538.9,77502.0,77526.0,94.822
2026-09-02 12:00:00,77526.0,77534.3,77427.3,77453.9,254.84
2026-09-02 12:05:00,77454.0,77462.6,77394.6,77444.8,134.841
2026-09-02 12:10:00,77444.8,77572.9,77441.1,77572.8,207.427
2026-09-02 12:15:00,77572.8,77695.5,77572.6,77623.1,774.435
2026-09-02 12:20:00,77623.1,77735.0,77612.8,77720.0,264.69
2026-09-02 12:25:00,77720.0,77731.2,77650.0,77706.9,308.632
2026-09-02 12:30:00,77706.9,77718.0,77632.7,77639.1,455.875
2026-09-02 12:35:00,77639.1,77677.3,77633.2,77651.1,156.221
2026-09-02 12:40:00,77651.2,77700.0,77651.1,77669.6,198.294
2026-09-02 12:45:00,77669.6,77725.0,77669.6,77725.0,139.496
2026-09-02 12:50:00,77725.0,77725.0,77662.5,77683.7,213.819
2026-09-02 12:55:00,77683.8,77689.0,77500.0,77618.5,984.139
2026-09-02 13:00:00,77618.6,77689.1,77618.5,77647.6,260.967
2026-09-02 13:05:00,77647.7,77671.8,77612.5,77655.0,215.162
2026-09-02 13:10:00,77654.9,77682.7,77534.6,77545.1,546.0
2026-09-02 13:15:00,77545.1,77612.4,77545.1,77550.0,309.293
2026-09-02 13:20:00,77550.0,77577.2,77532.0,77554.0,261.054
2026-09-02 13:25:00,77554.0,77624.8,77509.3,77510.0,287.566
2026-09-02 13:30:00,77510.0,77510.1,77416.0,77486.0,368.357
2026-09-02 13:35:00,77485.9,77521.0,77469.9,77505.8,259.257
2026-09-02 13:40:00,77505.8,77650.0,77505.7,77582.2,450.087
2026-09-02 13:45:00,77582.2,77588.2,77539.5,77561.7,177.754
2026-09-02 13:50:00,77561.7,77561.7,77480.1,77489.5,159.182
2026-09-02 13:55:00,77489.5,77578.2,77460.0,77578.2,130.227
2026-09-02 14:00:00,77578.2,77620.7,77564.5,77591.8,173.057
2026-09-02 14:05:00,77591.7,77612.8,77559.3,77612.8,113.582
2026-09-02 14:10:00,77612.8,77731.7,77612.8,77639.9,342.869
2026-09-02 14:15:00,77640.0,77640.0,77560.0,77591.5,265.456
2026-09-02 14:20:00,77591.6,77670.0,77589.4,77599.6,320.58
2026-09-02 14:25:00,77599.6,77601.8,77555.3,77560.0,106.567
2026-09-02 14:30:00,77560.0,77597.7,77521.6,77544.9,148.657
2026-09-02 14:35:00,77545.0,77567.0,77533.8,77560.7,101.909
2026-09-02 14:40:00,77560.7,77594.0,77520.4,77520.4,224.082
2026-09-02 14:45:00,77520.4,77562.4,77498.0,77523.1,187.541
2026-09-02 14:50:00,77523.1,77550.0,77470.2,77472.3,168.377
2026-09-02 14:55:00,77472.3,77494.2,77435.4,77444.9,225.785
2026-09-02 15:00:00,77444.8,77469.5,77352.1,77454.1,374.285
2026-09-02 15:05:00,77454.1,77518.2,77435.0,77484.8,212.703
2026-09-02 15:10:00,77484.8,77495.7,77350.0,77386.8,333.013
2026-09-02 15:15:00,77386.9,77447.9,77335.4,77335.4,182.07
2026-09-02 15:20:00,77335.4,77337.5,77251.0,77278.7,431.305
2026-09-02 15:25:00,77278.7,77311.0,77217.0,77217.1,311.154
2026-09-02 15:30:00,77217.1,77224.5,77057.1,77106.3,1310.039
2026-09-02 15:35:00,77106.4,77133.9,77045.0,77079.6,408.316
2026-09-02 15:40:00,77079.6,77083.1,76905.2,76934.1,1283.459
2026-09-02 15:45:00,76934.1,77010.9,76817.4,76830.0,1669.715
2026-09-02 15:50:00,76830.0,76837.8,76706.0,76780.0,1686.171
2026-09-02 15:55:00,76780.1,76851.8,76718.9,76819.7,639.653
2026-09-02 16:00:00,76819.6,77031.0,76819.6,76965.9,932.702
2026-09-02 16:05:00,76965.9,77018.8,76965.9,76999.2,327.686
2026-09-02 16:10:00,76999.3,76999.3,76911.9,76918.6,303.559
2026-09-02 16:15:00,76918.5,76940.7,76843.6,76861.8,422.052
2026-09-02 16:20:00,76861.8,76888.0,76555.5,76719.9,1586.605
2026-09-02 16:25:00,76719.9,76864.6,76719.8,76863.9,583.361
2026-09-02 16:30:00,76863.9,76871.2,76600.0,76682.7,1319.77
2026-09-02 16:35:00,76682.7,76682.7,76507.0,76560.0,1070.858
2026-09-02 16:40:00,76560.0,76625.0,76476.1,76530.1,963.282
2026-09-02 16:45:00,76530.0,76680.8,76435.5,76637.1,1397.213
2026-09-02 16:50:00,76637.1,76723.7,76635.2,76647.5,763.277
2026-09-02 16:55:00,76647.5,76725.0,76642.9,76716.6,294.835
2026-09-02 17:00:00,76716.7,76723.8,76562.4,76575.1,520.227
2026-09-02 17:05:00,76575.1,76630.4,76542.8,76582.5,441.566
2026-09-02 17:10:00,76582.5,76618.4,76530.2,76609.2,574.951
2026-09-02 17:15:00,76609.3,76667.8,76568.1,76666.0,342.624
2026-09-02 17:20:00,76666.0,76669.9,76616.4,76619.1,219.985
2026-09-02 17:25:00,76619.1,76637.8,76537.1,76541.0,436.035
2026-09-02 17:30:00,76541.0,76585.2,76445.0,76470.1,740.471
2026-09-02 17:35:00,76470.0,76563.1,76450.0,76450.2,452.474
2026-09-02 17:40:00,76450.1,76579.9,76439.0,76576.7,364.049
2026-09-02 17:45:00,76576.7,76576.7,76400.0,76421.9,756.637
2026-09-02 17:50:00,76422.0,76483.4,76151.9,76470.6,3122.861
2026-09-02 17:55:00,76470.6,76653.9,76462.4,76639.2,1274.192
2026-09-02 18:00:00,76639.1,76666.3,76514.9,76530.5,714.882
2026-09-02 18:05:00,76530.6,76683.1,76483.2,76657.7,595.506
2026-09-02 18:10:00,76657.7,76692.8,76561.2,76692.8,655.366
2026-09-02 18:15:00,76692.7,76720.1,76510.0,76514.4,794.442
2026-09-02 18:20:00,76514.5,76522.2,76373.8,76396.0,787.741
2026-09-02 18:25:00,76396.1,76472.6,76325.0,76467.8,687.09
2026-09-02 18:30:00,76467.9,76629.8,76444.4,76621.2,546.042
2026-09-02 18:35:00,76621.2,76712.2,76587.7,76675.1,855.021
2026-09-02 18:40:00,76675.1,76688.9,76574.7,76613.9,381.558
2026-09-02 18:45:00,76613.8,76618.9,76569.8,76584.0,339.708
2026-09-02 18:50:00,76584.0,76684.2,76563.4,76666.7,279.94
2026-09-02 18:55:00,76666.8,76810.2,76665.5,76788.6,730.07
2026-09-02 19:00:00,76788.6,76796.8,76675.2,76683.6,649.739
2026-09-02 19:05:00,76683.6,76784.4,76645.2,76755.0,586.668
2026-09-02 19:10:00,76755.0,76814.0,76720.0,76798.0,488.226
2026-09-02 19:15:00,76798.1,76892.0,76730.1,76821.6,999.297
2026-09-02 19:20:00,76821.5,77029.2,76797.1,76951.6,1224.652
2026-09-02 19:25:00,76951.6,77000.0,76942.3,76950.1,432.322
2026-09-02 19:30:00,76950.1,76957.4,76840.7,76870.9,436.4
2026-09-02 19:35:00,76870.9,76889.2,76757.3,76784.0,547.394
2026-09-02 19:40:00,76784.0,76821.6,76751.4,76786.0,485.547
2026-09-02 19:45:00,76785.9,76791.9,76712.8,76720.0,382.626
2026-09-02 19:50:00,76720.1,76729.1,76681.5,76700.7,601.779
2026-09-02 19:55:00,76700.7,76721.6,76573.2,76573.2,627.854
2026-09-02 20:00:00,76573.3,76772.0,76573.2,76751.6,606.876
2026-09-02 20:05:00,76751.6,76850.0,76699.0,76735.7,620.303
2026-09-02 20:10:00,76735.7,76785.8,76700.0,76700.1,284.961
2026-09-02 20:15:00,76700.1,76803.0,76700.1,76784.5,297.21
2026-09-02 20:20:00,76784.5,76795.3,76667.6,76750.3,232.777
2026-09-02 20:25:00,76750.2,76921.1,76709.9,76840.1,547.813
2026-09-02 20:30:00,76840.1,76840.8,76650.0,76739.7,655.318
2026-09-02 20:35:00,76739.7,76744.4,76581.2,76691.9,602.746
2026-09-02 20:40:00,76691.9,77376.9,76670.6,77351.6,3569.094
2026-09-02 20:45:00,77351.6,77420.7,77060.8,77063.1,2779.51
2026-09-02 20:50:00,77063.1,77255.0,77057.3,77089.2,1040.424
2026-09-02 20:55:00,77089.2,77161.8,76955.0,77115.0,1542.184
2026-09-02 21:00:00,77115.0,77174.9,76971.5,77054.4,782.469
2026-09-02 21:05:00,77054.5,77277.9,77024.0,77154.8,1048.328
2026-09-02 21:10:00,77154.8,77318.7,77140.6,77302.2,853.284
2026-09-02 21:15:00,77302.1,77357.8,77195.1,77265.5,570.464
2026-09-02 21:20:00,77265.5,77478.8,77200.0,77216.1,1373.237
2026-09-02 21:25:00,77216.2,77332.0,77187.7,77299.9,467.937
2026-09-02 21:30:00,77299.9,77300.0,77065.1,77167.1,808.885
2026-09-02 21:35:00,77167.0,77179.9,77075.2,77157.9,267.891
2026-09-02 21:40:00,77158.0,77368.8,77138.1,77296.0,781.306
2026-09-02 21:45:00,77296.0,77306.2,77134.8,77189.6,622.811
2026-09-02 21:50:00,77189.5,77207.6,77058.3,77089.7,465.308
2026-09-02 21:55:00,77089.7,77180.0,77016.9,77023.7,494.947
2026-09-02 22:00:00,77023.7,77148.4,76808.0,77035.4,2037.976
2026-09-02 22:05:00,77035.5,77118.6,76777.7,76806.8,818.919
2026-09-02 22:10:00,76806.8,76809.6,76702.6,76782.6,911.779
2026-09-02 22:15:00,76782.5,77107.1,76772.9,77085.2,919.337
2026-09-02 22:20:00,77085.2,77117.4,76900.5,76961.0,456.384
2026-09-02 22:25:00,76961.0,77085.1,76940.5,77006.4,363.508
2026-09-02 22:30:00,77006.3,77325.4,76948.0,77252.3,1523.367
2026-09-02 22:35:00,77252.3,77302.5,77100.1,77102.1,651.073
2026-09-02 22:40:00,77102.1,77357.1,77076.9,77331.0,900.661
2026-09-02 22:45:00,77331.1,77333.0,77124.3,77147.0,1153.902
2026-09-02 22:50:00,77147.0,77206.4,77100.0,77191.1,359.563
2026-09-02 22:55:00,77191.1,77265.8,77191.1,77249.9,267.6
2026-09-02 23:00:00,77250.0,77265.9,77166.6,77265.9,438.924
2026-09-02 23:05:00,77265.9,77295.5,77200.6,77267.1,305.28
2026-09-02 23:10:00,77267.1,77364.5,77222.2,77317.8,1256.932
2026-09-02 23:15:00,77317.8,77458.0,77290.3,77438.9,783.794
2026-09-02 23:20:00,77438.8,77539.1,77397.0,77506.4,1018.837
2026-09-02 23:25:00,77506.5,77546.7,77391.8,77427.2,1080.781
2026-09-02 23:30:00,77427.2,77528.2,77418.7,77490.4,528.537
2026-09-02 23:35:00,77490.5,77490.5,77340.1,77370.0,1024.799
2026-09-02 23:40:00,77369.9,77370.0,77222.2,77222.2,620.128
2026-09-02 23:45:00,77222.3,77294.9,77191.1,77252.6,406.189
2026-09-02 23:50:00,77252.6,77262.5,77209.6,77229.1,188.061
2026-09-02 23:55:00,77229.1,77250.0,77131.5,77131.6,474.473
2026-09-03 00:00:00,77131.6,77211.4,77094.8,77155.0,503.519
2026-09-03 00:05:00,77155.1,77174.2,77022.4,77064.8,527.948
2026-09-03 00:10:00,77064.9,77135.2,77040.5,77087.7,355.989
2026-09-03 00:15:00,77087.8,77125.2,76966.2,76998.0,602.863
2026-09-03 00:20:00,76997.9,77048.5,76914.3,77027.8,702.423
2026-09-03 00:25:00,77027.8,77072.9,77006.4,77067.5,222.228
2026-09-03 00:30:00,77067.6,77196.9,77041.0,77159.3,756.492
2026-09-03 00:35:00,77159.3,77184.5,77069.9,77107.2,299.511
2026-09-03 00:40:00,77107.2,77274.9,77107.1,77274.9,590.613
2026-09-03 00:45:00,77274.9,77370.0,77274.8,77344.1,674.957
2026-09-03 00:50:00,77344.0,77354.3,77303.6,77306.5,158.466
2026-09-03 00:55:00,77306.5,77356.9,77275.1,77350.0,195.808
2026-09-03 01:00:00,77350.0,77350.0,77283.3,77323.5,297.364
2026-09-03 01:05:00,77323.4,77396.6,77281.3,77392.0,407.469
2026-09-03 01:10:00,77392.1,77414.3,77296.6,77379.4,755.652
2026-09-03 01:15:00,77379.4,77493.8,77356.0,77415.8,704.583
2026-09-03 01:20:00,77415.9,77438.4,77326.8,77418.2,301.398
2026-09-03 01:25:00,77418.1,77449.9,77399.5,77409.5,227.585
2026-09-03 01:30:00,77409.6,77419.8,77350.9,77354.3,163.507
2026-09-03 01:35:00,77354.2,77388.4,77274.0,77274.8,204.544
2026-09-03 01:40:00,77274.8,77307.7,77256.6,77275.0,179.095
2026-09-03 01:45:00,77275.1,77381.3,77251.5,77362.1,190.937
2026-09-03 01:50:00,77362.1,77365.1,77275.2,77334.3,184.864
2026-09-03 01:55:00,77334.4,77350.0,77295.6,77341.0,93.54
2026-09-03 02:00:00,77341.0,77347.7,77286.8,77324.2,189.481
2026-09-03 02:05:00,77324.1,77364.6,77306.1,77360.2,169.966
2026-09-03 02:10:00,77360.3,77382.4,77283.8,77350.0,1583.375
2026-09-03 02:15:00,77350.0,77385.0,77250.1,77269.5,270.987
2026-09-03 02:20:00,77269.4,77269.5,77189.4,77203.5,268.162
2026-09-03 02:25:00,77203.5,77223.8,77124.0,77124.0,345.663
2026-09-03 02:30:00,77124.1,77146.4,77086.3,77100.4,405.058
2026-09-03 02:35:00,77100.5,77150.0,77077.7,77149.9,181.314
2026-09-03 02:40:00,77150.0,77216.3,77146.3,77195.8,311.432
2026-09-03 02:45:00,77195.8,77222.8,77150.4,77186.3,276.363
2026-09-03 02:50:00,77186.2,77258.8,77136.5,77154.8,436.668
2026-09-03 02:55:00,77154.9,77317.3,77110.0,77301.3,569.453
2026-09-03 03:00:00,77301.3,77440.0,77277.0,77440.0,384.348
2026-09-03 03:05:00,77440.0,77489.9,77334.3,77347.7,578.603
2026-09-03 03:10:00,77347.8,77357.4,77242.0,77327.7,412.742
2026-09-03 03:15:00,77327.7,77327.7,77171.0,77234.7,331.595
2026-09-03 03:20:00,77234.8,77433.5,77234.7,77409.4,298.466
2026-09-03 03:25:00,77409.5,77409.5,77337.8,77340.1,146.304
2026-09-03 03:30:00,77340.0,77432.7,77334.3,77425.1,237.618
2026-09-03 03:35:00,77425.0,77447.0,77385.6,77401.6,283.157
2026-09-03 03:40:00,77401.5,77401.6,77270.4,77325.1,470.858
2026-09-03 03:45:00,77325.1,77399.7,77255.7,77335.0,210.018
2026-09-03 03:50:00,77335.0,77440.1,77321.8,77392.6,225.367
2026-09-03 03:55:00,77392.5,77420.0,77360.1,77364.4,135.226
2026-09-03 04:00:00,77364.3,77364.4,77275.4,77292.7,300.235
2026-09-03 04:05:00,77292.7,77320.0,77266.9,77273.0,213.082
2026-09-03 04:10:00,77273.0,77324.1,77273.0,77284.6,83.464
2026-09-03 04:15:00,77284.7,77295.9,77202.7,77231.7,139.46
2026-09-03 04:20:00,77231.6,77281.6,77220.3,77273.0,140.764
2026-09-03 04:25:00,77273.1,77273.1,77220.4,77241.2,54.61
2026-09-03 04:30:00,77241.2,77247.4,77200.0,77206.4,97.242
2026-09-03 04:35:00,77206.4,77351.2,77206.4,77351.2,466.898
2026-09-03 04:40:00,77351.2,77400.2,77315.2,77400.1,254.843
2026-09-03 04:45:00,77400.2,77400.2,77240.0,77248.3,234.758
2026-09-03 04:50:00,77248.2,77314.5,77240.1,77290.0,152.387
2026-09-03 04:55:00,77289.9,77315.0,77246.4,77252.1,80.227
2026-09-03 05:00:00,77252.1,77252.1,77138.7,77143.0,272.701
2026-09-03 05:05:00,77143.0,77143.0,77080.0,77091.4,364.688
2026-09-03 05:10:00,77091.3,77156.6,77037.0,77118.6,574.465
2026-09-03 05:15:00,77118.7,77146.1,77050.0,77052.4,327.996
2026-09-03 05:20:00,77052.4,77052.4,77010.0,77030.3,176.265
2026-09-03 05:25:00,77030.3,77030.4,76983.0,76985.0,390.954
2026-09-03 05:30:00,76984.9,77080.0,76984.9,77061.2,332.165
2026-09-03 05:35:00,77061.1,77121.0,77038.3,77099.0,103.095
2026-09-03 05:40:00,77098.9,77129.5,77076.1,77094.7,83.459
2026-09-03 05:45:00,77094.8,77094.8,77025.0,77034.0,168.943
2026-09-03 05:50:00,77034.1,77053.1,76995.4,77009.2,167.011
2026-09-03 05:55:00,77009.3,77016.6,76995.1,76996.5,110.336
2026-09-03 06:00:00,76996.4,77123.5,76973.4,77116.5,312.227
2026-09-03 06:05:00,77116.5,77187.6,77113.8,77179.6,240.73
2026-09-03 06:10:00,77179.7,77190.1,77165.8,77190.0,98.312
2026-09-03 06:15:00,77190.0,77190.1,77111.3,77114.7,196.991
2026-09-03 06:20:00,77114.8,77152.3,77100.0,77126.8,111.856
2026-09-03 06:25:00,77126.8,77172.7,77116.8,77161.4,110.758
2026-09-03 06:30:00,77160.9,77229.4,77107.1,77108.8,302.214
2026-09-03 06:35:00,77108.7,77108.7,77097.4,77102.4,48.717
2026-09-03 06:40:00,77102.4,77114.7,77079.7,77114.6,62.847
2026-09-03 06:45:00,77114.6,77197.0,77114.6,77197.0,153.663
2026-09-03 06:50:00,77197.1,77302.6,77197.1,77243.2,349.731
2026-09-03 06:55:00,77243.3,77340.0,77243.2,77300.0,262.382
2026-09-03 07:00:00,77300.0,77365.7,77276.2,77322.5,430.422
2026-09-03 07:05:00,77322.4,77344.3,77146.7,77165.5,346.998
2026-09-03 07:10:00,77165.5,77216.7,77132.8,77132.9,200.43
2026-09-03 07:15:00,77132.8,77134.0,77069.2,77102.6,327.584
2026-09-03 07:20:00,77102.7,77102.7,77032.8,77082.8,291.117
2026-09-03 07:25:00,77082.8,77082.9,76995.3,76999.5,260.75
2026-09-03 07:30:00,76999.5,77034.9,76969.4,76970.6,464.411
2026-09-03 07:35:00,76970.7,77079.8,76939.5,77054.4,476.26
2026-09-03 07:40:00,77054.4,77102.1,77039.4,77080.1,214.713
2026-09-03 07:45:00,77080.2,77106.0,77045.6,77046.4,159.351
2026-09-03 07:50:00,77046.5,77089.5,77015.0,77048.5,256.35
2026-09-03 07:55:00,77048.5,77107.9,76990.0,77025.1,905.787
2026-09-03 08:00:00,77025.1,77120.8,76927.3,77084.6,1018.669
2026-09-03 08:05:00,77084.7,77285.7,77084.7,77234.4,790.481
2026-09-03 08:10:00,77234.5,77393.2,77200.0,77380.0,883.578
2026-09-03 08:15:00,77380.0,77380.0,77269.2,77269.2,269.872
2026-09-03 08:20:00,77269.2,77404.7,77248.3,77352.3,322.214
2026-09-03 08:25:00,77352.2,77400.0,77310.2,77400.0,397.568
2026-09-03 08:30:00,77400.0,77498.0,77368.0,77487.9,892.038
2026-09-03 08:35:00,77488.0,77516.0,77282.3,77419.1,550.061
2026-09-03 08:40:00,77419.2,77453.7,77309.9,77309.9,338.402
2026-09-03 08:45:00,77310.0,77318.1,77283.4,77287.2,235.554
2026-09-03 08:50:00,77287.3,77442.9,77255.1,77361.7,325.698
2026-09-03 08:55:00,77361.6,77414.1,77320.9,77321.0,232.922
2026-09-03 09:00:00,77321.0,77333.5,77246.1,77256.0,280.637
2026-09-03 09:05:00,77256.0,77300.5,77200.1,77239.4,229.769
2026-09-03 09:10:00,77239.3,77464.8,77239.3,77458.8,339.566
2026-09-03 09:15:00,77458.8,77473.9,77405.0,77405.1,275.88
2026-09-03 09:20:00,77405.0,77540.0,77392.1,77483.7,439.612
2026-09-03 09:25:00,77483.8,77594.9,77449.5,77568.1,578.514
2026-09-03 09:30:00,77568.2,77877.0,77521.4,77852.8,2416.621
2026-09-03 09:35:00,77852.8,77887.9,77660.0,77708.8,1363.85
2026-09-03 09:40:00,77708.7,77817.9,77708.7,77743.6,417.039
2026-09-03 09:45:00,77743.5,77814.3,77697.3,77793.2,468.209
2026-09-03 09:50:00,77793.1,77850.0,77760.0,77821.6,547.013
2026-09-03 09:55:00,77821.7,77840.9,77757.2,77783.4,221.86
2026-09-03 10:00:00,77783.3,77797.5,77671.9,77671.9,605.177
2026-09-03 10:05:00,77672.0,77710.0,77666.0,77682.9,196.44
2026-09-03 10:10:00,77683.0,77848.9,77665.0,77795.5,681.85
2026-09-03 10:15:00,77795.5,77850.0,77676.6,77845.8,825.713
2026-09-03 10:20:00,77845.8,77847.2,77719.9,77727.3,348.78
2026-09-03 10:25:00,77727.2,77777.0,77706.1,77706.1,160.141
2026-09-03 10:30:00,77706.1,77740.6,77663.4,77663.5,231.761
2026-09-03 10:35:00,77663.5,77663.5,77611.3,77628.5,325.294
2026-09-03 10:40:00,77628.5,77640.8,77610.0,77630.3,156.631
2026-09-03 10:45:00,77630.2,77650.0,77596.3,77650.0,269.896
2026-09-03 10:50:00,77650.0,77711.1,77649.9,77709.8,252.97
2026-09-03 10:55:00,77709.8,77709.9,77665.3,77665.3,115.316
2026-09-03 11:00:00,77665.3,77739.4,77665.3,77704.6,202.249
2026-09-03 11:05:00,77704.7,77753.1,77693.1,77727.9,188.866
2026-09-03 11:10:00,77727.9,77795.0,77570.0,77603.3,732.652
2026-09-03 11:15:00,77603.3,77625.4,77523.3,77550.6,356.411
2026-09-03 11:20:00,77550.6,77603.4,77510.0,77590.8,271.008
2026-09-03 11:25:00,77590.8,77590.8,77515.9,77539.8,117.3
2026-09-03 11:30:00,77539.8,77590.0,77539.7,77566.1,389.409
2026-09-03 11:35:00,77566.1,77573.8,77553.8,77561.9,145.331
2026-09-03 11:40:00,77561.9,77562.0,77508.9,77522.3,309.3
2026-09-03 11:45:00,77522.2,77612.1,77522.2,77601.0,364.072
2026-09-03 11:50:00,77601.1,77761.6,77601.0,77751.8,285.414
2026-09-03 11:55:00,77751.7,77751.8,77669.6,77748.0,256.742
2026-09-03 12:00:00,77747.9,77794.8,77716.3,77716.3,285.08
2026-09-03 12:05:00,77716.3,77724.5,77640.4,77666.5,338.77
2026-09-03 12:10:00,77666.4,77702.2,77565.1,77594.1,230.488
2026-09-03 12:15:00,77594.2,77618.7,77443.3,77459.3,700.069
2026-09-03 12:20:00,77459.4,77463.9,77164.1,77242.4,1694.494
2026-09-03 12:25:00,77242.4,77242.4,77053.8,77161.8,1159.167
2026-09-03 12:30:00,77161.9,77318.5,77133.6,77307.4,587.84
2026-09-03 12:35:00,77307.4,77438.7,77307.3,77402.5,655.001
2026-09-03 12:40:00,77402.5,77489.0,77374.6,77457.1,500.004
2026-09-03 12:45:00,77457.2,77492.5,77373.1,77479.9,305.339
2026-09-03 12:50:00,77479.9,77688.0,77479.6,77644.0,927.027
2026-09-03 12:55:00,77644.1,77799.3,77644.1,77777.3,949.498
2026-09-03 13:00:00,77777.4,77819.9,77685.9,77694.3,577.547
2026-09-03 13:05:00,77694.4,77756.1,77662.1,77685.7,413.634
2026-09-03 13:10:00,77685.7,77723.6,77654.5,77674.9,176.634
2026-09-03 13:15:00,77674.9,77749.4,77666.4,77743.6,316.161
2026-09-03 13:20:00,77743.6,77748.9,77707.6,77711.3,250.263
2026-09-03 13:25:00,77711.4,77740.6,77694.0,77712.0,139.731
2026-09-03 13:30:00,77712.0,77764.3,77685.5,77763.6,343.1
2026-09-03 13:35:00,77763.6,77763.6,77725.2,77734.5,96.16
2026-09-03 13:40:00,77734.5,77795.1,77718.0,77795.1,138.659
2026-09-03 13:45:00,77795.1,77799.0,77744.5,77784.4,177.256
2026-09-03 13:50:00,77784.4,77817.5,77728.1,77738.9,178.361
2026-09-03 13:55:00,77738.9,77798.4,77738.9,77795.4,147.745
2026-09-03 14:00:00,77795.5,78116.7,77770.0,78105.3,2415.865
2026-09-03 14:05:00,78105.4,78144.7,77960.0,77969.2,1215.359
2026-09-03 14:10:00,77969.1,78089.0,77940.0,78023.4,415.973
2026-09-03 14:15:00,78023.4,78024.7,77894.6,77922.9,479.289
2026-09-03 14:20:00,77923.0,77983.2,77874.8,77924.1,354.17
2026-09-03 14:25:00,77924.1,77950.0,77844.3,77910.9,329.46
2026-09-03 14:30:00,77911.0,77916.0,77822.8,77888.9,297.6
2026-09-03 14:35:00,77888.9,77943.9,77860.1,77943.8,182.867
2026-09-03 14:40:00,77943.9,78035.8,77858.0,77859.5,532.241
2026-09-03 14:45:00,77859.4,77900.0,77704.5,77704.5,652.88
2026-09-03 14:50:00,77704.5,77704.6,77620.8,77640.7,652.741
2026-09-03 14:55:00,77640.7,77652.5,77559.4,77627.3,577.617
2026-09-03 15:00:00,77627.4,77893.8,77627.4,77818.8,751.004
2026-09-03 15:05:00,77818.9,78032.0,77818.9,77894.4,957.138
2026-09-03 15:10:00,77894.4,77974.8,77836.9,77898.0,600.31
2026-09-03 15:15:00,77898.1,77908.7,77834.4,77898.0,429.337
2026-09-03 15:20:00,77898.0,77934.2,77786.0,77837.5,177.913
2026-09-03 15:25:00,77837.4,77953.2,77796.5,77947.9,339.097
2026-09-03 15:30:00,77947.8,77963.8,77901.0,77915.2,288.773
2026-09-03 15:35:00,77915.2,77949.4,77894.8,77894.8,240.977
2026-09-03 15:40:00,77894.9,77920.0,77833.7,77849.3,217.465
2026-09-03 15:45:00,77849.4,77879.4,77750.5,77773.9,431.872
2026-09-03 15:50:00,77773.9,77800.0,77730.0,77791.9,244.21
2026-09-03 15:55:00,77791.8,77833.7,77787.0,77807.6,329.109
2026-09-03 16:00:00,77807.6,77817.1,77776.2,77799.9,125.337
2026-09-03 16:05:00,77799.9,77868.0,77775.2,77850.1,527.929
2026-09-03 16:10:00,77850.2,77942.8,77816.3,77836.3,278.079
2026-09-03 16:15:00,77836.2,77887.5,77800.0,77804.7,151.601
2026-09-03 16:20:00,77804.7,77846.4,77779.0,77786.4,204.668
2026-09-03 16:25:00,77786.4,77801.5,77710.0,77710.1,278.364
2026-09-03 16:30:00,77710.0,77735.6,77696.5,77717.3,286.593
2026-09-03 16:35:00,77717.3,77746.7,77690.9,77690.9,184.526
2026-09-03 16:40:00,77690.9,77707.1,77620.9,77691.5,520.361
2026-09-03 16:45:00,77691.4,77755.1,77585.2,77606.8,334.046
2026-09-03 16:50:00,77606.8,77652.6,77589.2,77619.8,199.424
2026-09-03 16:55:00,77619.9,77634.1,77577.0,77578.0,272.696
2026-09-03 17:00:00,77578.0,77620.9,77556.0,77617.6,393.754
2026-09-03 17:05:00,77617.5,77653.5,77551.1,77624.5,319.499
2026-09-03 17:10:00,77624.5,77637.2,77503.1,77534.4,379.042
2026-09-03 17:15:00,77534.5,77594.9,77490.7,77594.0,335.993
2026-09-03 17:20:00,77593.9,77677.9,77593.9,77607.6,345.83
2026-09-03 17:25:00,77607.7,77630.1,77570.0,77594.3,133.611
2026-09-03 17:30:00,77594.2,77618.8,77422.8,77473.1,614.991
2026-09-03 17:35:00,77473.1,77507.8,77460.5,77507.4,325.741
2026-09-03 17:40:00,77507.4,77510.2,77436.4,77476.5,423.84
2026-09-03 17:45:00,77476.5,77565.6,77466.9,77546.0,316.585
2026-09-03 17:50:00,77546.1,77743.2,77546.0,77687.2,625.258
2026-09-03 17:55:00,77687.2,77740.6,77663.2,77707.1,408.695
2026-09-03 18:00:00,77707.1,77758.6,77676.7,77718.0,437.849
2026-09-03 18:05:00,77718.0,77789.1,77700.0,77769.0,380.115
2026-09-03 18:10:00,77769.0,77795.7,77712.4,77790.1,196.127
2026-09-03 18:15:00,77790.2,77909.4,77790.1,77891.0,562.397
2026-09-03 18:20:00,77891.0,77905.0,77808.7,77876.9,214.773
2026-09-03 18:25:00,77877.0,77927.8,77866.2,77894.7,243.896
2026-09-03 18:30:00,77894.8,77942.6,77803.3,77906.3,489.781
2026-09-03 18:35:00,77906.3,77929.7,77841.8,77924.2,284.129
2026-09-03 18:40:00,77924.1,77949.4,77888.1,77900.3,225.576
2026-09-03 18:45:00,77900.4,77976.0,77846.6,77861.0,474.848
2026-09-03 18:50:00,77861.0,77910.8,77856.2,77868.7,222.024
2026-09-03 18:55:00,77868.7,77950.0,77861.0,77909.7,283.064
2026-09-03 19:00:00,77909.7,77915.9,77857.2,77912.6,308.743
2026-09-03 19:05:00,77912.6,77926.8,77854.0,77926.8,237.404
2026-09-03 19:10:00,77926.8,78068.7,77914.7,78048.1,838.849
2026-09-03 19:15:00,78048.1,78113.7,77909.1,77966.0,732.488
2026-09-03 19:20:00,77966.0,77980.0,77902.5,77953.2,320.514
2026-09-03 19:25:00,77953.1,77953.2,77910.0,77934.4,157.387
2026-09-03 19:30:00,77934.5,78433.9,77934.4,78255.2,4096.193
2026-09-03 19:35:00,78255.1,78371.9,78167.4,78329.7,1020.006
2026-09-03 19:40:00,78329.6,78375.0,78227.9,78278.5,1064.162
2026-09-03 19:45:00,78278.4,78355.1,78205.5,78320.8,798.633
2026-09-03 19:50:00,78320.8,78583.0,78313.4,78521.8,2308.298
2026-09-03 19:55:00,78521.7,78750.4,78512.8,78616.5,3165.728
2026-09-03 20:00:00,78616.5,78680.0,78509.6,78574.0,1264.215
2026-09-03 20:05:00,78574.1,78588.5,78479.5,78490.8,855.08
2026-09-03 20:10:00,78490.8,78567.8,78482.1,78516.8,516.392
2026-09-03 20:15:00,78516.7,78530.4,78435.0,78460.5,643.061
2026-09-03 20:20:00,78460.4,78574.0,78418.3,78549.2,602.804
2026-09-03 20:25:00,78549.2,78549.2,78445.4,78458.7,743.456
2026-09-03 20:30:00,78458.8,78675.1,78419.1,78581.8,1233.805
2026-09-03 20:35:00,78581.9,78835.0,78468.0,78820.4,2462.065
2026-09-03 20:40:00,78820.4,78899.0,78735.3,78875.4,1638.849
2026-09-03 20:45:00,78875.4,78964.0,78762.0,78791.5,2015.643
2026-09-03 20:50:00,78791.6,78943.1,78737.0,78752.2,831.932
2026-09-03 20:55:00,78752.2,78829.7,78705.4,78802.2,483.321
2026-09-03 21:00:00,78802.2,78890.9,78665.8,78867.3,911.888
2026-09-03 21:05:00,78867.4,78927.1,78812.3,78837.5,709.317
2026-09-03 21:10:00,78837.6,78971.3,78761.4,78955.0,786.935
2026-09-03 21:15:00,78955.0,79106.8,78950.0,78978.1,2140.045
2026-09-03 21:20:00,78978.1,79349.6,78978.1,79335.3,3129.498
2026-09-03 21:25:00,79335.3,79650.0,79321.4,79624.6,4587.335
2026-09-03 21:30:00,79624.5,79848.8,79561.0,79726.5,4180.582
2026-09-03 21:35:00,79726.4,79827.9,79611.8,79620.6,3041.513
2026-09-03 21:40:00,79620.6,79846.2,79563.1,79732.4,1594.984
2026-09-03 21:45:00,79732.4,80472.2,79727.3,80329.1,6445.842
2026-09-03 21:50:00,80329.2,80438.5,80066.2,80211.1,3115.898
2026-09-03 21:55:00,80211.2,80555.0,80095.4,80508.4,3009.294
2026-09-03 22:00:00,80508.4,80941.0,80442.0,80774.1,7016.848
2026-09-03 22:05:00,80774.1,80842.2,80507.7,80561.9,2740.665
2026-09-03 22:10:00,80561.9,80619.6,80320.9,80529.1,2731.042
2026-09-03 22:15:00,80529.2,80646.2,80440.0,80579.0,2406.771
2026-09-03 22:20:00,80579.0,80749.9,80505.5,80722.2,1506.053
2026-09-03 22:25:00,80722.1,80755.2,80595.2,80712.6,1060.332
2026-09-03 22:30:00,80712.7,80860.6,80653.5,80828.0,1455.087
2026-09-03 22:35:00,80828.0,80930.0,80726.0,80930.0,1708.776
2026-09-03 22:40:00,80929.9,80987.9,80823.4,80831.5,1777.273
2026-09-03 22:45:00,80831.5,80865.3,80688.0,80745.2,1399.3
2026-09-03 22:50:00,80745.2,81265.1,80745.2,81249.2,4056.15
2026-09-03 22:55:00,81249.2,81333.4,81108.9,81316.7,2402.846
2026-09-03 23:00:00,81316.7,81333.1,80740.8,80800.1,3686.418
2026-09-03 23:05:00,80800.0,81042.5,80757.0,80948.7,2129.736
2026-09-03 23:10:00,80948.6,81028.1,80867.9,80909.8,792.867
2026-09-03 23:15:00,80909.8,80925.7,80678.2,80678.3,1524.367
2026-09-03 23:20:00,80678.3,80843.4,80670.0,80707.3,936.682
2026-09-03 23:25:00,80707.3,80741.0,80588.0,80741.0,1299.447
2026-09-03 23:30:00,80741.0,80922.3,80733.6,80912.7,1311.499
2026-09-03 23:35:00,80912.8,80920.0,80756.1,80805.9,514.437
2026-09-03 23:40:00,80805.9,80849.9,80729.7,80769.1,586.977
2026-09-03 23:45:00,80769.2,81000.0,80745.8,80967.7,824.471
2026-09-03 23:50:00,80967.7,81008.6,80859.9,80934.3,434.284
2026-09-03 23:55:00,80934.3,80975.0,80880.8,80937.3,408.336
2026-09-04 00:00:00,80937.3,80956.6,80859.8,80955.9,400.812
2026-09-04 00:05:00,80955.9,80999.4,80851.7,80967.4,498.342
2026-09-04 00:10:00,80967.3,81071.4,80927.0,81064.3,766.491
2026-09-04 00:15:00,81064.4,81100.0,80977.8,81003.0,726.954
2026-09-04 00:20:00,81003.0,81038.6,80888.0,80965.3,533.704
2026-09-04 00:25:00,80965.2,81035.0,80925.6,80961.6,537.794
2026-09-04 00:30:00,80961.7,81091.5,80961.2,81087.1,471.734
2026-09-04 00:35:00,81087.1,81133.1,81026.6,81119.8,713.932
2026-09-04 00:40:00,81119.9,81136.0,81028.3,81035.4,442.579
2026-09-04 00:45:00,81035.4,81159.8,80999.5,81117.0,528.446
2026-09-04 00:50:00,81117.0,81117.0,80980.0,80980.1,388.257
2026-09-04 00:55:00,80980.1,81033.6,80966.0,81006.9,314.651
2026-09-04 01:00:00,81006.8,81210.6,80977.2,81138.8,1135.277
2026-09-04 01:05:00,81138.9,81333.0,81108.5,81288.2,1652.375
2026-09-04 01:10:00,81288.1,81288.2,81121.8,81217.0,935.081
2026-09-04 01:15:00,81217.1,81251.4,81090.5,81094.0,478.736
2026-09-04 01:20:00,81094.0,81128.2,80980.0,81041.4,776.275
2026-09-04 01:25:00,81041.4,81041.4,80909.0,80915.6,566.483
2026-09-04 01:30:00,80915.6,80965.4,80843.8,80913.9,705.355
2026-09-04 01:35:00,80913.9,80999.7,80911.5,80988.9,372.3
2026-09-04 01:40:00,80988.9,81016.9,80915.0,80948.8,533.393
2026-09-04 01:45:00,80948.8,81017.9,80923.2,81017.9,197.587
2026-09-04 01:50:00,81017.8,81166.2,81003.3,81144.3,473.9
2026-09-04 01:55:00,81144.2,81240.8,81144.2,81226.6,408.015
2026-09-04 02:00:00,81226.7,81422.0,81174.4,81405.0,1295.586
2026-09-04 02:05:00,81405.0,81611.5,81132.5,81246.2,3232.177
2026-09-04 02:10:00,81246.2,81272.5,81140.8,81168.0,763.558
2026-09-04 02:15:00,81168.0,81348.9,81133.0,81348.9,441.08
2026-09-04 02:20:00,81348.9,81579.2,81339.0,81493.8,1304.245
2026-09-04 02:25:00,81493.8,81527.3,81353.8,81503.9,605.842
2026-09-04 02:30:00,81503.9,81521.9,81339.7,81378.9,744.462
2026-09-04 02:35:00,81378.9,81486.9,81349.8,81481.5,423.488
2026-09-04 02:40:00,81481.5,81578.1,81450.7,81495.7,819.675
2026-09-04 02:45:00,81495.7,81600.0,81413.3,81420.4,925.941
2026-09-04 02:50:00,81420.4,81734.4,81420.4,81655.4,1581.354
2026-09-04 02:55:00,81655.4,81771.7,81626.6,81722.9,1895.05
2026-09-04 03:00:00,81722.8,81750.0,81357.7,81570.4,2215.172
2026-09-04 03:05:00,81570.5,81683.6,81492.5,81610.7,592.863
2026-09-04 03:10:00,81610.7,81610.8,81369.8,81378.2,1052.421
2026-09-04 03:15:00,81378.2,81510.3,81362.0,81430.6,505.051
2026-09-04 03:20:00,81430.5,81452.5,81350.0,81384.9,325.415
2026-09-04 03:25:00,81385.0,81562.2,81350.2,81496.8,389.993
2026-09-04 03:30:00,81496.8,81542.5,81414.1,81423.0,259.657
2026-09-04 03:35:00,81423.0,81607.9,81367.3,81532.9,455.544
2026-09-04 03:40:00,81532.9,81533.0,81425.7,81431.5,279.708
2026-09-04 03:45:00,81431.6,81533.7,81386.6,81495.8,316.891
2026-09-04 03:50:00,81495.9,81547.5,81392.8,81415.0,239.008
2026-09-04 03:55:00,81415.0,81463.4,81375.7,81420.2,441.549
2026-09-04 04:00:00,81420.2,81450.6,81305.4,81335.1,473.35
2026-09-04 04:05:00,81335.1,81369.2,81245.5,81348.2,658.318
2026-09-04 04:10:00,81348.3,81596.1,81340.4,81560.6,1584.475
2026-09-04 04:15:00,81560.7,81641.0,81481.1,81535.7,1256.257
2026-09-04 04:20:00,81535.6,81610.3,81465.7,81496.0,493.652
2026-09-04 04:25:00,81496.0,81754.1,81476.5,81729.4,831.029
2026-09-04 04:30:00,81729.4,82282.8,81729.3,82054.8,6190.219
2026-09-04 04:35:00,82054.8,82054.8,81605.1,81641.6,2385.617
2026-09-04 04:40:00,81641.7,81657.6,81472.4,81477.1,1287.127
2026-09-04 04:45:00,81477.1,81648.9,81371.3,81638.5,901.014
2026-09-04 04:50:00,81638.6,81721.5,81587.5,81703.1,475.111
2026-09-04 04:55:00,81703.2,81703.2,81532.4,81547.0,728.217
2026-09-04 05:00:00,81547.0,81570.0,81351.4,81516.8,937.098
2026-09-04 05:05:00,81516.8,81564.3,81380.0,81400.1,316.525
2026-09-04 05:10:00,81400.1,81400.1,81233.0,81346.0,1043.885
2026-09-04 05:15:00,81346.1,81372.3,81254.8,81259.9,418.562
2026-09-04 05:20:00,81259.9,81340.0,81207.8,81241.8,1136.563
2026-09-04 05:25:00,81241.8,81253.1,81080.8,81091.8,1213.522
2026-09-04 05:30:00,81091.8,81154.0,80861.1,80997.8,3111.361
2026-09-04 05:35:00,80997.8,81174.9,80971.3,81076.8,788.633
2026-09-04 05:40:00,81076.9,81208.7,81076.9,81158.3,639.363
2026-09-04 05:45:00,81158.3,81242.5,81115.4,81123.2,468.912
2026-09-04 05:50:00,81123.2,81192.6,81020.0,81091.2,801.713
2026-09-04 05:55:00,81091.2,81169.0,81067.2,81109.1,655.484
2026-09-04 06:00:00,81109.2,81160.0,81070.1,81160.0,449.103
2026-09-04 06:05:00,81160.0,81187.6,81135.1,81141.3,325.41
2026-09-04 06:10:00,81141.4,81187.3,81033.7,81138.8,1148.743
2026-09-04 06:15:00,81138.7,81246.0,81127.5,81192.7,419.385
2026-09-04 06:20:00,81192.6,81200.6,81150.0,81151.0,440.207
2026-09-04 06:25:00,81150.9,81264.3,81122.8,81258.5,321.025
2026-09-04 06:30:00,81258.5,81273.8,81078.4,81160.3,812.761
2026-09-04 06:35:00,81160.3,81299.9,81144.0,81284.9,589.989
2026-09-04 06:40:00,81285.0,81310.4,81155.1,81198.7,683.379
2026-09-04 06:45:00,81198.6,81225.3,81142.5,81192.3,162.91
2026-09-04 06:50:00,81192.4,81309.7,81192.4,81251.7,731.026
2026-09-04 06:55:00,81251.7,81255.8,81201.9,81230.7,127.799
2026-09-04 07:00:00,81230.7,81237.5,81066.5,81132.9,837.348
2026-09-04 07:05:00,81132.9,81196.0,81049.0,81187.9,688.755
2026-09-04 07:10:00,81187.9,81230.0,81122.9,81222.1,275.808
2026-09-04 07:15:00,81222.1,81328.7,81109.2,81165.6,1142.068
2026-09-04 07:20:00,81165.6,81282.2,81127.2,81223.5,312.003
2026-09-04 07:25:00,81223.5,81226.4,81112.8,81115.0,255.402
2026-09-04 07:30:00,81115.0,81277.9,81108.1,81277.8,396.539
2026-09-04 07:35:00,81277.8,81353.0,81267.6,81353.0,635.48
2026-09-04 07:40:00,81353.0,81393.8,81063.7,81197.6,2157.002
2026-09-04 07:45:00,81197.6,81213.7,81044.5,81097.5,1535.052
2026-09-04 07:50:00,81097.6,81110.0,80938.5,81000.0,1606.617
2026-09-04 07:55:00,80999.9,81013.3,80921.1,80936.9,551.785
2026-09-04 08:00:00,80936.9,81046.1,80889.9,80892.8,672.165
2026-09-04 08:05:00,80892.8,81064.0,80863.5,81003.0,604.3
2026-09-04 08:10:00,81003.1,81037.0,80870.5,80899.4,568.225
2026-09-04 08:15:00,80899.5,80996.3,80870.0,80870.9,522.067
2026-09-04 08:20:00,80870.9,80959.9,80726.5,80761.9,819.89
2026-09-04 08:25:00,80761.9,80871.5,80745.4,80796.6,522.809
2026-09-04 08:30:00,80796.6,80899.8,80750.3,80768.7,470.944
2026-09-04 08:35:00,80768.7,80885.8,80752.6,80796.0,438.834
2026-09-04 08:40:00,80795.9,80805.6,80719.9,80751.6,465.853
2026-09-04 08:45:00,80751.5,80878.5,80741.6,80828.0,465.274
2026-09-04 08:50:00,80828.1,80956.0,80828.0,80935.3,336.173
2026-09-04 08:55:00,80935.2,80997.6,80903.5,80935.3,377.886
2026-09-04 09:00:00,80935.3,80935.4,80761.4,80786.8,411.366
2026-09-04 09:05:00,80786.8,80847.0,80739.7,80767.7,357.346
2026-09-04 09:10:00,80767.6,80787.7,80744.9,80764.1,189.373
2026-09-04 09:15:00,80764.2,80849.7,80705.9,80727.2,493.732
2026-09-04 09:20:00,80727.2,80727.3,80655.0,80655.1,491.117
2026-09-04 09:25:00,80655.1,80694.5,80652.0,80689.4,342.581
2026-09-04 09:30:00,80689.3,80778.7,80689.3,80725.5,543.535
2026-09-04 09:35:00,80725.5,80814.7,80640.1,80814.7,561.597
2026-09-04 09:40:00,80814.6,80814.7,80701.0,80701.0,155.608
2026-09-04 09:45:00,80701.0,80701.1,80614.0,80634.9,557.992
2026-09-04 09:50:00,80634.9,80729.7,80634.9,80729.7,523.599
2026-09-04 09:55:00,80729.6,80804.5,80729.6,80800.0,531.412
2026-09-04 10:00:00,80800.0,80924.8,80799.9,80845.8,1025.272
2026-09-04 10:05:00,80845.9,81016.2,80845.7,80933.2,1220.962
2026-09-04 10:10:00,80933.1,80933.2,80847.0,80902.1,405.369
2026-09-04 10:15:00,80902.1,80914.7,80861.0,80881.5,286.392
2026-09-04 10:20:00,80881.4,80919.9,80866.2,80889.2,213.986
2026-09-04 10:25:00,80889.2,80889.2,80802.2,80802.2,265.286
2026-09-04 10:30:00,80802.3,80838.0,80781.6,80784.0,184.514
2026-09-04 10:35:00,80783.9,80850.0,80761.3,80809.4,316.799
2026-09-04 10:40:00,80809.3,80850.1,80778.9,80850.0,361.94
2026-09-04 10:45:00,80850.1,80940.0,80820.3,80899.9,323.719
2026-09-04 10:50:00,80899.9,80912.0,80860.7,80900.0,177.915
2026-09-04 10:55:00,80900.0,80900.1,80808.0,80808.0,294.591
2026-09-04 11:00:00,80808.1,80820.0,80776.1,80820.0,271.308
2026-09-04 11:05:00,80819.9,80852.0,80819.9,80829.8,124.678
2026-09-04 11:10:00,80829.9,80940.8,80816.7,80932.7,157.458
2026-09-04 11:15:00,80932.6,81050.0,80920.0,81049.5,675.967
2026-09-04 11:20:00,81049.6,81177.1,81049.5,81177.1,882.729
2026-09-04 11:25:00,81177.4,81267.6,81120.0,81227.1,982.873
2026-09-04 11:30:00,81227.1,81246.0,81131.3,81146.8,1051.206
2026-09-04 11:35:00,81146.7,81150.0,80997.6,81008.8,646.5
2026-09-04 11:40:00,81008.7,81072.3,80988.1,81005.0,378.796
2026-09-04 11:45:00,81005.0,81093.5,80988.0,81012.7,274.542
2026-09-04 11:50:00,81012.7,81071.5,80992.8,81031.5,233.423
2026-09-04 11:55:00,81031.5,81111.0,81017.2,81040.4,188.7
2026-09-04 12:00:00,81040.4,81040.4,80934.6,80968.5,596.464
2026-09-04 12:05:00,80968.5,81041.0,80950.0,81019.9,400.594
2026-09-04 12:10:00,81020.0,81031.3,80938.0,80938.0,151.316
2026-09-04 12:15:00,80938.0,81121.5,80899.0,81073.1,846.851
2026-09-04 12:20:00,81073.2,81100.0,80990.8,81092.0,311.3
2026-09-04 12:25:00,81092.1,81106.4,80979.9,80979.9,285.218
2026-09-04 12:30:00,80979.9,80979.9,80862.2,80956.4,609.681
2026-09-04 12:35:00,80956.3,80982.0,80880.0,80880.0,238.449
2026-09-04 12:40:00,80880.1,80950.0,80880.0,80949.9,115.483
2026-09-04 12:45:00,80950.0,81030.1,80847.9,80856.1,638.733
2026-09-04 12:50:00,80856.1,80862.0,80818.0,80818.0,243.866
2026-09-04 12:55:00,80818.0,81000.8,80818.0,80952.8,303.13
2026-09-04 13:00:00,80952.7,80954.6,80865.8,80907.7,313.11
2026-09-04 13:05:00,80907.7,80992.5,80883.5,80992.5,292.938
2026-09-04 13:10:00,80990.3,81060.9,80980.0,80980.1,378.463
2026-09-04 13:15:00,80980.0,81000.0,80921.0,80946.8,119.95
2026-09-04 13:20:00,80946.7,80946.7,80802.3,80805.0,219.928
2026-09-04 13:25:00,80805.0,80810.0,80659.8,80689.0,1007.839
2026-09-04 13:30:00,80689.0,80739.8,80656.0,80656.1,337.07
2026-09-04 13:35:00,80656.0,80726.6,80538.6,80709.7,1153.581
2026-09-04 13:40:00,80709.7,80819.4,80709.6,80809.2,460.358
2026-09-04 13:45:00,80809.2,80827.4,80715.3,80727.9,271.893
2026-09-04 13:50:00,80728.0,80749.1,80665.2,80749.0,234.582
2026-09-04 13:55:00,80749.1,80771.9,80713.3,80763.9,182.233
2026-09-04 14:00:00,80763.9,80862.4,80749.5,80862.4,383.749
2026-09-04 14:05:00,80862.4,80900.0,80826.9,80883.0,295.554
2026-09-04 14:10:00,80883.0,80935.2,80870.8,80899.8,259.273
2026-09-04 14:15:00,80899.8,80899.9,80811.9,80891.9,242.956
2026-09-04 14:20:00,80892.0,80940.1,80810.6,80819.0,290.636
2026-09-04 14:25:00,80819.1,80866.2,80810.6,80823.8,120.015
2026-09-04 14:30:00,80823.8,80879.2,80806.7,80820.8,437.659
2026-09-04 14:35:00,80820.8,80820.9,80712.6,80749.2,483.552
2026-09-04 14:40:00,80749.3,80778.0,80730.6,80741.7,341.318
2026-09-04 14:45:00,80741.6,80757.6,80686.2,80713.4,551.895
2026-09-04 14:50:00,80713.3,80725.8,80662.8,80662.8,481.315
2026-09-04 14:55:00,80662.9,80683.6,80611.8,80628.0,581.393
2026-09-04 15:00:00,80628.0,80686.8,80597.6,80607.9,513.81
2026-09-04 15:05:00,80607.9,80702.9,80458.0,80679.1,1394.743
2026-09-04 15:10:00,80679.1,80753.5,80671.1,80749.8,492.647
2026-09-04 15:15:00,80749.7,80847.0,80742.6,80846.9,655.006
2026-09-04 15:20:00,80847.0,80894.8,80819.4,80892.2,335.685
2026-09-04 15:25:00,80892.1,80969.8,80888.0,80947.1,596.571
2026-09-04 15:30:00,80947.1,81125.0,80930.0,81072.1,2001.382
2026-09-04 15:35:00,81072.1,81130.5,81023.5,81064.2,1587.125
2026-09-04 15:40:00,81064.2,81124.8,81000.0,81011.9,1057.605
2026-09-04 15:45:00,81011.8,81200.0,80961.2,81081.5,1028.64
2026-09-04 15:50:00,81081.4,81211.1,81060.8,81185.0,800.657
2026-09-04 15:55:00,81185.0,81185.1,81080.0,81113.6,411.434
2026-09-04 16:00:00,81113.6,81206.1,81087.9,81139.9,501.238
2026-09-04 16:05:00,81140.0,81162.9,81062.0,81089.8,466.064
2026-09-04 16:10:00,81089.8,81129.7,81041.7,81049.9,487.053
2026-09-04 16:15:00,81049.9,81288.7,81049.8,81148.4,1010.812
2026-09-04 16:20:00,81148.4,81161.9,80914.3,80937.0,956.731
2026-09-04 16:25:00,80937.0,81022.5,80890.3,81000.0,382.138
2026-09-04 16:30:00,81000.1,81119.7,80950.9,81050.1,493.643
2026-09-04 16:35:00,81050.0,81186.0,80986.7,81139.5,454.681
2026-09-04 16:40:00,81139.5,81188.0,81112.3,81131.5,228.112
2026-09-04 16:45:00,81131.6,81182.1,81026.3,81058.6,353.573
2026-09-04 16:50:00,81058.6,81087.4,80985.4,81072.0,467.047
2026-09-04 16:55:00,81072.1,81147.8,80993.1,81018.0,352.57
2026-09-04 17:00:00,81018.0,81091.9,80934.0,81081.2,361.18
2026-09-04 17:05:00,81081.2,81081.2,80876.0,80886.3,549.976
2026-09-04 17:10:00,80886.4,80977.3,80843.4,80929.7,450.54
2026-09-04 17:15:00,80929.7,80940.3,80791.9,80809.6,473.293
2026-09-04 17:20:00,80809.7,80857.2,80790.9,80822.5,335.111
2026-09-04 17:25:00,80822.0,80933.0,80806.7,80925.1,509.869
2026-09-04 17:30:00,80925.1,81013.7,80866.7,80930.0,412.298
2026-09-04 17:35:00,80930.0,81061.6,80930.0,81058.5,275.421
2026-09-04 17:40:00,81058.6,81083.4,80992.3,81039.5,275.569
2026-09-04 17:45:00,81039.6,81078.0,81000.0,81043.7,244.744
2026-09-04 17:50:00,81043.6,81074.2,80978.8,81074.1,270.853
2026-09-04 17:55:00,81074.2,81168.0,81066.4,81150.0,461.695
2026-09-04 18:00:00,81150.0,81155.5,81041.2,81074.1,380.147
2026-09-04 18:05:00,81074.0,81150.0,81074.0,81140.0,332.327
2026-09-04 18:10:00,81139.9,81190.9,81090.6,81156.7,457.79
2026-09-04 18:15:00,81157.4,81198.7,81087.5,81146.7,327.977
2026-09-04 18:20:00,81146.7,81250.0,81146.6,81240.0,547.184
2026-09-04 18:25:00,81240.0,81377.7,81229.1,81298.1,874.151
2026-09-04 18:30:00,81298.1,81298.2,81208.0,81208.0,414.015
2026-09-04 18:35:00,81208.0,81295.0,81208.0,81252.1,267.591
2026-09-04 18:40:00,81252.0,81252.1,81160.0,81214.7,243.445
2026-09-04 18:45:00,81214.6,81251.6,81163.5,81221.6,414.441
2026-09-04 18:50:00,81221.7,81320.0,81203.4,81240.2,288.517
2026-09-04 18:55:00,81240.1,81287.8,81166.6,81188.0,492.309
2026-09-04 19:00:00,81188.0,81233.4,81106.4,81163.9,469.849
2026-09-04 19:05:00,81163.9,81246.6,81089.0,81177.6,751.558
2026-09-04 19:10:00,81177.6,81235.9,81100.5,81215.0,348.545
2026-09-04 19:15:00,81214.9,81215.0,81088.8,81136.4,415.308
2026-09-04 19:20:00,81136.5,81183.0,81093.4,81178.9,263.755
2026-09-04 19:25:00,81178.9,81324.2,81158.0,81300.0,796.335
2026-09-04 19:30:00,81299.9,81299.9,79605.0,79803.7,22183.637
2026-09-04 19:35:00,79803.8,79950.1,79361.1,79915.4,7858.904
2026-09-04 19:40:00,79915.5,80084.0,79653.0,79653.0,3443.232
2026-09-04 19:45:00,79652.8,79664.6,79126.0,79413.6,7109.39
2026-09-04 19:50:00,79413.6,79631.0,79300.0,79583.9,2656.558
2026-09-04 19:55:00,79583.9,79583.9,79282.9,79423.8,1726.327
2026-09-04 20:00:00,79423.9,79546.3,79346.0,79383.6,1493.241
2026-09-04 20:05:00,79383.5,79439.1,79139.6,79258.3,2170.137
2026-09-04 20:10:00,79258.4,79320.0,79164.1,79199.9,1075.529
2026-09-04 20:15:00,79199.9,79377.6,79170.0,79310.8,953.11
2026-09-04 20:20:00,79310.9,79422.0,79284.0,79377.6,853.026
2026-09-04 20:25:00,79377.5,79457.3,79220.0,79278.4,1032.246
2026-09-04 20:30:00,79278.5,79513.2,79156.1,79231.8,1870.393
2026-09-04 20:35:00,79231.7,79397.9,78913.4,79313.9,3733.806
2026-09-04 20:40:00,79313.8,79407.8,79228.0,79371.7,1316.648
2026-09-04 20:45:00,79371.6,79670.0,79288.0,79629.3,2525.648
2026-09-04 20:50:00,79629.3,79634.7,79193.1,79260.5,2730.176
2026-09-04 20:55:00,79260.5,79481.6,79255.7,79342.9,822.968
2026-09-04 21:00:00,79342.8,79545.7,79312.5,79441.9,776.964
2026-09-04 21:05:00,79442.0,79504.0,79202.1,79245.2,1145.051
2026-09-04 21:10:00,79245.2,79447.3,79216.7,79384.5,988.196
2026-09-04 21:15:00,79384.5,79476.1,79141.0,79141.0,1067.289
2026-09-04 21:20:00,79140.9,79332.4,79055.0,79298.0,1253.345
2026-09-04 21:25:00,79298.0,79387.8,79269.3,79337.4,592.499
2026-09-04 21:30:00,79337.4,79387.7,79272.4,79366.0,656.226
2026-09-04 21:35:00,79366.0,79443.0,79216.4,79290.0,705.42
2026-09-04 21:40:00,79289.9,79293.4,78817.4,78999.3,2262.285
2026-09-04 21:45:00,78999.3,79112.9,78632.6,78666.4,4177.26
2026-09-04 21:50:00,78666.3,78887.5,78618.1,78779.6,1980.553
2026-09-04 21:55:00,78779.5,78977.4,78779.5,78874.0,1206.757
2026-09-04 22:00:00,78874.1,78990.0,78755.1,78961.8,892.173
2026-09-04 22:05:00,78961.9,79172.8,78911.8,79161.1,1456.514
2026-09-04 22:10:00,79161.1,79165.0,79050.0,79165.0,630.676
2026-09-04 22:15:00,79165.0,79261.5,79126.8,79209.5,906.329
2026-09-04 22:20:00,79209.4,79266.6,79176.7,79266.5,775.202
2026-09-04 22:25:00,79266.5,79388.0,79266.5,79374.3,1202.148
2026-09-04 22:30:00,79374.2,79400.8,79315.8,79329.1,670.404
2026-09-04 22:35:00,79329.2,79491.7,79329.1,79491.3,749.124
2026-09-04 22:40:00,79491.4,79499.3,79457.0,79485.8,581.596
2026-09-04 22:45:00,79485.8,79518.5,79342.0,79355.0,787.118
2026-09-04 22:50:00,79354.9,79457.5,79351.6,79399.9,329.921
2026-09-04 22:55:00,79400.0,79452.3,79359.1,79384.8,234.636
2026-09-04 23:00:00,79384.9,79442.3,79334.1,79371.0,387.16
2026-09-04 23:05:00,79371.0,79483.8,79364.2,79412.0,236.695
2026-09-04 23:10:00,79412.0,79468.5,79400.9,79407.3,366.891
2026-09-04 23:15:00,79407.3,79467.9,79395.3,79427.6,268.851
2026-09-04 23:20:00,79427.6,79486.9,79421.0,79476.8,364.886
2026-09-04 23:25:00,79476.9,79540.0,79448.2,79508.0,409.003
2026-09-04 23:30:00,79508.0,79800.0,79500.0,79711.7,1892.819
2026-09-04 23:35:00,79711.8,79782.1,79644.7,79661.2,1057.421
2026-09-04 23:40:00,79661.2,79834.4,79661.2,79806.7,720.108
2026-09-04 23:45:00,79806.8,79811.9,79704.6,79751.9,428.263
2026-09-04 23:50:00,79751.9,79838.1,79681.6,79703.7,556.41
2026-09-04 23:55:00,79703.7,79776.0,79700.8,79709.2,336.368
2026-09-05 00:00:00,79709.2,79718.2,79610.0,79644.1,784.563
2026-09-05 00:05:00,79644.2,79686.9,79634.6,79651.7,507.949
2026-09-05 00:10:00,79651.7,79675.5,79580.0,79580.3,504.863
2026-09-05 00:15:00,79580.3,79599.3,79467.9,79556.1,733.821
2026-09-05 00:20:00,79556.1,79618.8,79533.0,79556.1,278.893
2026-09-05 00:25:00,79556.0,79560.0,79473.1,79473.1,269.465
2026-09-05 00:30:00,79473.2,79536.0,79470.0,79474.5,214.306
2026-09-05 00:35:00,79474.6,79550.0,79426.4,79531.3,445.332
2026-09-05 00:40:00,79531.3,79531.4,79390.0,79444.2,325.677
2026-09-05 00:45:00,79444.1,79479.9,79400.0,79445.1,183.19
2026-09-05 00:50:00,79445.0,79445.0,79347.9,79429.9,482.467
2026-09-05 00:55:00,79430.0,79486.8,79416.5,79430.1,303.427
2026-09-05 01:00:00,79430.0,79544.7,79430.0,79517.0,325.379
2026-09-05 01:05:00,79517.0,79563.6,79489.5,79563.6,228.124
2026-09-05 01:10:00,79563.6,79563.6,79473.0,79483.4,187.963
2026-09-05 01:15:00,79483.5,79550.0,79483.4,79548.0,155.938
2026-09-05 01:20:00,79548.0,79587.0,79526.4,79541.3,183.325
2026-09-05 01:25:00,79541.3,79550.5,79493.3,79502.4,102.719
2026-09-05 01:30:00,79502.5,79603.1,79502.5,79597.5,288.145
2026-09-05 01:35:00,79597.4,79597.4,79497.0,79536.3,150.121
2026-09-05 01:40:00,79536.2,79622.3,79536.2,79600.1,168.785
2026-09-05 01:45:00,79600.0,79600.1,79560.8,79560.8,106.451
2026-09-05 01:50:00,79560.8,79600.0,79554.0,79589.7,75.28
2026-09-05 01:55:00,79589.6,79632.0,79555.2,79576.1,451.174
2026-09-05 02:00:00,79576.1,79690.0,79576.1,79677.0,373.622
2026-09-05 02:05:00,79677.0,79699.9,79661.6,79693.3,265.167
2026-09-05 02:10:00,79693.3,79693.4,79624.0,79666.7,170.624
2026-09-05 02:15:00,79666.7,79757.5,79654.0,79757.2,376.63
2026-09-05 02:20:00,79757.2,79768.6,79731.6,79768.6,187.939
2026-09-05 02:25:00,79768.5,79776.1,79747.6,79764.0,209.048
2026-09-05 02:30:00,79764.0,79764.0,79663.0,79713.9,166.628
2026-09-05 02:35:00,79713.9,79714.0,79592.3,79616.2,315.275
2026-09-05 02:40:00,79616.2,79655.4,79594.6,79647.8,204.238
2026-09-05 02:45:00,79647.8,79701.4,79623.2,79697.4,191.367
2026-09-05 02:50:00,79697.4,79701.4,79595.3,79644.2,343.15
2026-09-05 02:55:00,79644.2,79776.0,79644.2,79754.7,604.752
2026-09-05 03:00:00,79754.8,79823.4,79723.2,79792.0,420.71
2026-09-05 03:05:00,79792.0,79797.2,79722.5,79771.9,211.374
2026-09-05 03:10:00,79771.9,79825.5,79751.5,79772.3,146.005
2026-09-05 03:15:00,79772.4,79799.6,79759.9,79792.3,133.995
2026-09-05 03:20:00,79792.3,79800.0,79707.7,79707.9,198.992
2026-09-05 03:25:00,79707.9,79733.0,79704.2,79721.1,75.847
2026-09-05 03:30:00,79721.2,79736.3,79684.2,79692.6,156.82
2026-09-05 03:35:00,79692.5,79734.4,79685.3,79689.9,173.921
2026-09-05 03:40:00,79690.0,79700.0,79657.1,79677.4,259.719
2026-09-05 03:45:00,79677.4,79728.4,79657.1,79709.5,289.454
2026-09-05 03:50:00,79709.4,79709.5,79623.9,79684.8,141.851
2026-09-05 03:55:00,79684.8,79693.9,79632.2,79656.2,318.262
2026-09-05 04:00:00,79656.3,79702.2,79653.0,79702.1,359.034
2026-09-05 04:05:00,79702.2,79743.2,79702.1,79730.8,82.515
2026-09-05 04:10:00,79730.7,79754.0,79727.7,79727.7,64.703
2026-09-05 04:15:00,79727.7,79765.0,79727.7,79756.0,65.122
2026-09-05 04:20:00,79756.1,79765.0,79732.8,79732.8,95.182
2026-09-05 04:25:00,79732.8,79743.9,79692.4,79730.7,280.091
2026-09-05 04:30:00,79730.6,79762.6,79728.4,79746.7,130.109
2026-09-05 04:35:00,79746.6,79765.3,79741.1,79741.2,74.749
2026-09-05 04:40:00,79741.2,79770.8,79702.2,79740.0,397.073
2026-09-05 04:45:00,79740.7,79768.7,79664.2,79681.5,257.155
2026-09-05 04:50:00,79681.9,79704.3,79460.9,79588.3,751.652
2026-09-05 04:55:00,79588.3,79617.2,79499.9,79584.7,478.919
2026-09-05 05:00:00,79584.8,79640.8,79584.7,79620.0,98.475
2026-09-05 05:05:00,79620.1,79620.1,79600.0,79615.9,67.664
2026-09-05 05:10:00,79615.9,79647.9,79577.7,79647.9,298.903
2026-09-05 05:15:00,79647.8,79666.0,79614.0,79657.1,123.14
2026-09-05 05:20:00,79657.2,79666.0,79629.8,79630.1,65.165
2026-09-05 05:25:00,79630.1,79664.5,79585.4,79664.5,372.324
2026-09-05 05:30:00,79664.5,79679.9,79635.2,79635.2,207.664
2026-09-05 05:35:00,79635.2,79662.0,79633.2,79662.0,85.795
2026-09-05 05:40:00,79662.0,79677.4,79613.3,79613.3,177.176
2026-09-05 05:45:00,79613.3,79645.1,79577.5,79620.8,226.08
2026-09-05 05:50:00,79620.8,79624.2,79594.5,79615.0,68.973
2026-09-05 05:55:00,79615.0,79615.0,79580.2,79600.3,68.033
2026-09-05 06:00:00,79600.3,79600.4,79544.0,79598.2,136.982
2026-09-05 06:05:00,79598.2,79608.4,79597.2,79607.2,44.941
2026-09-05 06:10:00,79607.2,79607.2,79562.3,79567.8,132.615
2026-09-05 06:15:00,79567.8,79601.6,79567.8,79598.2,152.407
2026-09-05 06:20:00,79598.3,79667.0,79598.3,79667.0,172.264
2026-09-05 06:25:00,79666.9,79723.5,79656.9,79690.1,194.389
2026-09-05 06:30:00,79690.0,79690.1,79637.7,79637.7,50.514
2026-09-05 06:35:00,79637.7,79645.8,79628.4,79628.5,39.728
2026-09-05 06:40:00,79628.5,79628.5,79622.9,79623.0,25.097
2026-09-05 06:45:00,79623.0,79623.8,79606.4,79606.5,42.234
2026-09-05 06:50:00,79606.5,79612.0,79574.1,79579.4,133.792
2026-09-05 06:55:00,79579.5,79620.0,79579.4,79616.1,162.895
2026-09-05 07:00:00,79616.2,79616.4,79593.3,79601.0,134.572
2026-09-05 07:05:00,79601.1,79610.4,79570.3,79610.3,131.048
2026-09-05 07:10:00,79610.4,79682.9,79610.3,79629.2,211.649
2026-09-05 07:15:00,79629.3,79629.3,79555.1,79583.0,135.284
2026-09-05 07:20:00,79582.9,79597.1,79582.9,79590.0,48.45
2026-09-05 07:25:00,79590.0,79617.4,79590.0,79610.0,71.388
2026-09-05 07:30:00,79610.0,79658.2,79603.3,79618.5,105.612
2026-09-05 07:35:00,79618.5,79618.5,79589.4,79608.5,77.759
2026-09-05 07:40:00,79608.5,79651.9,79583.9,79591.7,171.162
2026-09-05 07:45:00,79591.7,79591.7,79534.6,79561.6,215.18
2026-09-05 07:50:00,79561.6,79612.0,79561.5,79596.9,101.358
2026-09-05 07:55:00,79597.0,79611.1,79518.3,79542.7,201.097
2026-09-05 08:00:00,79542.7,79571.5,79516.2,79570.7,169.137
2026-09-05 08:05:00,79570.7,79608.6,79559.7,79608.5,90.344
2026-09-05 08:10:00,79608.6,79647.0,79586.9,79587.0,165.988
2026-09-05 08:15:00,79587.0,79655.0,79586.9,79655.0,124.808
2026-09-05 08:20:00,79655.0,79655.0,79600.6,79644.3,66.418
2026-09-05 08:25:00,79644.4,79661.3,79564.4,79649.4,265.736
2026-09-05 08:30:00,79649.5,79675.1,79628.5,79637.5,79.181
2026-09-05 08:35:00,79637.4,79637.5,79564.2,79587.2,145.294
2026-09-05 08:40:00,79587.2,79647.4,79573.0,79600.7,209.722
2026-09-05 08:45:00,79600.6,79629.8,79537.1,79558.1,211.462
2026-09-05 08:50:00,79558.2,79565.5,79509.6,79551.5,226.275
2026-09-05 08:55:00,79551.5,79551.6,79492.0,79492.1,517.558
2026-09-05 09:00:00,79492.1,79492.1,79435.4,79477.2,673.627
2026-09-05 09:05:00,79477.1,79518.2,79462.4,79518.2,104.439
2026-09-05 09:10:00,79518.2,79544.6,79516.7,79524.9,80.409
2026-09-05 09:15:00,79524.8,79544.6,79523.8,79544.6,46.191
2026-09-05 09:20:00,79544.5,79553.0,79518.2,79552.9,114.834
2026-09-05 09:25:00,79552.9,79560.0,79471.8,79485.2,144.382
2026-09-05 09:30:00,79485.2,79535.7,79485.2,79535.7,137.286
2026-09-05 09:35:00,79535.6,79571.9,79513.2,79550.7,52.874
2026-09-05 09:40:00,79550.8,79584.1,79550.7,79574.6,41.167
2026-09-05 09:45:00,79574.6,79574.7,79526.5,79527.0,62.105
2026-09-05 09:50:00,79527.0,79527.1,79491.9,79526.4,60.257
2026-09-05 09:55:00,79526.4,79539.5,79526.3,79530.0,46.278
2026-09-05 10:00:00,79530.1,79530.1,79506.3,79518.3,31.09
2026-09-05 10:05:00,79518.2,79518.3,79480.0,79480.0,61.302
2026-09-05 10:10:00,79480.1,79514.7,79474.3,79514.6,87.648
2026-09-05 10:15:00,79514.6,79578.3,79514.6,79556.1,110.883
2026-09-05 10:20:00,79556.0,79567.5,79524.2,79567.5,64.79
2026-09-05 10:25:00,79567.4,79567.4,79542.1,79542.1,35.467
2026-09-05 10:30:00,79542.2,79572.0,79542.1,79560.6,66.314
2026-09-05 10:35:00,79560.5,79589.5,79560.5,79573.1,85.752
2026-09-05 10:40:00,79573.2,79583.1,79568.7,79583.0,40.821
2026-09-05 10:45:00,79583.1,79589.5,79576.5,79580.5,39.165
2026-09-05 10:50:00,79580.5,79580.6,79548.9,79557.4,95.937
2026-09-05 10:55:00,79557.3,79557.4,79538.6,79543.9,58.023
2026-09-05 11:00:00,79543.9,79551.0,79495.2,79540.5,219.247
2026-09-05 11:05:00,79540.6,79553.6,79505.8,79511.0,67.818
2026-09-05 11:10:00,79511.1,79511.1,79458.8,79498.1,224.972
2026-09-05 11:15:00,79498.2,79533.3,79498.1,79521.5,50.076
2026-09-05 11:20:00,79521.6,79535.2,79521.5,79527.5,20.019
2026-09-05 11:25:00,79527.6,79530.8,79514.3,79514.3,25.691
2026-09-05 11:30:00,79514.3,79514.4,79499.3,79514.4,48.893
2026-09-05 11:35:00,79514.3,79514.4,79488.5,79488.6,34.825
2026-09-05 11:40:00,79488.6,79497.3,79485.0,79497.2,64.646
2026-09-05 11:45:00,79497.2,79520.0,79460.0,79519.9,145.58
2026-09-05 11:50:00,79520.0,79520.0,79470.0,79507.7,129.409
2026-09-05 11:55:00,79507.8,79507.8,79460.0,79460.0,140.748
2026-09-05 12:00:00,79460.0,79467.9,79405.2,79432.3,189.089
2026-09-05 12:05:00,79432.3,79446.4,79408.8,79432.1,175.988
2026-09-05 12:10:00,79432.1,79524.8,79432.1,79519.9,177.759
2026-09-05 12:15:00,79519.9,79529.0,79486.9,79506.4,192.463
2026-09-05 12:20:00,79506.5,79526.6,79480.0,79498.2,124.983
2026-09-05 12:25:00,79498.3,79550.0,79490.8,79550.0,157.468
2026-09-05 12:30:00,79550.0,79564.1,79549.8,79558.4,85.459
2026-09-05 12:35:00,79558.4,79558.4,79535.5,79535.6,30.177
2026-09-05 12:40:00,79535.5,79551.0,79468.1,79480.6,152.145
2026-09-05 12:45:00,79480.6,79492.1,79447.9,79459.9,105.321
2026-09-05 12:50:00,79459.9,79539.0,79459.9,79539.0,154.695
2026-09-05 12:55:00,79539.0,79560.0,79538.9,79540.0,79.862
2026-09-05 13:00:00,79540.1,79566.2,79534.1,79566.2,76.058
2026-09-05 13:05:00,79566.2,79592.2,79537.1,79547.4,131.412
2026-09-05 13:10:00,79547.5,79599.8,79547.4,79585.2,144.69
2026-09-05 13:15:00,79585.3,79591.0,79573.2,79582.4,74.835
2026-09-05 13:20:00,79582.4,79600.0,79582.3,79587.5,52.751
2026-09-05 13:25:00,79587.4,79606.0,79569.2,79602.5,254.324
2026-09-05 13:30:00,79602.5,79606.0,79585.9,79585.9,101.603
2026-09-05 13:35:00,79585.9,79676.9,79585.9,79676.8,416.155
2026-09-05 13:40:00,79676.9,79676.9,79622.6,79622.6,186.02
2026-09-05 13:45:00,79622.7,79629.5,79622.6,79622.6,58.372
2026-09-05 13:50:00,79622.7,79622.7,79616.9,79616.9,30.438
2026-09-05 13:55:00,79616.9,79646.5,79603.0,79603.0,295.443
2026-09-05 14:00:00,79603.0,79648.0,79600.0,79643.4,68.649
2026-09-05 14:05:00,79643.4,79650.0,79624.1,79624.2,93.374
2026-09-05 14:10:00,79624.2,79656.6,79624.1,79647.9,94.083
2026-09-05 14:15:00,79647.9,79668.1,79631.1,79631.1,132.384
2026-09-05 14:20:00,79631.2,79662.8,79631.1,79662.8,48.206
2026-09-05 14:25:00,79662.7,79680.0,79659.4,79679.7,88.868
2026-09-05 14:30:00,79679.7,79708.3,79666.8,79704.6,200.055
2026-09-05 14:35:00,79704.6,79704.8,79689.9,79690.0,124.166
2026-09-05 14:40:00,79689.9,79690.0,79660.6,79685.6,173.949
2026-09-05 14:45:00,79685.6,79722.1,79685.5,79685.6,158.404
2026-09-05 14:50:00,79685.7,79701.2,79685.6,79686.1,114.966
2026-09-05 14:55:00,79686.0,79686.1,79652.6,79673.0,159.315
2026-09-05 15:00:00,79673.0,79673.1,79600.6,79605.1,177.091
2026-09-05 15:05:00,79605.1,79619.9,79591.5,79610.1,109.209
2026-09-05 15:10:00,79610.1,79665.8,79610.1,79616.6,135.705
2026-09-05 15:15:00,79616.6,79684.7,79616.6,79621.4,165.994
2026-09-05 15:20:00,79621.3,79639.3,79604.7,79604.8,115.022
2026-09-05 15:25:00,79604.7,79613.4,79567.9,79603.5,128.474
2026-09-05 15:30:00,79603.5,79603.5,79520.0,79529.4,181.331
2026-09-05 15:35:00,79529.4,79600.0,79529.4,79573.8,92.036
2026-09-05 15:40:00,79573.9,79581.8,79573.8,79581.7,53.466
2026-09-05 15:45:00,79581.7,79581.8,79561.6,79561.7,79.145
2026-09-05 15:50:00,79561.6,79593.0,79561.6,79591.7,84.037
2026-09-05 15:55:00,79591.7,79632.6,79591.6,79617.5,107.685
2026-09-05 16:00:00,79617.5,79714.5,79613.6,79658.9,313.814
2026-09-05 16:05:00,79658.9,79677.8,79658.9,79666.2,103.42
2026-09-05 16:10:00,79666.2,79698.1,79666.2,79688.6,106.053
2026-09-05 16:15:00,79688.6,79688.6,79660.0,79662.6,86.192
2026-09-05 16:20:00,79662.6,79688.3,79660.2,79662.3,136.422
2026-09-05 16:25:00,79662.2,79662.3,79662.2,79662.3,43.601
2026-09-05 16:30:00,79662.3,79670.0,79662.2,79666.0,66.372
2026-09-05 16:35:00,79665.9,79678.7,79655.3,79655.3,57.739
2026-09-05 16:40:00,79655.4,79655.6,79622.3,79655.6,125.904
2026-09-05 16:45:00,79655.5,79655.5,79603.0,79620.3,116.511
2026-09-05 16:50:00,79620.2,79631.1,79612.0,79612.0,105.174
2026-09-05 16:55:00,79612.0,79615.8,79570.8,79594.6,126.859
2026-09-05 17:00:00,79594.7,79607.2,79594.6,79607.2,54.109
2026-09-05 17:05:00,79607.1,79607.2,79595.2,79596.7,64.473
2026-09-05 17:10:00,79596.6,79598.9,79581.6,79585.3,70.943
2026-09-05 17:15:00,79585.2,79597.3,79585.2,79597.2,67.945
2026-09-05 17:20:00,79597.2,79620.2,79575.8,79612.7,156.26
2026-09-05 17:25:00,79612.6,79630.2,79562.8,79581.8,348.238
2026-09-05 17:30:00,79581.8,79640.0,79581.8,79616.4,175.047
2026-09-05 17:35:00,79616.5,79621.9,79570.0,79584.5,86.332
2026-09-05 17:40:00,79584.5,79605.6,79551.9,79569.2,249.409
2026-09-05 17:45:00,79569.1,79573.0,79553.3,79553.4,68.274
2026-09-05 17:50:00,79553.4,79589.5,79553.3,79589.5,67.094
2026-09-05 17:55:00,79589.5,79626.2,79581.2,79581.2,257.2
2026-09-05 18:00:00,79581.3,79635.6,79581.2,79635.6,45.923
2026-09-05 18:05:00,79635.5,79639.2,79609.9,79619.9,138.318
2026-09-05 18:10:00,79619.9,79638.9,79590.0,79617.7,197.277
2026-09-05 18:15:00,79617.6,79617.7,79586.4,79586.5,34.44
2026-09-05 18:20:00,79586.4,79586.5,79586.4,79586.4,13.069
2026-09-05 18:25:00,79586.5,79590.4,79581.0,79588.3,81.672
2026-09-05 18:30:00,79588.3,79600.1,79588.2,79600.0,53.138
2026-09-05 18:35:00,79600.0,79600.0,79596.0,79596.0,26.597
2026-09-05 18:40:00,79596.0,79603.7,79562.7,79567.6,316.401
2026-09-05 18:45:00,79567.6,79608.9,79567.6,79608.9,84.663
2026-09-05 18:50:00,79608.8,79652.9,79593.7,79593.8,266.411
2026-09-05 18:55:00,79593.8,79600.7,79562.9,79577.4,184.129
2026-09-05 19:00:00,79577.5,79625.4,79575.6,79615.6,120.526
2026-09-05 19:05:00,79615.6,79639.3,79615.6,79638.2,55.688
2026-09-05 19:10:00,79638.2,79638.3,79621.6,79622.2,137.694
2026-09-05 19:15:00,79622.1,79622.4,79616.3,79616.3,34.951
2026-09-05 19:20:00,79616.4,79640.5,79616.3,79640.4,67.454
2026-09-05 19:25:00,79640.4,79644.8,79618.4,79618.4,157.48
2026-09-05 19:30:00,79618.4,79650.0,79572.8,79638.5,201.245
2026-09-05 19:35:00,79638.4,79674.0,79617.8,79673.9,179.286
2026-09-05 19:40:00,79674.0,79734.3,79673.6,79682.8,419.441
2026-09-05 19:45:00,79682.7,79720.0,79664.9,79693.2,204.265
2026-09-05 19:50:00,79693.2,79698.9,79673.3,79698.9,103.248
2026-09-05 19:55:00,79698.9,79723.8,79666.0,79666.0,308.983
2026-09-05 20:00:00,79666.0,79673.3,79643.0,79667.5,131.467
2026-09-05 20:05:00,79667.5,79672.4,79640.0,79640.0,76.134
2026-09-05 20:10:00,79640.0,79681.6,79622.8,79681.6,259.304
2026-09-05 20:15:00,79681.6,79691.2,79630.0,79657.6,182.251
2026-09-05 20:20:00,79657.7,79722.7,79657.6,79721.0,156.064
2026-09-05 20:25:00,79721.0,79721.1,79711.6,79712.1,72.914
2026-09-05 20:30:00,79712.1,79718.8,79672.5,79691.4,157.846
2026-09-05 20:35:00,79691.3,79691.3,79614.2,79616.2,140.53
2026-09-05 20:40:00,79616.3,79678.6,79601.6,79616.2,168.853
2026-09-05 20:45:00,79616.1,79650.3,79616.1,79650.2,64.955
2026-09-05 20:50:00,79650.3,79650.3,79500.0,79587.7,372.871
2026-09-05 20:55:00,79587.8,79590.4,79562.0,79573.9,111.983
2026-09-05 21:00:00,79573.8,79636.1,79573.8,79607.9,108.523
2026-09-05 21:05:00,79607.8,79645.8,79607.8,79645.8,57.888
2026-09-05 21:10:00,79645.8,79655.9,79630.6,79630.7,72.424
2026-09-05 21:15:00,79630.8,79640.5,79630.7,79637.7,30.23
2026-09-05 21:20:00,79637.7,79643.2,79630.0,79637.6,87.536
2026-09-05 21:25:00,79637.6,79696.7,79637.5,79685.9,121.979
2026-09-05 21:30:00,79685.9,79704.0,79685.8,79704.0,153.967
2026-09-05 21:35:00,79704.0,79708.2,79686.7,79695.0,65.164
2026-09-05 21:40:00,79695.0,79695.0,79651.2,79673.6,217.24
2026-09-05 21:45:00,79673.6,79703.4,79673.5,79690.1,104.147
2026-09-05 21:50:00,79690.0,79710.0,79684.8,79710.0,120.733
2026-09-05 21:55:00,79710.0,79719.9,79672.2,79672.3,139.422
2026-09-05 22:00:00,79672.2,79702.3,79672.2,79700.1,94.382
2026-09-05 22:05:00,79700.1,79730.0,79676.2,79678.7,153.122
2026-09-05 22:10:00,79678.6,79711.1,79672.1,79685.4,92.488
2026-09-05 22:15:00,79685.4,79685.5,79637.6,79649.7,98.064
2026-09-05 22:20:00,79649.7,79734.7,79649.7,79713.8,239.39
2026-09-05 22:25:00,79713.8,79734.7,79648.6,79653.0,206.508
2026-09-05 22:30:00,79652.9,79684.2,79652.9,79684.2,72.184
2026-09-05 22:35:00,79684.2,79699.5,79660.6,79699.4,73.403
2026-09-05 22:40:00,79699.5,79731.3,79686.9,79712.2,148.538
2026-09-05 22:45:00,79712.2,79727.7,79707.4,79714.6,67.803
2026-09-05 22:50:00,79714.6,79720.0,79694.8,79719.9,91.284
2026-09-05 22:55:00,79720.0,79783.6,79719.9,79760.2,351.063
2026-09-05 23:00:00,79760.2,79805.0,79752.8,79804.9,382.968
2026-09-05 23:05:00,79804.9,79805.0,79712.0,79746.4,194.153
2026-09-05 23:10:00,79746.4,79777.9,79717.4,79737.2,159.488
2026-09-05 23:15:00,79737.2,79769.7,79737.2,79769.7,124.488
2026-09-05 23:20:00,79769.7,79828.4,79769.6,79819.8,285.715
2026-09-05 23:25:00,79819.8,79871.8,79788.8,79854.2,445.39
2026-09-05 23:30:00,79854.2,79966.0,79854.1,79951.9,1076.959
2026-09-05 23:35:00,79952.0,79952.0,79881.4,79896.8,291.903
2026-09-05 23:40:00,79896.8,79919.0,79884.7,79894.5,234.886
2026-09-05 23:45:00,79894.5,79954.3,79888.0,79954.2,408.482
2026-09-05 23:50:00,79954.2,80076.2,79929.0,80065.2,872.453
2026-09-05 23:55:00,80065.2,80167.0,79974.2,80001.5,1474.604
2026-09-06 00:00:00,80001.5,80094.2,79971.4,79997.0,729.508
2026-09-06 00:05:00,79997.0,80121.0,79992.1,80070.1,358.872
2026-09-06 00:10:00,80070.1,80094.2,80023.8,80094.2,239.777
2026-09-06 00:15:00,80094.2,80119.8,79972.3,80005.8,601.014
2026-09-06 00:20:00,80005.9,80039.8,80005.8,80017.6,178.854
2026-09-06 00:25:00,80017.6,80040.0,79925.1,79993.7,282.361
2026-09-06 00:30:00,79993.7,80110.6,79993.7,80030.4,209.523
2026-09-06 00:35:00,80030.3,80039.9,79950.3,79950.3,288.866
2026-09-06 00:40:00,79950.3,80042.0,79950.0,80012.9,298.232
2026-09-06 00:45:00,80013.0,80054.5,79991.7,80017.9,243.39
2026-09-06 00:50:00,80018.0,80065.9,80010.0,80032.2,212.067
2026-09-06 00:55:00,80032.2,80050.0,79995.3,80030.0,416.693
2026-09-06 01:00:00,80030.1,80049.5,79978.6,79998.0,286.058
2026-09-06 01:05:00,79998.1,80052.9,79977.1,79977.1,128.867
2026-09-06 01:10:00,79977.1,79977.2,79936.2,79969.6,194.26
2026-09-06 01:15:00,79969.6,79993.6,79938.0,79989.6,157.362
2026-09-06 01:20:00,79989.5,79989.6,79951.4,79965.4,126.981
2026-09-06 01:25:00,79965.5,79968.1,79912.3,79915.9,168.308
2026-09-06 01:30:00,79916.0,80018.0,79915.9,79949.5,166.261
2026-09-06 01:35:00,79949.5,79961.6,79942.6,79943.3,38.172
2026-09-06 01:40:00,79943.4,79962.7,79896.1,79940.1,370.801
2026-09-06 01:45:00,79940.0,79940.1,79908.5,79910.9,104.902
2026-09-06 01:50:00,79910.9,79931.2,79892.6,79919.0,106.256
2026-09-06 01:55:00,79919.0,79968.9,79918.9,79959.2,165.847
2026-09-06 02:00:00,79959.2,79959.2,79891.0,79897.8,100.977
2026-09-06 02:05:00,79897.8,79928.9,79897.7,79913.8,72.849
2026-09-06 02:10:00,79913.7,79936.0,79900.0,79901.5,108.773
2026-09-06 02:15:00,79901.6,79930.0,79898.0,79898.0,84.221
2026-09-06 02:20:00,79898.1,79923.8,79859.5,79923.7,87.25
2026-09-06 02:25:00,79923.8,79950.0,79923.7,79925.2,69.768
2026-09-06 02:30:00,79925.1,79935.0,79740.0,79748.1,540.012
2026-09-06 02:35:00,79748.1,79823.0,79717.8,79723.8,470.937
2026-09-06 02:40:00,79723.9,79828.8,79723.8,79819.2,169.537
2026-09-06 02:45:00,79819.3,79820.1,79680.8,79710.1,434.43
2026-09-06 02:50:00,79710.1,79745.0,79674.4,79713.2,209.128
2026-09-06 02:55:00,79713.2,79752.0,79701.2,79719.9,142.949
2026-09-06 03:00:00,79719.9,79772.5,79682.9,79683.7,164.456
2026-09-06 03:05:00,79683.6,79760.0,79683.6,79713.5,127.303
2026-09-06 03:10:00,79713.6,79812.0,79682.7,79705.9,303.111
2026-09-06 03:15:00,79706.0,79712.5,79660.2,79663.4,174.122
2026-09-06 03:20:00,79663.4,79763.6,79653.0,79763.6,197.646
2026-09-06 03:25:00,79763.8,79797.1,79670.9,79687.5,431.601
2026-09-06 03:30:00,79687.5,79710.8,79674.8,79677.3,110.825
2026-09-06 03:35:00,79677.3,79733.9,79653.4,79682.3,128.53
2026-09-06 03:40:00,79682.4,79753.0,79682.4,79753.0,384.369
2026-09-06 03:45:00,79752.9,79752.9,79724.0,79738.0,74.217
2026-09-06 03:50:00,79737.9,79766.5,79698.4,79715.9,127.668
2026-09-06 03:55:00,79715.9,79760.3,79691.5,79702.2,308.11
2026-09-06 04:00:00,79702.2,79722.1,79695.2,79698.6,120.269
2026-09-06 04:05:00,79698.6,79743.4,79683.0,79743.4,75.833
2026-09-06 04:10:00,79743.4,79760.9,79719.4,79749.9,76.71
2026-09-06 04:15:00,79749.8,79803.9,79735.0,79803.9,80.604
2026-09-06 04:20:00,79803.8,79841.7,79791.0,79821.0,198.031
2026-09-06 04:25:00,79821.0,79829.0,79814.0,79818.9,50.545
2026-09-06 04:30:00,79818.9,79838.3,79812.6,79812.7,40.517
2026-09-06 04:35:00,79812.6,79828.3,79805.5,79828.3,49.242
2026-09-06 04:40:00,79828.3,79895.1,79803.9,79876.8,419.112
2026-09-06 04:45:00,79876.5,79892.4,79820.8,79867.3,135.133
2026-09-06 04:50:00,79867.1,79910.6,79860.0,79860.0,88.502
2026-09-06 04:55:00,79860.0,79891.2,79833.7,79872.4,115.212
2026-09-06 05:00:00,79872.4,79900.0,79825.4,79826.0,151.552
2026-09-06 05:05:00,79826.1,79869.4,79814.0,79814.0,81.37
2026-09-06 05:10:00,79814.0,79892.6,79814.0,79881.4,118.614
2026-09-06 05:15:00,79881.4,79908.4,79813.4,79829.3,168.071
2026-09-06 05:20:00,79829.2,79829.2,79801.0,79816.2,45.913
2026-09-06 05:25:00,79816.2,79816.3,79726.5,79770.0,175.305
2026-09-06 05:30:00,79770.0,79818.8,79769.9,79775.7,76.222
2026-09-06 05:35:00,79775.7,79785.4,79760.0,79782.5,37.633
2026-09-06 05:40:00,79782.5,79782.5,79715.6,79734.7,383.073
2026-09-06 05:45:00,79734.7,79751.6,79708.9,79751.5,195.878
2026-09-06 05:50:00,79751.5,79768.6,79740.9,79768.5,27.997
2026-09-06 05:55:00,79768.5,79796.7,79719.7,79757.7,509.97
2026-09-06 06:00:00,79757.7,79757.7,79710.2,79712.0,332.168
2026-09-06 06:05:00,79712.0,79726.5,79677.5,79726.5,182.849
2026-09-06 06:10:00,79726.4,79726.5,79706.7,79719.9,61.667
2026-09-06 06:15:00,79719.9,79760.0,79710.3,79759.9,68.289
2026-09-06 06:20:00,79759.9,79796.0,79730.0,79730.0,123.038
2026-09-06 06:25:00,79730.1,79776.0,79730.0,79764.2,77.166
2026-09-06 06:30:00,79764.3,79803.5,79757.2,79800.4,82.829
2026-09-06 06:35:00,79800.4,79804.1,79666.9,79761.1,159.387
2026-09-06 06:40:00,79761.2,79781.4,79740.8,79770.7,310.806
2026-09-06 06:45:00,79770.8,79878.8,79763.5,79770.3,401.373
2026-09-06 06:50:00,79770.3,79830.5,79770.2,79824.2,115.07
2026-09-06 06:55:00,79824.2,79824.2,79735.4,79797.7,255.05
2026-09-06 07:00:00,79797.8,79841.2,79788.2,79841.1,82.094
2026-09-06 07:05:00,79841.2,79878.6,79838.0,79878.6,180.333
2026-09-06 07:10:00,79878.6,79882.6,79861.4,79872.0,83.895
2026-09-06 07:15:00,79871.9,79872.0,79869.9,79870.0,35.697
2026-09-06 07:20:00,79870.0,79878.9,79833.3,79834.6,80.233
2026-09-06 07:25:00,79834.5,79902.1,79834.5,79891.8,196.511
2026-09-06 07:30:00,79891.8,79909.0,79851.9,79863.1,131.098
2026-09-06 07:35:00,79863.1,79882.3,79836.0,79870.1,124.877
2026-09-06 07:40:00,79870.1,79875.3,79838.7,79838.7,123.095
2026-09-06 07:45:00,79838.7,79851.9,79829.8,79843.1,69.089
2026-09-06 07:50:00,79843.1,79897.4,79823.8,79845.2,127.115
2026-09-06 07:55:00,79845.2,79897.3,79824.7,79832.8,193.531
2026-09-06 08:00:00,79832.7,79958.0,79832.7,79909.1,322.072
2026-09-06 08:05:00,79909.2,79968.0,79890.7,79939.9,199.755
2026-09-06 08:10:00,79939.9,79977.5,79918.3,79921.5,163.319
2026-09-06 08:15:00,79921.5,79959.9,79903.9,79903.9,188.014
2026-09-06 08:20:00,79903.9,79917.9,79860.7,79896.1,248.099
2026-09-06 08:25:00,79896.0,79903.9,79882.0,79885.1,75.144
2026-09-06 08:30:00,79885.0,79915.9,79885.0,79912.4,81.184
2026-09-06 08:35:00,79912.3,80025.0,79912.3,80004.0,518.917
2026-09-06 08:40:00,80004.0,80028.8,79918.2,79940.0,225.611
2026-09-06 08:45:00,79940.0,79966.0,79892.6,79905.6,191.991
2026-09-06 08:50:00,79905.6,79985.5,79900.2,79929.8,161.959
2026-09-06 08:55:00,79929.8,79948.4,79893.6,79915.0,163.687
2026-09-06 09:00:00,79915.0,79978.3,79857.1,79892.6,268.855
2026-09-06 09:05:00,79892.6,79953.7,79892.5,79941.6,157.03
2026-09-06 09:10:00,79941.7,79988.6,79917.4,79956.9,302.095
2026-09-06 09:15:00,79956.8,79962.5,79886.0,79908.9,155.412
2026-09-06 09:20:00,79908.8,79914.5,79875.8,79876.2,77.465
2026-09-06 09:25:00,79876.2,79890.6,79862.2,79872.1,61.104
2026-09-06 09:30:00,79872.1,79913.6,79872.1,79906.7,51.25
2026-09-06 09:35:00,79906.8,79906.8,79863.2,79889.3,103.786
2026-09-06 09:40:00,79889.3,79897.1,79839.5,79847.3,149.161
2026-09-06 09:45:00,79847.2,79852.5,79840.4,79847.2,57.232
2026-09-06 09:50:00,79847.2,79859.1,79847.1,79859.1,52.901
2026-09-06 09:55:00,79859.0,79892.0,79829.8,79872.1,163.946
2026-09-06 10:00:00,79872.0,79885.1,79863.1,79885.0,104.367
2026-09-06 10:05:00,79885.0,79885.1,79877.5,79877.5,34.629
2026-09-06 10:10:00,79877.6,79897.0,79852.3,79897.0,106.376
2026-09-06 10:15:00,79896.9,79929.5,79896.9,79925.5,90.312
2026-09-06 10:20:00,79925.5,79925.6,79904.0,79919.5,70.619
2026-09-06 10:25:00,79919.6,79919.6,79850.5,79863.9,73.376
2026-09-06 10:30:00,79863.9,79934.6,79863.9,79920.6,88.645
2026-09-06 10:35:00,79920.6,79974.1,79920.5,79969.7,190.987
2026-09-06 10:40:00,79969.7,80080.4,79969.6,80080.3,433.626
2026-09-06 10:45:00,80080.3,80080.4,79970.8,79970.8,368.295
2026-09-06 10:50:00,79970.9,80034.4,79970.0,80010.2,112.239
2026-09-06 10:55:00,80010.2,80018.0,79990.0,79991.0,87.177
2026-09-06 11:00:00,79991.0,79991.1,79950.0,79950.0,58.733
2026-09-06 11:05:00,79950.0,79950.1,79919.8,79934.5,122.696
2026-09-06 11:10:00,79934.5,79958.5,79934.2,79934.3,60.629
2026-09-06 11:15:00,79934.3,79950.0,79914.8,79914.9,59.519
2026-09-06 11:20:00,79914.8,79914.9,79839.3,79897.9,214.525
2026-09-06 11:25:00,79897.8,79897.9,79875.9,79894.9,83.948
2026-09-06 11:30:00,79894.9,79898.9,79870.5,79870.5,65.049
2026-09-06 11:35:00,79870.5,79873.3,79860.4,79865.5,118.066
2026-09-06 11:40:00,79865.5,79899.8,79865.4,79884.5,189.022
2026-09-06 11:45:00,79884.4,79914.2,79878.5,79881.0,169.718
2026-09-06 11:50:00,79881.0,79881.1,79790.1,79869.0,344.964
2026-09-06 11:55:00,79868.9,79868.9,79824.0,79824.0,193.364
2026-09-06 12:00:00,79824.0,79869.9,79816.2,79816.3,195.117
2026-09-06 12:05:00,79816.2,79835.4,79815.0,79815.0,67.919
2026-09-06 12:10:00,79815.0,79815.1,79756.5,79776.9,215.553
2026-09-06 12:15:00,79777.0,79777.0,79748.9,79761.0,190.072
2026-09-06 12:20:00,79761.0,79819.2,79761.0,79819.2,217.263
2026-09-06 12:25:00,79819.2,79850.0,79800.0,79817.7,245.325
2026-09-06 12:30:00,79817.8,79896.3,79817.7,79893.2,219.319
2026-09-06 12:35:00,79893.1,80063.2,79893.1,80063.1,510.069
2026-09-06 12:40:00,80063.1,80085.2,79966.5,79993.0,378.573
2026-09-06 12:45:00,79993.1,80003.3,79918.4,79970.3,168.836
2026-09-06 12:50:00,79970.2,79970.3,79946.9,79949.0,79.505
2026-09-06 12:55:00,79948.9,79959.9,79911.4,79959.9,88.476
2026-09-06 13:00:00,79960.0,79960.0,79909.4,79925.6,88.335
2026-09-06 13:05:00,79925.6,79925.6,79899.5,79899.6,57.758
2026-09-06 13:10:00,79899.5,79953.2,79884.1,79888.2,230.6
2026-09-06 13:15:00,79888.3,79893.9,79838.1,79878.1,129.707
2026-09-06 13:20:00,79878.2,79878.2,79792.1,79807.6,454.118
2026-09-06 13:25:00,79807.6,79815.6,79792.0,79795.1,298.53
2026-09-06 13:30:00,79795.2,79814.3,79763.8,79784.3,253.349
2026-09-06 13:35:00,79784.2,79800.0,79769.9,79790.4,193.975
2026-09-06 13:40:00,79790.4,79790.4,79699.6,79781.5,475.913
2026-09-06 13:45:00,79781.5,79781.5,79628.4,79710.4,763.718
2026-09-06 13:50:00,79710.4,79747.6,79710.3,79747.5,148.407
2026-09-06 13:55:00,79747.5,79747.5,79715.1,79737.9,124.654
2026-09-06 14:00:00,79737.8,79765.8,79737.8,79749.5,107.981
2026-09-06 14:05:00,79749.5,79756.8,79706.2,79715.4,166.611
2026-09-06 14:10:00,79715.5,79730.4,79523.6,79634.9,1234.188
2026-09-06 14:15:00,79634.9,79776.2,79634.8,79773.3,441.826
2026-09-06 14:20:00,79773.2,79819.4,79727.6,79740.6,278.219
2026-09-06 14:25:00,79740.6,79813.3,79736.4,79783.8,225.909
2026-09-06 14:30:00,79783.9,79801.5,79765.0,79783.3,225.929
2026-09-06 14:35:00,79783.4,79785.1,79742.3,79785.1,142.076
2026-09-06 14:40:00,79785.1,79832.6,79784.8,79805.5,407.264
2026-09-06 14:45:00,79805.5,79805.5,79774.9,79803.2,193.042
2026-09-06 14:50:00,79803.3,79803.3,79769.8,79779.0,80.078
2026-09-06 14:55:00,79779.0,79816.2,79766.2,79766.2,196.571
2026-09-06 15:00:00,79766.2,79808.3,79762.0,79808.3,145.913
2026-09-06 15:05:00,79808.3,79846.0,79775.0,79833.3,371.03
2026-09-06 15:10:00,79833.3,79856.0,79810.9,79832.5,182.443
2026-09-06 15:15:00,79832.5,79832.5,79787.7,79799.8,79.648
2026-09-06 15:20:00,79799.8,79799.8,79773.4,79774.2,86.02
2026-09-06 15:25:00,79774.1,79774.2,79755.0,79763.4,67.427
2026-09-06 15:30:00,79763.4,79782.2,79756.2,79764.6,139.155
2026-09-06 15:35:00,79764.6,79771.7,79755.0,79761.2,211.141
2026-09-06 15:40:00,79761.2,79761.3,79714.5,79751.1,188.718
2026-09-06 15:45:00,79751.1,79751.1,79722.7,79739.6,111.609
2026-09-06 15:50:00,79739.7,79819.7,79729.6,79818.5,165.393
2026-09-06 15:55:00,79818.5,79848.0,79790.2,79809.7,117.703
2026-09-06 16:00:00,79809.6,79838.0,79765.5,79838.0,98.907
2026-09-06 16:05:00,79838.0,79840.3,79816.4,79840.3,74.735
2026-09-06 16:10:00,79840.3,79894.2,79836.7,79894.2,206.325
2026-09-06 16:15:00,79894.1,79927.6,79880.7,79893.7,215.373
2026-09-06 16:20:00,79893.8,79949.9,79893.7,79939.0,198.811
2026-09-06 16:25:00,79938.9,79956.7,79916.0,79932.9,250.69
2026-09-06 16:30:00,79933.0,79961.9,79930.9,79936.1,202.405
2026-09-06 16:35:00,79936.1,79936.2,79869.0,79880.0,188.724
2026-09-06 16:40:00,79880.0,79880.0,79813.6,79831.2,237.736
2026-09-06 16:45:00,79831.3,79831.3,79816.7,79830.0,111.978
2026-09-06 16:50:00,79829.9,79836.1,79825.5,79829.0,105.632
2026-09-06 16:55:00,79829.0,79875.4,79813.2,79851.9,358.808
2026-09-06 17:00:00,79852.0,79896.0,79851.9,79885.0,95.095
2026-09-06 17:05:00,79884.9,79915.0,79871.9,79888.2,85.845
2026-09-06 17:10:00,79888.2,79888.9,79883.2,79888.8,31.785
2026-09-06 17:15:00,79888.9,79947.0,79888.8,79947.0,75.355
2026-09-06 17:20:00,79946.9,79947.0,79931.0,79939.4,102.914
2026-09-06 17:25:00,79939.5,79941.8,79923.2,79941.8,45.653
2026-09-06 17:30:00,79941.7,79955.0,79941.7,79952.2,77.847
2026-09-06 17:35:00,79952.1,79952.2,79932.3,79946.8,84.799
2026-09-06 17:40:00,79946.8,79985.0,79946.7,79985.0,122.476
2026-09-06 17:45:00,79984.9,79985.0,79951.7,79955.6,69.619
2026-09-06 17:50:00,79955.5,79973.5,79942.8,79973.5,119.283
2026-09-06 17:55:00,79973.5,79997.9,79961.5,79964.3,195.699
2026-09-06 18:00:00,79964.2,79967.2,79913.3,79933.6,132.901
2026-09-06 18:05:00,79933.6,79960.2,79908.3,79908.4,106.894
2026-09-06 18:10:00,79908.3,79946.2,79888.0,79946.2,90.365
2026-09-06 18:15:00,79946.1,79958.2,79922.3,79936.5,45.219
2026-09-06 18:20:00,79936.5,79939.7,79893.2,79910.8,61.379
2026-09-06 18:25:00,79910.9,79968.6,79851.0,79865.9,534.824
2026-09-06 18:30:00,79866.0,79940.1,79844.3,79940.1,149.362
2026-09-06 18:35:00,79940.0,79940.1,79875.0,79875.0,65.784
2026-09-06 18:40:00,79875.1,79922.1,79875.0,79922.0,117.264
2026-09-06 18:45:00,79922.1,79926.1,79893.0,79919.7,65.501
2026-09-06 18:50:00,79919.6,79919.7,79876.9,79882.4,37.847
2026-09-06 18:55:00,79882.4,79882.5,79871.6,79878.4,27.644
2026-09-06 19:00:00,79878.3,79878.4,79878.3,79878.3,23.351
2026-09-06 19:05:00,79878.3,79878.4,79855.0,79856.7,89.114
2026-09-06 19:10:00,79856.8,79909.5,79814.9,79892.0,422.121
2026-09-06 19:15:00,79891.9,79952.4,79891.9,79923.7,191.911
2026-09-06 19:20:00,79923.7,79972.8,79916.9,79958.5,99.29
2026-09-06 19:25:00,79958.4,79969.7,79931.8,79931.9,117.176
2026-09-06 19:30:00,79931.9,79973.6,79930.4,79966.7,100.121
2026-09-06 19:35:00,79966.8,79966.8,79916.3,79952.4,94.344
2026-09-06 19:40:00,79952.4,79952.4,79895.8,79895.8,155.164
2026-09-06 19:45:00,79895.8,79922.1,79879.0,79905.2,87.606
2026-09-06 19:50:00,79905.2,79940.3,79895.2,79940.3,48.439
2026-09-06 19:55:00,79940.3,79961.4,79881.9,79882.0,221.976
2026-09-06 20:00:00,79881.9,79915.1,79833.0,79876.2,163.858
2026-09-06 20:05:00,79876.1,79936.9,79876.1,79898.3,93.286
2026-09-06 20:10:00,79898.3,79898.3,79840.7,79848.7,79.21
2026-09-06 20:15:00,79848.7,79848.8,79783.8,79799.9,225.67
2026-09-06 20:20:00,79799.8,79809.2,79769.4,79780.9,141.61
2026-09-06 20:25:00,79780.9,79800.0,79745.0,79758.0,368.16
2026-09-06 20:30:00,79758.0,79774.8,79719.9,79752.4,235.189
2026-09-06 20:35:00,79752.4,79823.8,79752.4,79762.6,271.131
2026-09-06 20:40:00,79762.6,79795.9,79748.8,79764.3,179.749
2026-09-06 20:45:00,79764.4,79815.0,79756.3,79769.0,187.712
2026-09-06 20:50:00,79769.0,79792.1,79769.0,79781.2,63.714
2026-09-06 20:55:00,79781.2,79815.9,79726.1,79794.4,496.945
2026-09-06 21:00:00,79794.4,79815.8,79766.4,79799.9,231.629
2026-09-06 21:05:00,79799.9,79800.0,79726.3,79726.3,93.176
2026-09-06 21:10:00,79726.3,79756.6,79704.0,79718.4,250.339
2026-09-06 21:15:00,79718.4,79769.3,79556.9,79705.4,576.492
2026-09-06 21:20:00,79705.4,79705.4,79550.0,79607.1,524.739
2026-09-06 21:25:00,79607.0,79690.2,79607.0,79629.6,330.876
2026-09-06 21:30:00,79629.6,79629.7,79125.3,79527.4,2886.711
2026-09-06 21:35:00,79527.4,79643.9,79519.6,79633.1,645.03
2026-09-06 21:40:00,79633.1,79717.4,79614.2,79675.3,913.014
2026-09-06 21:45:00,79675.2,79675.2,79512.4,79626.1,446.752
2026-09-06 21:50:00,79626.2,79675.3,79620.8,79645.0,229.863
2026-09-06 21:55:00,79645.1,79645.1,79481.2,79507.3,422.828
2026-09-06 22:00:00,79507.4,79511.0,79337.0,79499.9,857.235
2026-09-06 22:05:00,79499.9,79534.5,79466.8,79488.0,392.409
2026-09-06 22:10:00,79488.0,79548.9,79473.5,79508.4,191.303
2026-09-06 22:15:00,79508.3,79596.4,79501.5,79562.0,196.423
2026-09-06 22:20:00,79562.0,79627.1,79561.9,79607.5,260.413
2026-09-06 22:25:00,79607.6,79612.8,79585.2,79601.4,144.577
2026-09-06 22:30:00,79601.4,79621.8,79555.4,79606.7,153.0
2026-09-06 22:35:00,79606.7,79675.0,79569.9,79653.1,172.493
2026-09-06 22:40:00,79653.1,79677.0,79650.0,79653.3,75.066
2026-09-06 22:45:00,79653.3,79681.9,79653.2,79662.5,85.675
2026-09-06 22:50:00,79662.6,79695.0,79623.1,79628.5,198.253
2026-09-06 22:55:00,79628.6,79686.0,79628.5,79677.8,105.341
2026-09-06 23:00:00,79677.8,79682.0,79566.6,79566.6,211.268
2026-09-06 23:05:00,79566.7,79620.0,79566.6,79594.8,180.285
2026-09-06 23:10:00,79594.8,79708.1,79594.8,79658.3,441.025
2026-09-06 23:15:00,79658.2,79683.9,79631.7,79674.1,130.311
2026-09-06 23:20:00,79674.2,79674.2,79616.7,79616.7,133.904
2026-09-06 23:25:00,79616.8,79700.0,79596.0,79684.3,254.397
2026-09-06 23:30:00,79684.3,79764.3,79651.7,79734.8,182.14
2026-09-06 23:35:00,79734.9,79749.5,79673.3,79683.6,99.031
2026-09-06 23:40:00,79683.6,79710.0,79650.5,79690.4,190.5
2026-09-06 23:45:00,79690.3,79690.3,79651.6,79657.4,80.433
2026-09-06 23:50:00,79657.4,79693.1,79650.0,79651.4,79.661
2026-09-06 23:55:00,79651.4,79654.8,79608.0,79649.9,71.399
2026-09-07 00:00:00,79649.9,79650.0,79603.8,79616.5,85.518
2026-09-07 00:05:00,79616.6,79640.1,79542.6,79556.1,144.56
2026-09-07 00:10:00,79556.1,79600.0,79556.0,79599.9,127.238
2026-09-07 00:15:00,79599.9,79700.0,79599.9,79699.9,108.333
2026-09-07 00:20:00,79700.0,79740.2,79651.1,79695.1,232.511
2026-09-07 00:25:00,79695.2,79743.1,79650.3,79659.4,143.789
2026-09-07 00:30:00,79659.4,79726.7,79636.7,79675.2,135.078
2026-09-07 00:35:00,79675.2,79735.0,79675.2,79717.7,113.392
2026-09-07 00:40:00,79717.7,79721.7,79704.8,79706.0,82.319
2026-09-07 00:45:00,79706.0,79714.2,79683.0,79714.2,57.764
2026-09-07 00:50:00,79714.6,79727.2,79694.2,79711.6,79.137
2026-09-07 00:55:00,79711.6,79735.0,79693.1,79708.0,235.127
2026-09-07 01:00:00,79708.0,79750.0,79708.0,79744.9,109.164
2026-09-07 01:05:00,79744.9,79812.7,79744.8,79801.2,232.663
2026-09-07 01:10:00,79801.1,79841.3,79791.5,79804.1,142.733
2026-09-07 01:15:00,79804.0,79835.5,79792.0,79827.0,66.791
2026-09-07 01:20:00,79826.9,79869.0,79821.7,79858.4,163.314
2026-09-07 01:25:00,79858.3,79891.3,79841.7,79884.1,181.402
2026-09-07 01:30:00,79884.0,79934.3,79884.0,79895.7,255.256
2026-09-07 01:35:00,79895.7,79921.7,79895.7,79910.5,99.795
2026-09-07 01:40:00,79910.6,79940.0,79890.8,79916.0,139.722
2026-09-07 01:45:00,79916.0,79916.1,79859.6,79887.9,139.63
2026-09-07 01:50:00,79888.0,79914.1,79876.6,79887.1,121.703
2026-09-07 01:55:00,79887.1,79927.9,79876.6,79912.1,191.68
2026-09-07 02:00:00,79912.0,79912.1,79856.6,79864.0,214.344
2026-09-07 02:05:00,79863.9,79864.0,79834.3,79838.3,93.865
2026-09-07 02:10:00,79838.2,79838.3,79822.3,79833.5,59.368
2026-09-07 02:15:00,79833.5,79833.6,79820.6,79820.7,54.229
2026-09-07 02:20:00,79820.6,79827.3,79786.5,79827.3,93.734
2026-09-07 02:25:00,79827.3,79840.0,79808.0,79815.2,67.688
2026-09-07 02:30:00,79815.1,79817.8,79795.9,79800.4,66.91
2026-09-07 02:35:00,79800.4,79800.4,79775.7,79777.6,71.893
2026-09-07 02:40:00,79777.7,79782.0,79770.0,79773.2,57.511
2026-09-07 02:45:00,79773.1,79788.0,79763.0,79788.0,67.997
2026-09-07 02:50:00,79787.9,79788.0,79787.8,79787.9,52.32
2026-09-07 02:55:00,79787.9,79804.8,79763.3,79804.7,321.329
2026-09-07 03:00:00,79804.8,79804.8,79762.9,79766.1,142.351
2026-09-07 03:05:00,79766.1,79774.2,79740.7,79750.3,97.438
2026-09-07 03:10:00,79750.4,79786.0,79750.3,79786.0,64.481
2026-09-07 03:15:00,79786.0,79809.5,79770.7,79809.4,94.676
2026-09-07 03:20:00,79809.5,79919.6,79809.4,79883.2,134.671
2026-09-07 03:25:00,79883.3,79910.9,79880.0,79893.4,94.251
2026-09-07 03:30:00,79893.4,79917.0,79893.4,79913.5,85.276
2026-09-07 03:35:00,79913.5,79936.1,79896.0,79902.8,101.036
2026-09-07 03:40:00,79902.8,79924.0,79867.1,79913.1,153.237
2026-09-07 03:45:00,79913.2,79936.0,79867.2,79895.9,158.549
2026-09-07 03:50:00,79896.0,79908.8,79860.6,79860.6,53.222
2026-09-07 03:55:00,79860.6,79873.2,79850.0,79873.1,55.221
2026-09-07 04:00:00,79873.2,79932.0,79873.1,79931.6,85.446
2026-09-07 04:05:00,79931.6,79958.8,79883.6,79932.0,211.678
2026-09-07 04:10:00,79932.1,79985.0,79921.7,79970.0,229.143
2026-09-07 04:15:00,79970.0,79997.0,79947.4,79970.4,168.504
2026-09-07 04:20:00,79970.4,79970.5,79892.5,79926.8,111.67
2026-09-07 04:25:00,79926.8,79951.1,79854.9,79862.9,113.025
2026-09-07 04:30:00,79862.9,79866.5,79846.2,79866.4,68.324
2026-09-07 04:35:00,79866.5,79873.4,79855.3,79855.4,54.91
2026-09-07 04:40:00,79855.4,79942.4,79831.4,79869.5,319.289
2026-09-07 04:45:00,79869.5,79970.0,79869.5,79914.3,279.304
2026-09-07 04:50:00,79914.3,79918.5,79855.6,79900.0,101.698
2026-09-07 04:55:00,79899.9,79919.8,79873.6,79902.7,86.161
2026-09-07 05:00:00,79902.7,79902.8,79764.6,79797.0,290.112
2026-09-07 05:05:00,79796.9,79853.4,79639.1,79648.4,383.117
2026-09-07 05:10:00,79648.5,79721.2,79640.6,79711.9,344.586
2026-09-07 05:15:00,79712.0,79729.6,79600.0,79604.3,454.674
2026-09-07 05:20:00,79604.3,79696.0,79603.7,79689.4,190.369
2026-09-07 05:25:00,79689.3,79795.4,79689.3,79781.1,234.713
2026-09-07 05:30:00,79781.2,79900.0,79769.6,79900.0,262.257
2026-09-07 05:35:00,79899.9,79977.3,79890.0,79913.0,592.15
2026-09-07 05:40:00,79913.1,79951.6,79881.5,79923.8,324.994
2026-09-07 05:45:00,79923.8,79958.5,79903.1,79954.2,162.531
2026-09-07 05:50:00,79954.1,80016.0,79950.4,79988.9,365.658
2026-09-07 05:55:00,79988.9,80058.0,79964.3,80005.4,435.105
2026-09-07 06:00:00,80005.4,80332.9,79964.3,80182.9,1636.167
2026-09-07 06:05:00,80183.0,80224.6,80098.0,80208.8,518.408
2026-09-07 06:10:00,80208.8,80208.8,80143.8,80143.8,347.012
2026-09-07 06:15:00,80143.8,80239.8,80104.9,80215.1,332.724
2026-09-07 06:20:00,80215.2,80215.2,80083.2,80094.0,351.104
2026-09-07 06:25:00,80094.0,80134.6,80056.0,80083.8,285.81
2026-09-07 06:30:00,80083.7,80178.0,80082.6,80177.9,238.055
2026-09-07 06:35:00,80177.9,80417.0,80175.0,80405.2,1304.824
2026-09-07 06:40:00,80405.2,80454.5,80308.2,80342.9,676.371
2026-09-07 06:45:00,80342.9,80536.1,80342.8,80466.9,1246.856
2026-09-07 06:50:00,80466.9,80493.2,80351.0,80363.7,559.0
2026-09-07 06:55:00,80363.6,80363.7,80256.4,80301.1,348.575
2026-09-07 07:00:00,80301.0,80329.2,80184.8,80282.6,661.088
2026-09-07 07:05:00,80282.6,80404.9,80273.1,80341.4,407.251
2026-09-07 07:10:00,80341.4,80349.1,80285.2,80289.3,266.319
2026-09-07 07:15:00,80289.4,80300.0,80028.0,80060.7,688.007
2026-09-07 07:20:00,80060.7,80178.2,80020.9,80143.5,374.587
2026-09-07 07:25:00,80143.6,80192.1,80111.6,80163.6,153.078
2026-09-07 07:30:00,80163.6,80241.7,80088.0,80115.2,350.074
2026-09-07 07:35:00,80115.1,80151.0,80076.2,80122.8,226.341
2026-09-07 07:40:00,80122.9,80137.9,80068.4,80105.6,216.422
2026-09-07 07:45:00,80105.6,80147.0,80050.0,80122.9,407.277
2026-09-07 07:50:00,80122.8,80163.5,80084.7,80116.8,219.173
2026-09-07 07:55:00,80116.8,80148.0,80017.1,80122.0,561.735
2026-09-07 08:00:00,80122.0,80205.6,80059.4,80187.1,420.763
2026-09-07 08:05:00,80187.2,80205.8,79941.4,79942.0,584.974
2026-09-07 08:10:00,79942.0,80024.1,79904.9,79923.3,587.515
2026-09-07 08:15:00,79923.3,79981.2,79821.8,79886.5,552.406
2026-09-07 08:20:00,79886.5,79932.2,79831.0,79883.4,277.497
2026-09-07 08:25:00,79883.5,79910.1,79811.8,79883.8,420.766
2026-09-07 08:30:00,79883.8,79954.1,79846.8,79928.6,275.646
2026-09-07 08:35:00,79928.6,79932.2,79852.8,79866.3,250.929
2026-09-07 08:40:00,79866.3,79866.4,79791.4,79815.9,242.516
2026-09-07 08:45:00,79815.9,79857.9,79773.9,79822.1,272.656
2026-09-07 08:50:00,79822.1,79892.0,79822.1,79883.8,156.28
2026-09-07 08:55:00,79883.8,79951.8,79883.8,79886.9,267.883
2026-09-07 09:00:00,79887.0,79902.7,79855.9,79855.9,103.075
2026-09-07 09:05:00,79855.9,79859.8,79765.0,79772.1,285.045
2026-09-07 09:10:00,79772.1,79813.8,79755.1,79800.1,229.664
2026-09-07 09:15:00,79800.1,79929.4,79800.0,79924.4,302.91
2026-09-07 09:20:00,79924.4,79950.0,79885.0,79938.1,257.964
2026-09-07 09:25:00,79938.1,80017.0,79930.0,79998.4,226.532
2026-09-07 09:30:00,79998.3,80027.5,79967.3,79980.7,208.06
2026-09-07 09:35:00,79980.7,80381.0,79980.7,80356.1,1364.847
2026-09-07 09:40:00,80356.1,80410.8,80217.1,80226.6,783.621
2026-09-07 09:45:00,80226.6,80256.3,80180.9,80249.9,417.212
2026-09-07 09:50:00,80249.9,80249.9,80069.2,80069.2,385.277
2026-09-07 09:55:00,80069.3,80098.7,79794.3,79842.9,1080.587
2026-09-07 10:00:00,79842.8,79953.4,79762.8,79945.3,863.884
2026-09-07 10:05:00,79945.2,79951.2,79770.0,79799.9,416.212
2026-09-07 10:10:00,79799.9,79808.1,79734.1,79763.7,371.624
2026-09-07 10:15:00,79763.6,79791.3,79700.0,79770.0,389.507
2026-09-07 10:20:00,79770.1,79806.0,79752.4,79755.0,166.471
2026-09-07 10:25:00,79755.0,79761.9,79680.4,79692.1,390.347
2026-09-07 10:30:00,79692.1,79737.5,79658.7,79705.1,447.349
2026-09-07 10:35:00,79705.0,79712.8,79637.7,79637.8,563.971
2026-09-07 10:40:00,79637.8,79649.0,79550.0,79604.6,546.939
2026-09-07 10:45:00,79604.7,79642.5,79604.6,79608.0,272.021
2026-09-07 10:50:00,79607.9,79630.1,79533.4,79628.3,217.776
2026-09-07 10:55:00,79628.3,79665.8,79560.0,79560.0,659.202
2026-09-07 11:00:00,79560.0,79619.3,79522.5,79607.3,431.311
2026-09-07 11:05:00,79607.2,79622.0,79579.9,79618.3,236.747
2026-09-07 11:10:00,79618.3,79658.7,79511.4,79658.5,588.483
2026-09-07 11:15:00,79658.5,79664.5,79616.7,79658.8,375.75
2026-09-07 11:20:00,79658.8,79666.0,79629.8,79647.6,184.666
2026-09-07 11:25:00,79647.5,79659.9,79571.1,79571.1,481.123
2026-09-07 11:30:00,79571.2,79605.5,79533.3,79581.8,240.386
2026-09-07 11:35:00,79581.9,79612.5,79500.8,79584.8,311.798
2026-09-07 11:40:00,79584.7,79650.0,79553.8,79646.8,292.073
2026-09-07 11:45:00,79646.7,79685.9,79636.1,79648.1,326.365
2026-09-07 11:50:00,79648.0,79670.3,79606.6,79615.3,151.029
2026-09-07 11:55:00,79615.3,79695.2,79610.1,79686.0,220.965
2026-09-07 12:00:00,79686.0,79723.5,79670.1,79723.4,169.348
2026-09-07 12:05:00,79723.5,79744.6,79672.8,79702.1,228.022
2026-09-07 12:10:00,79702.1,79740.0,79620.5,79732.5,817.249
2026-09-07 12:15:00,79732.4,79839.0,79722.9,79804.1,824.154
2026-09-07 12:20:00,79804.1,79847.1,79767.3,79835.4,166.766
2026-09-07 12:25:00,79835.3,79892.9,79790.1,79819.0,303.91
2026-09-07 12:30:00,79818.9,79830.9,79789.3,79802.7,143.308
2026-09-07 12:35:00,79802.7,79831.0,79775.8,79826.9,171.52
2026-09-07 12:40:00,79827.0,79829.0,79810.6,79828.0,110.507
2026-09-07 12:45:00,79828.0,79830.7,79788.0,79814.3,542.881
2026-09-07 12:50:00,79814.4,79814.4,79745.0,79745.0,238.029
2026-09-07 12:55:00,79745.0,79745.1,79717.7,79717.7,104.577
2026-09-07 13:00:00,79717.5,79779.3,79706.1,79779.2,147.852
2026-09-07 13:05:00,79779.3,79786.8,79728.5,79760.0,226.615
2026-09-07 13:10:00,79760.0,79776.6,79733.9,79772.4,107.884
2026-09-07 13:15:00,79772.3,79772.4,79669.3,79682.1,124.74
2026-09-07 13:20:00,79682.1,79719.8,79653.2,79719.8,145.509
2026-09-07 13:25:00,79719.8,79740.1,79671.6,79671.9,116.998
2026-09-07 13:30:00,79671.9,79700.7,79652.1,79681.1,196.919
2026-09-07 13:35:00,79681.1,79700.0,79651.1,79651.5,110.273
2026-09-07 13:40:00,79651.5,79680.0,79611.4,79634.3,224.294
2026-09-07 13:45:00,79634.3,79643.0,79618.9,79627.0,147.379
2026-09-07 13:50:00,79627.0,79638.6,79622.5,79635.0,77.17
2026-09-07 13:55:00,79635.0,79644.7,79609.1,79617.1,293.134
2026-09-07 14:00:00,79617.1,79620.0,79548.8,79548.9,218.764
2026-09-07 14:05:00,79548.8,79655.1,79545.1,79645.7,205.798
2026-09-07 14:10:00,79645.7,79645.7,79575.1,79579.1,187.097
2026-09-07 14:15:00,79579.1,79593.6,79533.3,79539.8,200.76
2026-09-07 14:20:00,79539.8,79553.5,79413.1,79427.0,688.801
2026-09-07 14:25:00,79427.1,79533.6,79362.5,79390.8,550.484
2026-09-07 14:30:00,79390.9,79485.3,79157.8,79286.7,1868.833
2026-09-07 14:35:00,79286.7,79298.7,79166.6,79175.1,841.482
2026-09-07 14:40:00,79175.1,79243.4,78938.7,79238.9,2696.68
2026-09-07 14:45:00,79238.9,79328.4,79238.9,79325.9,611.637
2026-09-07 14:50:00,79325.9,79358.5,79276.9,79295.4,570.45
2026-09-07 14:55:00,79295.4,79369.9,79295.3,79357.7,298.915
2026-09-07 15:00:00,79357.7,79419.6,79348.7,79381.8,565.131
2026-09-07 15:05:00,79381.8,79460.5,79379.2,79460.5,408.582
2026-09-07 15:10:00,79460.5,79460.5,79416.0,79421.6,281.844
2026-09-07 15:15:00,79421.7,79484.5,79408.2,79475.8,316.882
2026-09-07 15:20:00,79475.8,79483.4,79421.0,79429.2,183.092
2026-09-07 15:25:00,79429.3,79474.0,79408.5,79429.9,262.338
2026-09-07 15:30:00,79430.0,79498.3,79429.9,79463.6,397.724
2026-09-07 15:35:00,79463.6,79467.2,79393.8,79394.3,220.653
2026-09-07 15:40:00,79394.2,79453.7,79394.2,79447.3,226.523
2026-09-07 15:45:00,79447.3,79468.2,79387.7,79399.9,196.361
2026-09-07 15:50:00,79399.9,79431.0,79379.9,79390.3,305.996
2026-09-07 15:55:00,79390.4,79422.4,79390.0,79395.0,158.948
2026-09-07 16:00:00,79395.1,79431.2,79395.0,79406.9,168.598
2026-09-07 16:05:00,79407.0,79505.5,79372.0,79494.1,290.461
2026-09-07 16:10:00,79494.1,79517.5,79465.8,79488.9,223.808
2026-09-07 16:15:00,79488.8,79505.3,79480.3,79491.1,119.773
2026-09-07 16:20:00,79491.1,79491.1,79417.1,79425.9,179.3
2026-09-07 16:25:00,79426.0,79465.7,79379.9,79446.6,541.346
2026-09-07 16:30:00,79446.5,79446.6,79370.1,79370.2,169.268
2026-09-07 16:35:00,79370.1,79378.1,79272.5,79343.5,364.063
2026-09-07 16:40:00,79343.5,79359.3,79343.4,79352.7,95.21
2026-09-07 16:45:00,79352.6,79387.4,79352.6,79380.5,157.927
2026-09-07 16:50:00,79380.5,79419.3,79261.7,79295.3,381.941
2026-09-07 16:55:00,79295.2,79321.3,79260.0,79278.5,194.008
2026-09-07 17:00:00,79278.5,79364.0,79278.5,79364.0,267.117
2026-09-07 17:05:00,79363.9,79369.7,79282.0,79340.2,248.365
2026-09-07 17:10:00,79340.2,79367.2,79307.0,79340.2,118.424
2026-09-07 17:15:00,79340.3,79385.4,79333.7,79385.4,126.628
2026-09-07 17:20:00,79385.3,79390.3,79355.0,79360.1,76.025
2026-09-07 17:25:00,79360.2,79390.4,79341.4,79382.7,225.39
2026-09-07 17:30:00,79382.7,79389.9,79367.9,79378.6,98.181
2026-09-07 17:35:00,79378.5,79393.0,79348.0,79371.1,184.248
2026-09-07 17:40:00,79371.1,79413.1,79371.0,79413.0,88.908
2026-09-07 17:45:00,79413.0,79423.7,79361.6,79369.6,123.635
2026-09-07 17:50:00,79369.6,79418.9,79369.6,79373.9,110.273
2026-09-07 17:55:00,79373.9,79373.9,79305.4,79325.7,173.717
2026-09-07 18:00:00,79325.7,79345.9,79264.8,79284.6,427.275
2026-09-07 18:05:00,79284.5,79301.7,79230.0,79271.0,262.868
2026-09-07 18:10:00,79271.1,79374.4,79271.0,79374.4,146.545
2026-09-07 18:15:00,79374.4,79399.7,79361.8,79395.9,79.82
2026-09-07 18:20:00,79395.9,79437.0,79395.8,79410.3,133.746
2026-09-07 18:25:00,79410.2,79429.9,79406.0,79406.1,74.532
2026-09-07 18:30:00,79406.1,79450.0,79385.4,79423.3,157.711
2026-09-07 18:35:00,79423.4,79427.1,79374.3,79378.5,74.243
2026-09-07 18:40:00,79378.5,79397.9,79370.2,79376.9,96.72
2026-09-07 18:45:00,79376.9,79399.5,79364.9,79368.4,222.399
2026-09-07 18:50:00,79368.4,79388.4,79336.0,79384.7,121.205
2026-09-07 18:55:00,79384.6,79391.6,79345.7,79376.8,165.234
2026-09-07 19:00:00,79376.8,79393.3,79364.8,79378.3,146.942
2026-09-07 19:05:00,79378.3,79469.6,79378.3,79438.9,194.764
2026-09-07 19:10:00,79438.8,79443.7,79384.5,79384.5,101.106
2026-09-07 19:15:00,79384.5,79447.7,79373.2,79447.7,138.635
2026-09-07 19:20:00,79447.7,79475.8,79431.7,79446.7,146.406
2026-09-07 19:25:00,79446.7,79495.3,79446.6,79487.9,147.334
2026-09-07 19:30:00,79487.8,79491.9,79464.3,79464.3,127.55
2026-09-07 19:35:00,79464.4,79476.9,79419.7,79419.8,139.563
2026-09-07 19:40:00,79419.7,79439.6,79419.7,79439.5,60.453
2026-09-07 19:45:00,79439.5,79500.0,79436.2,79484.1,221.461
2026-09-07 19:50:00,79484.0,79590.0,79484.0,79565.4,454.99
2026-09-07 19:55:00,79565.3,79604.0,79554.5,79567.4,355.695
2026-09-07 20:00:00,79567.5,79583.2,79493.9,79563.0,361.365
2026-09-07 20:05:00,79563.1,79563.1,79486.7,79533.6,227.892
2026-09-07 20:10:00,79533.5,79613.8,79520.0,79590.2,286.809
2026-09-07 20:15:00,79590.2,79605.3,79535.2,79584.0,197.044
2026-09-07 20:20:00,79584.0,79605.3,79580.0,79597.1,190.092
2026-09-07 20:25:00,79597.1,79605.2,79575.1,79605.1,113.371
2026-09-07 20:30:00,79605.1,79605.2,79342.6,79367.8,595.799
2026-09-07 20:35:00,79367.8,79398.4,79268.2,79378.9,943.728
2026-09-07 20:40:00,79379.0,79379.8,79314.6,79338.1,226.451
2026-09-07 20:45:00,79338.0,79338.5,79279.8,79279.8,590.375
2026-09-07 20:50:00,79279.8,79384.8,79279.8,79367.3,237.667
2026-09-07 20:55:00,79367.2,79373.7,79311.6,79314.4,169.815
2026-09-07 21:00:00,79314.5,79359.5,79292.6,79302.4,212.11
2026-09-07 21:05:00,79302.4,79308.6,79072.1,79110.6,1519.315
2026-09-07 21:10:00,79110.7,79192.5,79081.2,79145.4,578.061
2026-09-07 21:15:00,79145.4,79192.4,79062.1,79097.7,508.061
2026-09-07 21:20:00,79097.7,79100.8,79013.2,79042.9,890.448
2026-09-07 21:25:00,79042.8,79093.3,79011.3,79016.1,700.233
2026-09-07 21:30:00,79016.0,79067.2,78963.4,79012.0,968.369
2026-09-07 21:35:00,79012.0,79070.0,79000.0,79000.0,480.539
2026-09-07 21:40:00,79000.1,79021.5,78913.2,78992.3,967.542
2026-09-07 21:45:00,78992.4,79063.6,78990.0,79045.3,871.529
2026-09-07 21:50:00,79045.3,79239.3,79045.2,79215.9,862.598
2026-09-07 21:55:00,79215.9,79216.0,79151.7,79152.2,375.806
2026-09-07 22:00:00,79152.3,79152.3,79080.6,79080.6,360.743
2026-09-07 22:05:00,79080.6,79085.7,78990.7,79053.1,566.359
2026-09-07 22:10:00,79053.1,79070.6,79003.0,79003.0,241.789
2026-09-07 22:15:00,79003.0,79105.5,78788.8,79103.0,1686.057
2026-09-07 22:20:00,79103.0,79107.8,79025.2,79069.0,526.725
2026-09-07 22:25:00,79069.0,79088.0,78981.1,78992.7,315.327
2026-09-07 22:30:00,78992.6,78998.2,78750.0,78805.3,1523.177
2026-09-07 22:35:00,78805.3,78870.6,78715.0,78733.7,1046.229
2026-09-07 22:40:00,78733.7,78769.9,78636.0,78741.3,1453.092
2026-09-07 22:45:00,78741.4,78822.1,78660.0,78809.4,945.859
2026-09-07 22:50:00,78809.4,78824.5,78786.0,78799.4,513.393
2026-09-07 22:55:00,78799.3,78824.4,78700.0,78786.1,672.162
2026-09-07 23:00:00,78786.2,78890.9,78780.1,78824.4,769.711
2026-09-07 23:05:00,78824.4,78867.8,78789.4,78839.9,458.254
2026-09-07 23:10:00,78839.9,78882.8,78839.8,78871.6,217.203
2026-09-07 23:15:00,78871.6,78871.6,78791.5,78854.2,215.847
2026-09-07 23:20:00,78854.2,78854.3,78788.8,78788.9,184.852
2026-09-07 23:25:00,78788.8,78818.0,78766.0,78798.1,257.992
2026-09-07 23:30:00,78798.1,78920.0,78797.8,78902.6,650.19
2026-09-07 23:35:00,78902.5,78993.0,78895.4,78980.8,481.184
2026-09-07 23:40:00,78980.8,78996.8,78954.3,78964.2,245.656
2026-09-07 23:45:00,78964.2,78989.8,78937.5,78949.9,150.442
2026-09-07 23:50:00,78950.0,78983.6,78931.2,78970.6,122.327
2026-09-07 23:55:00,78970.5,78993.0,78931.3,78989.3,287.961
2026-09-08 00:00:00,78989.4,78989.4,78974.6,78987.4,128.581
2026-09-08 00:05:00,78987.5,79059.4,78987.4,79051.6,344.622
2026-09-08 00:10:00,79051.5,79123.3,79051.5,79120.1,424.503
2026-09-08 00:15:00,79120.0,79120.1,79072.8,79110.3,314.299
2026-09-08 00:20:00,79110.4,79123.3,79070.0,79084.0,380.566
2026-09-08 00:25:00,79084.1,79123.1,79057.4,79090.0,347.141
2026-09-08 00:30:00,79089.9,79090.0,79047.4,79061.7,210.08
2026-09-08 00:35:00,79061.8,79115.4,79037.8,79102.5,238.525
2026-09-08 00:40:00,79102.5,79145.0,79102.5,79122.7,151.706
2026-09-08 00:45:00,79122.7,79150.0,79107.1,79130.8,130.819
2026-09-08 00:50:00,79130.9,79185.0,79130.8,79140.7,352.748
2026-09-08 00:55:00,79140.7,79153.5,79138.0,79153.5,69.866
2026-09-08 01:00:00,79153.5,79181.6,79138.0,79138.1,128.521
2026-09-08 01:05:00,79138.1,79178.6,79109.9,79143.2,457.696
2026-09-08 01:10:00,79143.3,79178.7,79123.5,79139.2,227.488
2026-09-08 01:15:00,79139.2,79159.7,79136.8,79159.6,112.816
2026-09-08 01:20:00,79159.5,79159.6,79087.6,79116.9,166.195
2026-09-08 01:25:00,79117.0,79137.2,79097.7,79109.2,171.982
2026-09-08 01:30:00,79109.2,79109.3,79051.2,79074.0,189.796
2026-09-08 01:35:00,79074.0,79098.0,79065.8,79074.8,105.182
2026-09-08 01:40:00,79074.7,79132.3,79074.7,79120.3,129.062
2026-09-08 01:45:00,79120.3,79171.8,79102.3,79168.4,168.95
2026-09-08 01:50:00,79168.4,79209.7,79156.2,79182.3,206.37
2026-09-08 01:55:00,79182.3,79188.0,79134.9,79158.6,93.829
2026-09-08 02:00:00,79158.5,79158.6,79110.0,79143.0,110.537
2026-09-08 02:05:00,79143.1,79151.6,79117.1,79117.1,55.211
2026-09-08 02:10:00,79117.1,79136.7,79117.1,79131.4,68.022
2026-09-08 02:15:00,79131.3,79144.0,79131.3,79143.6,43.825
2026-09-08 02:20:00,79143.7,79206.5,79143.6,79205.8,103.795
2026-09-08 02:25:00,79205.7,79206.5,79181.0,79201.6,67.854
2026-09-08 02:30:00,79201.6,79361.6,79201.6,79335.4,933.342
2026-09-08 02:35:00,79335.4,79391.4,79312.1,79330.4,260.992
2026-09-08 02:40:00,79330.3,79332.7,79296.0,79304.1,116.737
2026-09-08 02:45:00,79304.0,79330.0,79304.0,79330.0,84.067
2026-09-08 02:50:00,79330.0,79350.4,79318.2,79330.1,389.463
2026-09-08 02:55:00,79330.0,79339.7,79310.2,79325.3,201.977
2026-09-08 03:00:00,79325.3,79365.0,79281.5,79290.0,145.527
2026-09-08 03:05:00,79290.0,79290.0,79180.2,79219.7,244.589
2026-09-08 03:10:00,79219.7,79224.2,79168.9,79205.1,175.79
2026-09-08 03:15:00,79205.1,79229.7,79194.5,79229.6,82.649
2026-09-08 03:20:00,79229.6,79229.7,79150.2,79180.1,152.376
2026-09-08 03:25:00,79180.0,79182.1,79165.7,79179.7,35.714
2026-09-08 03:30:00,79179.6,79212.0,79179.6,79201.0,82.378
2026-09-08 03:35:00,79200.9,79201.3,79185.0,79187.1,44.364
2026-09-08 03:40:00,79187.1,79198.0,79151.6,79155.9,158.273
2026-09-08 03:45:00,79155.8,79203.8,79131.0,79203.3,227.587
2026-09-08 03:50:00,79203.4,79232.1,79163.3,79178.6,153.379
2026-09-08 03:55:00,79178.5,79221.8,79178.5,79207.0,104.728
2026-09-08 04:00:00,79206.9,79232.1,79202.2,79204.4,132.878
2026-09-08 04:05:00,79204.4,79204.5,79178.5,79178.5,148.358
2026-09-08 04:10:00,79178.5,79239.2,79178.5,79239.2,138.593
2026-09-08 04:15:00,79239.2,79246.4,79179.8,79222.6,184.126
2026-09-08 04:20:00,79222.6,79222.7,79218.6,79220.5,26.412
2026-09-08 04:25:00,79220.6,79228.2,79190.5,79194.7,35.586
2026-09-08 04:30:00,79194.6,79199.8,79165.3,79178.3,153.482
2026-09-08 04:35:00,79178.3,79183.3,79150.0,79183.2,96.773
2026-09-08 04:40:00,79183.2,79199.7,79134.1,79154.9,156.9
2026-09-08 04:45:00,79154.8,79187.9,79148.8,79150.1,70.877
2026-09-08 04:50:00,79150.1,79183.5,79136.1,79150.9,71.689
2026-09-08 04:55:00,79150.9,79182.0,79129.2,79129.2,96.615
2026-09-08 05:00:00,79129.3,79158.7,79026.3,79156.1,349.998
2026-09-08 05:05:00,79156.1,79189.5,79107.2,79168.8,161.053
2026-09-08 05:10:00,79168.7,79182.0,79103.7,79118.4,171.582
2026-09-08 05:15:00,79118.4,79118.4,78991.1,79033.1,356.7
2026-09-08 05:20:00,79033.1,79147.3,78990.2,79144.5,238.889
2026-09-08 05:25:00,79144.4,79167.5,79065.4,79065.5,326.228
2026-09-08 05:30:00,79065.4,79065.5,79006.3,79021.0,179.151
2026-09-08 05:35:00,79021.0,79040.7,78815.8,78833.9,582.285
2026-09-08 05:40:00,78834.0,78843.7,78737.9,78788.8,687.723
2026-09-08 05:45:00,78788.8,78925.1,78788.8,78921.7,447.222
2026-09-08 05:50:00,78921.7,78934.3,78900.1,78904.2,158.515
2026-09-08 05:55:00,78904.1,78933.6,78855.0,78916.3,180.104
2026-09-08 06:00:00,78916.4,78987.7,78895.3,78940.0,208.041
2026-09-08 06:05:00,78940.1,79138.9,78920.4,79083.8,663.577
2026-09-08 06:10:00,79083.8,79118.0,79061.4,79093.7,173.708
2026-09-08 06:15:00,79093.8,79106.3,79023.9,79077.2,321.051
2026-09-08 06:20:00,79077.1,79078.0,78926.8,78960.1,159.181
2026-09-08 06:25:00,78960.1,79000.9,78960.0,78974.5,70.898
2026-09-08 06:30:00,78974.5,78995.8,78947.6,78964.6,151.18
2026-09-08 06:35:00,78964.6,79013.0,78962.3,79002.6,80.168
2026-09-08 06:40:00,79002.7,79093.5,79002.6,79093.4,126.027
2026-09-08 06:45:00,79093.4,79184.0,79070.4,79158.2,252.72
2026-09-08 06:50:00,79158.3,79170.9,79117.3,79117.4,155.75
2026-09-08 06:55:00,79117.3,79128.0,79075.9,79075.9,151.208
2026-09-08 07:00:00,79075.9,79085.4,78971.0,79017.0,310.709
2026-09-08 07:05:00,79017.0,79075.9,78983.0,79015.0,252.055
2026-09-08 07:10:00,79015.0,79041.3,78951.1,79023.2,270.642
2026-09-08 07:15:00,79023.1,79121.2,78987.5,79020.0,230.837
2026-09-08 07:20:00,79020.0,79041.7,78938.0,79007.4,347.292
2026-09-08 07:25:00,79007.4,79051.5,78970.8,78970.8,251.221
2026-09-08 07:30:00,78970.9,79140.0,78951.1,79140.0,283.262
2026-09-08 07:35:00,79140.0,79216.9,79139.9,79188.4,376.989
2026-09-08 07:40:00,79188.4,79255.8,79163.2,79188.9,292.57
2026-09-08 07:45:00,79188.8,79256.1,79170.8,79250.5,178.675
2026-09-08 07:50:00,79250.5,79269.6,79223.9,79227.8,208.224
2026-09-08 07:55:00,79227.7,79287.0,79227.7,79286.9,149.6
2026-09-08 08:00:00,79287.0,79296.0,79249.8,79275.0,234.032
2026-09-08 08:05:00,79274.9,79328.2,79230.0,79313.1,272.188
2026-09-08 08:10:00,79313.1,79340.5,79260.9,79260.9,189.891
2026-09-08 08:15:00,79261.0,79322.9,79236.0,79304.6,297.363
2026-09-08 08:20:00,79304.5,79439.6,79278.8,79343.0,391.971
2026-09-08 08:25:00,79343.1,79413.2,79343.0,79363.8,323.61
2026-09-08 08:30:00,79363.9,79363.9,79278.3,79289.9,227.235
2026-09-08 08:35:00,79290.0,79334.6,79282.0,79296.7,189.124
2026-09-08 08:40:00,79296.6,79304.8,79276.7,79292.1,111.149
2026-09-08 08:45:00,79292.1,79336.2,79274.4,79336.1,123.296
2026-09-08 08:50:00,79336.2,79352.2,79292.9,79352.2,95.29
2026-09-08 08:55:00,79352.1,79425.0,79338.0,79409.0,171.458
2026-09-08 09:00:00,79409.0,79409.1,79340.1,79348.9,152.503
2026-09-08 09:05:00,79348.9,79350.0,79296.0,79299.9,127.98
2026-09-08 09:10:00,79299.9,79322.0,79224.4,79301.0,220.185
2026-09-08 09:15:00,79301.1,79318.2,79250.0,79281.4,157.283
2026-09-08 09:20:00,79281.4,79476.0,79259.9,79432.0,551.322
2026-09-08 09:25:00,79432.0,79455.7,79211.8,79233.2,344.889
2026-09-08 09:30:00,79233.2,79244.5,79157.0,79186.8,451.163
2026-09-08 09:35:00,79186.8,79187.4,79133.4,79135.7,160.081
2026-09-08 09:40:00,79135.7,79135.8,79061.5,79098.5,274.669
2026-09-08 09:45:00,79098.6,79121.4,79063.1,79088.1,439.036
2026-09-08 09:50:00,79088.1,79088.2,78952.1,78952.2,435.053
2026-09-08 09:55:00,78952.2,78984.5,78890.1,78898.8,566.448
2026-09-08 10:00:00,78898.8,78976.6,78845.0,78884.2,811.475
2026-09-08 10:05:00,78884.1,78959.9,78884.1,78959.9,230.355
2026-09-08 10:10:00,78959.9,78963.9,78864.1,78877.0,486.983
2026-09-08 10:15:00,78877.0,78917.5,78825.0,78825.0,247.558
2026-09-08 10:20:00,78825.1,78844.4,78690.3,78761.5,860.992
2026-09-08 10:25:00,78761.5,78811.2,78709.9,78746.9,501.204
2026-09-08 10:30:00,78746.8,78951.4,78736.6,78889.2,749.438
2026-09-08 10:35:00,78889.2,78967.8,78868.0,78908.0,511.051
2026-09-08 10:40:00,78908.0,78957.4,78890.0,78918.8,361.608
2026-09-08 10:45:00,78918.8,78925.0,78837.7,78884.0,373.8
2026-09-08 10:50:00,78883.9,78924.8,78876.2,78880.0,204.858
2026-09-08 10:55:00,78880.1,78901.4,78880.0,78880.0,160.339
2026-09-08 11:00:00,78880.0,78904.7,78868.9,78868.9,144.223
2026-09-08 11:05:00,78868.9,78883.1,78812.7,78835.5,346.245
2026-09-08 11:10:00,78835.5,78837.8,78759.8,78789.6,301.105
2026-09-08 11:15:00,78789.5,78830.0,78745.2,78830.0,363.488
2026-09-08 11:20:00,78830.0,78830.0,78750.0,78750.0,189.984
2026-09-08 11:25:00,78750.0,78817.6,78720.8,78788.6,332.246
2026-09-08 11:30:00,78788.6,78846.3,78779.4,78800.1,264.569
2026-09-08 11:35:00,78800.0,78808.5,78752.6,78802.9,206.194
2026-09-08 11:40:00,78802.9,78811.8,78693.5,78755.5,259.558
2026-09-08 11:45:00,78755.6,78787.1,78738.0,78769.0,89.925
2026-09-08 11:50:00,78769.0,78790.7,78672.6,78701.0,240.922
2026-09-08 11:55:00,78701.0,78701.1,78650.0,78650.0,759.797
2026-09-08 12:00:00,78650.0,78782.8,78507.0,78650.2,2038.406
2026-09-08 12:05:00,78650.3,78727.2,78581.4,78647.9,410.192
2026-09-08 12:10:00,78647.9,78741.8,78634.6,78675.3,721.375
2026-09-08 12:15:00,78675.2,78830.4,78622.6,78830.0,630.763
2026-09-08 12:20:00,78830.0,78850.0,78771.3,78818.0,361.524
2026-09-08 12:25:00,78817.9,78848.7,78770.4,78793.4,352.463
2026-09-08 12:30:00,78793.4,78799.1,78641.2,78651.2,358.675
2026-09-08 12:35:00,78651.1,78733.5,78606.5,78699.9,506.206
2026-09-08 12:40:00,78699.9,78714.8,78596.1,78596.1,316.675
2026-09-08 12:45:00,78596.2,78668.5,78594.0,78659.2,212.402
2026-09-08 12:50:00,78659.3,78691.2,78576.7,78587.9,256.684
2026-09-08 12:55:00,78587.9,78616.0,78538.1,78553.0,339.363
2026-09-08 13:00:00,78553.0,78573.4,78401.4,78500.0,2229.386
2026-09-08 13:05:00,78499.9,78596.7,78388.0,78568.9,1039.735
2026-09-08 13:10:00,78568.8,78568.9,78455.4,78556.9,405.515
2026-09-08 13:15:00,78556.9,78599.9,78425.2,78425.2,612.264
2026-09-08 13:20:00,78425.3,78471.7,78320.6,78413.1,1098.25
2026-09-08 13:25:00,78413.0,78440.9,78329.4,78349.1,483.579
2026-09-08 13:30:00,78349.1,78418.4,78343.1,78353.8,402.761
2026-09-08 13:35:00,78353.8,78411.8,78325.8,78383.7,291.198
2026-09-08 13:40:00,78383.7,78416.0,78332.3,78388.2,430.074
2026-09-08 13:45:00,78388.3,78460.3,78281.0,78316.8,576.4
2026-09-08 13:50:00,78316.8,78397.2,78240.0,78249.3,971.524
2026-09-08 13:55:00,78249.4,78341.3,78225.8,78292.8,857.675
2026-09-08 14:00:00,78292.8,78349.0,78263.6,78290.0,541.934
2026-09-08 14:05:00,78290.1,78406.1,78280.8,78377.0,441.631
2026-09-08 14:10:00,78377.0,78411.3,78372.1,78372.1,205.174
2026-09-08 14:15:00,78372.2,78421.3,78340.1,78410.0,316.693
2026-09-08 14:20:00,78409.9,78452.2,78390.0,78431.3,460.939
2026-09-08 14:25:00,78431.3,78489.6,78424.0,78435.7,376.083
2026-09-08 14:30:00,78435.7,78465.1,78409.5,78460.0,340.879
2026-09-08 14:35:00,78460.0,78520.7,78459.9,78491.4,462.665
2026-09-08 14:40:00,78491.4,78577.3,78400.4,78404.0,787.083
2026-09-08 14:45:00,78404.1,78404.2,78243.5,78253.0,759.163
2026-09-08 14:50:00,78253.0,78337.7,78133.0,78290.7,1243.053
2026-09-08 14:55:00,78290.6,78445.1,78290.6,78445.0,530.036
2026-09-08 15:00:00,78445.1,78445.1,78253.2,78319.8,585.12
2026-09-08 15:05:00,78319.9,78409.4,78301.0,78308.8,287.676
2026-09-08 15:10:00,78308.7,78361.9,78280.0,78359.2,273.47
2026-09-08 15:15:00,78359.2,78390.6,78277.7,78315.8,469.519
2026-09-08 15:20:00,78315.8,78388.0,78283.3,78388.0,336.794
2026-09-08 15:25:00,78388.0,78480.8,78336.6,78445.1,513.385
2026-09-08 15:30:00,78445.1,78510.2,78418.8,78477.3,688.475
2026-09-08 15:35:00,78477.3,78540.8,78472.2,78526.0,258.206
2026-09-08 15:40:00,78525.9,78525.9,78479.3,78509.9,296.061
2026-09-08 15:45:00,78509.9,78557.4,78470.4,78481.4,469.433
2026-09-08 15:50:00,78481.5,78489.0,78362.3,78380.0,259.124
2026-09-08 15:55:00,78380.0,78428.6,78351.3,78395.8,267.003
2026-09-08 16:00:00,78395.8,78422.5,78351.3,78405.7,203.713
2026-09-08 16:05:00,78405.7,78422.4,78310.6,78369.7,331.459
2026-09-08 16:10:00,78369.8,78470.0,78334.6,78457.0,628.4
2026-09-08 16:15:00,78457.1,78480.2,78387.9,78390.4,325.704
2026-09-08 16:20:00,78390.4,78424.8,78320.0,78401.8,495.131
2026-09-08 16:25:00,78401.8,78463.0,78400.1,78445.0,249.698
2026-09-08 16:30:00,78445.0,78585.5,78417.4,78563.5,436.446
2026-09-08 16:35:00,78563.4,78670.2,78547.6,78667.5,666.276
2026-09-08 16:40:00,78667.6,78757.0,78650.4,78738.0,851.485
2026-09-08 16:45:00,78738.0,78750.8,78700.1,78746.0,576.282
2026-09-08 16:50:00,78746.0,78772.4,78705.0,78728.7,467.947
2026-09-08 16:55:00,78728.6,78749.6,78700.0,78728.4,488.732
2026-09-08 17:00:00,78728.3,78728.4,78636.2,78691.8,509.21
2026-09-08 17:05:00,78691.9,78725.6,78664.0,78676.0,236.48
2026-09-08 17:10:00,78676.1,78723.8,78666.0,78709.9,191.671
2026-09-08 17:15:00,78709.8,78786.5,78700.0,78786.5,363.812
2026-09-08 17:20:00,78786.5,78969.6,78786.4,78841.8,1366.178
2026-09-08 17:25:00,78841.7,78882.8,78791.7,78814.8,633.128
2026-09-08 17:30:00,78814.9,78838.0,78700.0,78708.1,387.879
2026-09-08 17:35:00,78708.1,78708.1,78651.2,78694.5,425.269
2026-09-08 17:40:00,78694.5,78694.5,78619.4,78636.8,619.451
2026-09-08 17:45:00,78636.8,78644.7,78618.3,78630.9,199.25
2026-09-08 17:50:00,78630.9,78662.7,78592.9,78603.9,163.938
2026-09-08 17:55:00,78603.9,78603.9,78529.4,78529.4,369.552
2026-09-08 18:00:00,78529.5,78544.5,78443.6,78447.3,678.096
2026-09-08 18:05:00,78447.2,78455.0,78335.7,78374.7,664.285
2026-09-08 18:10:00,78374.7,78374.8,78255.6,78280.1,669.334
2026-09-08 18:15:00,78280.1,78375.1,78271.5,78361.3,694.552
2026-09-08 18:20:00,78361.4,78462.2,78350.0,78448.1,781.404
2026-09-08 18:25:00,78448.0,78448.1,78400.0,78413.1,191.144
2026-09-08 18:30:00,78413.1,78458.2,78370.6,78453.4,409.183
2026-09-08 18:35:00,78453.5,78471.7,78410.8,78410.8,236.766
2026-09-08 18:40:00,78410.8,78450.2,78389.4,78407.5,364.782
2026-09-08 18:45:00,78407.4,78420.0,78356.6,78399.5,245.673
2026-09-08 18:50:00,78399.5,78421.9,78337.1,78349.8,294.885
2026-09-08 18:55:00,78349.9,78435.7,78349.8,78400.0,340.64
2026-09-08 19:00:00,78400.0,78400.1,78200.0,78204.7,929.637
2026-09-08 19:05:00,78204.6,78314.9,78204.6,78314.9,305.454
2026-09-08 19:10:00,78314.9,78337.4,78187.3,78190.5,374.124
2026-09-08 19:15:00,78190.4,78240.0,78190.4,78233.2,469.786
2026-09-08 19:20:00,78233.1,78297.0,78229.3,78290.0,152.683
2026-09-08 19:25:00,78289.9,78367.7,78251.5,78345.1,539.267
2026-09-08 19:30:00,78345.2,78424.6,78292.6,78374.0,398.73
2026-09-08 19:35:00,78373.9,78397.9,78337.8,78356.8,145.219
2026-09-08 19:40:00,78356.8,78358.0,78271.1,78303.8,254.386
2026-09-08 19:45:00,78303.8,78368.7,78270.0,78368.6,340.714
2026-09-08 19:50:00,78368.6,78437.0,78306.7,78437.0,394.325
2026-09-08 19:55:00,78436.9,78453.3,78362.1,78419.7,367.867
2026-09-08 20:00:00,78420.0,78475.5,78375.1,78460.6,323.765
2026-09-08 20:05:00,78460.6,78512.0,78427.7,78427.8,311.325
2026-09-08 20:10:00,78427.8,78489.6,78420.4,78441.9,220.839
2026-09-08 20:15:00,78442.0,78457.3,78370.8,78373.0,229.998
2026-09-08 20:20:00,78372.9,78390.6,78283.8,78311.4,267.652
2026-09-08 20:25:00,78311.3,78373.7,78276.6,78307.5,316.947
2026-09-08 20:30:00,78307.4,78344.7,78044.0,78090.2,2688.696
2026-09-08 20:35:00,78090.2,78152.1,77800.1,77847.2,3855.381
2026-09-08 20:40:00,77847.2,77866.2,77660.0,77816.5,3641.431
2026-09-08 20:45:00,77816.4,77918.2,77723.6,77854.4,1870.826
2026-09-08 20:50:00,77854.4,77854.4,77600.1,77798.0,1879.227
2026-09-08 20:55:00,77798.0,78069.9,77778.8,77936.5,1865.762
2026-09-08 21:00:00,77936.6,78009.5,77817.3,77998.7,1241.535
2026-09-08 21:05:00,77998.8,78078.0,77950.0,78050.9,867.109
2026-09-08 21:10:00,78050.9,78166.5,78009.9,78123.4,1144.639
2026-09-08 21:15:00,78123.5,78284.6,78123.4,78273.2,1202.572
2026-09-08 21:20:00,78273.2,78354.2,78250.2,78297.8,786.168
2026-09-08 21:25:00,78297.8,78330.0,78217.0,78307.1,872.447
2026-09-08 21:30:00,78307.0,78379.0,78206.2,78349.7,543.661
2026-09-08 21:35:00,78349.8,78374.7,78253.0,78308.6,524.071
2026-09-08 21:40:00,78308.6,78400.0,78242.0,78379.8,607.758
2026-09-08 21:45:00,78379.7,78591.9,78350.0,78527.8,1671.968
2026-09-08 21:50:00,78527.7,78558.6,78415.5,78485.1,692.903
2026-09-08 21:55:00,78485.0,78555.3,78450.0,78524.8,570.547
2026-09-08 22:00:00,78524.9,78630.6,78491.3,78513.0,764.155
2026-09-08 22:05:00,78513.0,78557.8,78438.0,78557.8,485.165
2026-09-08 22:10:00,78557.8,78627.9,78517.5,78608.1,513.864
2026-09-08 22:15:00,78608.1,78680.0,78575.7,78575.8,685.213
2026-09-08 22:20:00,78575.8,78606.1,78436.8,78501.2,814.252
2026-09-08 22:25:00,78501.2,78524.8,78415.0,78425.5,653.819
2026-09-08 22:30:00,78425.5,78530.0,78416.0,78510.4,496.332
2026-09-08 22:35:00,78510.4,78620.9,78498.2,78591.0,757.767
2026-09-08 22:40:00,78591.0,78744.9,78556.3,78680.6,803.969
2026-09-08 22:45:00,78680.7,78765.9,78636.4,78737.4,794.79
2026-09-08 22:50:00,78737.4,78837.0,78712.1,78801.1,1074.527
2026-09-08 22:55:00,78801.1,78871.2,78778.5,78870.0,728.018
2026-09-08 23:00:00,78870.1,78871.0,78701.2,78793.1,749.915
2026-09-08 23:05:00,78793.1,78800.0,78690.1,78690.1,359.406
2026-09-08 23:10:00,78690.1,78690.1,78593.5,78616.9,384.714
2026-09-08 23:15:00,78616.9,78637.8,78540.0,78594.6,411.471
2026-09-08 23:20:00,78594.6,78638.8,78540.0,78596.5,368.456
2026-09-08 23:25:00,78596.6,78646.3,78583.8,78599.8,292.379
2026-09-08 23:30:00,78599.7,78674.6,78583.3,78621.1,164.521
2026-09-08 23:35:00,78621.2,78846.3,78611.2,78846.3,514.447
2026-09-08 23:40:00,78846.2,78966.0,78752.9,78759.1,1111.924
2026-09-08 23:45:00,78759.1,78800.0,78732.4,78786.6,225.039
2026-09-08 23:50:00,78786.7,78846.2,78706.4,78744.6,303.855
2026-09-08 23:55:00,78744.7,78744.7,78616.9,78700.0,464.057
2026-09-09 00:00:00,78699.9,78825.8,78699.3,78797.8,382.376
2026-09-09 00:05:00,78797.9,78857.0,78662.9,78665.7,311.538
2026-09-09 00:10:00,78665.8,78693.5,78626.6,78674.1,179.457
2026-09-09 00:15:00,78674.0,78684.1,78583.0,78597.8,254.474
2026-09-09 00:20:00,78597.9,78600.0,78542.3,78557.0,258.446
2026-09-09 00:25:00,78557.0,78567.3,78506.9,78559.9,342.624
2026-09-09 00:30:00,78559.9,78590.0,78518.3,78590.0,165.0
2026-09-09 00:35:00,78589.9,78630.8,78543.6,78553.3,222.912
2026-09-09 00:40:00,78553.3,78555.8,78492.2,78492.2,319.829
2026-09-09 00:45:00,78492.2,78538.0,78458.9,78487.4,243.361
2026-09-09 00:50:00,78487.5,78610.1,78487.5,78559.2,322.369
2026-09-09 00:55:00,78559.2,78563.2,78459.0,78467.9,150.876
2026-09-09 01:00:00,78467.9,78538.7,78458.4,78497.2,219.683
2026-09-09 01:05:00,78497.2,78643.0,78497.2,78640.1,231.646
2026-09-09 01:10:00,78640.2,78690.0,78610.0,78639.9,173.415
2026-09-09 01:15:00,78639.9,78730.7,78633.0,78728.7,193.851
2026-09-09 01:20:00,78728.6,78783.0,78718.6,78757.1,184.176
2026-09-09 01:25:00,78757.2,78762.4,78680.2,78697.6,92.914
2026-09-09 01:30:00,78697.7,78739.9,78677.3,78692.0,133.125
2026-09-09 01:35:00,78692.0,78692.0,78554.3,78554.4,259.046
2026-09-09 01:40:00,78554.4,78576.9,78541.6,78568.2,168.108
2026-09-09 01:45:00,78568.2,78619.3,78280.1,78296.4,1048.739
2026-09-09 01:50:00,78296.4,78409.5,78230.5,78342.2,756.962
2026-09-09 01:55:00,78342.2,78424.7,78330.7,78399.1,627.806
2026-09-09 02:00:00,78399.2,78485.0,78357.0,78476.3,371.583
2026-09-09 02:05:00,78476.2,78479.3,78382.2,78419.2,161.41
2026-09-09 02:10:00,78419.3,78450.6,78395.5,78433.2,421.589
2026-09-09 02:15:00,78433.1,78495.6,78393.6,78400.9,231.49
2026-09-09 02:20:00,78401.0,78410.0,78308.2,78353.4,342.063
2026-09-09 02:25:00,78353.4,78444.4,78319.8,78441.2,720.679
2026-09-09 02:30:00,78441.2,78483.3,78300.0,78413.5,418.211
2026-09-09 02:35:00,78413.7,78444.4,78370.7,78429.1,229.451
2026-09-09 02:40:00,78429.1,78483.4,78371.6,78375.4,454.44
2026-09-09 02:45:00,78375.4,78382.1,78294.9,78376.1,322.196
2026-09-09 02:50:00,78376.0,78376.0,78285.0,78306.1,456.048
2026-09-09 02:55:00,78306.1,78417.1,78290.0,78407.3,323.868
2026-09-09 03:00:00,78407.4,78463.3,78366.2,78436.0,374.543
2026-09-09 03:05:00,78436.2,78496.6,78429.0,78486.4,198.498
2026-09-09 03:10:00,78486.3,78595.7,78486.3,78575.9,504.051
2026-09-09 03:15:00,78575.8,78580.0,78473.0,78479.5,163.301
2026-09-09 03:20:00,78479.6,78500.0,78412.4,78459.1,267.436
2026-09-09 03:25:00,78459.1,78570.7,78459.1,78550.6,470.701
2026-09-09 03:30:00,78550.6,78550.6,78386.9,78405.1,198.033
2026-09-09 03:35:00,78405.0,78514.0,78376.0,78491.1,169.823
2026-09-09 03:40:00,78491.1,78519.9,78437.4,78494.3,136.399
2026-09-09 03:45:00,78494.4,78515.0,78453.2,78466.6,91.752
2026-09-09 03:50:00,78466.7,78525.0,78436.2,78436.2,212.201
2026-09-09 03:55:00,78436.2,78488.8,78431.1,78447.9,165.913
2026-09-09 04:00:00,78447.9,78540.2,78422.4,78478.8,271.361
2026-09-09 04:05:00,78478.8,78518.3,78468.8,78508.6,59.356
2026-09-09 04:10:00,78508.6,78527.5,78505.8,78519.3,69.795
2026-09-09 04:15:00,78519.3,78540.0,78487.1,78493.1,48.188
2026-09-09 04:20:00,78493.1,78535.8,78468.0,78487.1,111.79
2026-09-09 04:25:00,78487.0,78586.6,78485.0,78495.5,483.007
2026-09-09 04:30:00,78495.6,78520.1,78436.2,78480.1,136.37
2026-09-09 04:35:00,78480.2,78498.0,78434.1,78481.4,155.263
2026-09-09 04:40:00,78481.4,78532.6,78403.5,78488.2,270.996
2026-09-09 04:45:00,78488.1,78501.3,78469.3,78477.4,56.329
2026-09-09 04:50:00,78477.5,78477.5,78360.2,78402.1,144.366
2026-09-09 04:55:00,78402.1,78458.8,78402.1,78458.7,54.877
2026-09-09 05:00:00,78458.7,78658.6,78455.3,78547.7,531.113
2026-09-09 05:05:00,78547.8,78565.5,78420.7,78447.0,170.049
2026-09-09 05:10:00,78447.1,78475.2,78434.1,78475.1,204.681
2026-09-09 05:15:00,78475.2,78499.9,78437.0,78437.1,155.908
2026-09-09 05:20:00,78437.1,78549.6,78437.0,78523.8,211.238
2026-09-09 05:25:00,78523.8,78523.8,78464.3,78464.3,103.619
2026-09-09 05:30:00,78464.4,78473.9,78436.2,78452.4,83.576
2026-09-09 05:35:00,78452.4,78477.6,78430.6,78457.2,100.384
2026-09-09 05:40:00,78457.2,78503.7,78445.9,78456.8,222.923
2026-09-09 05:45:00,78456.8,78529.2,78456.7,78521.1,167.314
2026-09-09 05:50:00,78521.0,78552.8,78500.5,78502.4,252.64
2026-09-09 05:55:00,78502.3,78547.5,78478.7,78526.1,272.272
2026-09-09 06:00:00,78526.2,78543.5,78478.6,78495.3,168.072
2026-09-09 06:05:00,78495.3,78502.3,78480.7,78480.7,84.839
2026-09-09 06:10:00,78480.8,78500.1,78431.7,78465.7,262.131
2026-09-09 06:15:00,78465.6,78475.4,78431.4,78439.1,130.32
2026-09-09 06:20:00,78439.2,78448.5,78412.3,78421.8,109.1
2026-09-09 06:25:00,78421.8,78455.5,78388.4,78432.6,166.236
2026-09-09 06:30:00,78432.5,78440.0,78418.0,78428.1,121.115
2026-09-09 06:35:00,78428.0,78435.0,78410.4,78422.9,69.823
2026-09-09 06:40:00,78423.0,78423.0,78406.8,78414.8,85.645
2026-09-09 06:45:00,78414.8,78431.1,78399.8,78399.8,102.982
2026-09-09 06:50:00,78399.9,78437.9,78385.7,78385.7,121.253
2026-09-09 06:55:00,78385.8,78444.3,78375.8,78425.6,176.601
2026-09-09 07:00:00,78425.6,78531.7,78425.6,78531.7,166.856
2026-09-09 07:05:00,78531.7,78595.5,78531.6,78585.7,208.426
2026-09-09 07:10:00,78585.6,78705.8,78585.6,78685.6,383.09
2026-09-09 07:15:00,78685.5,78685.6,78600.0,78668.6,242.058
2026-09-09 07:20:00,78668.6,78714.2,78614.5,78632.0,136.932
2026-09-09 07:25:00,78632.0,78632.0,78565.5,78595.7,140.522
2026-09-09 07:30:00,78595.7,78600.4,78547.2,78596.1,91.99
2026-09-09 07:35:00,78596.1,78629.3,78535.2,78629.3,96.476
2026-09-09 07:40:00,78629.3,78666.6,78583.5,78666.6,98.955
2026-09-09 07:45:00,78666.5,78736.2,78666.5,78736.2,233.284
2026-09-09 07:50:00,78736.1,78750.0,78694.7,78749.9,149.484
2026-09-09 07:55:00,78749.8,78759.1,78722.6,78746.0,150.02
2026-09-09 08:00:00,78746.0,78750.9,78668.4,78671.9,162.357
2026-09-09 08:05:00,78671.9,78770.0,78661.2,78768.3,193.239
2026-09-09 08:10:00,78768.3,78831.8,78703.9,78707.5,753.312
2026-09-09 08:15:00,78707.6,78725.7,78601.5,78607.1,404.68
2026-09-09 08:20:00,78607.1,78673.2,78592.7,78641.6,519.207
2026-09-09 08:25:00,78641.5,78740.0,78621.1,78694.9,186.146
2026-09-09 08:30:00,78694.9,78740.0,78659.8,78732.6,65.504
2026-09-09 08:35:00,78732.5,78840.1,78725.0,78800.0,275.765
2026-09-09 08:40:00,78799.9,78839.0,78763.1,78801.7,125.943
2026-09-09 08:45:00,78801.7,78839.7,78801.6,78825.1,176.191
2026-09-09 08:50:00,78825.1,78850.4,78786.0,78849.1,289.98
2026-09-09 08:55:00,78849.1,78860.0,78768.7,78848.9,694.127
2026-09-09 09:00:00,78848.8,78876.6,78801.5,78846.3,357.644
2026-09-09 09:05:00,78846.4,78879.9,78801.5,78866.4,394.388
2026-09-09 09:10:00,78866.5,78899.0,78761.5,78761.9,290.312
2026-09-09 09:15:00,78761.9,78762.0,78645.0,78715.7,500.815
2026-09-09 09:20:00,78715.8,78798.9,78666.0,78796.7,240.88
2026-09-09 09:25:00,78796.7,78796.7,78725.0,78791.5,164.097
2026-09-09 09:30:00,78791.5,78805.0,78738.8,78743.5,63.91
2026-09-09 09:35:00,78743.5,78747.5,78718.1,78727.4,53.927
2026-09-09 09:40:00,78727.5,78765.6,78720.2,78760.9,63.246
2026-09-09 09:45:00,78760.9,78770.0,78738.7,78738.7,61.774
2026-09-09 09:50:00,78738.7,78770.0,78731.2,78739.0,61.727
2026-09-09 09:55:00,78738.9,78739.0,78689.4,78689.5,76.1
2026-09-09 10:00:00,78689.4,78689.5,78635.1,78635.2,241.082
2026-09-09 10:05:00,78635.2,78669.9,78598.1,78607.0,805.31
2026-09-09 10:10:00,78607.1,78621.3,78550.4,78555.0,362.482
2026-09-09 10:15:00,78555.0,78587.9,78536.4,78547.1,211.124
2026-09-09 10:20:00,78547.1,78578.4,78534.2,78552.2,167.226
2026-09-09 10:25:00,78552.1,78561.0,78502.0,78543.0,220.545
2026-09-09 10:30:00,78542.9,78572.4,78536.2,78555.0,132.16
2026-09-09 10:35:00,78555.0,78576.5,78539.5,78576.5,139.063
2026-09-09 10:40:00,78576.5,78633.0,78572.3,78611.9,149.445
2026-09-09 10:45:00,78611.9,78647.7,78600.0,78612.4,134.005
2026-09-09 10:50:00,78612.4,78615.7,78564.6,78607.1,115.045
2026-09-09 10:55:00,78607.0,78637.3,78570.2,78593.7,116.843
2026-09-09 11:00:00,78593.7,78913.0,78593.7,78900.1,1123.721
2026-09-09 11:05:00,78900.0,78911.1,78740.3,78740.4,402.307
2026-09-09 11:10:00,78740.4,78820.1,78711.9,78806.3,267.129
2026-09-09 11:15:00,78806.2,78807.6,78741.6,78792.4,158.024
2026-09-09 11:20:00,78792.4,78883.2,78772.4,78883.2,231.496
2026-09-09 11:25:00,78883.1,78916.8,78853.2,78853.3,199.885
2026-09-09 11:30:00,78853.2,78898.3,78838.5,78881.3,178.925
2026-09-09 11:35:00,78881.3,78907.2,78864.7,78890.3,134.992
2026-09-09 11:40:00,78890.2,79180.0,78885.2,79159.5,1756.746
2026-09-09 11:45:00,79159.5,79186.0,79037.7,79087.6,932.007
2026-09-09 11:50:00,79087.5,79150.0,79087.5,79138.1,544.525
2026-09-09 11:55:00,79138.1,79167.1,79123.0,79136.0,369.392
2026-09-09 12:00:00,79135.9,79149.8,79020.7,79092.6,805.861
2026-09-09 12:05:00,79092.5,79116.0,79055.0,79092.1,868.808
2026-09-09 12:10:00,79092.1,79323.0,79065.9,79245.8,1719.441
2026-09-09 12:15:00,79245.8,79343.7,79198.2,79286.1,1992.155
2026-09-09 12:20:00,79286.0,79286.1,79131.6,79152.5,545.889
2026-09-09 12:25:00,79152.6,79175.9,79093.4,79093.5,286.017
2026-09-09 12:30:00,79093.5,79106.6,78911.7,78996.1,1002.171
2026-09-09 12:35:00,78996.1,79015.2,78904.8,78914.5,506.231
2026-09-09 12:40:00,78914.4,78923.9,78857.9,78887.8,430.868
2026-09-09 12:45:00,78887.8,78887.9,78802.0,78815.5,411.807
2026-09-09 12:50:00,78815.6,78893.8,78815.5,78893.8,178.996
2026-09-09 12:55:00,78893.7,78930.9,78876.5,78906.5,423.768
2026-09-09 13:00:00,78906.5,78938.0,78823.2,78853.8,389.334
2026-09-09 13:05:00,78853.8,78952.2,78843.6,78925.2,251.156
2026-09-09 13:10:00,78925.2,79108.5,78921.2,79085.4,701.947
2026-09-09 13:15:00,79085.4,79148.8,79063.2,79142.8,312.258
2026-09-09 13:20:00,79142.8,79259.9,79116.8,79190.3,471.369
2026-09-09 13:25:00,79190.2,79205.2,79122.0,79122.0,162.093
2026-09-09 13:30:00,79122.1,79195.9,79102.9,79161.2,336.832
2026-09-09 13:35:00,79161.2,79200.0,79161.1,79171.9,223.386
2026-09-09 13:40:00,79171.9,79175.8,79113.7,79156.2,185.042
2026-09-09 13:45:00,79156.2,79172.0,79099.9,79112.4,243.011
2026-09-09 13:50:00,79112.3,79137.5,79088.3,79095.4,109.907
2026-09-09 13:55:00,79095.4,79149.9,79080.6,79125.5,188.163
2026-09-09 14:00:00,79125.5,79178.7,79119.3,79178.7,152.387
2026-09-09 14:05:00,79178.6,79376.4,79178.6,79277.7,905.508
2026-09-09 14:10:00,79277.7,79305.0,79212.6,79219.4,583.069
2026-09-09 14:15:00,79219.5,79265.4,79193.5,79231.0,254.191
2026-09-09 14:20:00,79231.1,79268.3,79208.6,79265.6,203.605
2026-09-09 14:25:00,79265.6,79265.7,79205.3,79246.8,189.605
2026-09-09 14:30:00,79247.0,79261.6,79184.3,79188.6,191.283
2026-09-09 14:35:00,79188.6,79225.2,79184.8,79191.2,116.033
2026-09-09 14:40:00,79191.2,79214.9,79135.4,79165.5,252.113
2026-09-09 14:45:00,79165.6,79226.7,79161.4,79165.3,150.053
2026-09-09 14:50:00,79165.3,79250.0,79165.2,79218.0,228.799
2026-09-09 14:55:00,79218.0,79255.0,79204.9,79246.0,100.91
2026-09-09 15:00:00,79246.0,79417.4,79231.5,79399.9,1176.131
2026-09-09 15:05:00,79399.9,79490.5,79350.0,79436.3,642.523
2026-09-09 15:10:00,79436.3,79543.3,79377.9,79377.9,902.485
2026-09-09 15:15:00,79377.9,79460.0,79358.3,79458.8,224.333
