datetime,open,high,low,close,volume
2026-08-05 23:40:00,1892.72,1894.29,1891.36,1891.83,14081.941
2026-08-05 23:45:00,1891.83,1891.84,1888.51,1888.86,18288.304
2026-08-05 23:50:00,1888.87,1889.6,1887.57,1889.59,11718.246
2026-08-05 23:55:00,1889.6,1894.86,1888.83,1894.79,18372.836
2026-08-06 00:00:00,1894.8,1897.88,1894.32,1895.3,32092.853
2026-08-06 00:05:00,1895.3,1895.59,1892.64,1893.03,12356.658
2026-08-06 00:10:00,1893.03,1895.5,1892.19,1893.11,9200.939
2026-08-06 00:15:00,1893.1,1893.1,1891.13,1891.77,8223.35
2026-08-06 00:20:00,1891.76,1892.0,1890.21,1891.79,7892.912
2026-08-06 00:25:00,1891.79,1893.27,1891.11,1891.65,6908.591
2026-08-06 00:30:00,1891.64,1893.1,1891.27,1892.5,4682.594
2026-08-06 00:35:00,1892.51,1906.5,1892.51,1906.21,90229.321
2026-08-06 00:40:00,1906.21,1910.97,1905.14,1907.7,73857.062
2026-08-06 00:45:00,1907.69,1911.1,1906.23,1910.94,37095.891
2026-08-06 00:50:00,1910.93,1916.0,1910.2,1914.94,44654.824
2026-08-06 00:55:00,1914.94,1916.88,1914.0,1915.93,27423.971
2026-08-06 01:00:00,1915.93,1919.71,1914.72,1919.63,55430.416
2026-08-06 01:05:00,1919.64,1920.0,1913.48,1913.92,60908.432
2026-08-06 01:10:00,1913.93,1920.99,1913.0,1919.69,32118.058
2026-08-06 01:15:00,1919.7,1923.6,1917.69,1918.79,41239.101
2026-08-06 01:20:00,1918.79,1927.19,1918.52,1919.01,51165.293
2026-08-06 01:25:00,1919.01,1920.0,1917.58,1918.74,13200.166
2026-08-06 01:30:00,1918.74,1918.75,1914.28,1914.54,17317.709
2026-08-06 01:35:00,1914.55,1919.62,1914.55,1919.6,10868.866
2026-08-06 01:40:00,1919.6,1920.68,1917.1,1920.43,9931.918
2026-08-06 01:45:00,1920.44,1920.7,1916.86,1916.96,10937.726
2026-08-06 01:50:00,1916.97,1918.63,1915.65,1916.24,8757.991
2026-08-06 01:55:00,1916.24,1917.75,1914.97,1917.23,13079.83
2026-08-06 02:00:00,1917.23,1918.71,1914.78,1918.71,9576.531
2026-08-06 02:05:00,1918.71,1919.18,1916.04,1917.2,11296.982
2026-08-06 02:10:00,1917.19,1918.75,1915.48,1917.81,6025.372
2026-08-06 02:15:00,1917.81,1917.99,1916.51,1916.51,6362.019
2026-08-06 02:20:00,1916.51,1919.3,1916.5,1918.78,5143.673
2026-08-06 02:25:00,1918.79,1920.18,1918.31,1918.51,7228.059
2026-08-06 02:30:00,1918.51,1918.92,1915.95,1915.95,7615.337
2026-08-06 02:35:00,1915.94,1918.79,1915.12,1917.96,5067.063
2026-08-06 02:40:00,1917.97,1919.31,1917.86,1919.05,5188.439
2026-08-06 02:45:00,1919.06,1919.99,1917.89,1918.42,6046.437
2026-08-06 02:50:00,1918.43,1920.13,1918.28,1919.85,4364.325
2026-08-06 02:55:00,1919.85,1920.09,1915.81,1916.09,8521.042
2026-08-06 03:00:00,1916.09,1918.31,1915.59,1918.3,11782.935
2026-08-06 03:05:00,1918.3,1918.3,1915.92,1916.48,9663.231
2026-08-06 03:10:00,1916.49,1920.7,1916.42,1920.22,11889.839
2026-08-06 03:15:00,1920.23,1920.55,1918.56,1918.57,4180.526
2026-08-06 03:20:00,1918.56,1921.5,1917.88,1920.14,18656.838
2026-08-06 03:25:00,1920.15,1920.2,1918.25,1919.27,5054.151
2026-08-06 03:30:00,1919.28,1919.98,1918.3,1918.4,6050.48
2026-08-06 03:35:00,1918.4,1919.19,1917.69,1918.99,5235.148
2026-08-06 03:40:00,1919.0,1923.3,1918.99,1923.3,13580.197
2026-08-06 03:45:00,1923.3,1923.94,1919.81,1920.07,8959.324
2026-08-06 03:50:00,1920.06,1920.35,1919.36,1919.99,6847.823
2026-08-06 03:55:00,1919.99,1919.99,1915.5,1916.19,20145.349
2026-08-06 04:00:00,1916.2,1916.56,1908.8,1908.87,50605.872
2026-08-06 04:05:00,1908.88,1911.17,1906.73,1909.42,21763.185
2026-08-06 04:10:00,1909.41,1913.29,1909.37,1912.87,14602.053
2026-08-06 04:15:00,1912.88,1913.33,1911.21,1911.44,6060.892
2026-08-06 04:20:00,1911.45,1911.57,1909.24,1910.29,6706.176
2026-08-06 04:25:00,1910.29,1911.0,1908.9,1909.65,5022.649
2026-08-06 04:30:00,1909.65,1911.23,1908.07,1908.07,6089.006
2026-08-06 04:35:00,1908.07,1908.07,1906.03,1907.55,9562.365
2026-08-06 04:40:00,1907.56,1908.71,1907.34,1907.7,9561.418
2026-08-06 04:45:00,1907.7,1908.0,1906.5,1907.99,8614.07
2026-08-06 04:50:00,1907.99,1909.8,1907.99,1908.83,8040.174
2026-08-06 04:55:00,1908.83,1909.2,1907.49,1907.75,4790.608
2026-08-06 05:00:00,1907.76,1909.88,1905.43,1907.37,12256.029
2026-08-06 05:05:00,1907.36,1909.77,1907.18,1908.55,5393.443
2026-08-06 05:10:00,1908.54,1912.3,1908.37,1910.59,8869.094
2026-08-06 05:15:00,1910.59,1912.42,1910.59,1911.55,4466.481
2026-08-06 05:20:00,1911.55,1911.62,1909.38,1910.28,3636.737
2026-08-06 05:25:00,1910.28,1911.23,1908.47,1911.14,7320.729
2026-08-06 05:30:00,1911.14,1911.97,1910.09,1910.8,3950.821
2026-08-06 05:35:00,1910.8,1910.94,1908.8,1908.84,2702.458
2026-08-06 05:40:00,1908.84,1909.11,1908.25,1908.3,2836.809
2026-08-06 05:45:00,1908.3,1910.59,1908.3,1908.74,5142.472
2026-08-06 05:50:00,1908.74,1908.88,1907.2,1907.2,4564.789
2026-08-06 05:55:00,1907.2,1907.25,1905.61,1906.0,6775.357
2026-08-06 06:00:00,1905.99,1906.48,1903.14,1906.0,15734.141
2026-08-06 06:05:00,1905.99,1908.12,1905.32,1908.12,4597.825
2026-08-06 06:10:00,1908.12,1909.49,1908.11,1908.45,4445.799
2026-08-06 06:15:00,1908.46,1908.95,1907.37,1908.95,3677.047
2026-08-06 06:20:00,1908.95,1911.0,1908.95,1910.57,4258.939
2026-08-06 06:25:00,1910.57,1911.32,1909.0,1909.18,3230.69
2026-08-06 06:30:00,1909.18,1909.5,1908.18,1908.41,2725.487
2026-08-06 06:35:00,1908.41,1909.83,1908.41,1909.64,2333.886
2026-08-06 06:40:00,1909.64,1910.49,1909.5,1909.5,2837.371
2026-08-06 06:45:00,1909.49,1909.64,1907.5,1909.52,7517.024
2026-08-06 06:50:00,1909.52,1909.9,1908.38,1908.4,3706.22
2026-08-06 06:55:00,1908.4,1908.4,1907.02,1907.95,3596.539
2026-08-06 07:00:00,1907.95,1909.18,1906.16,1906.95,9107.798
2026-08-06 07:05:00,1906.95,1910.08,1906.82,1908.23,7368.904
2026-08-06 07:10:00,1908.23,1911.1,1907.74,1909.51,9149.954
2026-08-06 07:15:00,1909.51,1911.1,1908.47,1911.0,4525.906
2026-08-06 07:20:00,1911.0,1912.56,1910.48,1912.22,7750.216
2026-08-06 07:25:00,1912.21,1912.99,1910.55,1910.68,5498.303
2026-08-06 07:30:00,1910.67,1911.59,1910.11,1910.18,5108.757
2026-08-06 07:35:00,1910.18,1910.48,1909.07,1909.61,4113.831
2026-08-06 07:40:00,1909.61,1910.51,1908.29,1908.4,3540.476
2026-08-06 07:45:00,1908.4,1910.0,1907.52,1908.76,5005.416
2026-08-06 07:50:00,1908.76,1911.21,1908.5,1910.98,4622.776
2026-08-06 07:55:00,1910.97,1911.38,1909.39,1909.39,2509.142
2026-08-06 08:00:00,1909.39,1910.29,1908.68,1909.48,5461.115
2026-08-06 08:05:00,1909.47,1910.0,1907.56,1909.99,3907.426
2026-08-06 08:10:00,1910.0,1910.22,1907.2,1908.51,3098.983
2026-08-06 08:15:00,1908.5,1909.51,1907.21,1908.02,4032.183
2026-08-06 08:20:00,1908.02,1908.02,1905.95,1906.02,6807.772
2026-08-06 08:25:00,1906.03,1906.41,1903.89,1903.9,17336.386
2026-08-06 08:30:00,1903.9,1907.0,1902.2,1906.26,17656.319
2026-08-06 08:35:00,1906.27,1907.92,1905.3,1905.6,5303.472
2026-08-06 08:40:00,1905.61,1906.19,1905.0,1905.35,3900.435
2026-08-06 08:45:00,1905.35,1908.92,1905.24,1908.43,7976.705
2026-08-06 08:50:00,1908.43,1908.91,1907.5,1907.51,3238.242
2026-08-06 08:55:00,1907.51,1907.85,1905.91,1905.93,5553.133
2026-08-06 09:00:00,1905.93,1907.17,1904.8,1906.43,4950.545
2026-08-06 09:05:00,1906.44,1907.14,1905.38,1906.95,4200.182
2026-08-06 09:10:00,1906.96,1910.0,1902.67,1902.8,33657.567
2026-08-06 09:15:00,1902.8,1904.77,1895.85,1896.2,63254.516
2026-08-06 09:20:00,1896.2,1899.37,1894.1,1898.8,38067.339
2026-08-06 09:25:00,1898.8,1898.9,1895.68,1897.58,11334.217
2026-08-06 09:30:00,1897.57,1899.01,1896.29,1899.01,8020.121
2026-08-06 09:35:00,1899.0,1899.56,1893.62,1896.76,22330.544
2026-08-06 09:40:00,1896.76,1899.38,1896.44,1899.38,9223.229
2026-08-06 09:45:00,1899.38,1900.61,1897.5,1898.76,8134.555
2026-08-06 09:50:00,1898.76,1898.76,1897.31,1897.72,3999.446
2026-08-06 09:55:00,1897.72,1898.46,1897.0,1898.17,3525.754
2026-08-06 10:00:00,1898.18,1898.27,1895.84,1897.14,5542.494
2026-08-06 10:05:00,1897.14,1898.13,1895.46,1896.23,6315.917
2026-08-06 10:10:00,1896.24,1897.58,1896.23,1896.96,5917.862
2026-08-06 10:15:00,1896.95,1896.96,1895.4,1895.65,5856.909
2026-08-06 10:20:00,1895.66,1897.31,1894.2,1894.45,10896.895
2026-08-06 10:25:00,1894.46,1896.45,1894.38,1895.83,7134.6
2026-08-06 10:30:00,1895.82,1897.24,1894.78,1896.24,6068.753
2026-08-06 10:35:00,1896.24,1897.87,1895.63,1897.21,5732.787
2026-08-06 10:40:00,1897.2,1897.37,1896.3,1896.31,2764.164
2026-08-06 10:45:00,1896.31,1898.91,1896.3,1897.92,7524.523
2026-08-06 10:50:00,1897.92,1898.46,1895.63,1896.26,7921.205
2026-08-06 10:55:00,1896.25,1897.94,1895.1,1897.94,5268.841
2026-08-06 11:00:00,1897.94,1897.99,1894.69,1894.69,7046.721
2026-08-06 11:05:00,1894.69,1898.23,1894.67,1898.03,10014.093
2026-08-06 11:10:00,1898.02,1899.27,1897.38,1898.75,7618.742
2026-08-06 11:15:00,1898.75,1902.53,1898.75,1901.64,17022.451
2026-08-06 11:20:00,1901.63,1904.72,1901.56,1903.74,15236.937
2026-08-06 11:25:00,1903.74,1905.75,1903.74,1905.35,11249.466
2026-08-06 11:30:00,1905.35,1907.48,1904.81,1905.11,9896.146
2026-08-06 11:35:00,1905.11,1906.88,1904.13,1904.14,6296.937
2026-08-06 11:40:00,1904.14,1904.81,1903.86,1904.8,6006.136
2026-08-06 11:45:00,1904.81,1904.94,1903.65,1904.39,4728.492
2026-08-06 11:50:00,1904.4,1906.65,1904.37,1906.64,2778.075
2026-08-06 11:55:00,1906.65,1907.34,1905.89,1906.84,6177.043
2026-08-06 12:00:00,1906.85,1908.68,1906.28,1908.05,8288.863
2026-08-06 12:05:00,1908.05,1917.15,1908.01,1914.67,53337.391
2026-08-06 12:10:00,1914.68,1916.13,1912.55,1914.13,17964.851
2026-08-06 12:15:00,1914.13,1917.99,1912.68,1913.51,24044.413
2026-08-06 12:20:00,1913.51,1916.0,1911.77,1915.61,19208.427
2026-08-06 12:25:00,1915.62,1915.62,1910.25,1910.98,17490.684
2026-08-06 12:30:00,1910.98,1912.0,1909.36,1910.87,7136.848
2026-08-06 12:35:00,1910.87,1912.11,1909.87,1910.77,6217.304
2026-08-06 12:40:00,1910.77,1912.2,1910.76,1912.19,3659.243
2026-08-06 12:45:00,1912.19,1913.31,1910.74,1911.19,5077.539
2026-08-06 12:50:00,1911.2,1911.55,1910.4,1911.06,2577.483
2026-08-06 12:55:00,1911.07,1913.5,1910.56,1913.49,3883.963
2026-08-06 13:00:00,1913.5,1913.65,1910.88,1913.5,4954.438
2026-08-06 13:05:00,1913.5,1913.94,1910.8,1910.87,5493.055
2026-08-06 13:10:00,1910.87,1911.28,1908.91,1909.42,8283.46
2026-08-06 13:15:00,1909.41,1909.9,1908.61,1909.21,5065.676
2026-08-06 13:20:00,1909.2,1913.23,1909.2,1912.91,4524.249
2026-08-06 13:25:00,1912.9,1913.32,1911.9,1912.23,3252.216
2026-08-06 13:30:00,1912.22,1913.0,1910.88,1912.83,3558.912
2026-08-06 13:35:00,1912.83,1913.49,1911.4,1912.61,2920.423
2026-08-06 13:40:00,1912.61,1913.0,1911.58,1913.0,2386.137
2026-08-06 13:45:00,1912.99,1913.5,1911.69,1912.53,4244.892
2026-08-06 13:50:00,1912.54,1913.06,1912.02,1912.1,2182.718
2026-08-06 13:55:00,1912.11,1912.8,1911.7,1912.8,1892.422
2026-08-06 14:00:00,1912.79,1912.79,1911.12,1911.44,3871.994
2026-08-06 14:05:00,1911.44,1912.27,1911.41,1911.84,2503.369
2026-08-06 14:10:00,1911.84,1913.7,1911.27,1913.62,4046.404
2026-08-06 14:15:00,1913.61,1914.51,1911.88,1913.41,6496.924
2026-08-06 14:20:00,1913.42,1913.54,1912.21,1912.6,3797.858
2026-08-06 14:25:00,1912.59,1912.66,1911.49,1911.61,3574.833
2026-08-06 14:30:00,1911.62,1911.81,1910.13,1911.36,4923.331
2026-08-06 14:35:00,1911.36,1911.36,1909.35,1909.47,3809.062
2026-08-06 14:40:00,1909.46,1909.47,1906.5,1907.79,12266.528
2026-08-06 14:45:00,1907.78,1908.42,1907.69,1908.21,5949.502
2026-08-06 14:50:00,1908.2,1908.88,1907.17,1908.88,6940.076
2026-08-06 14:55:00,1908.88,1910.83,1908.52,1908.52,8995.896
2026-08-06 15:00:00,1908.53,1910.28,1907.53,1908.7,5350.633
2026-08-06 15:05:00,1908.7,1910.4,1908.39,1908.52,6304.972
2026-08-06 15:10:00,1908.53,1909.25,1908.35,1908.76,3976.023
2026-08-06 15:15:00,1908.76,1910.3,1908.11,1909.51,4693.886
2026-08-06 15:20:00,1909.51,1911.19,1909.51,1910.79,4322.559
2026-08-06 15:25:00,1910.79,1912.78,1910.39,1912.72,5900.064
2026-08-06 15:30:00,1912.72,1914.0,1911.63,1912.58,7194.65
2026-08-06 15:35:00,1912.58,1912.58,1911.11,1911.8,3025.579
2026-08-06 15:40:00,1911.8,1913.72,1911.77,1912.54,5620.754
2026-08-06 15:45:00,1912.53,1913.44,1912.42,1912.42,2917.532
2026-08-06 15:50:00,1912.43,1920.92,1912.43,1916.21,45652.066
2026-08-06 15:55:00,1916.21,1918.13,1914.45,1915.44,17297.942
2026-08-06 16:00:00,1915.43,1916.11,1912.52,1912.55,12680.656
2026-08-06 16:05:00,1912.56,1913.7,1909.01,1912.85,27070.917
2026-08-06 16:10:00,1912.84,1912.85,1904.26,1906.62,33995.414
2026-08-06 16:15:00,1906.61,1908.0,1905.89,1907.87,22004.156
2026-08-06 16:20:00,1907.86,1910.81,1907.86,1909.36,23297.927
2026-08-06 16:25:00,1909.37,1909.83,1906.42,1907.83,9232.597
2026-08-06 16:30:00,1907.84,1907.92,1905.6,1907.92,11432.912
2026-08-06 16:35:00,1907.93,1908.13,1907.1,1907.21,4326.734
2026-08-06 16:40:00,1907.22,1907.61,1905.36,1905.49,5599.938
2026-08-06 16:45:00,1905.49,1906.66,1903.65,1906.66,14613.188
2026-08-06 16:50:00,1906.66,1907.75,1905.97,1906.93,6615.617
2026-08-06 16:55:00,1906.92,1907.35,1906.12,1906.68,3679.125
2026-08-06 17:00:00,1906.68,1906.68,1903.28,1903.72,12379.738
2026-08-06 17:05:00,1903.73,1904.27,1902.01,1903.58,11376.057
2026-08-06 17:10:00,1903.58,1903.63,1902.0,1902.03,8144.012
2026-08-06 17:15:00,1902.03,1905.79,1900.59,1904.73,23776.736
2026-08-06 17:20:00,1904.72,1905.46,1903.09,1904.0,6021.808
2026-08-06 17:25:00,1903.99,1904.46,1903.48,1904.45,2397.717
2026-08-06 17:30:00,1904.46,1904.9,1903.89,1903.89,3688.638
2026-08-06 17:35:00,1903.9,1904.5,1902.95,1904.01,3883.272
2026-08-06 17:40:00,1904.01,1904.49,1902.91,1903.31,3055.644
2026-08-06 17:45:00,1903.31,1903.99,1902.91,1903.42,3222.535
2026-08-06 17:50:00,1903.42,1903.47,1901.16,1901.41,6558.211
2026-08-06 17:55:00,1901.42,1901.78,1900.1,1901.78,10379.773
2026-08-06 18:00:00,1901.78,1901.99,1897.36,1898.04,22849.954
2026-08-06 18:05:00,1898.04,1899.69,1895.8,1899.45,16421.063
2026-08-06 18:10:00,1899.44,1901.59,1899.44,1901.28,10835.417
2026-08-06 18:15:00,1901.28,1906.03,1901.28,1905.54,17643.262
2026-08-06 18:20:00,1905.54,1906.19,1904.69,1904.7,7562.084
2026-08-06 18:25:00,1904.69,1905.0,1904.43,1904.43,3071.937
2026-08-06 18:30:00,1904.43,1907.09,1904.43,1906.73,15164.252
2026-08-06 18:35:00,1906.72,1908.32,1906.31,1907.7,11074.145
2026-08-06 18:40:00,1907.7,1908.06,1907.35,1907.86,4801.629
2026-08-06 18:45:00,1907.86,1908.0,1906.03,1906.46,4532.986
2026-08-06 18:50:00,1906.45,1907.19,1904.95,1906.18,6624.517
2026-08-06 18:55:00,1906.18,1906.89,1905.53,1906.89,3657.553
2026-08-06 19:00:00,1906.88,1907.24,1902.76,1903.91,15722.736
2026-08-06 19:05:00,1903.91,1903.91,1900.48,1901.33,19762.489
2026-08-06 19:10:00,1901.33,1902.0,1899.9,1900.59,9134.599
2026-08-06 19:15:00,1900.59,1901.59,1900.21,1901.59,9191.8
2026-08-06 19:20:00,1901.59,1905.32,1901.58,1904.35,16092.884
2026-08-06 19:25:00,1904.35,1904.35,1903.21,1904.01,3393.056
2026-08-06 19:30:00,1904.0,1905.07,1902.07,1902.77,10593.363
2026-08-06 19:35:00,1902.77,1905.5,1902.57,1905.5,4373.286
2026-08-06 19:40:00,1905.5,1905.5,1902.52,1902.97,4035.217
2026-08-06 19:45:00,1902.97,1903.52,1902.31,1903.16,4521.031
2026-08-06 19:50:00,1903.17,1903.17,1900.0,1900.21,4735.523
2026-08-06 19:55:00,1900.21,1901.41,1898.0,1898.19,14055.139
2026-08-06 20:00:00,1898.19,1899.66,1897.31,1898.29,12424.72
2026-08-06 20:05:00,1898.3,1898.3,1891.46,1892.72,52078.332
2026-08-06 20:10:00,1892.72,1895.68,1892.11,1895.23,23650.557
2026-08-06 20:15:00,1895.24,1897.2,1894.61,1895.76,10536.432
2026-08-06 20:20:00,1895.75,1897.17,1895.0,1895.15,7899.127
2026-08-06 20:25:00,1895.15,1896.86,1893.71,1896.68,10990.418
2026-08-06 20:30:00,1896.68,1897.15,1892.51,1896.73,27669.899
2026-08-06 20:35:00,1896.73,1903.74,1896.01,1903.23,40024.141
2026-08-06 20:40:00,1903.23,1907.77,1902.67,1905.98,33960.388
2026-08-06 20:45:00,1905.99,1908.0,1904.3,1907.3,23895.2
2026-08-06 20:50:00,1907.29,1909.76,1905.92,1907.5,14078.958
2026-08-06 20:55:00,1907.51,1910.51,1906.47,1906.47,18636.328
2026-08-06 21:00:00,1906.47,1908.3,1904.13,1907.49,23271.116
2026-08-06 21:05:00,1907.49,1909.6,1907.34,1907.92,10093.788
2026-08-06 21:10:00,1907.93,1911.14,1907.06,1907.31,12157.225
2026-08-06 21:15:00,1907.31,1909.35,1906.18,1906.95,16126.594
2026-08-06 21:20:00,1906.94,1912.0,1906.94,1907.93,13031.647
2026-08-06 21:25:00,1907.93,1909.87,1905.34,1906.0,11703.237
2026-08-06 21:30:00,1906.01,1910.25,1902.39,1909.99,36210.594
2026-08-06 21:35:00,1909.99,1913.68,1909.57,1910.3,28299.139
2026-08-06 21:40:00,1910.3,1918.21,1909.69,1914.71,39473.941
2026-08-06 21:45:00,1914.71,1915.41,1910.41,1910.51,17173.909
2026-08-06 21:50:00,1910.5,1911.53,1909.71,1911.35,7157.913
2026-08-06 21:55:00,1911.35,1915.42,1911.34,1914.06,7887.256
2026-08-06 22:00:00,1914.06,1915.81,1911.93,1912.8,12306.032
2026-08-06 22:05:00,1912.79,1917.46,1911.85,1917.41,21393.643
2026-08-06 22:10:00,1917.42,1919.06,1914.35,1914.35,27606.911
2026-08-06 22:15:00,1914.35,1916.75,1911.5,1911.72,14194.345
2026-08-06 22:20:00,1911.72,1916.21,1911.72,1915.4,11050.963
2026-08-06 22:25:00,1915.4,1916.82,1914.14,1916.29,9204.483
2026-08-06 22:30:00,1916.3,1918.66,1913.09,1913.09,21165.329
2026-08-06 22:35:00,1913.09,1916.82,1912.0,1915.85,13270.501
2026-08-06 22:40:00,1915.86,1916.26,1912.49,1912.62,16721.766
2026-08-06 22:45:00,1912.62,1917.88,1911.99,1916.65,16662.575
2026-08-06 22:50:00,1916.65,1917.26,1911.01,1911.27,9373.835
2026-08-06 22:55:00,1911.28,1911.94,1909.15,1909.88,27004.732
2026-08-06 23:00:00,1909.88,1910.89,1907.29,1910.27,17020.692
2026-08-06 23:05:00,1910.27,1910.69,1907.8,1909.96,10207.42
2026-08-06 23:10:00,1909.96,1910.68,1907.62,1908.85,7462.742
2026-08-06 23:15:00,1908.85,1912.95,1908.18,1912.13,15026.171
2026-08-06 23:20:00,1912.12,1912.12,1908.29,1909.77,6438.854
2026-08-06 23:25:00,1909.76,1911.12,1908.4,1910.77,8705.755
2026-08-06 23:30:00,1910.77,1912.29,1909.41,1911.68,6914.79
2026-08-06 23:35:00,1911.69,1913.61,1910.47,1913.0,11983.81
2026-08-06 23:40:00,1912.99,1916.15,1912.97,1914.02,16484.78
2026-08-06 23:45:00,1914.02,1914.42,1911.72,1913.94,8961.931
2026-08-06 23:50:00,1913.94,1915.59,1912.74,1912.74,4679.635
2026-08-06 23:55:00,1912.75,1915.0,1912.61,1914.72,4388.166
2026-08-07 00:00:00,1914.72,1917.89,1914.72,1915.9,17850.621
2026-08-07 00:05:00,1915.91,1917.35,1914.02,1914.51,5961.544
2026-08-07 00:10:00,1914.5,1915.26,1913.57,1913.7,5239.902
2026-08-07 00:15:00,1913.7,1915.17,1912.58,1914.41,2938.162
2026-08-07 00:20:00,1914.41,1915.49,1912.65,1913.17,4294.984
2026-08-07 00:25:00,1913.18,1914.28,1913.18,1913.35,2957.944
2026-08-07 00:30:00,1913.35,1916.37,1912.87,1914.39,5650.137
2026-08-07 00:35:00,1914.39,1915.14,1912.54,1912.67,3512.801
2026-08-07 00:40:00,1912.68,1913.29,1909.2,1911.76,15655.476
2026-08-07 00:45:00,1911.76,1913.0,1910.52,1910.52,3363.087
2026-08-07 00:50:00,1910.51,1913.23,1910.21,1913.05,3612.921
2026-08-07 00:55:00,1913.04,1914.38,1912.44,1913.1,2259.25
2026-08-07 01:00:00,1913.11,1913.26,1909.05,1910.68,9178.002
2026-08-07 01:05:00,1910.69,1910.75,1908.0,1909.52,9295.808
2026-08-07 01:10:00,1909.52,1910.97,1908.07,1910.57,4422.438
2026-08-07 01:15:00,1910.57,1912.2,1909.0,1911.33,6838.623
2026-08-07 01:20:00,1911.33,1913.0,1911.22,1911.69,5906.122
2026-08-07 01:25:00,1911.68,1911.78,1910.12,1910.66,2403.163
2026-08-07 01:30:00,1910.65,1910.71,1906.0,1906.64,9617.573
2026-08-07 01:35:00,1906.64,1907.81,1905.16,1905.17,8488.647
2026-08-07 01:40:00,1905.17,1905.5,1904.0,1904.92,10573.593
2026-08-07 01:45:00,1904.93,1906.81,1904.65,1904.66,9864.185
2026-08-07 01:50:00,1904.66,1905.01,1903.22,1903.53,7859.634
2026-08-07 01:55:00,1903.53,1905.84,1903.06,1905.21,12034.927
2026-08-07 02:00:00,1905.22,1907.42,1905.01,1906.77,6749.168
2026-08-07 02:05:00,1906.77,1907.94,1905.31,1907.94,4566.045
2026-08-07 02:10:00,1907.94,1908.23,1906.93,1907.32,4226.36
2026-08-07 02:15:00,1907.31,1907.43,1906.09,1907.07,3828.723
2026-08-07 02:20:00,1907.06,1908.81,1906.52,1906.76,5392.476
2026-08-07 02:25:00,1906.76,1907.72,1905.57,1905.82,3303.608
2026-08-07 02:30:00,1905.82,1906.6,1905.21,1906.59,3410.391
2026-08-07 02:35:00,1906.59,1907.96,1906.27,1907.64,3749.855
2026-08-07 02:40:00,1907.64,1907.97,1906.91,1907.4,3813.926
2026-08-07 02:45:00,1907.4,1908.0,1906.41,1906.97,5068.439
2026-08-07 02:50:00,1906.96,1910.39,1906.17,1909.3,11779.703
2026-08-07 02:55:00,1909.29,1909.74,1907.9,1908.77,6887.084
2026-08-07 03:00:00,1908.77,1909.81,1908.2,1909.43,4546.201
2026-08-07 03:05:00,1909.43,1909.84,1908.31,1908.5,2408.614
2026-08-07 03:10:00,1908.51,1908.92,1908.02,1908.82,1721.449
2026-08-07 03:15:00,1908.83,1909.09,1906.73,1907.82,4173.994
2026-08-07 03:20:00,1907.82,1907.83,1906.79,1906.88,4596.405
2026-08-07 03:25:00,1906.87,1907.09,1905.25,1906.04,3580.007
2026-08-07 03:30:00,1906.05,1906.68,1905.0,1906.67,2277.776
2026-08-07 03:35:00,1906.68,1907.39,1906.02,1906.65,2462.003
2026-08-07 03:40:00,1906.66,1908.0,1906.65,1906.93,3060.467
2026-08-07 03:45:00,1906.92,1906.92,1905.92,1906.05,1974.052
2026-08-07 03:50:00,1906.05,1906.87,1905.63,1905.84,3768.833
2026-08-07 03:55:00,1905.85,1906.71,1905.68,1906.16,2682.194
2026-08-07 04:00:00,1906.16,1908.36,1905.73,1905.99,2105.448
2026-08-07 04:05:00,1905.99,1907.34,1905.56,1906.25,1833.446
2026-08-07 04:10:00,1906.26,1908.19,1905.72,1907.42,4974.823
2026-08-07 04:15:00,1907.43,1908.67,1906.47,1907.18,2158.956
2026-08-07 04:20:00,1907.18,1907.48,1906.06,1906.74,2134.289
2026-08-07 04:25:00,1906.74,1906.9,1906.01,1906.63,838.941
2026-08-07 04:30:00,1906.63,1907.21,1906.39,1906.39,921.233
2026-08-07 04:35:00,1906.39,1906.63,1904.8,1906.36,3709.283
2026-08-07 04:40:00,1906.35,1907.98,1905.89,1906.52,4066.403
2026-08-07 04:45:00,1906.51,1906.62,1905.13,1905.6,2295.837
2026-08-07 04:50:00,1905.59,1906.65,1905.37,1905.38,1240.944
2026-08-07 04:55:00,1905.38,1906.02,1905.01,1905.25,3239.198
2026-08-07 05:00:00,1905.25,1905.75,1902.79,1905.19,10545.841
2026-08-07 05:05:00,1905.19,1906.55,1904.54,1905.4,2712.479
2026-08-07 05:10:00,1905.4,1906.31,1904.76,1906.3,1682.047
2026-08-07 05:15:00,1906.3,1906.5,1904.44,1904.59,1667.711
2026-08-07 05:20:00,1904.59,1904.6,1901.4,1903.19,6841.608
2026-08-07 05:25:00,1903.2,1903.85,1902.75,1903.28,2360.608
2026-08-07 05:30:00,1903.27,1903.92,1902.0,1902.64,3439.084
2026-08-07 05:35:00,1902.63,1903.78,1902.63,1903.61,2134.137
2026-08-07 05:40:00,1903.62,1903.65,1901.48,1902.5,2164.222
2026-08-07 05:45:00,1902.5,1903.75,1902.3,1903.36,2321.294
2026-08-07 05:50:00,1903.36,1904.4,1903.36,1903.8,2405.511
2026-08-07 05:55:00,1903.8,1904.81,1903.53,1904.18,5091.645
2026-08-07 06:00:00,1904.17,1904.6,1903.0,1904.22,2788.468
2026-08-07 06:05:00,1904.22,1905.12,1903.69,1904.49,1636.163
2026-08-07 06:10:00,1904.49,1904.86,1904.02,1904.03,963.449
2026-08-07 06:15:00,1904.02,1904.34,1901.55,1901.56,2357.639
2026-08-07 06:20:00,1901.56,1902.1,1899.08,1900.78,13049.176
2026-08-07 06:25:00,1900.78,1901.17,1899.6,1900.88,5499.894
2026-08-07 06:30:00,1900.88,1901.36,1900.0,1901.07,2864.354
2026-08-07 06:35:00,1901.06,1901.06,1898.0,1898.51,7379.735
2026-08-07 06:40:00,1898.5,1899.5,1897.82,1899.32,5400.907
2026-08-07 06:45:00,1899.31,1900.27,1898.5,1899.82,3084.293
2026-08-07 06:50:00,1899.81,1902.39,1899.81,1901.42,6335.163
2026-08-07 06:55:00,1901.41,1903.38,1901.41,1903.12,5817.518
2026-08-07 07:00:00,1903.11,1903.52,1900.99,1903.52,8517.913
2026-08-07 07:05:00,1903.51,1904.62,1902.95,1902.96,5576.166
2026-08-07 07:10:00,1902.95,1903.77,1899.64,1900.21,7068.679
2026-08-07 07:15:00,1900.21,1901.61,1898.78,1900.64,5071.291
2026-08-07 07:20:00,1900.65,1900.87,1898.78,1900.23,3932.652
2026-08-07 07:25:00,1900.24,1902.01,1900.05,1900.71,3268.314
2026-08-07 07:30:00,1900.71,1902.83,1899.14,1902.83,4439.591
2026-08-07 07:35:00,1902.82,1903.41,1899.55,1901.3,6467.57
2026-08-07 07:40:00,1901.3,1902.94,1899.51,1902.58,4123.747
2026-08-07 07:45:00,1902.58,1903.26,1900.77,1900.89,3496.287
2026-08-07 07:50:00,1900.89,1903.52,1900.77,1901.92,3295.11
2026-08-07 07:55:00,1901.92,1903.0,1900.8,1903.0,3066.274
2026-08-07 08:00:00,1903.0,1906.83,1902.99,1904.68,9791.791
2026-08-07 08:05:00,1904.67,1905.48,1903.07,1903.55,3996.466
2026-08-07 08:10:00,1903.54,1904.13,1902.18,1902.66,3893.711
2026-08-07 08:15:00,1902.66,1903.28,1901.5,1902.82,4382.152
2026-08-07 08:20:00,1902.83,1903.26,1901.83,1902.6,3301.085
2026-08-07 08:25:00,1902.6,1904.77,1902.59,1904.5,3004.098
2026-08-07 08:30:00,1904.51,1905.44,1903.91,1904.47,4320.187
2026-08-07 08:35:00,1904.46,1904.69,1900.03,1900.03,4152.6
2026-08-07 08:40:00,1900.03,1901.19,1898.01,1901.18,15409.977
2026-08-07 08:45:00,1901.18,1903.33,1900.78,1902.88,5372.684
2026-08-07 08:50:00,1902.88,1904.0,1901.31,1902.26,2290.721
2026-08-07 08:55:00,1902.26,1903.07,1901.15,1902.45,2976.323
2026-08-07 09:00:00,1902.45,1903.09,1901.16,1902.16,4012.842
2026-08-07 09:05:00,1902.16,1902.56,1899.73,1899.73,3638.983
2026-08-07 09:10:00,1899.74,1902.27,1896.66,1901.92,14778.751
2026-08-07 09:15:00,1901.92,1907.89,1901.92,1904.48,27756.605
2026-08-07 09:20:00,1904.49,1904.49,1900.0,1901.22,13282.284
2026-08-07 09:25:00,1901.22,1901.22,1899.54,1899.55,5805.41
2026-08-07 09:30:00,1899.55,1901.0,1898.58,1899.34,6846.359
2026-08-07 09:35:00,1899.34,1902.0,1899.34,1899.7,3382.247
2026-08-07 09:40:00,1899.71,1901.97,1898.64,1901.77,4441.918
2026-08-07 09:45:00,1901.77,1903.68,1901.41,1903.06,3861.359
2026-08-07 09:50:00,1903.07,1904.07,1903.07,1903.17,3005.825
2026-08-07 09:55:00,1903.17,1903.33,1901.39,1901.75,2589.672
2026-08-07 10:00:00,1901.74,1902.2,1899.63,1900.42,8926.368
2026-08-07 10:05:00,1900.41,1902.9,1900.38,1902.11,2162.087
2026-08-07 10:10:00,1902.12,1902.6,1899.63,1900.08,3105.113
2026-08-07 10:15:00,1900.08,1900.48,1899.36,1900.21,3439.615
2026-08-07 10:20:00,1900.2,1900.74,1897.75,1899.85,7864.649
2026-08-07 10:25:00,1899.85,1900.73,1899.02,1899.32,6179.017
2026-08-07 10:30:00,1899.31,1901.44,1899.17,1899.18,5436.357
2026-08-07 10:35:00,1899.19,1899.85,1898.33,1899.41,5816.477
2026-08-07 10:40:00,1899.42,1900.0,1898.61,1899.06,2914.998
2026-08-07 10:45:00,1899.06,1899.18,1897.32,1899.18,3242.297
2026-08-07 10:50:00,1899.17,1899.81,1897.19,1897.98,6217.197
2026-08-07 10:55:00,1897.99,1897.99,1895.0,1896.53,16645.103
2026-08-07 11:00:00,1896.52,1897.85,1895.0,1897.85,13368.4
2026-08-07 11:05:00,1897.85,1899.0,1897.0,1898.56,5825.037
2026-08-07 11:10:00,1898.56,1899.0,1897.59,1897.93,2506.268
2026-08-07 11:15:00,1897.93,1899.54,1896.71,1899.54,6626.671
2026-08-07 11:20:00,1899.54,1899.86,1898.22,1898.7,4374.329
2026-08-07 11:25:00,1898.71,1898.81,1898.0,1898.36,2263.407
2026-08-07 11:30:00,1898.36,1899.61,1897.58,1899.38,2933.484
2026-08-07 11:35:00,1899.38,1899.86,1897.0,1898.07,6019.925
2026-08-07 11:40:00,1898.07,1898.07,1897.37,1897.5,2621.649
2026-08-07 11:45:00,1897.49,1897.72,1895.57,1896.67,9050.003
2026-08-07 11:50:00,1896.67,1896.67,1893.37,1894.52,16251.183
2026-08-07 11:55:00,1894.51,1896.66,1894.51,1896.48,6486.841
2026-08-07 12:00:00,1896.49,1897.66,1896.34,1897.27,4876.354
2026-08-07 12:05:00,1897.27,1897.36,1895.15,1897.19,6210.038
2026-08-07 12:10:00,1897.18,1897.81,1896.13,1896.9,4704.205
2026-08-07 12:15:00,1896.9,1897.19,1895.61,1895.99,2419.876
2026-08-07 12:20:00,1895.99,1896.93,1895.36,1895.5,3097.764
2026-08-07 12:25:00,1895.51,1895.96,1895.07,1895.47,2831.966
2026-08-07 12:30:00,1895.48,1896.08,1894.6,1894.69,4137.591
2026-08-07 12:35:00,1894.69,1896.43,1894.57,1896.15,4430.823
2026-08-07 12:40:00,1896.15,1897.99,1895.75,1897.21,6053.079
2026-08-07 12:45:00,1897.21,1899.0,1897.0,1898.75,3445.922
2026-08-07 12:50:00,1898.76,1901.72,1898.75,1901.49,11718.629
2026-08-07 12:55:00,1901.49,1901.74,1900.77,1900.79,5458.116
2026-08-07 13:00:00,1900.78,1901.31,1898.87,1900.22,7162.909
2026-08-07 13:05:00,1900.22,1901.74,1899.99,1900.33,4644.984
2026-08-07 13:10:00,1900.34,1903.5,1900.34,1903.31,8785.598
2026-08-07 13:15:00,1903.31,1904.0,1902.65,1903.73,7240.974
2026-08-07 13:20:00,1903.73,1905.43,1903.26,1905.42,8107.75
2026-08-07 13:25:00,1905.43,1906.91,1904.37,1905.0,17257.802
2026-08-07 13:30:00,1905.0,1905.96,1903.1,1903.65,7119.54
2026-08-07 13:35:00,1903.65,1905.48,1903.55,1904.36,5490.687
2026-08-07 13:40:00,1904.36,1904.36,1903.12,1903.99,4736.21
2026-08-07 13:45:00,1903.99,1904.89,1902.8,1902.81,6631.473
2026-08-07 13:50:00,1902.82,1903.46,1902.0,1903.2,5885.247
2026-08-07 13:55:00,1903.2,1904.16,1903.07,1903.81,3795.121
2026-08-07 14:00:00,1903.81,1904.0,1901.75,1903.37,4538.246
2026-08-07 14:05:00,1903.38,1905.8,1903.25,1905.8,4118.677
2026-08-07 14:10:00,1905.79,1906.55,1904.49,1905.55,8850.057
2026-08-07 14:15:00,1905.55,1906.2,1905.03,1905.4,3805.376
2026-08-07 14:20:00,1905.4,1906.48,1904.36,1905.66,12429.321
2026-08-07 14:25:00,1905.65,1905.66,1904.62,1904.86,3803.533
2026-08-07 14:30:00,1904.86,1904.86,1903.21,1903.93,2062.137
2026-08-07 14:35:00,1903.93,1904.26,1902.87,1902.88,2242.3
2026-08-07 14:40:00,1902.87,1903.2,1902.25,1902.69,2853.19
2026-08-07 14:45:00,1902.68,1902.8,1902.3,1902.79,3201.825
2026-08-07 14:50:00,1902.79,1903.19,1902.4,1903.06,2371.286
2026-08-07 14:55:00,1903.05,1903.06,1901.65,1901.66,3590.447
2026-08-07 15:00:00,1901.65,1902.66,1901.2,1902.65,4857.889
2026-08-07 15:05:00,1902.65,1903.33,1901.39,1902.8,16189.402
2026-08-07 15:10:00,1902.8,1906.0,1902.44,1905.62,9374.677
2026-08-07 15:15:00,1905.62,1906.0,1904.0,1905.18,11308.622
2026-08-07 15:20:00,1905.19,1905.93,1904.5,1905.73,3206.308
2026-08-07 15:25:00,1905.73,1906.7,1905.0,1905.43,4919.277
2026-08-07 15:30:00,1905.44,1907.77,1905.44,1907.2,10859.692
2026-08-07 15:35:00,1907.2,1907.52,1905.23,1905.73,5152.955
2026-08-07 15:40:00,1905.73,1914.61,1905.57,1912.59,45583.045
2026-08-07 15:45:00,1912.6,1912.6,1908.88,1909.47,14969.771
2026-08-07 15:50:00,1909.47,1910.02,1909.0,1909.13,6542.74
2026-08-07 15:55:00,1909.12,1909.9,1909.05,1909.9,3312.163
2026-08-07 16:00:00,1909.89,1911.62,1909.89,1911.04,8332.608
2026-08-07 16:05:00,1911.04,1911.05,1910.22,1910.98,5959.746
2026-08-07 16:10:00,1910.97,1914.27,1910.9,1911.54,14385.248
2026-08-07 16:15:00,1911.54,1911.88,1910.39,1911.21,7385.605
2026-08-07 16:20:00,1911.21,1911.68,1910.0,1911.59,6616.866
2026-08-07 16:25:00,1911.6,1913.02,1909.86,1910.35,19024.163
2026-08-07 16:30:00,1910.34,1916.63,1909.62,1914.02,40377.405
2026-08-07 16:35:00,1914.01,1917.33,1914.01,1916.96,23804.595
2026-08-07 16:40:00,1916.95,1917.01,1914.97,1915.37,14953.12
2026-08-07 16:45:00,1915.37,1915.83,1913.34,1914.84,8484.017
2026-08-07 16:50:00,1914.84,1915.0,1913.01,1913.29,7531.159
2026-08-07 16:55:00,1913.29,1913.57,1912.1,1912.41,9650.127
2026-08-07 17:00:00,1912.41,1914.25,1911.86,1913.62,7479.619
2026-08-07 17:05:00,1913.62,1915.52,1913.61,1914.0,11162.821
2026-08-07 17:10:00,1913.99,1914.65,1913.3,1914.4,3882.153
2026-08-07 17:15:00,1914.4,1914.4,1913.74,1914.38,3572.484
2026-08-07 17:20:00,1914.37,1914.38,1912.35,1912.41,5193.681
2026-08-07 17:25:00,1912.41,1914.0,1912.34,1914.0,2629.862
2026-08-07 17:30:00,1913.99,1914.23,1913.44,1913.45,3930.896
2026-08-07 17:35:00,1913.44,1913.57,1912.78,1913.07,2329.007
2026-08-07 17:40:00,1913.07,1913.49,1911.28,1912.91,7585.146
2026-08-07 17:45:00,1912.91,1914.0,1912.85,1912.85,3631.264
2026-08-07 17:50:00,1912.85,1913.65,1912.12,1912.67,2917.834
2026-08-07 17:55:00,1912.67,1912.68,1911.6,1912.13,4511.478
2026-08-07 18:00:00,1912.13,1914.84,1911.83,1914.62,6647.481
2026-08-07 18:05:00,1914.63,1915.99,1914.46,1915.8,7419.211
2026-08-07 18:10:00,1915.79,1916.0,1914.76,1915.12,8545.183
2026-08-07 18:15:00,1915.12,1915.36,1913.95,1913.95,5342.03
2026-08-07 18:20:00,1913.95,1920.5,1913.29,1917.9,39131.483
2026-08-07 18:25:00,1917.89,1918.36,1916.0,1916.01,10519.847
2026-08-07 18:30:00,1916.02,1916.41,1914.51,1915.08,7853.95
2026-08-07 18:35:00,1915.08,1916.58,1914.52,1916.37,5617.627
2026-08-07 18:40:00,1916.36,1916.9,1915.1,1915.3,3708.989
2026-08-07 18:45:00,1915.3,1915.81,1915.29,1915.65,3638.106
2026-08-07 18:50:00,1915.66,1915.72,1914.0,1915.31,6084.848
2026-08-07 18:55:00,1915.31,1915.52,1914.94,1915.51,2971.07
2026-08-07 19:00:00,1915.51,1919.34,1915.5,1918.52,15374.247
2026-08-07 19:05:00,1918.52,1932.48,1918.37,1929.94,114162.609
2026-08-07 19:10:00,1929.95,1937.74,1929.95,1933.21,105500.583
2026-08-07 19:15:00,1933.21,1933.88,1928.31,1928.46,29801.163
2026-08-07 19:20:00,1928.46,1929.73,1927.32,1928.88,17415.982
2026-08-07 19:25:00,1928.88,1932.56,1927.53,1932.16,28674.53
2026-08-07 19:30:00,1932.18,1943.0,1921.68,1921.69,169319.255
2026-08-07 19:35:00,1921.69,1929.15,1921.27,1928.02,48021.044
2026-08-07 19:40:00,1928.03,1930.27,1927.48,1928.01,17089.845
2026-08-07 19:45:00,1928.01,1931.78,1928.01,1929.71,16612.707
2026-08-07 19:50:00,1929.71,1935.0,1929.71,1934.53,22706.265
2026-08-07 19:55:00,1934.53,1935.14,1930.38,1931.26,16931.151
2026-08-07 20:00:00,1931.27,1932.3,1928.69,1930.96,16251.529
2026-08-07 20:05:00,1930.95,1933.13,1929.61,1929.85,8067.195
2026-08-07 20:10:00,1929.85,1929.86,1927.17,1928.13,11210.402
2026-08-07 20:15:00,1928.13,1930.17,1927.89,1929.82,8267.262
2026-08-07 20:20:00,1929.82,1930.72,1926.73,1926.86,7460.395
2026-08-07 20:25:00,1926.87,1928.24,1924.85,1927.2,12758.202
2026-08-07 20:30:00,1927.2,1932.0,1925.41,1931.75,18652.827
2026-08-07 20:35:00,1931.75,1932.86,1925.81,1932.84,22526.399
2026-08-07 20:40:00,1932.84,1934.39,1928.16,1931.53,13732.578
2026-08-07 20:45:00,1931.53,1931.91,1925.1,1929.0,16690.818
2026-08-07 20:50:00,1929.0,1930.46,1924.77,1926.6,13468.243
2026-08-07 20:55:00,1926.6,1927.32,1920.2,1922.5,37291.177
2026-08-07 21:00:00,1922.5,1922.52,1912.02,1913.27,83577.963
2026-08-07 21:05:00,1913.27,1913.81,1909.62,1911.8,67914.746
2026-08-07 21:10:00,1911.8,1915.42,1910.2,1911.51,26784.513
2026-08-07 21:15:00,1911.51,1917.62,1909.34,1917.05,29460.778
2026-08-07 21:20:00,1917.04,1922.24,1917.0,1921.4,25774.309
2026-08-07 21:25:00,1921.41,1924.31,1920.69,1922.95,23466.633
2026-08-07 21:30:00,1922.95,1923.42,1919.08,1922.89,18349.513
2026-08-07 21:35:00,1922.89,1925.5,1920.1,1920.4,21709.874
2026-08-07 21:40:00,1920.4,1923.55,1916.19,1917.18,21087.944
2026-08-07 21:45:00,1917.18,1919.99,1916.2,1917.69,13144.218
2026-08-07 21:50:00,1917.7,1918.83,1910.57,1913.3,26189.117
2026-08-07 21:55:00,1913.3,1915.29,1911.93,1912.74,9802.78
2026-08-07 22:00:00,1912.74,1913.99,1912.0,1912.0,9996.749
2026-08-07 22:05:00,1912.01,1917.59,1912.01,1917.42,16437.841
2026-08-07 22:10:00,1917.42,1918.78,1913.66,1914.54,9325.663
2026-08-07 22:15:00,1914.54,1916.15,1912.9,1915.09,6723.215
2026-08-07 22:20:00,1915.09,1917.0,1913.86,1916.67,4767.6
2026-08-07 22:25:00,1916.69,1917.8,1915.11,1915.81,4957.489
2026-08-07 22:30:00,1915.81,1919.89,1915.8,1916.31,8752.117
2026-08-07 22:35:00,1916.31,1917.84,1915.5,1916.07,9073.024
2026-08-07 22:40:00,1916.08,1920.5,1915.62,1919.61,23076.11
2026-08-07 22:45:00,1919.61,1919.87,1917.15,1918.74,8035.447
2026-08-07 22:50:00,1918.73,1919.79,1916.18,1917.71,5498.815
2026-08-07 22:55:00,1917.72,1918.31,1916.42,1916.99,5097.063
2026-08-07 23:00:00,1916.98,1919.66,1916.98,1919.51,11525.006
2026-08-07 23:05:00,1919.52,1921.49,1919.3,1921.49,7227.496
2026-08-07 23:10:00,1921.49,1924.41,1919.25,1922.45,18735.998
2026-08-07 23:15:00,1922.45,1923.23,1917.58,1918.74,14071.316
2026-08-07 23:20:00,1918.75,1920.7,1912.51,1914.3,22655.366
2026-08-07 23:25:00,1914.3,1914.86,1912.7,1914.08,8588.249
2026-08-07 23:30:00,1914.08,1915.14,1910.95,1915.13,16554.263
2026-08-07 23:35:00,1915.14,1915.32,1913.22,1914.37,7473.932
2026-08-07 23:40:00,1914.38,1915.32,1913.87,1914.55,3273.066
2026-08-07 23:45:00,1914.55,1915.19,1913.54,1914.54,4325.5
2026-08-07 23:50:00,1914.54,1915.61,1911.65,1911.65,7867.053
2026-08-07 23:55:00,1911.65,1911.83,1908.21,1908.56,18214.472
2026-08-08 00:00:00,1908.56,1909.79,1903.5,1906.96,40964.951
2026-08-08 00:05:00,1906.96,1910.65,1906.37,1909.51,11419.656
2026-08-08 00:10:00,1909.51,1909.51,1905.72,1906.19,10473.296
2026-08-08 00:15:00,1906.2,1909.83,1905.09,1909.33,10897.796
2026-08-08 00:20:00,1909.34,1909.55,1906.58,1906.91,7006.941
2026-08-08 00:25:00,1906.9,1908.0,1905.93,1907.13,10549.297
2026-08-08 00:30:00,1907.13,1908.54,1905.0,1908.04,12516.174
2026-08-08 00:35:00,1908.04,1910.43,1903.69,1910.24,29410.375
2026-08-08 00:40:00,1910.24,1911.5,1909.48,1910.98,9786.387
2026-08-08 00:45:00,1910.98,1912.08,1909.0,1909.14,5676.935
2026-08-08 00:50:00,1909.15,1910.63,1906.12,1908.66,10686.256
2026-08-08 00:55:00,1908.66,1911.97,1908.66,1911.41,10016.153
2026-08-08 01:00:00,1911.42,1913.88,1911.08,1912.81,9399.336
2026-08-08 01:05:00,1912.81,1913.68,1911.47,1913.54,4136.936
2026-08-08 01:10:00,1913.53,1914.46,1912.83,1913.04,4956.242
2026-08-08 01:15:00,1913.03,1914.07,1912.17,1913.39,3524.298
2026-08-08 01:20:00,1913.39,1913.47,1911.59,1911.6,2813.67
2026-08-08 01:25:00,1911.6,1912.41,1911.46,1911.65,2413.289
2026-08-08 01:30:00,1911.65,1912.91,1910.69,1911.12,2776.25
2026-08-08 01:35:00,1911.11,1911.2,1908.64,1909.24,6668.311
2026-08-08 01:40:00,1909.23,1909.67,1907.0,1907.01,4635.153
2026-08-08 01:45:00,1907.0,1908.18,1906.3,1907.25,12075.286
2026-08-08 01:50:00,1907.24,1907.72,1905.33,1906.03,5940.443
2026-08-08 01:55:00,1906.03,1909.52,1906.03,1908.93,6083.916
2026-08-08 02:00:00,1908.94,1912.67,1908.94,1909.99,6895.745
2026-08-08 02:05:00,1909.98,1912.74,1909.8,1912.66,3454.058
2026-08-08 02:10:00,1912.66,1913.85,1912.12,1912.62,6517.882
2026-08-08 02:15:00,1912.62,1914.99,1912.61,1913.8,6281.102
2026-08-08 02:20:00,1913.81,1917.29,1913.61,1915.7,12947.942
2026-08-08 02:25:00,1915.7,1917.6,1915.1,1916.0,6879.366
2026-08-08 02:30:00,1916.0,1917.29,1915.48,1916.99,5063.912
2026-08-08 02:35:00,1916.99,1917.7,1915.98,1916.95,5363.014
2026-08-08 02:40:00,1916.94,1918.51,1916.82,1917.37,5983.659
2026-08-08 02:45:00,1917.37,1919.38,1917.36,1917.92,5149.963
2026-08-08 02:50:00,1917.91,1919.2,1916.41,1916.66,4855.005
2026-08-08 02:55:00,1916.66,1918.23,1916.54,1917.85,3438.173
2026-08-08 03:00:00,1917.85,1919.38,1917.08,1917.74,4791.847
2026-08-08 03:05:00,1917.75,1917.86,1916.42,1917.59,2633.825
2026-08-08 03:10:00,1917.58,1917.84,1916.45,1917.67,3442.092
2026-08-08 03:15:00,1917.67,1917.67,1916.58,1916.74,1306.529
2026-08-08 03:20:00,1916.75,1916.9,1915.43,1916.6,3764.49
2026-08-08 03:25:00,1916.6,1917.05,1916.0,1916.01,1405.77
2026-08-08 03:30:00,1916.01,1916.01,1914.48,1914.83,8189.029
2026-08-08 03:35:00,1914.84,1915.12,1914.69,1914.7,1774.181
2026-08-08 03:40:00,1914.7,1915.0,1914.27,1914.49,1916.494
2026-08-08 03:45:00,1914.49,1914.99,1914.4,1914.96,1617.775
2026-08-08 03:50:00,1914.97,1914.97,1913.85,1913.98,2192.917
2026-08-08 03:55:00,1913.98,1914.11,1913.4,1913.97,2296.992
2026-08-08 04:00:00,1913.96,1914.34,1913.33,1913.33,3169.978
2026-08-08 04:05:00,1913.34,1913.77,1913.19,1913.77,1428.309
2026-08-08 04:10:00,1913.76,1914.97,1913.35,1914.0,4964.856
2026-08-08 04:15:00,1913.99,1915.4,1913.18,1913.19,2539.652
2026-08-08 04:20:00,1913.18,1913.67,1911.8,1913.45,4084.938
2026-08-08 04:25:00,1913.43,1913.43,1912.38,1913.01,1433.195
2026-08-08 04:30:00,1913.0,1914.29,1913.0,1914.23,1269.051
2026-08-08 04:35:00,1914.23,1914.55,1912.77,1912.86,1541.195
2026-08-08 04:40:00,1912.86,1921.47,1912.56,1917.36,38796.722
2026-08-08 04:45:00,1917.36,1917.37,1916.01,1916.47,2255.162
2026-08-08 04:50:00,1916.47,1917.06,1915.96,1915.97,1388.972
2026-08-08 04:55:00,1915.96,1916.39,1915.11,1915.65,2297.873
2026-08-08 05:00:00,1915.65,1915.66,1913.79,1914.07,5183.508
2026-08-08 05:05:00,1914.07,1915.18,1914.06,1914.97,2615.663
2026-08-08 05:10:00,1914.97,1915.04,1914.25,1914.65,1655.254
2026-08-08 05:15:00,1914.65,1915.69,1914.32,1914.4,2437.997
2026-08-08 05:20:00,1914.4,1914.88,1914.26,1914.88,1216.63
2026-08-08 05:25:00,1914.88,1914.88,1914.27,1914.36,1140.102
2026-08-08 05:30:00,1914.35,1914.77,1913.55,1913.87,4187.274
2026-08-08 05:35:00,1913.87,1913.88,1913.01,1913.25,2264.336
2026-08-08 05:40:00,1913.25,1913.65,1913.0,1913.56,1502.727
2026-08-08 05:45:00,1913.56,1913.75,1913.31,1913.31,1473.452
2026-08-08 05:50:00,1913.31,1914.01,1913.31,1913.32,2460.585
2026-08-08 05:55:00,1913.32,1913.93,1913.31,1913.93,1338.883
2026-08-08 06:00:00,1913.93,1914.28,1913.82,1914.28,1712.125
2026-08-08 06:05:00,1914.27,1914.96,1914.26,1914.96,1528.133
2026-08-08 06:10:00,1914.95,1915.33,1914.95,1915.01,1228.91
2026-08-08 06:15:00,1915.01,1915.01,1914.42,1914.74,1035.315
2026-08-08 06:20:00,1914.74,1914.74,1914.27,1914.28,1406.498
2026-08-08 06:25:00,1914.28,1914.28,1913.79,1914.15,1673.919
2026-08-08 06:30:00,1914.16,1914.16,1914.05,1914.12,514.89
2026-08-08 06:35:00,1914.13,1914.27,1914.12,1914.27,1035.777
2026-08-08 06:40:00,1914.27,1914.84,1914.26,1914.84,1877.404
2026-08-08 06:45:00,1914.84,1915.53,1914.66,1914.83,3694.646
2026-08-08 06:50:00,1914.82,1914.82,1912.98,1913.31,6439.699
2026-08-08 06:55:00,1913.32,1913.53,1912.95,1913.07,1322.757
2026-08-08 07:00:00,1913.07,1913.07,1911.68,1912.96,4814.289
2026-08-08 07:05:00,1912.97,1913.91,1912.4,1912.41,2546.179
2026-08-08 07:10:00,1912.41,1913.36,1912.4,1913.35,1899.122
2026-08-08 07:15:00,1913.35,1913.36,1911.26,1912.0,2329.918
2026-08-08 07:20:00,1912.0,1913.0,1911.99,1912.92,1449.415
2026-08-08 07:25:00,1912.92,1913.27,1912.47,1913.26,2139.604
2026-08-08 07:30:00,1913.26,1913.59,1913.25,1913.55,1335.709
2026-08-08 07:35:00,1913.54,1913.71,1913.43,1913.56,1586.938
2026-08-08 07:40:00,1913.56,1913.72,1913.24,1913.72,1268.485
2026-08-08 07:45:00,1913.71,1913.72,1913.35,1913.36,900.153
2026-08-08 07:50:00,1913.35,1913.36,1913.04,1913.05,1085.011
2026-08-08 07:55:00,1913.05,1913.58,1913.04,1913.41,3166.331
2026-08-08 08:00:00,1913.4,1914.26,1913.12,1913.91,6305.33
2026-08-08 08:05:00,1913.91,1914.3,1913.65,1913.69,3002.128
2026-08-08 08:10:00,1913.69,1914.39,1913.57,1913.88,2581.977
2026-08-08 08:15:00,1913.88,1915.72,1913.32,1914.53,7213.012
2026-08-08 08:20:00,1914.53,1914.8,1913.73,1914.27,8587.939
2026-08-08 08:25:00,1914.27,1914.47,1913.83,1913.83,1359.471
2026-08-08 08:30:00,1913.84,1914.02,1913.82,1913.88,1223.837
2026-08-08 08:35:00,1913.88,1914.6,1913.88,1914.46,1605.195
2026-08-08 08:40:00,1914.46,1914.47,1914.33,1914.43,1106.733
2026-08-08 08:45:00,1914.43,1914.43,1913.57,1913.58,1039.669
2026-08-08 08:50:00,1913.58,1913.8,1913.39,1913.68,875.546
2026-08-08 08:55:00,1913.69,1913.82,1913.49,1913.81,684.503
2026-08-08 09:00:00,1913.81,1913.82,1913.23,1913.24,1475.411
2026-08-08 09:05:00,1913.23,1913.24,1913.23,1913.24,440.372
2026-08-08 09:10:00,1913.24,1913.24,1912.32,1912.42,2978.643
2026-08-08 09:15:00,1912.41,1912.42,1912.0,1912.18,1362.582
2026-08-08 09:20:00,1912.18,1912.5,1911.36,1911.5,4281.242
2026-08-08 09:25:00,1911.5,1912.45,1911.49,1912.45,1446.134
2026-08-08 09:30:00,1912.45,1913.4,1912.2,1912.25,2307.118
2026-08-08 09:35:00,1912.24,1912.75,1912.24,1912.5,889.368
2026-08-08 09:40:00,1912.49,1912.5,1912.19,1912.19,534.214
2026-08-08 09:45:00,1912.19,1912.2,1911.78,1912.2,1777.142
2026-08-08 09:50:00,1912.2,1912.27,1911.79,1912.15,1046.573
2026-08-08 09:55:00,1912.16,1912.27,1912.0,1912.27,908.652
2026-08-08 10:00:00,1912.27,1913.38,1912.26,1913.38,2433.664
2026-08-08 10:05:00,1913.38,1913.41,1913.37,1913.4,973.093
2026-08-08 10:10:00,1913.41,1913.62,1913.13,1913.31,1874.058
2026-08-08 10:15:00,1913.31,1914.29,1913.3,1914.28,1499.645
2026-08-08 10:20:00,1914.29,1914.89,1914.14,1914.47,2420.886
2026-08-08 10:25:00,1914.47,1915.53,1914.32,1915.53,3333.665
2026-08-08 10:30:00,1915.53,1918.31,1915.52,1917.54,9775.617
2026-08-08 10:35:00,1917.54,1918.24,1916.5,1916.63,3178.734
2026-08-08 10:40:00,1916.63,1916.8,1916.56,1916.57,1378.612
2026-08-08 10:45:00,1916.57,1917.3,1916.56,1917.2,2224.106
2026-08-08 10:50:00,1917.2,1917.2,1915.91,1915.91,2183.992
2026-08-08 10:55:00,1915.92,1917.55,1915.92,1917.2,2113.83
2026-08-08 11:00:00,1917.2,1918.62,1917.11,1917.23,4341.061
2026-08-08 11:05:00,1917.22,1917.23,1915.5,1915.5,2394.179
2026-08-08 11:10:00,1915.5,1916.03,1915.5,1915.95,1987.248
2026-08-08 11:15:00,1915.95,1916.59,1915.52,1916.58,1494.703
2026-08-08 11:20:00,1916.57,1916.58,1915.6,1915.69,860.156
2026-08-08 11:25:00,1915.7,1916.56,1915.57,1916.42,928.597
2026-08-08 11:30:00,1916.41,1917.16,1916.08,1916.19,1935.257
2026-08-08 11:35:00,1916.19,1916.98,1916.18,1916.98,594.563
2026-08-08 11:40:00,1916.98,1918.16,1916.97,1917.12,3106.144
2026-08-08 11:45:00,1917.12,1917.38,1916.88,1916.88,1108.163
2026-08-08 11:50:00,1916.89,1916.96,1916.14,1916.15,739.965
2026-08-08 11:55:00,1916.15,1916.19,1915.77,1916.12,1013.701
2026-08-08 12:00:00,1916.13,1916.28,1916.12,1916.27,605.178
2026-08-08 12:05:00,1916.27,1916.49,1916.0,1916.0,920.116
2026-08-08 12:10:00,1916.0,1916.2,1915.91,1915.92,928.258
2026-08-08 12:15:00,1915.92,1915.92,1915.25,1915.59,1975.333
2026-08-08 12:20:00,1915.59,1916.48,1915.58,1916.48,1675.195
2026-08-08 12:25:00,1916.48,1916.72,1915.89,1916.22,1451.538
2026-08-08 12:30:00,1916.22,1917.11,1916.0,1917.01,2039.538
2026-08-08 12:35:00,1917.01,1918.1,1916.9,1917.9,2882.947
2026-08-08 12:40:00,1917.91,1917.91,1917.01,1917.02,978.145
2026-08-08 12:45:00,1917.02,1917.19,1915.83,1915.83,1471.777
2026-08-08 12:50:00,1915.83,1915.88,1914.85,1915.27,2077.319
2026-08-08 12:55:00,1915.27,1916.69,1915.27,1916.69,2082.884
2026-08-08 13:00:00,1916.69,1917.12,1916.22,1916.22,2328.303
2026-08-08 13:05:00,1916.22,1916.85,1916.08,1916.85,960.144
2026-08-08 13:10:00,1916.84,1916.85,1916.37,1916.47,960.183
2026-08-08 13:15:00,1916.47,1916.48,1915.73,1915.73,715.499
2026-08-08 13:20:00,1915.73,1915.95,1915.53,1915.94,890.725
2026-08-08 13:25:00,1915.95,1916.0,1915.63,1915.63,1402.057
2026-08-08 13:30:00,1915.63,1915.83,1915.32,1915.45,822.964
2026-08-08 13:35:00,1915.45,1915.98,1915.45,1915.52,1654.157
2026-08-08 13:40:00,1915.52,1916.38,1915.45,1916.14,1688.41
2026-08-08 13:45:00,1916.13,1916.68,1916.13,1916.68,998.695
2026-08-08 13:50:00,1916.68,1917.0,1915.63,1915.63,2257.859
2026-08-08 13:55:00,1915.63,1915.77,1915.4,1915.66,1289.248
2026-08-08 14:00:00,1915.66,1915.94,1914.9,1915.16,2555.276
2026-08-08 14:05:00,1915.15,1915.44,1915.08,1915.09,903.755
2026-08-08 14:10:00,1915.08,1915.09,1915.03,1915.03,522.385
2026-08-08 14:15:00,1915.03,1915.04,1915.01,1915.01,816.53
2026-08-08 14:20:00,1915.0,1915.01,1914.92,1914.93,427.492
2026-08-08 14:25:00,1914.92,1915.12,1914.8,1914.8,1422.901
2026-08-08 14:30:00,1914.81,1914.81,1914.25,1914.46,1256.784
2026-08-08 14:35:00,1914.45,1914.46,1913.0,1913.4,3655.31
2026-08-08 14:40:00,1913.4,1913.85,1913.29,1913.65,1527.07
2026-08-08 14:45:00,1913.65,1913.79,1913.63,1913.63,1455.679
2026-08-08 14:50:00,1913.64,1914.37,1913.63,1914.29,1615.327
2026-08-08 14:55:00,1914.29,1914.47,1913.83,1914.29,1855.746
2026-08-08 15:00:00,1914.3,1914.3,1913.84,1913.89,1860.674
2026-08-08 15:05:00,1913.9,1913.9,1913.89,1913.89,798.499
2026-08-08 15:10:00,1913.89,1914.64,1913.88,1914.64,1587.866
2026-08-08 15:15:00,1914.64,1914.73,1914.32,1914.33,1031.359
2026-08-08 15:20:00,1914.32,1914.52,1914.32,1914.51,657.613
2026-08-08 15:25:00,1914.51,1915.03,1914.51,1915.03,1297.869
2026-08-08 15:30:00,1915.02,1916.02,1915.02,1916.01,1937.292
2026-08-08 15:35:00,1916.02,1916.81,1916.01,1916.55,3359.291
2026-08-08 15:40:00,1916.55,1916.8,1916.21,1916.8,1918.354
2026-08-08 15:45:00,1916.79,1916.8,1915.86,1916.64,3668.763
2026-08-08 15:50:00,1916.64,1916.78,1916.42,1916.43,1176.115
2026-08-08 15:55:00,1916.42,1916.48,1915.97,1916.02,1824.966
2026-08-08 16:00:00,1916.03,1916.6,1915.73,1916.21,2192.426
2026-08-08 16:05:00,1916.2,1916.54,1915.81,1915.81,901.716
2026-08-08 16:10:00,1915.82,1916.08,1915.81,1916.08,921.514
2026-08-08 16:15:00,1916.08,1916.2,1915.98,1915.98,1005.323
2026-08-08 16:20:00,1915.98,1915.99,1915.26,1915.37,955.528
2026-08-08 16:25:00,1915.37,1915.66,1915.37,1915.66,1095.985
2026-08-08 16:30:00,1915.65,1923.32,1915.65,1918.91,47466.897
2026-08-08 16:35:00,1918.92,1919.32,1918.33,1918.35,3673.117
2026-08-08 16:40:00,1918.35,1918.64,1918.22,1918.61,1894.426
2026-08-08 16:45:00,1918.61,1919.33,1918.23,1918.23,2105.852
2026-08-08 16:50:00,1918.23,1918.24,1917.93,1918.17,1581.256
2026-08-08 16:55:00,1918.17,1918.2,1918.05,1918.05,1044.863
2026-08-08 17:00:00,1918.05,1918.35,1918.05,1918.34,1112.505
2026-08-08 17:05:00,1918.35,1919.78,1918.35,1919.77,1574.834
2026-08-08 17:10:00,1919.78,1920.18,1919.24,1919.5,4597.899
2026-08-08 17:15:00,1919.51,1920.0,1919.44,1919.44,2075.482
2026-08-08 17:20:00,1919.44,1920.83,1919.44,1920.83,1551.117
2026-08-08 17:25:00,1920.83,1922.0,1920.36,1921.8,6480.321
2026-08-08 17:30:00,1921.8,1921.81,1920.21,1920.36,4041.982
2026-08-08 17:35:00,1920.36,1920.41,1920.23,1920.41,1825.797
2026-08-08 17:40:00,1920.4,1920.41,1920.23,1920.24,1197.395
2026-08-08 17:45:00,1920.23,1920.24,1919.64,1919.99,2663.224
2026-08-08 17:50:00,1919.99,1920.29,1919.98,1920.28,1220.689
2026-08-08 17:55:00,1920.29,1920.58,1920.18,1920.36,2894.703
2026-08-08 18:00:00,1920.36,1920.95,1920.35,1920.64,2145.82
2026-08-08 18:05:00,1920.64,1920.84,1920.42,1920.42,1425.102
2026-08-08 18:10:00,1920.43,1922.92,1920.42,1921.17,5520.725
2026-08-08 18:15:00,1921.17,1921.18,1920.11,1920.19,1867.985
2026-08-08 18:20:00,1920.18,1920.19,1918.85,1918.99,3394.575
2026-08-08 18:25:00,1918.99,1919.2,1918.78,1919.2,1600.255
2026-08-08 18:30:00,1919.2,1919.26,1919.19,1919.25,1418.824
2026-08-08 18:35:00,1919.25,1919.26,1918.69,1918.74,1584.972
2026-08-08 18:40:00,1918.75,1918.91,1918.54,1918.85,2855.822
2026-08-08 18:45:00,1918.84,1919.19,1918.6,1919.18,1411.613
2026-08-08 18:50:00,1919.18,1919.73,1919.18,1919.72,1526.412
2026-08-08 18:55:00,1919.72,1920.29,1919.72,1920.05,1865.132
2026-08-08 19:00:00,1920.04,1920.05,1919.5,1919.98,2087.388
2026-08-08 19:05:00,1919.98,1920.18,1917.84,1918.49,6257.297
2026-08-08 19:10:00,1918.49,1920.29,1918.49,1920.29,2376.038
2026-08-08 19:15:00,1920.28,1921.66,1920.28,1920.74,5772.233
2026-08-08 19:20:00,1920.74,1920.75,1919.63,1919.63,1160.653
2026-08-08 19:25:00,1919.63,1919.64,1919.15,1919.16,843.467
2026-08-08 19:30:00,1919.16,1919.38,1919.0,1919.21,1443.934
2026-08-08 19:35:00,1919.22,1919.34,1919.21,1919.34,997.804
2026-08-08 19:40:00,1919.33,1920.33,1919.27,1919.31,3206.318
2026-08-08 19:45:00,1919.31,1919.34,1919.31,1919.33,536.123
2026-08-08 19:50:00,1919.33,1920.08,1919.33,1919.82,2239.4
2026-08-08 19:55:00,1919.83,1919.83,1918.38,1918.39,1942.003
2026-08-08 20:00:00,1918.38,1919.42,1918.38,1919.13,2501.508
2026-08-08 20:05:00,1919.13,1919.87,1919.1,1919.1,1664.711
2026-08-08 20:10:00,1919.1,1919.11,1918.65,1918.66,1229.675
2026-08-08 20:15:00,1918.66,1919.23,1918.63,1918.64,1189.269
2026-08-08 20:20:00,1918.63,1918.64,1918.31,1918.6,1642.367
2026-08-08 20:25:00,1918.61,1918.61,1918.39,1918.4,720.793
2026-08-08 20:30:00,1918.4,1918.4,1917.77,1917.77,2100.897
2026-08-08 20:35:00,1917.78,1918.48,1917.77,1918.2,2547.272
2026-08-08 20:40:00,1918.21,1918.65,1918.2,1918.45,1109.199
2026-08-08 20:45:00,1918.44,1918.57,1917.71,1918.57,2057.317
2026-08-08 20:50:00,1918.57,1918.7,1918.56,1918.7,883.059
2026-08-08 20:55:00,1918.7,1919.24,1918.7,1919.24,2351.833
2026-08-08 21:00:00,1919.24,1920.6,1919.23,1920.6,3252.743
2026-08-08 21:05:00,1920.59,1920.82,1919.95,1920.02,2955.065
2026-08-08 21:10:00,1920.01,1920.63,1919.54,1920.62,1634.523
2026-08-08 21:15:00,1920.61,1920.75,1920.18,1920.72,2025.904
2026-08-08 21:20:00,1920.71,1923.42,1920.49,1922.29,13934.281
2026-08-08 21:25:00,1922.28,1923.0,1921.38,1923.0,7418.834
2026-08-08 21:30:00,1922.99,1924.99,1922.44,1924.9,19864.054
2026-08-08 21:35:00,1924.89,1925.85,1922.52,1922.53,10346.983
2026-08-08 21:40:00,1922.52,1922.53,1920.91,1921.42,6227.3
2026-08-08 21:45:00,1921.42,1923.81,1921.42,1923.64,3931.016
2026-08-08 21:50:00,1923.64,1924.1,1923.43,1924.1,2508.079
2026-08-08 21:55:00,1924.1,1924.44,1922.5,1923.0,4306.278
2026-08-08 22:00:00,1923.0,1923.7,1922.24,1922.46,3424.211
2026-08-08 22:05:00,1922.46,1922.46,1921.4,1921.87,4078.467
2026-08-08 22:10:00,1921.88,1923.0,1921.87,1922.99,1751.982
2026-08-08 22:15:00,1922.99,1923.37,1922.0,1922.66,4242.602
2026-08-08 22:20:00,1922.66,1922.67,1921.58,1921.97,2512.104
2026-08-08 22:25:00,1921.98,1922.17,1921.52,1921.83,1487.142
2026-08-08 22:30:00,1921.82,1921.83,1920.5,1920.6,2455.984
2026-08-08 22:35:00,1920.61,1921.14,1920.6,1921.03,1265.29
2026-08-08 22:40:00,1921.03,1921.44,1921.03,1921.19,1694.232
2026-08-08 22:45:00,1921.18,1921.69,1920.62,1921.69,2373.119
2026-08-08 22:50:00,1921.7,1922.64,1921.69,1922.64,2447.752
2026-08-08 22:55:00,1922.63,1922.92,1921.84,1921.85,2471.413
2026-08-08 23:00:00,1921.84,1922.78,1921.84,1922.42,3360.268
2026-08-08 23:05:00,1922.41,1924.26,1922.41,1922.79,6092.201
2026-08-08 23:10:00,1922.79,1923.1,1921.8,1922.04,3782.994
2026-08-08 23:15:00,1922.05,1922.64,1921.79,1921.79,1264.273
2026-08-08 23:20:00,1921.8,1922.5,1921.37,1922.03,2503.262
2026-08-08 23:25:00,1922.02,1922.02,1921.53,1921.57,1336.472
2026-08-08 23:30:00,1921.56,1921.57,1921.35,1921.5,1304.657
2026-08-08 23:35:00,1921.5,1921.51,1920.76,1921.11,2526.046
2026-08-08 23:40:00,1921.11,1921.38,1921.11,1921.17,842.283
2026-08-08 23:45:00,1921.16,1921.2,1921.14,1921.2,1251.8
2026-08-08 23:50:00,1921.2,1921.74,1921.11,1921.69,2301.799
2026-08-08 23:55:00,1921.68,1921.69,1921.62,1921.68,909.773
2026-08-09 00:00:00,1921.68,1921.76,1921.32,1921.67,1291.239
2026-08-09 00:05:00,1921.67,1921.95,1921.35,1921.95,1654.697
2026-08-09 00:10:00,1921.95,1922.57,1921.91,1922.25,1729.037
2026-08-09 00:15:00,1922.25,1922.45,1921.7,1921.88,1654.307
2026-08-09 00:20:00,1921.88,1922.33,1921.85,1921.85,1138.779
2026-08-09 00:25:00,1921.86,1923.29,1921.85,1923.05,4192.29
2026-08-09 00:30:00,1923.04,1924.85,1922.84,1924.75,4378.28
2026-08-09 00:35:00,1924.75,1925.55,1924.51,1924.6,8409.072
2026-08-09 00:40:00,1924.61,1924.61,1924.26,1924.29,1300.277
2026-08-09 00:45:00,1924.3,1924.3,1923.75,1923.9,2043.005
2026-08-09 00:50:00,1923.89,1924.47,1923.35,1923.35,4616.223
2026-08-09 00:55:00,1923.36,1923.46,1922.85,1923.05,3373.992
2026-08-09 01:00:00,1923.05,1923.06,1922.36,1922.54,1892.629
2026-08-09 01:05:00,1922.54,1922.69,1922.54,1922.54,1732.594
2026-08-09 01:10:00,1922.54,1922.55,1921.85,1921.86,1456.946
2026-08-09 01:15:00,1921.85,1921.86,1919.55,1919.55,14400.195
2026-08-09 01:20:00,1919.56,1920.84,1918.4,1918.88,5366.514
2026-08-09 01:25:00,1918.88,1919.99,1918.88,1919.81,2344.651
2026-08-09 01:30:00,1919.81,1920.05,1919.48,1920.05,2728.263
2026-08-09 01:35:00,1920.05,1920.58,1920.04,1920.12,1545.09
2026-08-09 01:40:00,1920.13,1920.85,1920.12,1920.31,1462.115
2026-08-09 01:45:00,1920.31,1920.5,1920.3,1920.44,1003.124
2026-08-09 01:50:00,1920.44,1920.45,1920.18,1920.19,990.32
2026-08-09 01:55:00,1920.18,1920.5,1920.18,1920.49,819.734
2026-08-09 02:00:00,1920.49,1920.64,1920.31,1920.31,1617.379
2026-08-09 02:05:00,1920.31,1920.73,1920.31,1920.52,848.823
2026-08-09 02:10:00,1920.51,1920.52,1920.33,1920.41,1047.519
2026-08-09 02:15:00,1920.42,1920.61,1920.12,1920.28,1542.359
2026-08-09 02:20:00,1920.28,1920.29,1920.04,1920.04,714.383
2026-08-09 02:25:00,1920.04,1920.05,1918.66,1918.97,2669.695
2026-08-09 02:30:00,1918.96,1919.63,1918.5,1919.09,3722.125
2026-08-09 02:35:00,1919.09,1919.56,1919.08,1919.55,1091.823
2026-08-09 02:40:00,1919.55,1919.62,1919.36,1919.37,1033.547
2026-08-09 02:45:00,1919.36,1920.23,1918.84,1920.06,3580.04
2026-08-09 02:50:00,1920.06,1920.51,1919.92,1920.5,2383.83
2026-08-09 02:55:00,1920.51,1920.81,1919.61,1919.61,3236.57
2026-08-09 03:00:00,1919.61,1919.61,1919.04,1919.31,1822.891
2026-08-09 03:05:00,1919.32,1919.51,1919.13,1919.13,801.551
2026-08-09 03:10:00,1919.13,1919.55,1919.13,1919.55,585.134
2026-08-09 03:15:00,1919.54,1919.83,1919.22,1919.22,844.847
2026-08-09 03:20:00,1919.22,1919.23,1919.01,1919.01,494.0
2026-08-09 03:25:00,1919.01,1919.02,1918.85,1918.85,782.791
2026-08-09 03:30:00,1918.86,1920.31,1918.85,1920.3,1794.721
2026-08-09 03:35:00,1920.3,1920.4,1920.0,1920.02,1607.696
2026-08-09 03:40:00,1920.03,1920.24,1919.92,1919.92,1275.479
2026-08-09 03:45:00,1919.93,1920.48,1919.48,1920.24,4160.499
2026-08-09 03:50:00,1920.23,1920.23,1919.37,1919.59,1150.033
2026-08-09 03:55:00,1919.6,1919.6,1919.4,1919.41,811.228
2026-08-09 04:00:00,1919.41,1919.78,1919.28,1919.29,1824.113
2026-08-09 04:05:00,1919.29,1919.72,1919.28,1919.71,550.353
2026-08-09 04:10:00,1919.72,1919.95,1919.61,1919.61,1266.633
2026-08-09 04:15:00,1919.61,1920.0,1919.61,1920.0,636.649
2026-08-09 04:20:00,1920.0,1920.14,1919.64,1919.64,780.131
2026-08-09 04:25:00,1919.65,1920.78,1919.65,1920.17,2091.555
2026-08-09 04:30:00,1920.16,1920.61,1919.82,1920.49,940.377
2026-08-09 04:35:00,1920.5,1921.45,1920.49,1921.05,2296.672
2026-08-09 04:40:00,1921.06,1921.99,1920.44,1921.75,1745.157
2026-08-09 04:45:00,1921.74,1921.75,1920.49,1920.87,1987.331
2026-08-09 04:50:00,1920.86,1921.0,1919.86,1920.31,1905.773
2026-08-09 04:55:00,1920.3,1920.31,1919.34,1919.89,1246.332
2026-08-09 05:00:00,1919.88,1920.71,1919.19,1919.85,2985.745
2026-08-09 05:05:00,1919.84,1919.85,1919.0,1919.38,1226.843
2026-08-09 05:10:00,1919.38,1919.38,1918.5,1918.51,1825.058
2026-08-09 05:15:00,1918.5,1919.15,1918.5,1919.1,2296.52
2026-08-09 05:20:00,1919.1,1919.73,1919.09,1919.72,1182.84
2026-08-09 05:25:00,1919.73,1919.89,1919.43,1919.88,1035.409
2026-08-09 05:30:00,1919.87,1919.88,1918.66,1918.67,1576.805
2026-08-09 05:35:00,1918.67,1918.96,1918.66,1918.96,1445.489
2026-08-09 05:40:00,1918.96,1918.96,1918.25,1918.67,2615.611
2026-08-09 05:45:00,1918.66,1918.67,1918.17,1918.45,1317.725
2026-08-09 05:50:00,1918.46,1918.91,1917.61,1918.73,8210.927
2026-08-09 05:55:00,1918.72,1918.72,1915.63,1915.93,11581.42
2026-08-09 06:00:00,1915.93,1916.05,1914.43,1915.2,9874.784
2026-08-09 06:05:00,1915.19,1915.37,1914.69,1915.06,4024.315
2026-08-09 06:10:00,1915.06,1915.07,1914.11,1915.0,3851.899
2026-08-09 06:15:00,1914.99,1915.62,1913.68,1915.41,5421.497
2026-08-09 06:20:00,1915.4,1916.51,1915.4,1916.43,3696.288
2026-08-09 06:25:00,1916.42,1916.5,1916.02,1916.02,1716.915
2026-08-09 06:30:00,1916.02,1916.91,1915.86,1916.76,2278.044
2026-08-09 06:35:00,1916.77,1918.45,1916.63,1917.48,6803.442
2026-08-09 06:40:00,1917.49,1917.87,1917.43,1917.44,1314.096
2026-08-09 06:45:00,1917.43,1917.69,1917.43,1917.69,859.039
2026-08-09 06:50:00,1917.69,1917.78,1917.3,1917.66,1778.236
2026-08-09 06:55:00,1917.67,1917.71,1915.87,1915.98,2499.796
2026-08-09 07:00:00,1915.98,1916.5,1915.82,1916.38,3589.119
2026-08-09 07:05:00,1916.38,1916.38,1915.34,1915.44,1616.533
2026-08-09 07:10:00,1915.43,1917.92,1915.43,1917.6,4164.302
2026-08-09 07:15:00,1917.59,1917.59,1917.0,1917.0,1087.79
2026-08-09 07:20:00,1917.0,1917.26,1916.85,1917.26,898.527
2026-08-09 07:25:00,1917.25,1917.26,1916.76,1916.77,594.972
2026-08-09 07:30:00,1916.76,1916.77,1916.55,1916.6,733.154
2026-08-09 07:35:00,1916.59,1917.74,1916.59,1917.06,1873.731
2026-08-09 07:40:00,1917.06,1917.3,1917.04,1917.3,661.561
2026-08-09 07:45:00,1917.3,1917.7,1916.11,1916.2,1705.617
2026-08-09 07:50:00,1916.2,1916.21,1915.56,1916.09,1674.417
2026-08-09 07:55:00,1916.1,1918.3,1916.09,1917.15,5529.247
2026-08-09 08:00:00,1917.14,1919.37,1916.62,1918.99,5066.927
2026-08-09 08:05:00,1918.99,1918.99,1918.0,1918.01,1167.216
2026-08-09 08:10:00,1918.0,1918.27,1917.9,1918.27,838.441
2026-08-09 08:15:00,1918.27,1918.28,1918.0,1918.27,639.288
2026-08-09 08:20:00,1918.27,1918.28,1916.43,1916.44,1733.007
2026-08-09 08:25:00,1916.43,1916.44,1913.51,1913.52,6884.822
2026-08-09 08:30:00,1913.52,1915.36,1912.09,1914.71,8379.612
2026-08-09 08:35:00,1914.7,1915.04,1914.5,1915.0,1804.641
2026-08-09 08:40:00,1914.99,1915.22,1914.78,1915.22,1397.661
2026-08-09 08:45:00,1915.21,1915.59,1915.0,1915.0,1260.868
2026-08-09 08:50:00,1915.0,1915.01,1913.78,1914.78,3184.78
2026-08-09 08:55:00,1914.79,1915.63,1914.79,1915.31,2409.125
2026-08-09 09:00:00,1915.3,1915.3,1914.2,1914.88,2203.644
2026-08-09 09:05:00,1914.88,1915.36,1914.3,1915.21,1962.481
2026-08-09 09:10:00,1915.22,1915.95,1915.21,1915.82,2008.963
2026-08-09 09:15:00,1915.82,1915.83,1913.74,1915.1,5079.678
2026-08-09 09:20:00,1915.09,1915.5,1915.09,1915.5,642.236
2026-08-09 09:25:00,1915.49,1915.5,1915.4,1915.5,713.684
2026-08-09 09:30:00,1915.49,1915.5,1915.21,1915.21,1262.957
2026-08-09 09:35:00,1915.21,1915.21,1914.67,1914.67,892.866
2026-08-09 09:40:00,1914.67,1915.07,1913.73,1913.73,2962.962
2026-08-09 09:45:00,1913.73,1914.12,1913.73,1913.75,2389.713
2026-08-09 09:50:00,1913.75,1913.8,1912.42,1913.27,7189.034
2026-08-09 09:55:00,1913.26,1914.5,1913.26,1913.86,3191.25
2026-08-09 10:00:00,1913.86,1914.02,1913.09,1914.0,2693.61
2026-08-09 10:05:00,1914.0,1914.01,1911.86,1912.88,7521.99
2026-08-09 10:10:00,1912.88,1913.04,1911.1,1911.93,12189.669
2026-08-09 10:15:00,1911.92,1912.58,1911.69,1912.58,3292.768
2026-08-09 10:20:00,1912.57,1912.75,1912.57,1912.63,2078.4
2026-08-09 10:25:00,1912.62,1913.0,1912.5,1913.0,2196.179
2026-08-09 10:30:00,1913.0,1913.59,1912.87,1913.55,2152.302
2026-08-09 10:35:00,1913.56,1913.56,1913.16,1913.42,1446.589
2026-08-09 10:40:00,1913.42,1913.42,1913.14,1913.2,1266.476
2026-08-09 10:45:00,1913.2,1913.6,1913.19,1913.5,1660.739
2026-08-09 10:50:00,1913.5,1913.5,1913.3,1913.31,584.377
2026-08-09 10:55:00,1913.3,1913.31,1913.0,1913.07,1651.901
2026-08-09 11:00:00,1913.06,1913.1,1912.77,1913.1,1876.707
2026-08-09 11:05:00,1913.1,1913.39,1913.09,1913.39,873.432
2026-08-09 11:10:00,1913.38,1915.24,1913.38,1914.35,4885.235
2026-08-09 11:15:00,1914.34,1914.79,1913.6,1913.6,4161.112
2026-08-09 11:20:00,1913.61,1913.71,1913.4,1913.4,1441.403
2026-08-09 11:25:00,1913.4,1913.48,1912.82,1913.48,3821.621
2026-08-09 11:30:00,1913.47,1913.48,1912.68,1912.82,1439.367
2026-08-09 11:35:00,1912.81,1912.89,1912.8,1912.88,1145.012
2026-08-09 11:40:00,1912.89,1912.89,1912.56,1912.57,1589.178
2026-08-09 11:45:00,1912.57,1912.96,1912.47,1912.86,1615.281
2026-08-09 11:50:00,1912.86,1912.86,1912.23,1912.24,1415.352
2026-08-09 11:55:00,1912.24,1912.56,1912.0,1912.43,2157.301
2026-08-09 12:00:00,1912.43,1912.8,1912.07,1912.79,1534.457
2026-08-09 12:05:00,1912.79,1913.67,1912.59,1913.48,1883.013
2026-08-09 12:10:00,1913.47,1913.94,1912.9,1913.02,2143.651
2026-08-09 12:15:00,1913.01,1914.19,1912.97,1913.81,1783.124
2026-08-09 12:20:00,1913.81,1913.81,1913.52,1913.53,482.525
2026-08-09 12:25:00,1913.52,1913.53,1913.22,1913.22,831.863
2026-08-09 12:30:00,1913.22,1913.41,1913.03,1913.41,1157.181
2026-08-09 12:35:00,1913.4,1913.53,1913.23,1913.53,1352.567
2026-08-09 12:40:00,1913.53,1913.74,1913.26,1913.27,1126.819
2026-08-09 12:45:00,1913.26,1913.26,1913.03,1913.25,974.345
2026-08-09 12:50:00,1913.25,1913.38,1913.24,1913.24,1345.516
2026-08-09 12:55:00,1913.25,1913.63,1913.24,1913.63,1123.824
2026-08-09 13:00:00,1913.62,1914.5,1913.54,1914.29,2876.255
2026-08-09 13:05:00,1914.28,1914.6,1913.0,1913.73,5993.327
2026-08-09 13:10:00,1913.72,1915.0,1913.72,1914.82,3033.956
2026-08-09 13:15:00,1914.81,1915.98,1914.69,1915.78,5795.339
2026-08-09 13:20:00,1915.78,1916.37,1915.7,1915.7,2714.954
2026-08-09 13:25:00,1915.7,1916.26,1915.7,1916.26,1741.954
2026-08-09 13:30:00,1916.25,1917.18,1916.15,1917.17,3001.524
2026-08-09 13:35:00,1917.18,1917.18,1916.68,1917.0,1865.476
2026-08-09 13:40:00,1916.99,1917.35,1916.5,1917.28,2094.339
2026-08-09 13:45:00,1917.28,1918.46,1917.27,1917.37,6550.239
2026-08-09 13:50:00,1917.37,1917.83,1917.36,1917.83,1130.356
2026-08-09 13:55:00,1917.82,1919.0,1917.6,1918.5,8759.711
2026-08-09 14:00:00,1918.51,1918.51,1917.9,1918.02,2041.787
2026-08-09 14:05:00,1918.01,1918.65,1918.01,1918.21,2349.676
2026-08-09 14:10:00,1918.22,1918.4,1917.55,1917.56,3712.82
2026-08-09 14:15:00,1917.56,1917.56,1916.86,1916.86,2157.361
2026-08-09 14:20:00,1916.86,1916.96,1916.33,1916.96,3306.221
2026-08-09 14:25:00,1916.95,1917.21,1916.95,1917.21,711.24
2026-08-09 14:30:00,1917.2,1917.25,1916.67,1916.68,1987.264
2026-08-09 14:35:00,1916.67,1916.68,1916.3,1916.5,1126.169
2026-08-09 14:40:00,1916.5,1916.72,1916.5,1916.72,1299.625
2026-08-09 14:45:00,1916.71,1917.03,1916.57,1916.92,2668.596
2026-08-09 14:50:00,1916.91,1916.92,1916.91,1916.91,948.889
2026-08-09 14:55:00,1916.92,1918.29,1916.91,1918.28,4123.748
2026-08-09 15:00:00,1918.29,1924.63,1918.29,1923.43,32981.141
2026-08-09 15:05:00,1923.43,1923.75,1921.82,1922.21,8122.911
2026-08-09 15:10:00,1922.22,1922.59,1921.68,1921.73,5497.073
2026-08-09 15:15:00,1921.73,1922.0,1920.89,1921.02,4682.026
2026-08-09 15:20:00,1921.03,1921.03,1920.1,1920.51,3078.323
2026-08-09 15:25:00,1920.52,1920.76,1920.1,1920.76,1998.29
2026-08-09 15:30:00,1920.75,1920.76,1920.44,1920.44,1483.054
2026-08-09 15:35:00,1920.45,1920.45,1916.89,1917.02,17162.7
2026-08-09 15:40:00,1917.02,1917.15,1913.1,1913.8,22030.862
2026-08-09 15:45:00,1913.79,1914.94,1913.1,1914.82,11375.167
2026-08-09 15:50:00,1914.82,1914.82,1913.5,1914.39,5157.985
2026-08-09 15:55:00,1914.39,1914.89,1914.38,1914.89,3195.999
2026-08-09 16:00:00,1914.88,1915.67,1914.5,1915.46,3456.154
2026-08-09 16:05:00,1915.46,1915.46,1914.7,1915.01,1983.842
2026-08-09 16:10:00,1915.0,1915.01,1914.14,1914.22,3214.176
2026-08-09 16:15:00,1914.21,1914.81,1913.81,1913.81,5007.003
2026-08-09 16:20:00,1913.81,1913.82,1913.01,1913.01,4853.701
2026-08-09 16:25:00,1913.02,1913.83,1912.3,1913.27,7768.077
2026-08-09 16:30:00,1913.27,1914.53,1913.21,1914.51,3499.165
2026-08-09 16:35:00,1914.51,1915.56,1914.5,1915.48,4061.245
2026-08-09 16:40:00,1915.48,1916.18,1915.47,1915.65,2222.632
2026-08-09 16:45:00,1915.64,1916.25,1915.64,1916.25,2010.692
2026-08-09 16:50:00,1916.25,1920.21,1916.01,1920.11,16005.133
2026-08-09 16:55:00,1920.1,1920.84,1918.94,1920.83,9358.562
2026-08-09 17:00:00,1920.84,1922.49,1920.83,1920.93,20063.663
2026-08-09 17:05:00,1920.94,1921.0,1920.6,1920.99,6099.108
2026-08-09 17:10:00,1920.99,1921.48,1920.99,1921.26,3118.093
2026-08-09 17:15:00,1921.26,1921.39,1920.24,1920.58,4518.993
2026-08-09 17:20:00,1920.58,1921.17,1920.05,1920.05,2972.143
2026-08-09 17:25:00,1920.06,1920.06,1919.6,1919.91,3707.905
2026-08-09 17:30:00,1919.9,1919.91,1919.29,1919.38,2021.378
2026-08-09 17:35:00,1919.38,1919.38,1918.63,1919.24,2161.679
2026-08-09 17:40:00,1919.24,1919.28,1919.01,1919.14,1139.578
2026-08-09 17:45:00,1919.13,1919.91,1919.13,1919.9,1987.12
2026-08-09 17:50:00,1919.9,1920.0,1919.52,1919.52,1245.568
2026-08-09 17:55:00,1919.52,1919.75,1919.13,1919.3,1765.431
2026-08-09 18:00:00,1919.3,1919.62,1919.3,1919.61,1052.024
2026-08-09 18:05:00,1919.61,1919.84,1919.49,1919.71,1339.119
2026-08-09 18:10:00,1919.7,1920.04,1919.7,1919.99,1292.189
2026-08-09 18:15:00,1919.99,1920.33,1919.99,1920.32,700.021
2026-08-09 18:20:00,1920.33,1920.75,1919.83,1919.83,2354.145
2026-08-09 18:25:00,1919.83,1920.28,1919.83,1920.0,1100.152
2026-08-09 18:30:00,1919.99,1920.19,1919.7,1919.71,1365.875
2026-08-09 18:35:00,1919.71,1920.84,1919.5,1919.61,2136.982
2026-08-09 18:40:00,1919.61,1919.81,1919.61,1919.81,890.673
2026-08-09 18:45:00,1919.8,1920.0,1919.04,1919.04,1225.116
2026-08-09 18:50:00,1919.04,1919.24,1917.5,1918.3,11589.627
2026-08-09 18:55:00,1918.3,1918.84,1917.59,1918.35,4654.787
2026-08-09 19:00:00,1918.34,1918.5,1915.59,1916.43,14508.141
2026-08-09 19:05:00,1916.43,1916.47,1915.76,1916.45,2871.123
2026-08-09 19:10:00,1916.45,1917.4,1916.45,1917.08,2189.544
2026-08-09 19:15:00,1917.08,1917.08,1916.64,1916.94,1982.198
2026-08-09 19:20:00,1916.94,1917.0,1916.94,1917.0,862.372
2026-08-09 19:25:00,1916.99,1917.48,1916.99,1917.3,1409.481
2026-08-09 19:30:00,1917.29,1917.53,1917.05,1917.05,2168.432
2026-08-09 19:35:00,1917.05,1917.27,1916.8,1916.97,2822.065
2026-08-09 19:40:00,1916.96,1916.97,1916.56,1916.57,1050.462
2026-08-09 19:45:00,1916.56,1916.72,1916.34,1916.34,2862.95
2026-08-09 19:50:00,1916.34,1916.98,1916.34,1916.81,1287.565
2026-08-09 19:55:00,1916.82,1917.32,1916.4,1916.63,3613.877
2026-08-09 20:00:00,1916.62,1918.3,1916.62,1917.91,3596.374
2026-08-09 20:05:00,1917.92,1919.0,1917.91,1918.44,3677.214
2026-08-09 20:10:00,1918.44,1919.19,1918.43,1919.18,1751.84
2026-08-09 20:15:00,1919.18,1923.7,1919.18,1922.72,31783.246
2026-08-09 20:20:00,1922.72,1923.99,1922.2,1922.84,14083.541
2026-08-09 20:25:00,1922.85,1925.86,1922.2,1924.5,26322.449
2026-08-09 20:30:00,1924.5,1924.87,1923.02,1923.48,13324.643
2026-08-09 20:35:00,1923.48,1923.59,1922.55,1923.22,3380.339
2026-08-09 20:40:00,1923.22,1924.01,1921.42,1922.08,9252.333
2026-08-09 20:45:00,1922.09,1922.55,1921.99,1922.19,3515.78
2026-08-09 20:50:00,1922.19,1922.5,1921.97,1922.36,3661.755
2026-08-09 20:55:00,1922.36,1922.95,1922.21,1922.64,3367.767
2026-08-09 21:00:00,1922.64,1923.65,1921.71,1922.71,6690.197
2026-08-09 21:05:00,1922.71,1926.84,1922.58,1923.83,20251.449
2026-08-09 21:10:00,1923.83,1925.16,1923.83,1924.93,6963.651
2026-08-09 21:15:00,1924.92,1924.93,1923.06,1923.56,3911.737
2026-08-09 21:20:00,1923.57,1923.76,1922.19,1922.34,4487.244
2026-08-09 21:25:00,1922.33,1922.76,1922.14,1922.76,1865.619
2026-08-09 21:30:00,1922.76,1924.74,1922.76,1924.51,6187.447
2026-08-09 21:35:00,1924.5,1924.51,1922.89,1923.34,5687.545
2026-08-09 21:40:00,1923.35,1923.35,1922.51,1923.05,1684.107
2026-08-09 21:45:00,1923.04,1923.32,1922.98,1923.13,1528.562
2026-08-09 21:50:00,1923.14,1923.35,1923.13,1923.34,868.531
2026-08-09 21:55:00,1923.34,1925.82,1923.34,1924.37,7271.434
2026-08-09 22:00:00,1924.37,1924.85,1923.47,1924.85,3266.283
2026-08-09 22:05:00,1924.85,1925.16,1924.49,1924.83,3388.026
2026-08-09 22:10:00,1924.82,1926.67,1924.69,1926.1,13341.594
2026-08-09 22:15:00,1926.1,1926.69,1925.91,1925.92,7471.165
2026-08-09 22:20:00,1925.91,1926.12,1925.65,1925.99,3306.772
2026-08-09 22:25:00,1926.0,1926.18,1925.62,1925.74,2983.748
2026-08-09 22:30:00,1925.73,1925.97,1925.46,1925.46,4829.311
2026-08-09 22:35:00,1925.46,1925.51,1925.17,1925.5,2481.645
2026-08-09 22:40:00,1925.5,1925.8,1925.39,1925.5,2640.39
2026-08-09 22:45:00,1925.5,1926.31,1925.49,1926.15,3367.83
2026-08-09 22:50:00,1926.15,1926.15,1925.7,1925.96,2016.564
2026-08-09 22:55:00,1925.97,1926.58,1925.74,1925.75,5430.133
2026-08-09 23:00:00,1925.75,1926.18,1924.87,1925.33,4875.775
2026-08-09 23:05:00,1925.33,1926.21,1925.31,1925.78,2457.589
2026-08-09 23:10:00,1925.77,1925.78,1923.89,1924.23,4378.751
2026-08-09 23:15:00,1924.23,1924.8,1924.19,1924.2,2070.034
2026-08-09 23:20:00,1924.19,1924.2,1922.21,1922.21,7735.635
2026-08-09 23:25:00,1922.22,1922.33,1920.57,1921.76,15176.359
2026-08-09 23:30:00,1921.75,1923.12,1921.75,1923.1,2468.108
2026-08-09 23:35:00,1923.1,1923.67,1923.09,1923.21,2899.06
2026-08-09 23:40:00,1923.21,1924.74,1923.2,1924.36,3168.446
2026-08-09 23:45:00,1924.36,1924.75,1923.82,1923.82,2066.853
2026-08-09 23:50:00,1923.82,1923.97,1923.82,1923.83,791.7
2026-08-09 23:55:00,1923.83,1923.83,1923.42,1923.43,1393.489
2026-08-10 00:00:00,1923.43,1923.63,1922.53,1923.63,2017.795
2026-08-10 00:05:00,1923.62,1924.0,1923.45,1923.45,1328.479
2026-08-10 00:10:00,1923.46,1923.97,1923.41,1923.97,1626.708
2026-08-10 00:15:00,1923.96,1923.99,1923.48,1923.85,1300.788
2026-08-10 00:20:00,1923.85,1924.0,1922.79,1923.83,5820.881
2026-08-10 00:25:00,1923.83,1924.0,1923.82,1923.83,862.734
2026-08-10 00:30:00,1923.82,1923.83,1923.38,1923.38,1323.307
2026-08-10 00:35:00,1923.38,1923.87,1923.36,1923.87,1231.479
2026-08-10 00:40:00,1923.86,1923.87,1923.47,1923.54,1047.847
2026-08-10 00:45:00,1923.53,1923.54,1922.61,1922.61,1299.366
2026-08-10 00:50:00,1922.62,1922.86,1922.18,1922.18,1764.103
2026-08-10 00:55:00,1922.19,1922.44,1922.17,1922.31,1003.086
2026-08-10 01:00:00,1922.31,1923.11,1922.3,1923.09,1568.82
2026-08-10 01:05:00,1923.1,1923.29,1922.84,1922.84,1102.432
2026-08-10 01:10:00,1922.84,1922.85,1921.81,1921.82,3968.771
2026-08-10 01:15:00,1921.81,1921.82,1918.0,1920.8,27768.755
2026-08-10 01:20:00,1920.79,1920.98,1920.79,1920.83,1714.686
2026-08-10 01:25:00,1920.82,1921.4,1920.8,1921.4,1676.801
2026-08-10 01:30:00,1921.4,1921.5,1921.33,1921.4,1067.508
2026-08-10 01:35:00,1921.4,1921.4,1920.4,1920.52,2024.334
2026-08-10 01:40:00,1920.51,1920.52,1920.33,1920.34,554.883
2026-08-10 01:45:00,1920.34,1920.99,1920.33,1920.42,1712.952
2026-08-10 01:50:00,1920.42,1921.04,1920.41,1920.82,1721.714
2026-08-10 01:55:00,1920.83,1920.83,1920.61,1920.71,1132.974
2026-08-10 02:00:00,1920.71,1921.33,1920.47,1921.33,3110.619
2026-08-10 02:05:00,1921.32,1921.33,1921.0,1921.31,1686.786
2026-08-10 02:10:00,1921.31,1921.31,1920.42,1920.61,1497.984
2026-08-10 02:15:00,1920.6,1921.23,1920.6,1921.22,936.521
2026-08-10 02:20:00,1921.23,1921.48,1921.22,1921.48,1149.702
2026-08-10 02:25:00,1921.47,1921.48,1921.02,1921.03,1127.765
2026-08-10 02:30:00,1921.03,1921.45,1921.02,1921.45,684.206
2026-08-10 02:35:00,1921.44,1921.71,1921.44,1921.62,968.124
2026-08-10 02:40:00,1921.63,1921.66,1921.44,1921.66,1025.701
2026-08-10 02:45:00,1921.66,1921.66,1920.48,1921.34,3249.503
2026-08-10 02:50:00,1921.35,1921.35,1921.01,1921.01,700.254
2026-08-10 02:55:00,1921.02,1921.63,1921.01,1921.16,1029.986
2026-08-10 03:00:00,1921.15,1921.48,1920.9,1920.91,1503.333
2026-08-10 03:05:00,1920.91,1921.25,1920.54,1921.09,1738.302
2026-08-10 03:10:00,1921.1,1921.24,1918.16,1918.34,6725.555
2026-08-10 03:15:00,1918.35,1918.89,1917.1,1918.62,8289.607
2026-08-10 03:20:00,1918.62,1919.99,1918.52,1919.31,2419.336
2026-08-10 03:25:00,1919.32,1919.83,1918.7,1919.41,1653.971
2026-08-10 03:30:00,1919.42,1920.49,1919.41,1920.0,2265.53
2026-08-10 03:35:00,1920.0,1920.05,1919.56,1919.6,665.549
2026-08-10 03:40:00,1919.6,1919.99,1919.43,1919.43,1008.506
2026-08-10 03:45:00,1919.42,1920.0,1919.38,1919.64,1714.766
2026-08-10 03:50:00,1919.64,1920.03,1919.56,1919.98,1045.582
2026-08-10 03:55:00,1919.98,1920.04,1919.97,1919.99,577.688
2026-08-10 04:00:00,1919.98,1919.99,1919.76,1919.93,1178.529
2026-08-10 04:05:00,1919.93,1919.93,1918.79,1919.09,2397.434
2026-08-10 04:10:00,1919.08,1920.62,1919.08,1920.47,1566.358
2026-08-10 04:15:00,1920.46,1920.47,1920.17,1920.47,886.832
2026-08-10 04:20:00,1920.47,1921.33,1920.46,1921.33,1020.676
2026-08-10 04:25:00,1921.32,1923.46,1921.32,1923.41,4813.155
2026-08-10 04:30:00,1923.41,1923.78,1923.02,1923.03,2081.942
2026-08-10 04:35:00,1923.04,1924.92,1923.03,1924.91,2453.684
2026-08-10 04:40:00,1924.92,1926.33,1923.24,1924.95,13684.9
2026-08-10 04:45:00,1924.95,1926.24,1924.78,1925.39,6206.753
2026-08-10 04:50:00,1925.4,1925.47,1923.52,1924.1,3083.684
2026-08-10 04:55:00,1924.1,1924.58,1923.57,1923.84,1780.829
2026-08-10 05:00:00,1923.85,1926.21,1923.85,1924.94,4994.013
2026-08-10 05:05:00,1924.93,1926.49,1924.66,1926.09,3108.519
2026-08-10 05:10:00,1926.08,1936.22,1925.7,1932.78,60115.787
2026-08-10 05:15:00,1932.79,1937.67,1930.91,1931.01,42878.543
2026-08-10 05:20:00,1931.01,1932.81,1928.33,1928.34,13614.495
2026-08-10 05:25:00,1928.34,1929.46,1928.33,1928.99,5165.529
2026-08-10 05:30:00,1929.0,1929.79,1919.64,1923.08,31567.684
2026-08-10 05:35:00,1923.08,1923.47,1915.15,1916.85,41659.779
2026-08-10 05:40:00,1916.86,1918.65,1915.7,1918.33,14450.064
2026-08-10 05:45:00,1918.33,1918.33,1915.24,1916.78,14372.343
2026-08-10 05:50:00,1916.77,1917.79,1914.05,1917.79,16723.553
2026-08-10 05:55:00,1917.79,1919.58,1917.78,1918.67,7546.035
2026-08-10 06:00:00,1918.66,1920.02,1916.28,1919.31,7777.515
2026-08-10 06:05:00,1919.31,1919.47,1915.63,1916.19,5683.42
2026-08-10 06:10:00,1916.18,1918.1,1915.75,1916.79,3068.729
2026-08-10 06:15:00,1916.8,1917.39,1915.01,1916.59,7431.051
2026-08-10 06:20:00,1916.6,1916.9,1912.01,1916.49,33651.013
2026-08-10 06:25:00,1916.49,1916.49,1912.82,1913.49,5243.044
2026-08-10 06:30:00,1913.5,1913.5,1907.69,1908.65,51097.741
2026-08-10 06:35:00,1908.64,1912.76,1907.24,1910.31,15114.843
2026-08-10 06:40:00,1910.31,1911.28,1909.35,1909.89,12360.212
2026-08-10 06:45:00,1909.9,1911.49,1909.76,1910.94,5285.153
2026-08-10 06:50:00,1910.94,1911.05,1909.16,1909.18,7668.044
2026-08-10 06:55:00,1909.19,1909.9,1906.41,1909.57,13506.742
2026-08-10 07:00:00,1909.56,1910.8,1907.5,1910.15,14165.257
2026-08-10 07:05:00,1910.14,1916.01,1909.54,1915.16,15739.15
2026-08-10 07:10:00,1915.16,1927.71,1914.85,1921.05,58476.915
2026-08-10 07:15:00,1921.06,1921.83,1917.91,1918.34,13220.976
2026-08-10 07:20:00,1918.34,1919.17,1912.6,1913.41,19140.699
2026-08-10 07:25:00,1913.42,1915.34,1913.14,1913.14,11064.885
2026-08-10 07:30:00,1913.15,1915.65,1912.24,1914.51,9570.823
2026-08-10 07:35:00,1914.51,1914.52,1907.1,1907.11,19693.656
2026-08-10 07:40:00,1907.1,1909.41,1905.0,1906.24,29979.434
2026-08-10 07:45:00,1906.25,1911.05,1905.66,1910.94,24013.491
2026-08-10 07:50:00,1910.94,1916.62,1910.93,1913.74,24821.509
2026-08-10 07:55:00,1913.74,1915.03,1911.07,1911.99,6785.802
2026-08-10 08:00:00,1911.99,1914.39,1911.0,1912.25,8770.702
2026-08-10 08:05:00,1912.25,1912.84,1907.0,1912.52,14001.817
2026-08-10 08:10:00,1912.53,1914.6,1912.18,1913.44,5389.559
2026-08-10 08:15:00,1913.44,1917.4,1913.43,1915.83,11282.673
2026-08-10 08:20:00,1915.83,1916.35,1913.91,1915.94,5506.93
2026-08-10 08:25:00,1915.95,1917.61,1914.0,1914.09,5812.445
2026-08-10 08:30:00,1914.09,1915.8,1913.26,1914.75,5084.193
2026-08-10 08:35:00,1914.76,1914.76,1911.48,1914.14,4483.48
2026-08-10 08:40:00,1914.15,1914.79,1912.87,1914.49,3480.632
2026-08-10 08:45:00,1914.5,1925.86,1914.01,1924.42,34902.806
2026-08-10 08:50:00,1924.41,1931.5,1924.12,1924.49,53388.437
2026-08-10 08:55:00,1924.49,1925.0,1923.18,1924.65,11460.919
2026-08-10 09:00:00,1924.66,1925.5,1920.78,1922.64,19407.091
2026-08-10 09:05:00,1922.64,1922.92,1919.5,1921.07,6579.6
2026-08-10 09:10:00,1921.06,1922.47,1920.46,1920.8,4373.635
2026-08-10 09:15:00,1920.8,1920.92,1913.17,1913.82,29550.817
2026-08-10 09:20:00,1913.83,1915.72,1912.59,1913.73,14999.848
2026-08-10 09:25:00,1913.73,1915.19,1911.82,1914.54,12584.828
2026-08-10 09:30:00,1914.55,1916.18,1914.48,1915.06,7522.774
2026-08-10 09:35:00,1915.07,1917.04,1914.92,1917.03,4536.512
2026-08-10 09:40:00,1917.04,1926.11,1917.04,1925.26,29422.12
2026-08-10 09:45:00,1925.26,1925.27,1922.14,1922.58,15465.575
2026-08-10 09:50:00,1922.58,1924.51,1922.1,1923.0,5689.126
2026-08-10 09:55:00,1923.0,1923.42,1921.77,1922.87,3377.9
2026-08-10 10:00:00,1922.88,1923.85,1921.78,1922.41,4819.448
2026-08-10 10:05:00,1922.41,1922.79,1920.9,1921.86,4418.243
2026-08-10 10:10:00,1921.86,1921.87,1914.0,1915.07,32450.794
2026-08-10 10:15:00,1915.08,1919.74,1912.52,1919.32,25047.945
2026-08-10 10:20:00,1919.33,1923.53,1918.69,1922.84,17458.03
2026-08-10 10:25:00,1922.85,1924.0,1917.33,1917.33,11581.034
2026-08-10 10:30:00,1917.34,1918.62,1916.1,1918.62,10032.295
2026-08-10 10:35:00,1918.61,1920.0,1918.55,1919.37,3309.903
2026-08-10 10:40:00,1919.37,1920.05,1917.8,1918.77,2817.403
2026-08-10 10:45:00,1918.76,1919.79,1918.34,1919.1,1558.118
2026-08-10 10:50:00,1919.1,1919.59,1917.38,1917.59,2064.272
2026-08-10 10:55:00,1917.6,1917.7,1915.37,1916.5,9634.175
2026-08-10 11:00:00,1916.51,1919.28,1915.6,1918.49,8228.411
2026-08-10 11:05:00,1918.48,1919.19,1917.17,1918.5,2273.845
2026-08-10 11:10:00,1918.5,1919.2,1917.52,1919.19,2145.254
2026-08-10 11:15:00,1919.19,1920.19,1918.02,1918.64,3044.37
2026-08-10 11:20:00,1918.63,1919.52,1917.8,1917.81,1949.348
2026-08-10 11:25:00,1917.81,1919.72,1917.8,1918.41,1704.042
2026-08-10 11:30:00,1918.41,1919.3,1917.74,1918.88,1857.519
2026-08-10 11:35:00,1918.88,1919.5,1918.0,1918.01,1527.933
2026-08-10 11:40:00,1918.0,1918.01,1911.47,1915.71,33769.309
2026-08-10 11:45:00,1915.72,1917.67,1915.48,1916.34,4645.484
2026-08-10 11:50:00,1916.33,1917.0,1915.65,1915.98,2301.082
2026-08-10 11:55:00,1915.97,1915.98,1913.43,1914.68,5687.548
2026-08-10 12:00:00,1914.68,1917.06,1914.27,1916.61,4989.607
2026-08-10 12:05:00,1916.61,1917.9,1916.42,1917.01,4352.167
2026-08-10 12:10:00,1917.01,1917.15,1914.32,1915.29,4244.725
2026-08-10 12:15:00,1915.3,1916.63,1915.3,1915.44,1922.835
2026-08-10 12:20:00,1915.43,1918.66,1915.43,1918.66,4420.013
2026-08-10 12:25:00,1918.66,1919.72,1918.2,1919.41,3462.812
2026-08-10 12:30:00,1919.41,1919.69,1918.66,1919.68,3970.228
2026-08-10 12:35:00,1919.69,1921.55,1919.3,1920.03,7509.077
2026-08-10 12:40:00,1920.02,1920.62,1919.68,1920.61,3424.679
2026-08-10 12:45:00,1920.61,1920.7,1919.92,1920.18,2455.141
2026-08-10 12:50:00,1920.18,1924.19,1919.96,1923.94,15166.792
2026-08-10 12:55:00,1923.95,1924.38,1922.04,1922.51,8800.583
2026-08-10 13:00:00,1922.51,1924.23,1922.3,1923.79,7437.308
2026-08-10 13:05:00,1923.79,1926.88,1923.74,1924.0,17146.293
2026-08-10 13:10:00,1924.01,1925.2,1923.75,1924.8,6338.109
2026-08-10 13:15:00,1924.81,1928.43,1923.37,1928.07,25450.724
2026-08-10 13:20:00,1928.07,1928.55,1925.22,1926.66,16147.826
2026-08-10 13:25:00,1926.66,1926.75,1924.31,1924.8,4500.654
2026-08-10 13:30:00,1924.8,1925.83,1924.66,1924.71,2925.214
2026-08-10 13:35:00,1924.71,1925.27,1924.71,1924.81,1927.322
2026-08-10 13:40:00,1924.81,1927.0,1924.1,1926.54,4982.799
2026-08-10 13:45:00,1926.53,1926.78,1925.79,1926.2,2742.547
2026-08-10 13:50:00,1926.2,1927.37,1925.56,1927.01,6020.579
2026-08-10 13:55:00,1927.01,1928.56,1926.71,1927.23,5651.568
2026-08-10 14:00:00,1927.23,1927.86,1926.0,1926.19,4266.534
2026-08-10 14:05:00,1926.19,1926.4,1925.35,1925.67,2959.708
2026-08-10 14:10:00,1925.67,1926.12,1925.66,1925.84,2442.979
2026-08-10 14:15:00,1925.83,1927.0,1925.16,1926.99,4494.862
2026-08-10 14:20:00,1927.0,1928.5,1926.48,1928.5,5884.392
2026-08-10 14:25:00,1928.5,1929.27,1927.27,1928.83,10512.412
2026-08-10 14:30:00,1928.83,1930.28,1928.46,1929.5,17736.228
2026-08-10 14:35:00,1929.5,1930.22,1927.1,1927.73,22016.18
2026-08-10 14:40:00,1927.73,1927.95,1926.86,1926.87,3171.05
2026-08-10 14:45:00,1926.87,1927.32,1924.42,1924.58,8641.665
2026-08-10 14:50:00,1924.59,1925.89,1924.05,1924.05,4299.363
2026-08-10 14:55:00,1924.05,1924.73,1924.0,1924.72,3602.214
2026-08-10 15:00:00,1924.73,1927.67,1924.72,1926.92,5567.276
2026-08-10 15:05:00,1926.92,1926.93,1925.02,1926.0,9205.715
2026-08-10 15:10:00,1926.0,1926.73,1925.72,1926.61,2697.962
2026-08-10 15:15:00,1926.61,1927.06,1925.51,1926.73,3109.947
2026-08-10 15:20:00,1926.73,1927.95,1925.72,1927.59,4315.913
2026-08-10 15:25:00,1927.6,1929.0,1926.83,1927.46,5531.239
2026-08-10 15:30:00,1927.46,1927.83,1927.03,1927.45,2208.708
2026-08-10 15:35:00,1927.45,1927.56,1925.1,1925.1,3751.234
2026-08-10 15:40:00,1925.1,1925.2,1922.35,1924.43,11763.196
2026-08-10 15:45:00,1924.43,1925.09,1923.52,1924.97,3585.009
2026-08-10 15:50:00,1924.97,1926.66,1924.77,1925.07,2602.283
2026-08-10 15:55:00,1925.07,1926.46,1925.06,1926.0,1852.184
2026-08-10 16:00:00,1926.0,1926.01,1924.16,1926.0,2534.103
2026-08-10 16:05:00,1926.0,1926.0,1925.07,1926.0,2335.997
2026-08-10 16:10:00,1926.0,1926.45,1924.6,1925.65,2930.527
2026-08-10 16:15:00,1925.65,1925.92,1924.49,1924.49,1895.536
2026-08-10 16:20:00,1924.49,1924.49,1923.88,1924.1,2418.102
2026-08-10 16:25:00,1924.1,1924.1,1921.91,1921.91,6922.856
2026-08-10 16:30:00,1921.91,1921.91,1917.52,1919.35,25659.751
2026-08-10 16:35:00,1919.35,1919.35,1917.0,1917.51,22853.581
2026-08-10 16:40:00,1917.51,1918.17,1917.0,1917.45,10733.908
2026-08-10 16:45:00,1917.45,1917.45,1915.74,1915.75,14947.136
2026-08-10 16:50:00,1915.75,1917.0,1915.33,1915.81,12101.864
2026-08-10 16:55:00,1915.81,1916.88,1915.2,1915.5,11846.241
2026-08-10 17:00:00,1915.51,1918.66,1915.0,1918.31,21884.854
2026-08-10 17:05:00,1918.31,1918.9,1917.8,1917.93,6186.343
2026-08-10 17:10:00,1917.93,1918.88,1917.7,1918.39,4580.59
2026-08-10 17:15:00,1918.4,1918.71,1918.2,1918.25,3488.904
2026-08-10 17:20:00,1918.25,1920.0,1917.94,1919.43,5636.424
2026-08-10 17:25:00,1919.44,1919.65,1918.22,1918.51,3134.504
2026-08-10 17:30:00,1918.52,1918.6,1917.33,1917.77,4452.127
2026-08-10 17:35:00,1917.76,1918.08,1916.02,1916.18,4825.02
2026-08-10 17:40:00,1916.18,1917.19,1915.74,1916.79,4661.303
2026-08-10 17:45:00,1916.8,1917.97,1916.31,1917.71,3404.892
2026-08-10 17:50:00,1917.71,1917.71,1916.85,1916.92,2392.257
2026-08-10 17:55:00,1916.91,1917.37,1916.31,1916.74,3094.619
2026-08-10 18:00:00,1916.75,1916.98,1915.68,1915.68,4211.599
2026-08-10 18:05:00,1915.68,1916.4,1915.24,1915.85,4852.182
2026-08-10 18:10:00,1915.85,1915.86,1913.62,1915.74,10965.116
2026-08-10 18:15:00,1915.74,1917.94,1915.73,1917.72,6522.095
2026-08-10 18:20:00,1917.72,1919.0,1917.03,1917.12,4658.186
2026-08-10 18:25:00,1917.11,1918.57,1917.11,1918.23,1935.659
2026-08-10 18:30:00,1918.24,1919.65,1918.23,1919.64,2621.001
2026-08-10 18:35:00,1919.64,1919.66,1917.67,1918.27,2871.216
2026-08-10 18:40:00,1918.27,1918.45,1917.22,1917.68,1906.895
2026-08-10 18:45:00,1917.69,1918.67,1917.46,1917.88,3058.196
2026-08-10 18:50:00,1917.87,1918.43,1917.14,1918.37,3724.46
2026-08-10 18:55:00,1918.36,1920.62,1918.03,1919.6,11264.388
2026-08-10 19:00:00,1919.61,1922.84,1918.89,1922.55,22256.1
2026-08-10 19:05:00,1922.55,1922.72,1920.09,1921.5,4414.0
2026-08-10 19:10:00,1921.5,1922.24,1919.41,1919.77,5431.315
2026-08-10 19:15:00,1919.78,1919.94,1916.84,1917.58,6800.952
2026-08-10 19:20:00,1917.58,1918.5,1916.85,1917.06,4882.129
2026-08-10 19:25:00,1917.07,1917.54,1915.56,1916.12,7008.898
2026-08-10 19:30:00,1916.12,1916.13,1913.7,1913.71,9569.318
2026-08-10 19:35:00,1913.7,1914.29,1912.5,1912.5,15503.914
2026-08-10 19:40:00,1912.5,1915.04,1910.81,1914.6,36779.186
2026-08-10 19:45:00,1914.61,1914.61,1911.2,1911.42,13219.577
2026-08-10 19:50:00,1911.41,1911.81,1907.61,1909.81,36590.597
2026-08-10 19:55:00,1909.81,1909.81,1903.77,1905.03,63327.353
2026-08-10 20:00:00,1905.03,1907.87,1904.0,1906.97,35166.64
2026-08-10 20:05:00,1906.96,1908.58,1906.61,1908.29,12090.624
2026-08-10 20:10:00,1908.3,1908.86,1906.99,1908.08,11382.872
2026-08-10 20:15:00,1908.07,1909.8,1907.63,1909.21,7153.271
2026-08-10 20:20:00,1909.21,1909.21,1906.96,1907.61,10483.506
2026-08-10 20:25:00,1907.6,1907.6,1905.48,1907.41,7483.669
2026-08-10 20:30:00,1907.4,1907.99,1895.88,1898.53,74319.474
2026-08-10 20:35:00,1898.52,1905.99,1897.14,1900.97,54687.71
2026-08-10 20:40:00,1900.97,1901.51,1898.57,1900.22,22189.702
2026-08-10 20:45:00,1900.21,1902.13,1893.37,1896.95,43711.434
2026-08-10 20:50:00,1896.96,1899.99,1893.44,1895.43,41443.076
2026-08-10 20:55:00,1895.44,1898.88,1895.2,1896.62,21008.416
2026-08-10 21:00:00,1896.62,1901.89,1895.86,1899.05,29746.349
2026-08-10 21:05:00,1899.05,1899.53,1895.8,1897.81,13070.388
2026-08-10 21:10:00,1897.81,1900.47,1896.42,1900.37,11284.658
2026-08-10 21:15:00,1900.37,1901.77,1898.47,1899.39,8057.952
2026-08-10 21:20:00,1899.39,1899.89,1896.57,1896.71,8444.507
2026-08-10 21:25:00,1896.7,1900.56,1896.11,1898.65,10996.137
2026-08-10 21:30:00,1898.65,1898.81,1897.01,1898.56,9302.597
2026-08-10 21:35:00,1898.57,1901.0,1896.7,1898.17,7821.574
2026-08-10 21:40:00,1898.18,1901.64,1897.99,1899.27,7035.455
2026-08-10 21:45:00,1899.27,1900.5,1894.84,1895.4,16683.282
2026-08-10 21:50:00,1895.41,1896.7,1891.12,1893.47,31475.799
2026-08-10 21:55:00,1893.48,1894.12,1890.19,1892.61,25537.327
2026-08-10 22:00:00,1892.61,1892.61,1885.86,1890.0,82551.814
2026-08-10 22:05:00,1890.0,1891.51,1888.57,1890.39,19355.642
2026-08-10 22:10:00,1890.39,1890.67,1873.68,1875.4,190884.515
2026-08-10 22:15:00,1875.4,1880.1,1873.99,1876.16,62167.367
2026-08-10 22:20:00,1876.15,1878.2,1872.08,1874.5,52745.487
2026-08-10 22:25:00,1874.49,1876.26,1870.15,1876.03,53518.841
2026-08-10 22:30:00,1876.03,1878.5,1874.88,1876.67,33312.406
2026-08-10 22:35:00,1876.67,1877.31,1873.61,1876.03,22037.688
2026-08-10 22:40:00,1876.03,1879.44,1875.55,1877.5,28991.257
2026-08-10 22:45:00,1877.51,1878.01,1875.41,1875.79,20235.423
2026-08-10 22:50:00,1875.79,1879.46,1875.73,1876.4,16039.155
2026-08-10 22:55:00,1876.4,1876.83,1875.31,1876.01,10917.95
2026-08-10 23:00:00,1876.0,1877.54,1873.63,1877.51,21716.153
2026-08-10 23:05:00,1877.5,1877.87,1875.67,1875.77,9345.77
2026-08-10 23:10:00,1875.78,1876.58,1874.55,1874.99,13854.614
2026-08-10 23:15:00,1874.99,1876.28,1871.57,1873.0,20390.124
2026-08-10 23:20:00,1872.99,1875.42,1866.14,1875.06,57390.01
2026-08-10 23:25:00,1875.06,1875.36,1873.89,1874.05,13208.898
2026-08-10 23:30:00,1874.05,1874.95,1872.17,1872.61,14557.828
2026-08-10 23:35:00,1872.62,1875.91,1872.62,1875.91,9385.548
2026-08-10 23:40:00,1875.91,1877.27,1871.45,1872.02,23377.228
2026-08-10 23:45:00,1872.02,1872.6,1870.77,1871.85,15683.888
2026-08-10 23:50:00,1871.85,1872.4,1867.69,1868.88,22077.614
2026-08-10 23:55:00,1868.88,1871.38,1868.78,1871.38,15373.141
2026-08-11 00:00:00,1871.38,1872.23,1868.63,1869.09,14809.22
2026-08-11 00:05:00,1869.09,1873.47,1867.46,1872.42,25134.863
2026-08-11 00:10:00,1872.42,1875.26,1872.41,1873.87,13618.933
2026-08-11 00:15:00,1873.86,1873.87,1872.13,1872.44,6178.841
2026-08-11 00:20:00,1872.44,1874.21,1871.93,1873.46,8113.992
2026-08-11 00:25:00,1873.45,1875.94,1873.21,1873.25,9607.338
2026-08-11 00:30:00,1873.25,1875.83,1873.03,1875.16,7430.987
2026-08-11 00:35:00,1875.17,1875.45,1873.67,1874.88,5001.716
2026-08-11 00:40:00,1874.88,1876.49,1874.63,1874.79,6661.94
2026-08-11 00:45:00,1874.79,1874.79,1872.99,1873.5,7853.118
2026-08-11 00:50:00,1873.5,1874.91,1872.69,1873.04,8694.274
2026-08-11 00:55:00,1873.04,1873.2,1871.74,1872.71,7476.8
2026-08-11 01:00:00,1872.7,1874.61,1872.2,1872.41,16707.423
2026-08-11 01:05:00,1872.41,1873.53,1871.51,1871.79,5266.053
2026-08-11 01:10:00,1871.79,1873.52,1870.54,1870.8,12046.0
2026-08-11 01:15:00,1870.81,1872.18,1870.0,1871.1,8806.68
2026-08-11 01:20:00,1871.1,1873.3,1870.82,1873.18,4953.489
2026-08-11 01:25:00,1873.17,1873.78,1871.1,1871.29,3163.557
2026-08-11 01:30:00,1871.28,1872.26,1870.52,1872.07,6991.169
2026-08-11 01:35:00,1872.07,1872.13,1868.45,1870.55,19791.534
2026-08-11 01:40:00,1870.55,1872.15,1869.79,1872.15,4030.648
2026-08-11 01:45:00,1872.15,1872.15,1867.12,1871.88,20093.098
2026-08-11 01:50:00,1871.88,1872.37,1870.86,1871.07,4209.177
2026-08-11 01:55:00,1871.07,1872.72,1871.06,1871.92,2868.079
2026-08-11 02:00:00,1871.92,1873.71,1871.36,1872.77,7377.797
2026-08-11 02:05:00,1872.77,1874.0,1872.54,1873.51,4252.657
2026-08-11 02:10:00,1873.52,1874.68,1873.51,1874.38,7675.804
2026-08-11 02:15:00,1874.37,1876.13,1874.37,1875.52,7360.329
2026-08-11 02:20:00,1875.52,1877.59,1875.52,1877.19,5096.024
2026-08-11 02:25:00,1877.19,1877.67,1876.36,1877.67,4589.011
2026-08-11 02:30:00,1877.67,1879.84,1877.67,1878.94,15297.017
2026-08-11 02:35:00,1878.94,1879.01,1875.28,1877.11,6935.586
2026-08-11 02:40:00,1877.1,1878.24,1876.45,1878.12,3035.154
2026-08-11 02:45:00,1878.11,1878.8,1877.05,1877.86,5320.298
2026-08-11 02:50:00,1877.86,1878.08,1876.0,1876.75,4567.962
2026-08-11 02:55:00,1876.75,1877.81,1876.0,1877.7,4019.745
2026-08-11 03:00:00,1877.69,1878.12,1876.7,1877.81,4373.342
2026-08-11 03:05:00,1877.81,1878.6,1877.03,1878.29,3790.985
2026-08-11 03:10:00,1878.3,1878.46,1877.34,1877.76,3008.09
2026-08-11 03:15:00,1877.75,1878.31,1876.99,1878.3,4997.108
2026-08-11 03:20:00,1878.31,1878.31,1877.39,1877.78,1618.239
2026-08-11 03:25:00,1877.77,1878.65,1877.38,1878.65,1723.699
2026-08-11 03:30:00,1878.65,1878.96,1878.08,1878.68,2663.825
2026-08-11 03:35:00,1878.67,1879.87,1878.15,1878.15,4508.715
2026-08-11 03:40:00,1878.16,1880.86,1878.02,1879.64,8221.411
2026-08-11 03:45:00,1879.63,1879.63,1877.7,1878.56,4151.979
2026-08-11 03:50:00,1878.56,1879.69,1878.55,1879.19,2223.433
2026-08-11 03:55:00,1879.18,1879.18,1878.2,1878.76,2535.382
2026-08-11 04:00:00,1878.76,1878.76,1876.61,1876.99,3939.895
2026-08-11 04:05:00,1877.0,1877.3,1876.26,1877.08,3099.512
2026-08-11 04:10:00,1877.08,1877.08,1874.51,1874.98,6145.163
2026-08-11 04:15:00,1874.99,1875.19,1874.63,1875.18,2419.686
2026-08-11 04:20:00,1875.18,1875.18,1873.79,1873.79,3867.004
2026-08-11 04:25:00,1873.79,1876.04,1873.51,1876.03,4296.917
2026-08-11 04:30:00,1876.04,1876.33,1875.52,1876.09,2218.8
2026-08-11 04:35:00,1876.09,1876.97,1875.52,1875.87,3026.655
2026-08-11 04:40:00,1875.87,1876.15,1874.03,1875.28,4990.957
2026-08-11 04:45:00,1875.29,1875.42,1873.44,1873.45,4341.807
2026-08-11 04:50:00,1873.44,1873.8,1872.43,1873.5,4304.753
2026-08-11 04:55:00,1873.5,1874.15,1873.18,1873.42,2488.019
2026-08-11 05:00:00,1873.41,1874.85,1872.21,1872.82,7629.507
2026-08-11 05:05:00,1872.81,1874.43,1871.42,1874.42,4627.66
2026-08-11 05:10:00,1874.43,1876.97,1874.42,1876.27,5590.926
2026-08-11 05:15:00,1876.28,1877.36,1876.1,1876.71,2559.117
2026-08-11 05:20:00,1876.71,1876.71,1874.35,1874.59,2346.827
2026-08-11 05:25:00,1874.59,1875.97,1874.35,1875.97,1272.037
2026-08-11 05:30:00,1875.96,1875.97,1871.08,1871.21,5052.435
2026-08-11 05:35:00,1871.2,1873.7,1871.2,1872.92,3314.228
2026-08-11 05:40:00,1872.92,1873.74,1872.92,1873.73,1216.893
2026-08-11 05:45:00,1873.74,1874.81,1873.26,1874.67,1821.537
2026-08-11 05:50:00,1874.67,1875.0,1874.66,1874.92,1087.942
2026-08-11 05:55:00,1874.91,1875.41,1874.77,1875.4,1327.282
2026-08-11 06:00:00,1875.41,1875.41,1873.46,1874.17,3966.551
2026-08-11 06:05:00,1874.17,1874.86,1873.5,1873.51,4235.907
2026-08-11 06:10:00,1873.51,1874.26,1873.42,1873.82,2439.598
2026-08-11 06:15:00,1873.81,1874.61,1873.63,1873.88,2099.475
2026-08-11 06:20:00,1873.89,1874.03,1872.19,1873.0,2375.685
2026-08-11 06:25:00,1873.0,1873.3,1871.53,1873.07,3209.438
2026-08-11 06:30:00,1873.08,1873.08,1870.4,1871.36,6921.347
2026-08-11 06:35:00,1871.37,1872.15,1869.23,1870.22,14625.672
2026-08-11 06:40:00,1870.21,1871.99,1870.21,1871.99,3629.293
2026-08-11 06:45:00,1871.98,1871.99,1870.52,1871.16,3055.855
2026-08-11 06:50:00,1871.16,1873.23,1871.16,1872.31,4382.56
2026-08-11 06:55:00,1872.3,1872.74,1871.96,1872.31,2058.678
2026-08-11 07:00:00,1872.3,1872.56,1870.32,1871.85,12222.18
2026-08-11 07:05:00,1871.84,1872.3,1870.3,1871.42,4246.9
2026-08-11 07:10:00,1871.43,1873.22,1871.03,1872.9,3325.025
2026-08-11 07:15:00,1872.9,1873.09,1871.26,1872.33,4603.905
2026-08-11 07:20:00,1872.33,1873.33,1871.0,1872.5,4394.837
2026-08-11 07:25:00,1872.51,1875.25,1872.51,1875.24,3936.628
2026-08-11 07:30:00,1875.25,1875.3,1873.6,1873.76,3514.393
2026-08-11 07:35:00,1873.75,1874.03,1871.81,1873.35,3406.429
2026-08-11 07:40:00,1873.36,1873.39,1872.14,1873.32,2647.733
2026-08-11 07:45:00,1873.32,1873.81,1872.5,1872.7,2627.191
2026-08-11 07:50:00,1872.69,1874.27,1872.69,1873.73,3170.393
2026-08-11 07:55:00,1873.73,1874.89,1873.45,1874.28,3985.584
2026-08-11 08:00:00,1874.28,1874.69,1872.51,1874.16,5469.154
2026-08-11 08:05:00,1874.17,1874.84,1873.0,1874.32,4805.599
2026-08-11 08:10:00,1874.32,1877.0,1874.32,1876.4,4905.097
2026-08-11 08:15:00,1876.39,1876.49,1873.04,1873.04,7099.204
2026-08-11 08:20:00,1873.05,1878.03,1873.04,1877.49,6331.219
2026-08-11 08:25:00,1877.5,1877.5,1876.0,1877.07,3910.726
2026-08-11 08:30:00,1877.07,1877.07,1875.86,1875.89,4872.295
2026-08-11 08:35:00,1875.89,1876.2,1875.0,1875.0,3385.025
2026-08-11 08:40:00,1875.0,1875.41,1873.5,1874.84,3794.039
2026-08-11 08:45:00,1874.84,1877.0,1874.61,1877.0,1721.911
2026-08-11 08:50:00,1876.99,1877.82,1876.69,1877.16,3715.331
2026-08-11 08:55:00,1877.16,1877.62,1876.63,1877.23,4978.501
2026-08-11 09:00:00,1877.23,1879.05,1877.2,1878.34,9897.268
2026-08-11 09:05:00,1878.34,1878.35,1876.8,1877.95,3792.697
2026-08-11 09:10:00,1877.95,1877.95,1877.01,1877.27,4186.321
2026-08-11 09:15:00,1877.28,1877.85,1877.0,1877.05,3577.819
2026-08-11 09:20:00,1877.05,1877.15,1876.58,1876.86,2657.171
2026-08-11 09:25:00,1876.87,1877.18,1876.37,1876.61,2905.427
2026-08-11 09:30:00,1876.62,1877.46,1876.59,1877.07,1825.027
2026-08-11 09:35:00,1877.07,1877.08,1876.54,1876.57,1318.553
2026-08-11 09:40:00,1876.58,1877.75,1876.57,1877.75,2888.391
2026-08-11 09:45:00,1877.75,1878.0,1877.63,1877.63,1082.185
2026-08-11 09:50:00,1877.63,1877.92,1877.0,1877.92,1776.235
2026-08-11 09:55:00,1877.92,1877.92,1877.22,1877.84,2520.862
2026-08-11 10:00:00,1877.84,1879.65,1877.84,1879.64,2577.108
2026-08-11 10:05:00,1879.63,1879.64,1878.64,1879.09,3685.235
2026-08-11 10:10:00,1879.09,1879.74,1879.09,1879.42,2349.881
2026-08-11 10:15:00,1879.41,1880.62,1878.75,1879.59,6972.28
2026-08-11 10:20:00,1879.6,1880.48,1878.86,1880.1,2900.223
2026-08-11 10:25:00,1880.11,1880.7,1879.43,1879.56,4441.192
2026-08-11 10:30:00,1879.56,1879.67,1879.28,1879.53,2213.412
2026-08-11 10:35:00,1879.53,1880.64,1879.52,1880.62,3819.886
2026-08-11 10:40:00,1880.63,1881.36,1879.77,1879.77,4527.146
2026-08-11 10:45:00,1879.77,1879.99,1879.27,1879.98,3173.094
2026-08-11 10:50:00,1879.98,1880.12,1879.52,1879.99,2118.887
2026-08-11 10:55:00,1879.99,1880.39,1879.99,1880.14,1864.13
2026-08-11 11:00:00,1880.14,1881.26,1879.52,1879.52,5351.249
2026-08-11 11:05:00,1879.52,1879.53,1879.0,1879.0,2220.775
2026-08-11 11:10:00,1879.0,1879.2,1878.86,1879.06,3832.98
2026-08-11 11:15:00,1879.07,1879.23,1878.92,1879.0,2402.099
2026-08-11 11:20:00,1879.0,1879.5,1878.89,1878.92,2760.741
2026-08-11 11:25:00,1878.93,1879.25,1878.67,1879.09,3592.737
2026-08-11 11:30:00,1879.09,1879.19,1878.15,1878.26,3424.374
2026-08-11 11:35:00,1878.27,1878.27,1876.97,1877.63,3998.954
2026-08-11 11:40:00,1877.63,1877.63,1876.83,1877.02,4052.632
2026-08-11 11:45:00,1877.02,1877.38,1876.57,1876.91,2613.272
2026-08-11 11:50:00,1876.91,1876.91,1875.3,1875.7,5745.631
2026-08-11 11:55:00,1875.7,1875.94,1875.2,1875.2,4815.615
2026-08-11 12:00:00,1875.2,1875.71,1874.52,1875.69,4567.855
2026-08-11 12:05:00,1875.68,1876.0,1875.45,1876.0,1671.061
2026-08-11 12:10:00,1875.99,1876.0,1875.65,1875.98,3438.938
2026-08-11 12:15:00,1875.99,1875.99,1874.14,1874.29,2640.749
2026-08-11 12:20:00,1874.29,1874.29,1871.01,1872.82,17326.859
2026-08-11 12:25:00,1872.82,1873.0,1872.5,1873.0,3033.92
2026-08-11 12:30:00,1873.0,1874.82,1872.59,1874.81,8379.525
2026-08-11 12:35:00,1874.82,1876.0,1874.82,1875.93,2914.461
2026-08-11 12:40:00,1875.94,1875.94,1875.47,1875.67,3671.546
2026-08-11 12:45:00,1875.67,1875.89,1875.28,1875.45,7026.304
2026-08-11 12:50:00,1875.45,1875.52,1874.13,1874.13,3093.801
2026-08-11 12:55:00,1874.13,1874.5,1873.26,1873.27,4145.733
2026-08-11 13:00:00,1873.26,1873.42,1871.15,1872.31,10340.566
2026-08-11 13:05:00,1872.3,1874.22,1872.3,1874.17,3926.345
2026-08-11 13:10:00,1874.16,1874.22,1873.27,1873.46,4635.727
2026-08-11 13:15:00,1873.46,1874.05,1872.91,1873.18,2363.608
2026-08-11 13:20:00,1873.17,1873.18,1872.52,1872.67,3087.747
2026-08-11 13:25:00,1872.67,1872.68,1871.28,1871.61,8224.723
2026-08-11 13:30:00,1871.6,1872.35,1871.0,1871.43,17189.976
2026-08-11 13:35:00,1871.42,1874.01,1871.18,1873.71,8001.375
2026-08-11 13:40:00,1873.71,1873.89,1872.62,1872.63,3436.898
2026-08-11 13:45:00,1872.62,1873.51,1872.41,1873.51,2612.381
2026-08-11 13:50:00,1873.5,1873.52,1870.4,1870.82,5364.978
2026-08-11 13:55:00,1870.82,1873.47,1870.82,1873.47,5419.007
2026-08-11 14:00:00,1873.46,1874.58,1873.46,1874.14,3119.915
2026-08-11 14:05:00,1874.13,1874.94,1873.26,1873.68,3833.322
2026-08-11 14:10:00,1873.69,1873.69,1872.73,1872.73,3218.333
2026-08-11 14:15:00,1872.73,1872.74,1870.6,1870.85,6573.015
2026-08-11 14:20:00,1870.85,1870.95,1869.69,1870.55,12245.329
2026-08-11 14:25:00,1870.54,1871.18,1869.78,1870.84,10790.401
2026-08-11 14:30:00,1870.85,1874.73,1870.85,1874.73,7048.89
2026-08-11 14:35:00,1874.72,1878.44,1874.72,1878.44,19080.431
2026-08-11 14:40:00,1878.43,1878.44,1875.99,1877.0,5452.668
2026-08-11 14:45:00,1877.0,1877.65,1876.78,1876.82,4061.897
2026-08-11 14:50:00,1876.83,1878.5,1875.67,1875.75,12892.444
2026-08-11 14:55:00,1875.75,1876.85,1875.23,1876.84,7744.445
2026-08-11 15:00:00,1876.85,1878.2,1876.59,1877.48,6313.099
2026-08-11 15:05:00,1877.49,1877.79,1875.85,1875.85,3403.069
2026-08-11 15:10:00,1875.86,1876.45,1874.87,1875.0,3596.305
2026-08-11 15:15:00,1875.0,1875.68,1874.52,1874.96,4051.164
2026-08-11 15:20:00,1874.95,1875.95,1874.95,1875.95,3788.157
2026-08-11 15:25:00,1875.94,1876.68,1875.73,1875.74,4865.257
2026-08-11 15:30:00,1875.74,1876.35,1875.44,1875.71,4450.019
2026-08-11 15:35:00,1875.71,1876.51,1875.71,1876.41,4030.481
2026-08-11 15:40:00,1876.41,1878.33,1876.0,1877.68,12110.975
2026-08-11 15:45:00,1877.68,1877.68,1876.6,1876.6,2077.899
2026-08-11 15:50:00,1876.6,1879.7,1876.42,1879.32,8174.441
2026-08-11 15:55:00,1879.33,1879.75,1878.32,1878.56,6442.261
2026-08-11 16:00:00,1878.56,1878.94,1877.47,1877.64,5185.047
2026-08-11 16:05:00,1877.64,1878.23,1876.78,1876.78,2751.394
2026-08-11 16:10:00,1876.78,1877.34,1876.58,1876.74,3146.633
2026-08-11 16:15:00,1876.73,1879.33,1876.61,1879.33,4653.388
2026-08-11 16:20:00,1879.32,1879.76,1878.09,1879.2,4824.85
2026-08-11 16:25:00,1879.2,1879.63,1878.77,1878.83,3485.353
2026-08-11 16:30:00,1878.83,1879.41,1878.18,1878.18,3839.607
2026-08-11 16:35:00,1878.18,1878.19,1877.71,1877.78,2347.028
2026-08-11 16:40:00,1877.78,1879.6,1877.78,1879.38,5567.283
2026-08-11 16:45:00,1879.38,1880.48,1879.1,1880.09,6890.1
2026-08-11 16:50:00,1880.09,1882.32,1879.81,1881.42,11398.64
2026-08-11 16:55:00,1881.42,1884.87,1881.2,1884.78,19982.164
2026-08-11 17:00:00,1884.79,1885.84,1883.31,1884.76,24780.827
2026-08-11 17:05:00,1884.76,1888.86,1884.75,1885.93,31116.096
2026-08-11 17:10:00,1885.93,1886.24,1884.3,1884.46,10470.057
2026-08-11 17:15:00,1884.47,1884.47,1882.82,1883.09,9027.11
2026-08-11 17:20:00,1883.1,1884.29,1882.15,1883.25,11413.189
2026-08-11 17:25:00,1883.24,1887.28,1883.24,1886.65,7893.887
2026-08-11 17:30:00,1886.66,1887.44,1884.97,1885.79,5878.366
2026-08-11 17:35:00,1885.8,1886.3,1885.07,1885.24,2977.251
2026-08-11 17:40:00,1885.24,1885.84,1885.02,1885.63,4385.291
2026-08-11 17:45:00,1885.64,1886.87,1885.21,1886.87,5427.829
2026-08-11 17:50:00,1886.86,1887.35,1885.48,1885.49,7893.447
2026-08-11 17:55:00,1885.49,1885.77,1885.02,1885.37,6011.512
2026-08-11 18:00:00,1885.37,1894.0,1885.37,1892.15,50323.117
2026-08-11 18:05:00,1892.16,1892.6,1891.04,1891.04,17234.114
2026-08-11 18:10:00,1891.05,1895.2,1891.05,1892.99,29406.962
2026-08-11 18:15:00,1892.99,1893.28,1890.25,1891.22,14481.265
2026-08-11 18:20:00,1891.23,1893.5,1890.48,1891.0,13900.6
2026-08-11 18:25:00,1891.0,1892.0,1890.91,1890.91,4320.508
2026-08-11 18:30:00,1890.91,1892.12,1890.7,1891.24,8636.76
2026-08-11 18:35:00,1891.23,1892.18,1890.79,1890.87,3539.369
2026-08-11 18:40:00,1890.88,1891.9,1890.87,1891.26,3736.471
2026-08-11 18:45:00,1891.26,1892.68,1891.25,1892.07,3617.236
2026-08-11 18:50:00,1892.08,1893.0,1892.02,1892.65,4173.626
2026-08-11 18:55:00,1892.65,1893.37,1892.0,1892.12,6945.149
2026-08-11 19:00:00,1892.12,1894.7,1892.12,1893.08,21516.002
2026-08-11 19:05:00,1893.07,1897.3,1892.57,1896.99,23740.728
2026-08-11 19:10:00,1896.99,1897.23,1893.33,1894.51,12555.758
2026-08-11 19:15:00,1894.5,1894.67,1892.49,1892.49,7421.145
2026-08-11 19:20:00,1892.49,1892.76,1889.39,1889.83,23900.705
2026-08-11 19:25:00,1889.83,1890.21,1887.9,1889.15,21981.014
2026-08-11 19:30:00,1889.15,1890.78,1888.12,1890.78,7614.606
2026-08-11 19:35:00,1890.78,1891.59,1889.19,1891.01,13248.013
2026-08-11 19:40:00,1891.01,1891.38,1887.4,1887.69,12121.252
2026-08-11 19:45:00,1887.7,1888.84,1886.71,1887.0,11595.855
2026-08-11 19:50:00,1887.01,1887.82,1886.47,1886.48,5923.688
2026-08-11 19:55:00,1886.47,1887.26,1886.47,1887.01,4734.59
2026-08-11 20:00:00,1887.0,1888.21,1886.24,1886.85,7877.904
2026-08-11 20:05:00,1886.85,1890.88,1886.43,1890.71,9163.377
2026-08-11 20:10:00,1890.71,1890.95,1888.65,1888.9,5890.032
2026-08-11 20:15:00,1888.9,1888.9,1885.67,1886.55,7672.322
2026-08-11 20:20:00,1886.55,1887.28,1885.95,1886.02,3769.207
2026-08-11 20:25:00,1886.02,1886.24,1883.73,1886.16,13206.765
2026-08-11 20:30:00,1886.15,1887.92,1883.99,1885.56,19259.304
2026-08-11 20:35:00,1885.56,1888.3,1882.5,1888.3,26459.465
2026-08-11 20:40:00,1888.3,1892.11,1888.12,1889.51,21809.747
2026-08-11 20:45:00,1889.5,1891.44,1887.0,1890.38,15934.87
2026-08-11 20:50:00,1890.38,1890.85,1886.88,1887.46,9706.753
2026-08-11 20:55:00,1887.46,1890.23,1887.05,1889.26,5451.027
2026-08-11 21:00:00,1889.25,1889.88,1886.66,1888.49,5886.545
2026-08-11 21:05:00,1888.48,1889.15,1885.44,1887.06,7471.241
2026-08-11 21:10:00,1887.07,1888.94,1886.94,1888.75,8301.227
2026-08-11 21:15:00,1888.74,1890.78,1886.69,1887.0,7984.333
2026-08-11 21:20:00,1886.99,1887.74,1876.18,1877.35,48008.14
2026-08-11 21:25:00,1877.34,1881.02,1875.07,1879.82,40880.097
2026-08-11 21:30:00,1879.82,1879.82,1877.08,1879.38,15373.148
2026-08-11 21:35:00,1879.38,1880.63,1874.12,1875.5,23124.466
2026-08-11 21:40:00,1875.49,1877.09,1873.3,1876.63,16172.495
2026-08-11 21:45:00,1876.63,1877.82,1875.45,1875.46,9274.437
2026-08-11 21:50:00,1875.45,1875.46,1870.39,1872.19,55105.122
2026-08-11 21:55:00,1872.2,1873.4,1869.09,1872.67,36835.326
2026-08-11 22:00:00,1872.68,1875.21,1871.74,1874.17,25689.111
2026-08-11 22:05:00,1874.17,1876.82,1873.87,1875.85,11149.697
2026-08-11 22:10:00,1875.86,1875.94,1871.74,1872.6,16541.408
2026-08-11 22:15:00,1872.6,1872.96,1868.39,1872.69,25178.721
2026-08-11 22:20:00,1872.69,1876.59,1871.13,1874.29,18241.698
2026-08-11 22:25:00,1874.28,1877.0,1874.28,1876.38,16028.45
2026-08-11 22:30:00,1876.38,1876.67,1870.22,1870.56,13548.933
2026-08-11 22:35:00,1870.56,1871.36,1856.0,1859.24,152106.718
2026-08-11 22:40:00,1859.23,1860.0,1852.22,1858.54,72802.716
2026-08-11 22:45:00,1858.54,1860.85,1856.1,1857.3,29705.932
2026-08-11 22:50:00,1857.3,1859.4,1855.36,1855.6,21588.475
2026-08-11 22:55:00,1855.6,1863.4,1855.6,1862.0,30318.762
2026-08-11 23:00:00,1862.01,1864.49,1860.06,1862.67,28279.975
2026-08-11 23:05:00,1862.67,1864.67,1858.77,1864.67,22566.442
2026-08-11 23:10:00,1864.67,1865.48,1862.11,1864.12,14963.937
2026-08-11 23:15:00,1864.13,1866.25,1862.0,1865.33,14080.082
2026-08-11 23:20:00,1865.33,1866.0,1864.65,1865.6,8114.494
2026-08-11 23:25:00,1865.6,1865.61,1862.76,1863.21,10250.14
2026-08-11 23:30:00,1863.21,1864.89,1862.0,1862.5,8114.732
2026-08-11 23:35:00,1862.49,1865.48,1861.54,1863.56,8593.28
2026-08-11 23:40:00,1863.56,1864.4,1862.52,1862.71,3572.354
2026-08-11 23:45:00,1862.72,1864.46,1861.98,1864.45,4715.216
2026-08-11 23:50:00,1864.46,1864.77,1863.42,1864.01,3935.092
2026-08-11 23:55:00,1864.01,1864.46,1863.66,1863.99,1786.76
2026-08-12 00:00:00,1863.98,1865.66,1862.61,1862.89,6088.222
2026-08-12 00:05:00,1862.89,1863.37,1862.09,1862.43,4355.591
2026-08-12 00:10:00,1862.43,1865.0,1862.09,1863.2,4520.166
2026-08-12 00:15:00,1863.2,1864.12,1862.24,1863.09,3007.657
2026-08-12 00:20:00,1863.09,1865.34,1862.0,1865.34,5106.671
2026-08-12 00:25:00,1865.34,1867.73,1863.51,1864.73,10408.999
2026-08-12 00:30:00,1864.73,1865.51,1863.0,1863.43,4199.123
2026-08-12 00:35:00,1863.43,1864.21,1862.12,1862.67,3585.143
2026-08-12 00:40:00,1862.67,1864.49,1862.46,1863.88,2601.25
2026-08-12 00:45:00,1863.87,1864.51,1862.25,1862.25,3803.742
2026-08-12 00:50:00,1862.25,1864.86,1862.25,1864.85,3859.123
2026-08-12 00:55:00,1864.86,1866.05,1863.75,1863.76,4781.301
2026-08-12 01:00:00,1863.76,1864.65,1863.41,1863.41,3853.466
2026-08-12 01:05:00,1863.42,1864.12,1862.4,1864.12,6018.885
2026-08-12 01:10:00,1864.12,1864.4,1863.28,1863.3,2883.275
2026-08-12 01:15:00,1863.29,1864.14,1862.85,1864.14,2837.529
2026-08-12 01:20:00,1864.14,1865.21,1863.75,1864.82,3263.462
2026-08-12 01:25:00,1864.82,1864.99,1861.06,1861.31,7794.049
2026-08-12 01:30:00,1861.32,1864.06,1859.02,1864.06,23157.387
2026-08-12 01:35:00,1864.06,1866.16,1862.4,1862.64,14490.008
2026-08-12 01:40:00,1862.64,1863.29,1860.15,1863.12,9072.949
2026-08-12 01:45:00,1863.12,1864.0,1862.59,1863.99,5059.433
2026-08-12 01:50:00,1864.0,1865.24,1863.11,1863.94,3650.378
2026-08-12 01:55:00,1863.94,1865.32,1863.38,1865.32,5530.461
2026-08-12 02:00:00,1865.31,1865.49,1863.45,1863.91,3803.071
2026-08-12 02:05:00,1863.92,1864.51,1862.23,1862.89,3302.793
2026-08-12 02:10:00,1862.89,1863.42,1861.92,1862.07,4652.248
2026-08-12 02:15:00,1862.06,1865.82,1862.06,1865.13,5507.803
2026-08-12 02:20:00,1865.13,1867.58,1865.12,1866.76,8777.866
2026-08-12 02:25:00,1866.77,1869.38,1866.56,1869.0,10077.526
2026-08-12 02:30:00,1869.0,1871.87,1867.87,1867.87,15768.876
2026-08-12 02:35:00,1867.87,1870.67,1867.67,1870.26,4379.275
2026-08-12 02:40:00,1870.26,1870.98,1868.82,1870.98,3791.931
2026-08-12 02:45:00,1870.98,1875.85,1870.05,1873.83,44180.452
2026-08-12 02:50:00,1873.84,1880.46,1873.0,1879.9,43147.714
2026-08-12 02:55:00,1879.9,1884.64,1878.88,1881.17,28724.419
2026-08-12 03:00:00,1881.18,1882.43,1880.4,1881.18,18125.479
2026-08-12 03:05:00,1881.18,1884.83,1881.18,1883.97,11689.05
2026-08-12 03:10:00,1883.96,1884.18,1881.72,1881.89,7283.407
2026-08-12 03:15:00,1881.9,1881.9,1878.7,1879.3,15181.687
2026-08-12 03:20:00,1879.3,1880.69,1879.06,1879.06,8218.149
2026-08-12 03:25:00,1879.06,1880.68,1878.48,1880.58,5863.015
2026-08-12 03:30:00,1880.58,1883.49,1879.3,1879.88,7830.925
2026-08-12 03:35:00,1879.89,1880.37,1879.3,1880.05,3386.788
2026-08-12 03:40:00,1880.04,1881.07,1878.74,1878.75,3934.927
2026-08-12 03:45:00,1878.74,1881.51,1878.74,1879.87,6237.83
2026-08-12 03:50:00,1879.87,1880.5,1878.93,1880.35,2673.688
2026-08-12 03:55:00,1880.36,1881.85,1880.35,1881.56,4774.035
2026-08-12 04:00:00,1881.56,1883.01,1880.83,1881.11,7801.037
2026-08-12 04:05:00,1881.11,1881.67,1881.0,1881.44,2422.002
2026-08-12 04:10:00,1881.44,1884.67,1881.1,1883.49,12387.68
2026-08-12 04:15:00,1883.49,1884.19,1880.94,1881.56,11074.097
2026-08-12 04:20:00,1881.57,1881.82,1879.92,1881.0,7088.628
2026-08-12 04:25:00,1881.0,1882.41,1880.49,1880.49,8161.649
2026-08-12 04:30:00,1880.49,1880.78,1879.88,1880.25,3074.576
2026-08-12 04:35:00,1880.26,1881.57,1879.63,1880.35,2544.984
2026-08-12 04:40:00,1880.35,1882.19,1880.02,1881.88,4809.862
2026-08-12 04:45:00,1881.87,1883.57,1881.28,1881.82,6817.146
2026-08-12 04:50:00,1881.81,1882.11,1880.96,1882.1,3043.222
2026-08-12 04:55:00,1882.11,1884.64,1881.64,1883.81,5775.53
2026-08-12 05:00:00,1883.8,1886.95,1883.04,1884.16,20536.627
2026-08-12 05:05:00,1884.15,1884.3,1882.14,1882.14,7680.919
2026-08-12 05:10:00,1882.14,1884.36,1882.14,1883.49,3969.089
2026-08-12 05:15:00,1883.49,1884.99,1882.46,1882.59,2734.804
2026-08-12 05:20:00,1882.6,1883.24,1882.25,1883.0,3495.351
2026-08-12 05:25:00,1883.0,1883.21,1882.27,1883.21,2473.563
2026-08-12 05:30:00,1883.2,1884.0,1881.8,1883.6,4904.49
2026-08-12 05:35:00,1883.61,1883.61,1881.91,1882.29,2620.847
2026-08-12 05:40:00,1882.3,1882.52,1879.75,1880.05,5729.674
2026-08-12 05:45:00,1880.04,1880.18,1879.0,1879.29,3736.314
2026-08-12 05:50:00,1879.3,1883.08,1879.3,1881.74,11755.792
2026-08-12 05:55:00,1881.74,1882.23,1881.46,1881.63,1916.179
2026-08-12 06:00:00,1881.64,1881.64,1879.19,1879.25,3584.867
2026-08-12 06:05:00,1879.25,1879.4,1878.35,1879.07,3522.377
2026-08-12 06:10:00,1879.07,1879.5,1878.74,1878.84,2969.565
2026-08-12 06:15:00,1878.83,1878.94,1878.06,1878.66,4154.585
2026-08-12 06:20:00,1878.67,1879.62,1878.62,1879.61,2650.397
2026-08-12 06:25:00,1879.61,1880.62,1879.51,1880.22,3330.888
2026-08-12 06:30:00,1880.22,1882.0,1879.7,1881.46,3162.572
2026-08-12 06:35:00,1881.47,1883.1,1881.47,1881.96,5785.911
2026-08-12 06:40:00,1881.95,1883.72,1881.95,1883.45,2298.034
2026-08-12 06:45:00,1883.44,1883.45,1882.49,1882.49,1996.828
2026-08-12 06:50:00,1882.5,1883.81,1882.08,1882.49,4393.031
2026-08-12 06:55:00,1882.49,1882.53,1881.79,1881.8,2203.109
2026-08-12 07:00:00,1881.79,1881.8,1880.08,1880.62,5587.434
2026-08-12 07:05:00,1880.61,1881.79,1880.29,1881.05,2980.243
2026-08-12 07:10:00,1881.05,1881.59,1880.28,1881.59,2591.756
2026-08-12 07:15:00,1881.58,1881.59,1880.0,1880.01,3391.464
2026-08-12 07:20:00,1880.01,1882.24,1880.01,1882.24,2569.381
2026-08-12 07:25:00,1882.23,1882.92,1881.31,1881.43,3916.96
2026-08-12 07:30:00,1881.43,1882.87,1881.31,1882.82,3035.171
2026-08-12 07:35:00,1882.81,1882.82,1880.71,1880.82,2769.068
2026-08-12 07:40:00,1880.82,1881.35,1880.43,1880.91,1950.147
2026-08-12 07:45:00,1880.9,1882.9,1880.9,1881.82,2497.867
2026-08-12 07:50:00,1881.82,1882.34,1881.62,1882.07,3036.114
2026-08-12 07:55:00,1882.07,1882.08,1881.04,1881.73,1568.529
2026-08-12 08:00:00,1881.72,1883.33,1881.72,1882.84,3183.257
2026-08-12 08:05:00,1882.84,1883.75,1882.1,1882.33,4315.685
2026-08-12 08:10:00,1882.34,1885.4,1882.34,1884.94,5589.517
2026-08-12 08:15:00,1884.94,1885.96,1881.6,1882.49,6365.903
2026-08-12 08:20:00,1882.49,1882.85,1881.44,1882.62,2439.274
2026-08-12 08:25:00,1882.62,1882.85,1882.01,1882.31,2401.625
2026-08-12 08:30:00,1882.3,1882.3,1880.34,1881.92,2570.264
2026-08-12 08:35:00,1881.92,1882.22,1881.14,1882.22,2281.465
2026-08-12 08:40:00,1882.21,1885.75,1882.21,1884.7,4636.871
2026-08-12 08:45:00,1884.71,1885.77,1883.61,1885.58,3425.111
2026-08-12 08:50:00,1885.58,1885.7,1883.53,1883.53,4307.885
2026-08-12 08:55:00,1883.53,1884.28,1882.65,1884.13,3948.487
2026-08-12 09:00:00,1884.13,1886.11,1884.13,1884.25,6245.599
2026-08-12 09:05:00,1884.25,1886.73,1884.25,1886.59,6061.245
2026-08-12 09:10:00,1886.6,1887.56,1884.65,1884.88,6352.816
2026-08-12 09:15:00,1884.89,1886.15,1884.88,1885.6,2792.388
2026-08-12 09:20:00,1885.6,1885.61,1883.34,1883.66,7766.207
2026-08-12 09:25:00,1883.66,1886.15,1883.19,1886.15,5329.218
2026-08-12 09:30:00,1886.15,1886.68,1884.21,1884.7,3985.042
2026-08-12 09:35:00,1884.71,1885.38,1883.04,1883.23,3936.956
2026-08-12 09:40:00,1883.23,1884.48,1883.23,1884.17,1748.951
2026-08-12 09:45:00,1884.17,1885.0,1884.15,1884.48,1847.881
2026-08-12 09:50:00,1884.47,1884.52,1883.73,1884.39,1394.061
2026-08-12 09:55:00,1884.39,1884.4,1882.89,1883.85,2886.336
2026-08-12 10:00:00,1883.85,1885.08,1883.85,1884.32,2017.307
2026-08-12 10:05:00,1884.32,1884.56,1883.09,1883.09,1483.864
2026-08-12 10:10:00,1883.09,1883.52,1882.12,1882.5,3927.869
2026-08-12 10:15:00,1882.5,1883.19,1882.03,1882.32,3480.904
2026-08-12 10:20:00,1882.33,1883.23,1882.13,1883.12,1984.952
2026-08-12 10:25:00,1883.12,1883.64,1882.32,1883.0,3294.174
2026-08-12 10:30:00,1882.99,1884.01,1882.32,1883.86,2620.51
2026-08-12 10:35:00,1883.86,1886.46,1883.86,1886.2,7509.24
2026-08-12 10:40:00,1886.2,1886.27,1885.21,1885.3,2793.409
2026-08-12 10:45:00,1885.3,1886.25,1885.17,1886.18,2983.973
2026-08-12 10:50:00,1886.17,1886.34,1885.05,1885.11,3827.682
2026-08-12 10:55:00,1885.11,1886.13,1885.07,1885.77,2004.4
2026-08-12 11:00:00,1885.76,1886.81,1885.76,1886.81,2790.324
2026-08-12 11:05:00,1886.8,1886.87,1885.24,1885.55,4608.863
2026-08-12 11:10:00,1885.55,1886.6,1884.55,1886.6,3997.985
2026-08-12 11:15:00,1886.6,1888.4,1886.21,1888.0,10129.422
2026-08-12 11:20:00,1888.01,1892.83,1887.63,1891.15,32571.363
2026-08-12 11:25:00,1891.14,1891.15,1888.68,1888.69,9681.186
2026-08-12 11:30:00,1888.68,1888.69,1886.28,1887.0,8094.64
2026-08-12 11:35:00,1887.01,1887.93,1887.0,1887.32,3091.626
2026-08-12 11:40:00,1887.32,1888.0,1887.0,1887.76,2288.94
2026-08-12 11:45:00,1887.75,1890.0,1887.38,1889.99,6025.958
2026-08-12 11:50:00,1890.0,1890.41,1888.39,1888.94,6477.288
2026-08-12 11:55:00,1888.94,1888.94,1888.16,1888.61,2607.117
2026-08-12 12:00:00,1888.6,1888.61,1886.68,1886.91,3690.131
2026-08-12 12:05:00,1886.91,1887.84,1885.53,1887.82,7488.354
2026-08-12 12:10:00,1887.82,1890.19,1887.61,1889.19,5871.501
2026-08-12 12:15:00,1889.18,1890.0,1889.18,1889.51,2652.087
2026-08-12 12:20:00,1889.51,1890.22,1889.0,1889.0,3037.089
2026-08-12 12:25:00,1889.01,1889.85,1889.0,1889.39,1388.358
2026-08-12 12:30:00,1889.39,1890.88,1889.28,1890.65,3864.508
2026-08-12 12:35:00,1890.65,1891.17,1890.17,1890.74,4694.453
2026-08-12 12:40:00,1890.74,1891.0,1889.81,1891.0,2062.455
2026-08-12 12:45:00,1890.99,1891.46,1890.53,1890.53,3981.491
2026-08-12 12:50:00,1890.53,1891.59,1890.0,1890.18,2718.495
2026-08-12 12:55:00,1890.18,1891.31,1890.18,1890.7,2538.941
2026-08-12 13:00:00,1890.69,1890.7,1888.44,1889.16,4655.304
2026-08-12 13:05:00,1889.17,1889.38,1887.61,1887.61,3915.419
2026-08-12 13:10:00,1887.61,1887.62,1886.7,1886.7,3335.891
2026-08-12 13:15:00,1886.71,1888.84,1886.11,1887.33,6944.561
2026-08-12 13:20:00,1887.34,1887.95,1885.2,1885.66,11492.725
2026-08-12 13:25:00,1885.66,1886.45,1884.7,1885.65,5620.226
2026-08-12 13:30:00,1885.65,1885.65,1884.44,1885.5,5601.038
2026-08-12 13:35:00,1885.5,1886.0,1884.61,1885.72,3867.519
2026-08-12 13:40:00,1885.71,1885.91,1884.74,1884.94,2926.236
2026-08-12 13:45:00,1884.95,1886.58,1884.9,1886.17,3480.686
2026-08-12 13:50:00,1886.16,1886.71,1885.1,1885.41,4496.792
2026-08-12 13:55:00,1885.4,1886.83,1884.91,1886.83,3557.056
2026-08-12 14:00:00,1886.83,1889.67,1886.57,1889.49,5108.03
2026-08-12 14:05:00,1889.5,1890.43,1888.39,1888.58,4831.663
2026-08-12 14:10:00,1888.58,1889.38,1888.5,1888.8,1735.028
2026-08-12 14:15:00,1888.8,1889.63,1888.59,1889.3,2918.949
2026-08-12 14:20:00,1889.3,1889.61,1889.11,1889.14,2034.828
2026-08-12 14:25:00,1889.14,1889.61,1888.37,1888.54,3519.009
2026-08-12 14:30:00,1888.55,1890.75,1888.31,1890.16,4450.106
2026-08-12 14:35:00,1890.16,1890.16,1887.62,1888.2,4885.211
2026-08-12 14:40:00,1888.21,1888.3,1887.1,1887.75,4420.287
2026-08-12 14:45:00,1887.75,1887.75,1884.61,1886.65,9828.567
2026-08-12 14:50:00,1886.65,1889.29,1886.65,1889.06,4160.688
2026-08-12 14:55:00,1889.06,1890.92,1889.06,1890.82,8055.512
2026-08-12 15:00:00,1890.82,1892.45,1889.65,1891.62,14100.56
2026-08-12 15:05:00,1891.62,1895.45,1891.61,1893.66,32809.484
2026-08-12 15:10:00,1893.66,1893.69,1891.5,1891.72,8599.635
2026-08-12 15:15:00,1891.72,1893.45,1891.71,1893.24,4856.738
2026-08-12 15:20:00,1893.24,1894.09,1891.98,1892.89,6113.596
2026-08-12 15:25:00,1892.89,1892.9,1891.6,1891.98,3493.184
2026-08-12 15:30:00,1891.97,1891.98,1890.34,1891.3,9036.642
2026-08-12 15:35:00,1891.3,1891.67,1890.8,1891.22,2798.009
2026-08-12 15:40:00,1891.22,1891.22,1890.28,1890.29,2583.394
2026-08-12 15:45:00,1890.28,1891.59,1890.25,1891.05,6344.666
2026-08-12 15:50:00,1891.04,1891.38,1890.47,1890.64,3682.61
2026-08-12 15:55:00,1890.64,1890.77,1889.78,1890.1,4044.897
2026-08-12 16:00:00,1890.09,1891.15,1889.07,1890.92,5200.854
2026-08-12 16:05:00,1890.92,1892.0,1890.87,1891.99,5476.211
2026-08-12 16:10:00,1891.99,1892.54,1891.84,1892.0,2875.67
2026-08-12 16:15:00,1892.0,1896.57,1892.0,1896.41,11765.693
2026-08-12 16:20:00,1896.41,1898.77,1893.1,1898.01,29205.441
2026-08-12 16:25:00,1898.01,1904.87,1898.0,1902.87,76790.648
2026-08-12 16:30:00,1902.86,1909.0,1902.86,1903.92,67206.07
2026-08-12 16:35:00,1903.93,1906.71,1903.92,1904.14,16641.97
2026-08-12 16:40:00,1904.14,1904.41,1901.97,1904.27,15369.092
2026-08-12 16:45:00,1904.28,1905.28,1903.05,1903.41,9073.016
2026-08-12 16:50:00,1903.42,1905.24,1902.05,1902.8,7906.907
2026-08-12 16:55:00,1902.79,1905.12,1902.78,1905.11,5878.56
2026-08-12 17:00:00,1905.1,1915.0,1905.06,1909.74,69331.649
2026-08-12 17:05:00,1909.75,1911.24,1908.39,1909.56,16150.524
2026-08-12 17:10:00,1909.55,1912.27,1909.25,1910.87,10505.666
2026-08-12 17:15:00,1910.88,1914.11,1910.63,1911.31,16720.858
2026-08-12 17:20:00,1911.31,1914.18,1911.31,1911.86,12315.206
2026-08-12 17:25:00,1911.86,1912.34,1910.04,1910.16,14321.93
2026-08-12 17:30:00,1910.15,1912.5,1909.63,1911.06,12911.132
2026-08-12 17:35:00,1911.06,1911.95,1909.3,1910.4,6903.767
2026-08-12 17:40:00,1910.41,1912.57,1910.4,1910.67,9348.185
2026-08-12 17:45:00,1910.66,1911.29,1906.89,1907.92,24600.565
2026-08-12 17:50:00,1907.91,1909.4,1907.78,1909.35,5946.737
2026-08-12 17:55:00,1909.35,1909.46,1907.92,1908.31,4078.51
2026-08-12 18:00:00,1908.31,1910.5,1906.81,1906.88,11940.087
2026-08-12 18:05:00,1906.87,1908.77,1906.41,1907.58,7341.153
2026-08-12 18:10:00,1907.57,1910.37,1907.46,1908.01,4739.939
2026-08-12 18:15:00,1908.0,1910.1,1908.0,1909.94,5501.657
2026-08-12 18:20:00,1909.95,1911.61,1909.93,1911.05,8520.687
2026-08-12 18:25:00,1911.04,1912.86,1911.04,1912.71,6309.645
2026-08-12 18:30:00,1912.7,1914.79,1911.7,1912.07,11631.253
2026-08-12 18:35:00,1912.07,1913.1,1910.9,1913.07,5007.996
2026-08-12 18:40:00,1913.09,1913.41,1912.4,1912.64,5438.988
2026-08-12 18:45:00,1912.63,1913.78,1912.43,1913.47,4483.83
2026-08-12 18:50:00,1913.46,1915.55,1913.28,1913.78,23506.414
2026-08-12 18:55:00,1913.78,1915.0,1913.77,1914.87,4499.882
2026-08-12 19:00:00,1914.87,1917.41,1914.65,1916.07,29083.086
2026-08-12 19:05:00,1916.07,1916.55,1914.38,1915.53,12127.903
2026-08-12 19:10:00,1915.52,1915.52,1913.58,1913.58,11343.064
2026-08-12 19:15:00,1913.59,1918.39,1913.58,1915.16,21459.553
2026-08-12 19:20:00,1915.15,1916.73,1913.31,1913.67,10966.674
2026-08-12 19:25:00,1913.67,1924.97,1913.08,1921.84,62635.982
2026-08-12 19:30:00,1921.84,1924.72,1906.58,1912.88,137662.068
2026-08-12 19:35:00,1912.88,1914.7,1907.58,1908.89,55652.091
2026-08-12 19:40:00,1908.89,1910.75,1906.41,1908.59,33698.071
2026-08-12 19:45:00,1908.59,1909.07,1904.6,1905.13,38666.819
2026-08-12 19:50:00,1905.12,1912.72,1904.93,1911.03,32611.521
2026-08-12 19:55:00,1911.02,1911.56,1909.24,1910.59,11982.161
2026-08-12 20:00:00,1910.58,1911.72,1907.0,1908.77,11056.058
2026-08-12 20:05:00,1908.77,1909.83,1906.72,1909.63,12242.33
2026-08-12 20:10:00,1909.63,1910.45,1904.63,1907.87,24516.268
2026-08-12 20:15:00,1907.87,1909.84,1907.57,1907.97,13502.608
2026-08-12 20:20:00,1907.97,1908.8,1907.07,1907.28,6927.67
2026-08-12 20:25:00,1907.27,1907.27,1904.9,1906.57,13686.956
2026-08-12 20:30:00,1906.57,1907.4,1902.06,1903.69,30331.781
2026-08-12 20:35:00,1903.7,1906.18,1901.22,1904.43,20990.202
2026-08-12 20:40:00,1904.42,1904.93,1900.45,1903.99,17840.112
2026-08-12 20:45:00,1903.98,1907.42,1903.35,1904.28,14012.654
2026-08-12 20:50:00,1904.28,1904.95,1900.37,1901.94,12492.581
2026-08-12 20:55:00,1901.93,1903.45,1898.75,1900.38,34276.252
2026-08-12 21:00:00,1900.38,1900.38,1891.1,1891.87,83000.803
2026-08-12 21:05:00,1891.87,1894.69,1887.77,1894.69,69457.819
2026-08-12 21:10:00,1894.69,1902.98,1894.08,1898.83,57121.236
2026-08-12 21:15:00,1898.83,1898.83,1895.58,1895.58,13836.56
2026-08-12 21:20:00,1895.59,1896.61,1892.22,1893.33,20581.473
2026-08-12 21:25:00,1893.32,1896.66,1890.77,1891.02,19821.114
2026-08-12 21:30:00,1891.01,1893.15,1886.36,1889.04,64700.301
2026-08-12 21:35:00,1889.04,1891.17,1886.26,1890.42,20568.394
2026-08-12 21:40:00,1890.42,1892.34,1888.08,1891.21,18596.186
2026-08-12 21:45:00,1891.21,1894.45,1890.38,1894.27,18987.417
2026-08-12 21:50:00,1894.28,1894.45,1887.59,1887.72,15276.753
2026-08-12 21:55:00,1887.72,1888.4,1883.66,1886.76,38878.523
2026-08-12 22:00:00,1886.76,1890.75,1883.33,1889.8,35589.734
2026-08-12 22:05:00,1889.79,1891.39,1888.81,1890.22,12640.57
2026-08-12 22:10:00,1890.21,1893.0,1889.58,1891.87,8753.489
2026-08-12 22:15:00,1891.87,1894.87,1891.47,1894.03,12514.838
2026-08-12 22:20:00,1894.03,1894.39,1890.69,1892.98,10021.518
2026-08-12 22:25:00,1892.98,1893.5,1890.28,1893.5,8916.849
2026-08-12 22:30:00,1893.49,1895.4,1890.28,1892.97,13580.024
2026-08-12 22:35:00,1892.96,1895.5,1892.73,1893.01,10525.056
2026-08-12 22:40:00,1893.01,1895.52,1891.71,1893.73,9855.014
2026-08-12 22:45:00,1893.72,1894.9,1891.77,1892.5,7643.515
2026-08-12 22:50:00,1892.49,1893.24,1892.03,1892.15,3475.456
2026-08-12 22:55:00,1892.15,1893.69,1891.51,1891.64,8976.486
2026-08-12 23:00:00,1891.64,1892.76,1889.03,1891.73,22891.33
2026-08-12 23:05:00,1891.72,1892.19,1888.6,1889.64,9261.499
2026-08-12 23:10:00,1889.64,1892.18,1888.16,1892.18,6717.291
2026-08-12 23:15:00,1892.18,1894.9,1891.41,1893.1,8677.014
2026-08-12 23:20:00,1893.1,1893.94,1892.37,1893.75,4050.219
2026-08-12 23:25:00,1893.75,1894.12,1893.3,1893.99,4143.74
2026-08-12 23:30:00,1894.0,1894.35,1892.44,1892.44,4511.707
2026-08-12 23:35:00,1892.44,1893.34,1892.0,1893.14,3099.968
2026-08-12 23:40:00,1893.14,1893.15,1891.38,1891.54,3473.635
2026-08-12 23:45:00,1891.54,1891.67,1889.88,1889.99,7004.801
2026-08-12 23:50:00,1889.99,1891.01,1889.34,1890.38,5110.543
2026-08-12 23:55:00,1890.38,1891.29,1889.38,1889.84,8264.236
2026-08-13 00:00:00,1889.85,1890.33,1889.35,1889.7,7548.383
2026-08-13 00:05:00,1889.69,1891.15,1889.49,1889.49,3684.776
2026-08-13 00:10:00,1889.48,1889.73,1888.48,1888.81,6445.726
2026-08-13 00:15:00,1888.81,1889.41,1887.33,1888.63,7029.93
2026-08-13 00:20:00,1888.63,1888.64,1885.35,1886.94,11872.967
2026-08-13 00:25:00,1886.93,1886.94,1884.1,1886.01,11834.152
2026-08-13 00:30:00,1886.02,1887.84,1884.33,1887.84,5576.408
2026-08-13 00:35:00,1887.84,1889.78,1887.54,1887.78,5200.213
2026-08-13 00:40:00,1887.78,1888.66,1887.31,1887.31,4079.154
2026-08-13 00:45:00,1887.31,1888.1,1886.35,1888.1,3486.62
2026-08-13 00:50:00,1888.1,1889.4,1886.8,1886.81,4657.634
2026-08-13 00:55:00,1886.81,1888.1,1886.71,1887.3,2350.655
2026-08-13 01:00:00,1887.3,1888.74,1886.07,1888.51,5211.556
2026-08-13 01:05:00,1888.51,1888.84,1887.46,1887.49,3330.729
2026-08-13 01:10:00,1887.48,1889.71,1886.77,1888.73,2989.057
2026-08-13 01:15:00,1888.73,1888.74,1885.97,1886.48,4774.077
2026-08-13 01:20:00,1886.47,1886.94,1885.13,1885.7,3354.688
2026-08-13 01:25:00,1885.7,1886.76,1885.41,1886.32,2509.058
2026-08-13 01:30:00,1886.33,1890.58,1886.11,1888.71,7397.027
2026-08-13 01:35:00,1888.71,1888.72,1887.19,1887.2,3019.517
2026-08-13 01:40:00,1887.2,1887.54,1886.0,1887.0,2504.141
2026-08-13 01:45:00,1886.99,1887.0,1885.72,1886.53,2950.107
2026-08-13 01:50:00,1886.53,1886.54,1884.64,1885.42,6135.622
2026-08-13 01:55:00,1885.43,1885.84,1884.61,1884.71,4872.131
2026-08-13 02:00:00,1884.7,1885.7,1884.2,1885.53,6346.448
2026-08-13 02:05:00,1885.52,1885.79,1884.79,1885.56,2046.892
2026-08-13 02:10:00,1885.56,1886.0,1882.55,1883.27,9397.622
2026-08-13 02:15:00,1883.26,1886.0,1882.91,1884.55,4736.19
2026-08-13 02:20:00,1884.56,1884.72,1881.51,1881.84,6149.912
2026-08-13 02:25:00,1881.83,1883.86,1881.07,1883.86,9688.298
2026-08-13 02:30:00,1883.85,1884.68,1883.0,1884.25,4470.406
2026-08-13 02:35:00,1884.25,1884.25,1881.54,1881.54,3837.145
2026-08-13 02:40:00,1881.54,1882.59,1876.73,1879.24,30394.422
2026-08-13 02:45:00,1879.25,1879.91,1876.8,1878.37,16794.169
2026-08-13 02:50:00,1878.38,1878.38,1876.92,1877.98,10665.431
2026-08-13 02:55:00,1877.98,1879.47,1877.38,1878.61,7819.882
2026-08-13 03:00:00,1878.6,1881.78,1878.11,1880.36,9921.469
2026-08-13 03:05:00,1880.36,1880.78,1876.54,1877.65,8527.227
2026-08-13 03:10:00,1877.64,1879.89,1877.64,1879.89,4162.863
2026-08-13 03:15:00,1879.89,1881.22,1878.53,1881.22,3053.051
2026-08-13 03:20:00,1881.22,1882.34,1880.47,1882.21,3532.115
2026-08-13 03:25:00,1882.21,1883.53,1882.2,1883.44,4745.764
2026-08-13 03:30:00,1883.43,1885.27,1883.42,1884.03,8571.093
2026-08-13 03:35:00,1884.03,1886.67,1884.02,1886.41,9503.916
2026-08-13 03:40:00,1886.41,1886.53,1885.44,1885.55,3921.354
2026-08-13 03:45:00,1885.55,1887.0,1885.45,1886.0,3224.915
2026-08-13 03:50:00,1886.01,1886.44,1884.76,1884.76,1867.798
2026-08-13 03:55:00,1884.76,1886.0,1884.76,1885.92,2006.781
2026-08-13 04:00:00,1885.92,1888.86,1885.92,1887.18,6498.077
2026-08-13 04:05:00,1887.18,1887.18,1885.0,1886.52,3689.668
2026-08-13 04:10:00,1886.53,1888.21,1885.06,1885.06,3929.074
2026-08-13 04:15:00,1885.06,1886.18,1884.66,1884.97,3384.284
2026-08-13 04:20:00,1884.97,1885.07,1881.39,1881.76,3949.335
2026-08-13 04:25:00,1881.75,1881.76,1872.0,1877.55,44876.84
2026-08-13 04:30:00,1877.55,1878.45,1874.37,1878.36,12380.273
2026-08-13 04:35:00,1878.37,1879.3,1876.82,1878.91,8111.587
2026-08-13 04:40:00,1878.91,1882.43,1878.9,1882.43,11876.419
2026-08-13 04:45:00,1882.44,1883.63,1881.52,1882.01,7938.994
2026-08-13 04:50:00,1882.0,1883.02,1881.82,1882.1,3258.163
2026-08-13 04:55:00,1882.11,1882.11,1876.19,1877.19,5490.985
2026-08-13 05:00:00,1877.19,1879.28,1874.73,1878.41,12186.737
2026-08-13 05:05:00,1878.42,1880.18,1877.87,1878.71,5790.945
2026-08-13 05:10:00,1878.71,1880.44,1877.85,1878.04,3860.235
2026-08-13 05:15:00,1878.05,1879.56,1878.05,1878.69,2603.21
2026-08-13 05:20:00,1878.69,1879.87,1877.83,1879.86,3179.044
2026-08-13 05:25:00,1879.87,1880.18,1878.56,1878.79,1903.599
2026-08-13 05:30:00,1878.79,1879.12,1876.32,1878.17,4088.715
2026-08-13 05:35:00,1878.16,1878.67,1876.78,1877.61,2486.057
2026-08-13 05:40:00,1877.62,1878.09,1875.67,1877.02,3378.703
2026-08-13 05:45:00,1877.03,1877.74,1876.43,1876.55,2099.023
2026-08-13 05:50:00,1876.55,1877.31,1876.27,1877.0,1661.998
2026-08-13 05:55:00,1877.0,1878.04,1876.0,1877.55,3196.109
2026-08-13 06:00:00,1877.54,1878.22,1876.74,1876.74,6548.721
2026-08-13 06:05:00,1876.74,1877.2,1874.36,1875.63,9758.396
2026-08-13 06:10:00,1875.63,1876.62,1874.62,1875.62,4256.103
2026-08-13 06:15:00,1875.62,1876.99,1875.62,1876.71,1799.983
2026-08-13 06:20:00,1876.72,1877.61,1873.83,1874.3,6020.543
2026-08-13 06:25:00,1874.3,1876.3,1874.3,1876.3,5245.073
2026-08-13 06:30:00,1876.29,1877.27,1876.21,1877.27,3649.405
2026-08-13 06:35:00,1877.27,1878.4,1877.18,1878.09,3389.435
2026-08-13 06:40:00,1878.09,1878.38,1877.19,1877.46,3560.725
2026-08-13 06:45:00,1877.47,1878.39,1877.0,1877.68,3086.946
2026-08-13 06:50:00,1877.68,1878.45,1877.68,1878.22,2814.497
2026-08-13 06:55:00,1878.22,1879.37,1878.03,1878.8,5271.825
2026-08-13 07:00:00,1878.79,1880.08,1878.0,1878.41,9002.902
2026-08-13 07:05:00,1878.41,1883.2,1878.41,1882.67,25320.459
2026-08-13 07:10:00,1882.67,1882.67,1881.6,1881.95,5809.146
2026-08-13 07:15:00,1881.95,1884.84,1881.95,1882.87,8860.074
2026-08-13 07:20:00,1882.87,1883.06,1881.75,1881.75,4084.909
2026-08-13 07:25:00,1881.75,1881.99,1880.64,1881.59,6298.523
2026-08-13 07:30:00,1881.58,1881.58,1877.61,1880.0,16142.123
2026-08-13 07:35:00,1879.99,1880.96,1879.84,1880.37,2272.791
2026-08-13 07:40:00,1880.36,1880.37,1876.49,1878.37,23368.382
2026-08-13 07:45:00,1878.37,1882.48,1877.37,1881.38,9901.177
2026-08-13 07:50:00,1881.37,1883.11,1881.04,1881.66,5502.593
2026-08-13 07:55:00,1881.66,1881.66,1879.48,1879.48,3044.777
2026-08-13 08:00:00,1879.48,1880.87,1878.0,1880.46,5887.663
2026-08-13 08:05:00,1880.47,1880.47,1879.37,1879.82,2298.539
2026-08-13 08:10:00,1879.82,1882.14,1879.82,1882.14,3915.487
2026-08-13 08:15:00,1882.15,1882.15,1879.0,1879.49,4174.879
2026-08-13 08:20:00,1879.49,1880.25,1876.69,1876.69,8751.469
2026-08-13 08:25:00,1876.69,1876.77,1874.42,1875.59,13775.898
2026-08-13 08:30:00,1875.6,1878.52,1875.38,1878.17,5463.259
2026-08-13 08:35:00,1878.17,1879.82,1878.16,1879.64,3562.447
2026-08-13 08:40:00,1879.63,1879.78,1875.33,1875.33,4422.474
2026-08-13 08:45:00,1875.34,1877.62,1874.29,1876.58,7660.448
2026-08-13 08:50:00,1876.58,1878.57,1876.09,1878.55,3290.377
2026-08-13 08:55:00,1878.54,1879.41,1877.41,1877.41,3803.386
2026-08-13 09:00:00,1877.41,1878.32,1876.86,1876.87,3454.164
2026-08-13 09:05:00,1876.88,1878.0,1876.02,1878.0,4005.13
2026-08-13 09:10:00,1877.99,1878.0,1876.36,1877.08,4921.843
2026-08-13 09:15:00,1877.08,1877.64,1876.24,1877.01,1930.865
2026-08-13 09:20:00,1877.01,1877.42,1875.52,1875.97,4477.671
2026-08-13 09:25:00,1875.96,1877.59,1875.6,1876.32,5035.687
2026-08-13 09:30:00,1876.31,1876.44,1872.29,1874.6,13351.648
2026-08-13 09:35:00,1874.61,1875.3,1873.0,1873.26,3108.704
2026-08-13 09:40:00,1873.27,1876.37,1872.5,1876.36,6718.816
2026-08-13 09:45:00,1876.37,1877.73,1875.17,1877.54,5811.927
2026-08-13 09:50:00,1877.54,1880.57,1877.33,1880.57,16754.008
2026-08-13 09:55:00,1880.57,1882.72,1880.57,1881.26,17177.625
2026-08-13 10:00:00,1881.26,1882.56,1881.0,1882.49,17453.255
2026-08-13 10:05:00,1882.5,1884.0,1881.45,1881.45,11655.292
2026-08-13 10:10:00,1881.46,1883.24,1881.35,1882.94,5101.278
2026-08-13 10:15:00,1882.93,1883.95,1881.99,1882.93,3849.88
2026-08-13 10:20:00,1882.92,1884.19,1882.24,1882.6,6751.851
2026-08-13 10:25:00,1882.59,1883.35,1882.16,1882.39,5405.636
2026-08-13 10:30:00,1882.4,1886.38,1882.39,1884.81,19427.169
2026-08-13 10:35:00,1884.82,1884.82,1883.63,1884.0,3521.098
2026-08-13 10:40:00,1883.99,1884.22,1883.03,1883.27,2074.59
2026-08-13 10:45:00,1883.27,1887.06,1883.27,1885.9,9146.491
2026-08-13 10:50:00,1885.9,1888.33,1885.37,1886.49,28118.204
2026-08-13 10:55:00,1886.49,1886.7,1886.18,1886.7,3090.104
2026-08-13 11:00:00,1886.7,1887.46,1886.04,1886.27,5131.461
2026-08-13 11:05:00,1886.27,1887.0,1886.05,1886.41,2715.025
2026-08-13 11:10:00,1886.42,1887.25,1885.29,1886.46,4388.306
2026-08-13 11:15:00,1886.45,1886.46,1885.38,1886.03,4588.04
2026-08-13 11:20:00,1886.02,1886.02,1884.69,1885.39,3107.176
2026-08-13 11:25:00,1885.4,1885.78,1884.88,1885.14,1262.267
2026-08-13 11:30:00,1885.14,1887.79,1885.14,1887.7,4594.063
2026-08-13 11:35:00,1887.7,1890.64,1887.69,1888.56,16724.824
2026-08-13 11:40:00,1888.56,1890.53,1888.3,1890.29,7556.261
2026-08-13 11:45:00,1890.29,1894.39,1890.29,1891.2,30293.529
2026-08-13 11:50:00,1891.2,1892.74,1891.02,1892.17,7236.508
2026-08-13 11:55:00,1892.17,1892.31,1891.36,1891.62,3536.075
2026-08-13 12:00:00,1891.62,1893.23,1891.02,1892.91,8548.407
2026-08-13 12:05:00,1892.9,1898.01,1891.72,1895.54,47205.405
2026-08-13 12:10:00,1895.54,1897.78,1895.0,1897.77,10027.664
2026-08-13 12:15:00,1897.77,1899.6,1895.88,1896.63,19604.238
2026-08-13 12:20:00,1896.63,1899.01,1895.79,1898.36,15610.623
2026-08-13 12:25:00,1898.36,1898.73,1897.26,1898.0,10176.312
2026-08-13 12:30:00,1898.0,1898.53,1895.7,1896.92,9430.716
2026-08-13 12:35:00,1896.92,1898.18,1896.21,1898.04,9647.178
2026-08-13 12:40:00,1898.04,1898.5,1896.65,1896.65,4964.428
2026-08-13 12:45:00,1896.65,1897.49,1896.0,1896.0,6734.469
2026-08-13 12:50:00,1896.0,1896.29,1895.59,1895.84,5347.749
2026-08-13 12:55:00,1895.85,1896.2,1895.07,1895.08,5523.786
2026-08-13 13:00:00,1895.07,1895.46,1892.52,1893.05,12222.859
2026-08-13 13:05:00,1893.04,1893.22,1891.76,1893.2,7731.556
2026-08-13 13:10:00,1893.19,1893.39,1892.7,1893.35,3646.274
2026-08-13 13:15:00,1893.35,1894.47,1893.07,1894.47,4808.159
2026-08-13 13:20:00,1894.47,1895.0,1893.6,1894.31,3130.021
2026-08-13 13:25:00,1894.32,1894.32,1893.03,1893.83,1396.677
2026-08-13 13:30:00,1893.83,1893.92,1891.03,1891.99,8639.754
2026-08-13 13:35:00,1891.98,1892.48,1891.4,1891.65,5686.061
2026-08-13 13:40:00,1891.64,1892.35,1891.59,1891.85,2734.771
2026-08-13 13:45:00,1891.85,1895.68,1891.85,1895.25,6043.145
2026-08-13 13:50:00,1895.25,1897.1,1895.12,1896.74,6235.542
2026-08-13 13:55:00,1896.74,1897.68,1896.58,1897.67,4800.871
2026-08-13 14:00:00,1897.68,1898.0,1895.16,1895.17,5456.701
2026-08-13 14:05:00,1895.17,1896.64,1895.17,1896.63,2995.141
2026-08-13 14:10:00,1896.64,1897.1,1895.97,1896.1,2720.447
2026-08-13 14:15:00,1896.1,1896.5,1895.85,1896.01,1372.386
2026-08-13 14:20:00,1896.0,1896.99,1895.5,1896.98,2251.587
2026-08-13 14:25:00,1896.99,1897.06,1896.02,1897.05,2599.107
2026-08-13 14:30:00,1897.05,1897.15,1896.34,1896.83,4002.619
2026-08-13 14:35:00,1896.82,1896.99,1896.5,1896.81,2186.302
2026-08-13 14:40:00,1896.8,1896.84,1895.7,1895.73,3349.572
2026-08-13 14:45:00,1895.73,1896.0,1894.92,1894.92,2844.491
2026-08-13 14:50:00,1894.93,1895.04,1894.57,1895.0,3324.86
2026-08-13 14:55:00,1894.99,1895.0,1894.37,1894.62,2025.029
2026-08-13 15:00:00,1894.62,1896.19,1894.62,1895.52,4067.529
2026-08-13 15:05:00,1895.52,1895.79,1893.7,1894.07,3769.095
2026-08-13 15:10:00,1894.08,1894.16,1891.57,1892.02,10326.109
2026-08-13 15:15:00,1892.02,1892.38,1891.32,1891.79,5846.189
2026-08-13 15:20:00,1891.8,1891.98,1891.44,1891.66,4152.354
2026-08-13 15:25:00,1891.65,1891.85,1891.26,1891.67,2360.064
2026-08-13 15:30:00,1891.67,1891.76,1890.86,1890.99,4492.369
2026-08-13 15:35:00,1890.99,1892.28,1890.62,1892.14,5055.155
2026-08-13 15:40:00,1892.15,1892.34,1891.15,1891.16,4945.552
2026-08-13 15:45:00,1891.16,1891.16,1888.64,1888.84,12277.26
2026-08-13 15:50:00,1888.84,1889.52,1887.38,1888.05,9935.84
2026-08-13 15:55:00,1888.05,1889.19,1887.73,1889.18,6458.042
2026-08-13 16:00:00,1889.19,1889.19,1886.63,1887.23,6759.256
2026-08-13 16:05:00,1887.23,1887.34,1884.12,1884.5,15632.894
2026-08-13 16:10:00,1884.5,1884.75,1881.1,1882.03,13827.319
2026-08-13 16:15:00,1882.03,1885.35,1880.4,1885.35,25548.667
2026-08-13 16:20:00,1885.34,1886.22,1884.76,1885.79,9726.498
2026-08-13 16:25:00,1885.79,1886.0,1884.65,1884.82,4988.244
2026-08-13 16:30:00,1884.82,1887.04,1884.82,1886.83,7529.034
2026-08-13 16:35:00,1886.83,1886.94,1885.76,1886.34,2811.24
2026-08-13 16:40:00,1886.34,1887.05,1885.87,1886.82,3495.303
2026-08-13 16:45:00,1886.81,1887.37,1886.63,1887.1,2839.649
2026-08-13 16:50:00,1887.1,1889.23,1887.1,1888.67,12072.03
2026-08-13 16:55:00,1888.67,1890.18,1888.31,1889.02,11006.736
2026-08-13 17:00:00,1889.01,1889.65,1881.56,1883.99,52266.173
2026-08-13 17:05:00,1884.0,1886.76,1882.68,1883.56,38418.204
2026-08-13 17:10:00,1883.55,1885.44,1883.36,1883.91,9534.437
2026-08-13 17:15:00,1883.92,1886.17,1883.73,1884.7,5248.686
2026-08-13 17:20:00,1884.71,1885.31,1883.85,1884.36,11013.815
2026-08-13 17:25:00,1884.36,1885.35,1884.0,1884.11,4715.436
2026-08-13 17:30:00,1884.11,1884.11,1881.01,1881.47,10911.15
2026-08-13 17:35:00,1881.46,1883.21,1881.46,1882.85,6573.716
2026-08-13 17:40:00,1882.86,1882.86,1881.13,1882.73,4447.28
2026-08-13 17:45:00,1882.74,1883.16,1882.63,1882.97,2676.219
2026-08-13 17:50:00,1882.96,1882.97,1882.0,1882.0,3291.917
2026-08-13 17:55:00,1882.01,1882.59,1881.95,1882.29,2933.674
2026-08-13 18:00:00,1882.29,1882.8,1881.92,1881.93,6700.584
2026-08-13 18:05:00,1881.92,1881.93,1881.02,1881.25,5055.147
2026-08-13 18:10:00,1881.25,1881.63,1880.04,1880.59,8301.049
2026-08-13 18:15:00,1880.59,1880.59,1879.03,1879.83,8892.336
2026-08-13 18:20:00,1879.83,1879.83,1876.26,1877.0,25832.419
2026-08-13 18:25:00,1877.0,1877.67,1875.62,1876.03,15676.007
2026-08-13 18:30:00,1876.04,1876.49,1874.46,1875.8,18092.599
2026-08-13 18:35:00,1875.79,1879.15,1874.43,1878.86,17270.296
2026-08-13 18:40:00,1878.87,1879.15,1877.03,1878.97,9850.063
2026-08-13 18:45:00,1878.97,1880.41,1878.7,1879.08,9434.963
2026-08-13 18:50:00,1879.08,1879.08,1877.78,1878.55,5847.496
2026-08-13 18:55:00,1878.55,1879.49,1878.03,1879.48,5026.591
2026-08-13 19:00:00,1879.49,1879.49,1878.13,1878.66,3737.082
2026-08-13 19:05:00,1878.66,1882.98,1878.65,1882.71,12762.316
2026-08-13 19:10:00,1882.71,1883.3,1881.78,1882.71,7673.084
2026-08-13 19:15:00,1882.7,1883.79,1881.72,1882.46,5390.902
2026-08-13 19:20:00,1882.46,1883.14,1882.11,1882.9,2944.011
2026-08-13 19:25:00,1882.9,1884.52,1882.66,1883.88,4942.506
2026-08-13 19:30:00,1883.88,1889.52,1881.43,1887.32,42560.224
2026-08-13 19:35:00,1887.32,1888.13,1885.09,1885.33,16886.182
2026-08-13 19:40:00,1885.32,1886.6,1884.2,1886.47,5437.102
2026-08-13 19:45:00,1886.47,1887.97,1885.71,1887.97,4400.344
2026-08-13 19:50:00,1887.97,1888.83,1886.7,1888.2,6234.535
2026-08-13 19:55:00,1888.21,1888.74,1887.03,1888.07,6558.315
2026-08-13 20:00:00,1888.08,1890.88,1888.08,1888.76,16368.519
2026-08-13 20:05:00,1888.76,1894.79,1888.58,1891.83,27810.318
2026-08-13 20:10:00,1891.82,1892.45,1890.85,1891.45,8287.167
2026-08-13 20:15:00,1891.45,1891.46,1889.19,1889.49,11305.777
2026-08-13 20:20:00,1889.49,1889.85,1887.36,1887.48,10876.255
2026-08-13 20:25:00,1887.48,1888.28,1886.15,1887.35,11655.646
2026-08-13 20:30:00,1887.34,1891.93,1886.0,1891.93,14896.876
2026-08-13 20:35:00,1891.92,1893.32,1890.88,1893.31,16615.41
2026-08-13 20:40:00,1893.31,1894.68,1891.9,1892.5,16129.534
2026-08-13 20:45:00,1892.49,1893.56,1889.42,1893.35,18208.886
2026-08-13 20:50:00,1893.34,1893.35,1889.55,1890.4,9014.801
2026-08-13 20:55:00,1890.4,1890.4,1888.7,1889.63,10047.381
2026-08-13 21:00:00,1889.64,1891.21,1888.15,1888.93,9954.696
2026-08-13 21:05:00,1888.92,1890.64,1887.67,1889.02,6581.763
2026-08-13 21:10:00,1889.02,1894.0,1889.0,1891.96,11138.562
2026-08-13 21:15:00,1891.96,1893.44,1891.35,1891.69,5852.713
2026-08-13 21:20:00,1891.69,1893.44,1890.26,1891.45,8277.616
2026-08-13 21:25:00,1891.45,1891.7,1889.21,1890.54,5916.255
2026-08-13 21:30:00,1890.54,1895.98,1889.11,1894.7,31080.86
2026-08-13 21:35:00,1894.69,1896.86,1894.29,1894.3,22510.843
2026-08-13 21:40:00,1894.29,1896.0,1894.19,1895.5,7370.923
2026-08-13 21:45:00,1895.49,1895.91,1893.22,1893.52,8620.535
2026-08-13 21:50:00,1893.52,1894.73,1892.97,1893.66,8393.73
2026-08-13 21:55:00,1893.67,1893.67,1892.23,1892.63,6917.232
2026-08-13 22:00:00,1892.63,1895.32,1892.63,1893.31,10916.226
2026-08-13 22:05:00,1893.3,1893.31,1890.09,1890.85,10747.613
2026-08-13 22:10:00,1890.85,1892.6,1890.84,1891.23,4818.868
2026-08-13 22:15:00,1891.24,1892.4,1888.83,1891.75,10484.613
2026-08-13 22:20:00,1891.75,1893.61,1890.12,1890.53,10683.635
2026-08-13 22:25:00,1890.53,1890.54,1881.6,1884.77,42239.727
2026-08-13 22:30:00,1884.78,1888.38,1883.61,1887.3,28015.769
2026-08-13 22:35:00,1887.31,1889.55,1887.11,1889.15,6910.284
2026-08-13 22:40:00,1889.15,1891.34,1888.67,1890.05,7111.924
2026-08-13 22:45:00,1890.06,1890.06,1886.44,1887.21,8722.858
2026-08-13 22:50:00,1887.21,1889.0,1885.76,1886.29,7065.748
2026-08-13 22:55:00,1886.29,1887.2,1877.98,1879.19,42698.106
2026-08-13 23:00:00,1879.19,1880.83,1877.0,1880.83,47668.333
2026-08-13 23:05:00,1880.83,1883.25,1877.42,1879.22,28053.984
2026-08-13 23:10:00,1879.22,1880.77,1878.51,1879.93,8385.498
2026-08-13 23:15:00,1879.92,1881.71,1879.6,1881.09,7490.445
2026-08-13 23:20:00,1881.1,1884.0,1879.55,1882.85,10594.472
2026-08-13 23:25:00,1882.85,1883.34,1877.48,1878.45,13267.231
2026-08-13 23:30:00,1878.45,1880.83,1878.0,1879.87,12445.922
2026-08-13 23:35:00,1879.87,1880.43,1865.0,1869.17,114402.335
2026-08-13 23:40:00,1869.16,1870.8,1862.11,1870.06,124076.562
2026-08-13 23:45:00,1870.07,1875.96,1868.1,1874.79,50814.396
2026-08-13 23:50:00,1874.79,1876.46,1871.56,1872.06,26240.175
2026-08-13 23:55:00,1872.06,1874.73,1871.95,1873.99,15261.769
2026-08-14 00:00:00,1873.99,1875.42,1872.82,1874.8,13732.01
2026-08-14 00:05:00,1874.81,1876.77,1874.08,1875.77,17957.341
2026-08-14 00:10:00,1875.76,1876.16,1874.74,1875.26,5777.007
2026-08-14 00:15:00,1875.25,1877.74,1873.68,1873.88,13864.163
2026-08-14 00:20:00,1873.89,1877.72,1873.88,1877.64,7269.445
2026-08-14 00:25:00,1877.64,1879.0,1876.24,1876.53,8277.397
2026-08-14 00:30:00,1876.53,1879.36,1876.52,1876.82,6298.336
2026-08-14 00:35:00,1876.81,1877.55,1874.78,1877.33,5353.611
2026-08-14 00:40:00,1877.32,1878.82,1877.07,1878.81,5100.821
2026-08-14 00:45:00,1878.82,1880.41,1877.23,1877.84,13385.797
2026-08-14 00:50:00,1877.84,1878.21,1876.44,1876.93,5372.357
2026-08-14 00:55:00,1876.93,1877.55,1876.01,1876.05,5912.008
2026-08-14 01:00:00,1876.04,1881.38,1875.78,1879.79,10620.388
2026-08-14 01:05:00,1879.8,1880.0,1878.3,1878.3,3961.925
2026-08-14 01:10:00,1878.31,1878.85,1877.92,1878.58,1996.163
2026-08-14 01:15:00,1878.58,1880.24,1878.3,1879.9,3256.81
2026-08-14 01:20:00,1879.91,1880.49,1877.46,1877.7,4614.976
2026-08-14 01:25:00,1877.71,1878.83,1876.01,1876.49,4355.567
2026-08-14 01:30:00,1876.49,1878.37,1875.8,1876.34,4722.457
2026-08-14 01:35:00,1876.35,1877.5,1875.69,1876.37,3094.628
2026-08-14 01:40:00,1876.37,1879.15,1876.37,1878.82,3034.071
2026-08-14 01:45:00,1878.83,1880.0,1878.51,1880.0,2290.737
2026-08-14 01:50:00,1880.0,1886.4,1879.99,1884.38,25668.825
2026-08-14 01:55:00,1884.39,1886.59,1883.44,1884.64,16269.537
2026-08-14 02:00:00,1884.65,1886.0,1884.32,1884.56,8262.982
2026-08-14 02:05:00,1884.56,1891.96,1884.31,1890.26,36948.725
2026-08-14 02:10:00,1890.27,1890.27,1887.39,1887.39,10686.671
2026-08-14 02:15:00,1887.39,1888.83,1886.71,1888.43,5660.231
2026-08-14 02:20:00,1888.44,1888.9,1885.86,1888.05,11594.529
2026-08-14 02:25:00,1888.04,1888.05,1885.84,1887.09,9310.102
2026-08-14 02:30:00,1887.09,1887.73,1885.66,1885.99,5726.281
2026-08-14 02:35:00,1885.99,1887.21,1885.15,1886.43,4811.595
2026-08-14 02:40:00,1886.42,1887.17,1884.14,1886.57,8489.513
2026-08-14 02:45:00,1886.58,1888.56,1886.58,1887.69,4400.664
2026-08-14 02:50:00,1887.69,1887.88,1885.82,1886.18,6481.304
2026-08-14 02:55:00,1886.19,1887.0,1885.6,1886.62,8664.926
2026-08-14 03:00:00,1886.62,1887.17,1885.68,1886.69,4636.079
2026-08-14 03:05:00,1886.69,1888.58,1886.0,1887.83,5579.7
2026-08-14 03:10:00,1887.84,1887.84,1885.15,1886.48,3626.456
2026-08-14 03:15:00,1886.49,1887.27,1886.19,1886.9,2089.772
2026-08-14 03:20:00,1886.9,1887.73,1886.14,1886.21,1730.193
2026-08-14 03:25:00,1886.21,1887.0,1886.15,1886.8,2421.495
2026-08-14 03:30:00,1886.8,1888.8,1886.58,1887.81,4260.759
2026-08-14 03:35:00,1887.81,1888.03,1886.83,1887.0,1850.966
2026-08-14 03:40:00,1886.99,1887.0,1885.87,1886.19,1919.761
2026-08-14 03:45:00,1886.2,1886.48,1884.46,1885.14,9187.46
2026-08-14 03:50:00,1885.14,1885.39,1884.43,1884.82,2739.312
2026-08-14 03:55:00,1884.82,1885.75,1884.69,1885.27,2343.734
2026-08-14 04:00:00,1885.27,1887.34,1885.04,1887.33,4538.272
2026-08-14 04:05:00,1887.33,1887.94,1886.74,1887.17,1828.358
2026-08-14 04:10:00,1887.17,1887.4,1885.5,1886.23,1975.576
2026-08-14 04:15:00,1886.23,1887.28,1885.65,1887.08,989.193
2026-08-14 04:20:00,1887.08,1887.33,1886.25,1887.27,1153.538
2026-08-14 04:25:00,1887.26,1887.56,1886.53,1887.55,1530.392
2026-08-14 04:30:00,1887.56,1888.14,1886.93,1887.56,1667.282
2026-08-14 04:35:00,1887.55,1888.53,1887.25,1888.53,1387.428
2026-08-14 04:40:00,1888.53,1888.69,1887.25,1887.38,3439.957
2026-08-14 04:45:00,1887.39,1888.05,1886.92,1887.15,2105.641
2026-08-14 04:50:00,1887.15,1887.72,1886.45,1887.03,3023.322
2026-08-14 04:55:00,1887.03,1887.87,1886.5,1887.87,2279.726
2026-08-14 05:00:00,1887.88,1890.39,1887.67,1890.38,11641.435
2026-08-14 05:05:00,1890.38,1892.4,1890.02,1890.51,7704.892
2026-08-14 05:10:00,1890.51,1891.99,1890.42,1890.81,3219.738
2026-08-14 05:15:00,1890.81,1891.99,1890.06,1890.45,5630.428
2026-08-14 05:20:00,1890.45,1891.16,1889.29,1890.35,8127.858
2026-08-14 05:25:00,1890.36,1890.41,1889.57,1890.06,2286.925
2026-08-14 05:30:00,1890.07,1890.26,1888.58,1889.12,3255.138
2026-08-14 05:35:00,1889.13,1890.14,1889.13,1889.45,1995.151
2026-08-14 05:40:00,1889.45,1890.12,1889.22,1890.01,2058.335
2026-08-14 05:45:00,1890.01,1890.18,1889.0,1889.44,2841.668
2026-08-14 05:50:00,1889.45,1889.76,1888.6,1889.02,4763.555
2026-08-14 05:55:00,1889.02,1889.03,1887.75,1888.44,5874.993
2026-08-14 06:00:00,1888.45,1888.54,1885.72,1885.74,6694.385
2026-08-14 06:05:00,1885.73,1886.27,1885.6,1886.1,4224.49
2026-08-14 06:10:00,1886.11,1886.55,1885.77,1885.96,2698.138
2026-08-14 06:15:00,1885.96,1886.13,1884.83,1885.9,5793.893
2026-08-14 06:20:00,1885.89,1886.5,1884.71,1884.98,3071.104
2026-08-14 06:25:00,1884.99,1885.34,1884.98,1885.33,1592.192
2026-08-14 06:30:00,1885.33,1886.61,1885.33,1886.2,3318.268
2026-08-14 06:35:00,1886.2,1886.21,1885.34,1885.34,1795.903
2026-08-14 06:40:00,1885.35,1885.94,1885.34,1885.84,3020.283
2026-08-14 06:45:00,1885.84,1885.84,1884.58,1884.58,1315.518
2026-08-14 06:50:00,1884.58,1884.84,1883.51,1883.93,6878.496
2026-08-14 06:55:00,1883.92,1885.58,1883.8,1885.39,3263.876
2026-08-14 07:00:00,1885.38,1886.71,1884.84,1885.76,5208.065
2026-08-14 07:05:00,1885.76,1886.5,1885.27,1886.21,1821.552
2026-08-14 07:10:00,1886.21,1886.21,1885.48,1885.48,1547.203
2026-08-14 07:15:00,1885.48,1886.58,1885.4,1885.69,2063.89
2026-08-14 07:20:00,1885.68,1888.14,1885.68,1887.84,4837.087
2026-08-14 07:25:00,1887.84,1887.84,1883.79,1885.29,6010.055
2026-08-14 07:30:00,1885.29,1885.3,1882.46,1884.04,8635.007
2026-08-14 07:35:00,1884.04,1885.8,1884.04,1885.59,3274.73
2026-08-14 07:40:00,1885.58,1889.0,1885.48,1888.26,6053.365
2026-08-14 07:45:00,1888.26,1888.27,1886.02,1886.5,4162.894
2026-08-14 07:50:00,1886.5,1888.32,1886.04,1887.95,3450.514
2026-08-14 07:55:00,1887.95,1888.73,1887.43,1888.73,3153.153
2026-08-14 08:00:00,1888.73,1888.73,1886.08,1887.94,8162.79
2026-08-14 08:05:00,1887.94,1888.74,1886.81,1886.84,4165.404
2026-08-14 08:10:00,1886.84,1886.84,1885.03,1885.29,6655.622
2026-08-14 08:15:00,1885.28,1885.77,1884.45,1884.71,2125.725
2026-08-14 08:20:00,1884.72,1888.53,1883.96,1887.66,4551.162
2026-08-14 08:25:00,1887.67,1887.81,1884.99,1885.61,4326.278
2026-08-14 08:30:00,1885.61,1886.29,1884.86,1885.91,1744.268
2026-08-14 08:35:00,1885.91,1887.42,1885.73,1887.42,1649.207
2026-08-14 08:40:00,1887.41,1888.79,1887.41,1888.54,2845.527
2026-08-14 08:45:00,1888.54,1888.88,1887.3,1888.72,2935.369
2026-08-14 08:50:00,1888.73,1889.36,1887.11,1887.11,3624.95
2026-08-14 08:55:00,1887.12,1888.89,1887.09,1888.59,2602.977
2026-08-14 09:00:00,1888.58,1888.9,1887.83,1888.12,2743.21
2026-08-14 09:05:00,1888.11,1890.45,1888.11,1890.19,3676.974
2026-08-14 09:10:00,1890.19,1890.69,1886.82,1887.71,7250.168
2026-08-14 09:15:00,1887.71,1888.33,1886.06,1886.09,2113.344
2026-08-14 09:20:00,1886.09,1887.16,1886.06,1886.06,1618.949
2026-08-14 09:25:00,1886.07,1886.07,1885.15,1885.84,3752.927
2026-08-14 09:30:00,1885.83,1887.99,1885.83,1887.39,2355.347
2026-08-14 09:35:00,1887.4,1887.92,1886.63,1886.88,1548.57
2026-08-14 09:40:00,1886.89,1887.56,1886.09,1887.56,2306.964
2026-08-14 09:45:00,1887.56,1888.43,1887.55,1888.09,3072.015
2026-08-14 09:50:00,1888.08,1888.46,1887.62,1887.71,1331.014
2026-08-14 09:55:00,1887.7,1887.71,1885.69,1885.75,3378.251
2026-08-14 10:00:00,1885.74,1885.95,1883.18,1883.34,10757.458
2026-08-14 10:05:00,1883.34,1883.85,1882.34,1883.44,10373.131
2026-08-14 10:10:00,1883.44,1884.94,1882.43,1884.87,5967.399
2026-08-14 10:15:00,1884.86,1888.14,1884.55,1888.14,5037.275
2026-08-14 10:20:00,1888.13,1888.34,1887.01,1887.45,6210.379
2026-08-14 10:25:00,1887.44,1887.58,1885.97,1885.97,2648.022
2026-08-14 10:30:00,1885.97,1885.98,1884.83,1885.08,1781.958
2026-08-14 10:35:00,1885.09,1885.09,1882.71,1883.37,6371.185
2026-08-14 10:40:00,1883.37,1884.21,1883.0,1884.0,3678.286
2026-08-14 10:45:00,1884.0,1884.01,1882.11,1882.48,3781.643
2026-08-14 10:50:00,1882.48,1882.49,1881.21,1882.37,6786.371
2026-08-14 10:55:00,1882.36,1882.62,1881.75,1882.25,2612.966
2026-08-14 11:00:00,1882.24,1883.97,1881.18,1883.32,7809.957
2026-08-14 11:05:00,1883.31,1884.26,1883.31,1883.5,2619.628
2026-08-14 11:10:00,1883.5,1884.38,1883.5,1884.25,2050.552
2026-08-14 11:15:00,1884.25,1887.0,1884.24,1885.42,6437.405
2026-08-14 11:20:00,1885.43,1885.93,1884.4,1884.4,2195.185
2026-08-14 11:25:00,1884.41,1885.67,1884.04,1885.15,2943.285
2026-08-14 11:30:00,1885.15,1885.72,1885.04,1885.13,1957.977
2026-08-14 11:35:00,1885.13,1885.33,1884.97,1885.06,1872.05
2026-08-14 11:40:00,1885.06,1885.62,1884.93,1884.93,1784.558
2026-08-14 11:45:00,1884.94,1885.2,1883.75,1883.75,3266.451
2026-08-14 11:50:00,1883.75,1884.0,1883.61,1883.82,1361.358
2026-08-14 11:55:00,1883.83,1883.91,1883.02,1883.91,2313.816
2026-08-14 12:00:00,1883.91,1884.75,1883.78,1883.98,2680.974
2026-08-14 12:05:00,1883.98,1884.19,1882.36,1882.36,4551.779
2026-08-14 12:10:00,1882.36,1882.73,1881.64,1882.0,5859.507
2026-08-14 12:15:00,1882.01,1882.01,1880.7,1881.02,6762.038
2026-08-14 12:20:00,1881.01,1882.07,1879.24,1880.1,11602.384
2026-08-14 12:25:00,1880.1,1882.21,1880.09,1881.78,3685.366
2026-08-14 12:30:00,1881.78,1882.68,1881.18,1881.78,4818.941
2026-08-14 12:35:00,1881.78,1883.09,1881.45,1882.62,2933.109
2026-08-14 12:40:00,1882.61,1883.49,1882.26,1882.76,2723.771
2026-08-14 12:45:00,1882.77,1883.5,1882.76,1882.78,2434.571
2026-08-14 12:50:00,1882.78,1883.61,1882.76,1883.6,2718.662
2026-08-14 12:55:00,1883.6,1883.8,1882.89,1883.08,2375.54
2026-08-14 13:00:00,1883.08,1883.09,1880.59,1880.94,4467.559
2026-08-14 13:05:00,1880.93,1881.37,1880.62,1880.66,2747.829
2026-08-14 13:10:00,1880.66,1880.66,1879.25,1879.35,5950.308
2026-08-14 13:15:00,1879.36,1879.7,1877.51,1878.67,12490.504
2026-08-14 13:20:00,1878.66,1879.02,1877.59,1878.31,8236.221
2026-08-14 13:25:00,1878.32,1878.32,1876.38,1876.5,8905.119
2026-08-14 13:30:00,1876.49,1878.36,1876.49,1877.43,9978.712
2026-08-14 13:35:00,1877.43,1877.93,1875.0,1876.48,12680.24
2026-08-14 13:40:00,1876.48,1877.17,1874.96,1876.55,7807.076
2026-08-14 13:45:00,1876.55,1877.5,1874.18,1874.98,13360.069
2026-08-14 13:50:00,1874.99,1876.41,1872.29,1872.86,26891.701
2026-08-14 13:55:00,1872.87,1873.89,1871.6,1871.76,19005.491
2026-08-14 14:00:00,1871.76,1874.84,1871.23,1874.68,20031.546
2026-08-14 14:05:00,1874.68,1875.69,1874.07,1874.67,9305.49
2026-08-14 14:10:00,1874.68,1875.08,1874.07,1874.43,6628.861
2026-08-14 14:15:00,1874.44,1876.26,1874.43,1876.26,7487.236
2026-08-14 14:20:00,1876.26,1877.15,1876.0,1876.91,7276.241
2026-08-14 14:25:00,1876.9,1877.46,1876.9,1876.91,3261.386
2026-08-14 14:30:00,1876.91,1877.0,1873.5,1874.48,8284.849
2026-08-14 14:35:00,1874.48,1875.04,1873.38,1873.38,5770.631
2026-08-14 14:40:00,1873.38,1874.62,1873.36,1874.25,4086.021
2026-08-14 14:45:00,1874.25,1875.05,1873.0,1874.91,4341.558
2026-08-14 14:50:00,1874.9,1875.19,1873.66,1873.73,3694.86
2026-08-14 14:55:00,1873.73,1874.46,1872.18,1872.34,7300.568
2026-08-14 15:00:00,1872.34,1874.14,1872.34,1873.22,9883.839
2026-08-14 15:05:00,1873.22,1874.2,1873.2,1874.14,5466.474
2026-08-14 15:10:00,1874.13,1874.5,1872.81,1872.82,4591.138
2026-08-14 15:15:00,1872.82,1874.7,1870.47,1871.21,16052.75
2026-08-14 15:20:00,1871.21,1874.01,1868.08,1869.08,35713.736
2026-08-14 15:25:00,1869.09,1870.9,1868.4,1870.9,16138.607
2026-08-14 15:30:00,1870.9,1871.8,1869.01,1871.8,14245.209
2026-08-14 15:35:00,1871.8,1875.3,1871.79,1873.83,17068.218
2026-08-14 15:40:00,1873.84,1874.14,1872.21,1872.74,6802.319
2026-08-14 15:45:00,1872.74,1874.93,1872.35,1874.45,10893.384
2026-08-14 15:50:00,1874.44,1875.32,1874.16,1874.9,6118.477
2026-08-14 15:55:00,1874.9,1877.76,1874.84,1877.76,9786.207
2026-08-14 16:00:00,1877.77,1877.97,1875.32,1876.13,10656.387
2026-08-14 16:05:00,1876.14,1876.14,1874.75,1874.75,5157.56
2026-08-14 16:10:00,1874.76,1875.59,1874.4,1875.59,3841.165
2026-08-14 16:15:00,1875.58,1875.59,1874.83,1874.83,2209.147
2026-08-14 16:20:00,1874.84,1876.14,1874.22,1876.13,3795.629
2026-08-14 16:25:00,1876.13,1876.81,1874.07,1874.07,5234.196
2026-08-14 16:30:00,1874.07,1874.16,1872.24,1873.6,5286.791
2026-08-14 16:35:00,1873.61,1873.61,1871.33,1871.33,5312.6
2026-08-14 16:40:00,1871.33,1871.97,1870.42,1871.84,7110.234
2026-08-14 16:45:00,1871.84,1873.87,1871.83,1873.72,4593.886
2026-08-14 16:50:00,1873.72,1874.54,1872.71,1873.75,3490.654
2026-08-14 16:55:00,1873.76,1873.84,1872.18,1872.3,5206.78
2026-08-14 17:00:00,1872.3,1875.2,1871.56,1874.86,4477.641
2026-08-14 17:05:00,1874.86,1875.25,1873.27,1873.91,3856.122
2026-08-14 17:10:00,1873.91,1874.77,1873.83,1874.6,3633.7
2026-08-14 17:15:00,1874.6,1877.0,1874.35,1876.11,7415.431
2026-08-14 17:20:00,1876.1,1876.11,1875.34,1875.35,4683.952
2026-08-14 17:25:00,1875.34,1876.15,1875.0,1876.15,3262.433
2026-08-14 17:30:00,1876.14,1877.3,1876.14,1876.9,4987.969
2026-08-14 17:35:00,1876.89,1877.27,1875.8,1876.45,5153.072
2026-08-14 17:40:00,1876.46,1876.46,1875.24,1875.42,2724.245
2026-08-14 17:45:00,1875.41,1875.8,1873.85,1874.94,6589.402
2026-08-14 17:50:00,1874.94,1876.56,1874.93,1875.83,2226.222
2026-08-14 17:55:00,1875.83,1875.83,1874.74,1875.2,3481.65
2026-08-14 18:00:00,1875.2,1877.5,1874.8,1876.61,4983.361
2026-08-14 18:05:00,1876.62,1876.62,1875.0,1875.71,3374.391
2026-08-14 18:10:00,1875.7,1876.54,1873.99,1875.45,11352.503
2026-08-14 18:15:00,1875.45,1877.72,1874.84,1877.65,4041.636
2026-08-14 18:20:00,1877.65,1877.79,1876.13,1876.25,2823.55
2026-08-14 18:25:00,1876.26,1877.48,1875.92,1876.76,2419.411
2026-08-14 18:30:00,1876.76,1877.38,1876.23,1877.18,2038.777
2026-08-14 18:35:00,1877.19,1880.86,1877.0,1878.1,13784.169
2026-08-14 18:40:00,1878.11,1878.62,1877.09,1878.62,4173.156
2026-08-14 18:45:00,1878.62,1878.95,1877.62,1878.55,2688.539
2026-08-14 18:50:00,1878.55,1879.85,1878.54,1879.45,2795.508
2026-08-14 18:55:00,1879.45,1879.77,1876.73,1877.33,9784.074
2026-08-14 19:00:00,1877.34,1877.93,1875.62,1876.25,6020.531
2026-08-14 19:05:00,1876.26,1877.54,1875.2,1875.2,4960.517
2026-08-14 19:10:00,1875.21,1875.71,1872.55,1874.67,11954.954
2026-08-14 19:15:00,1874.67,1876.64,1874.07,1874.21,4814.79
2026-08-14 19:20:00,1874.22,1876.97,1874.21,1876.97,2284.025
2026-08-14 19:25:00,1876.96,1877.61,1875.69,1877.54,2524.3
2026-08-14 19:30:00,1877.54,1878.75,1876.59,1876.71,6235.726
2026-08-14 19:35:00,1876.71,1876.71,1874.72,1875.88,2669.739
2026-08-14 19:40:00,1875.87,1875.87,1874.0,1874.0,3677.025
2026-08-14 19:45:00,1874.01,1875.47,1872.87,1875.47,5995.228
2026-08-14 19:50:00,1875.47,1875.81,1873.07,1874.72,4490.151
2026-08-14 19:55:00,1874.71,1875.0,1871.88,1872.53,10584.025
2026-08-14 20:00:00,1872.53,1873.0,1871.09,1872.38,12871.381
2026-08-14 20:05:00,1872.37,1872.9,1869.25,1870.48,15497.794
2026-08-14 20:10:00,1870.48,1870.55,1865.08,1869.23,35665.242
2026-08-14 20:15:00,1869.23,1870.1,1866.0,1867.13,11746.112
2026-08-14 20:20:00,1867.13,1869.49,1867.12,1869.25,10971.792
2026-08-14 20:25:00,1869.25,1871.76,1867.5,1870.63,12631.914
2026-08-14 20:30:00,1870.64,1871.8,1867.21,1869.87,13235.736
2026-08-14 20:35:00,1869.87,1870.28,1865.4,1867.31,19926.054
2026-08-14 20:40:00,1867.3,1869.72,1866.8,1869.02,10161.903
2026-08-14 20:45:00,1869.03,1869.9,1866.75,1867.48,13404.317
2026-08-14 20:50:00,1867.48,1868.16,1865.83,1866.68,9100.003
2026-08-14 20:55:00,1866.69,1869.15,1866.42,1869.07,7086.131
2026-08-14 21:00:00,1869.08,1871.15,1866.85,1868.62,14191.796
2026-08-14 21:05:00,1868.61,1869.89,1865.72,1866.06,10109.493
2026-08-14 21:10:00,1866.05,1869.71,1865.83,1866.22,7611.225
2026-08-14 21:15:00,1866.21,1867.76,1863.45,1863.72,21868.557
2026-08-14 21:20:00,1863.73,1866.66,1863.2,1864.52,14291.67
2026-08-14 21:25:00,1864.52,1868.88,1864.05,1867.72,6829.275
2026-08-14 21:30:00,1867.73,1870.29,1866.7,1869.81,14884.024
2026-08-14 21:35:00,1869.81,1872.73,1869.64,1872.03,10814.581
2026-08-14 21:40:00,1872.04,1872.5,1869.8,1869.87,8485.853
2026-08-14 21:45:00,1869.87,1871.44,1869.34,1869.6,5156.103
2026-08-14 21:50:00,1869.61,1869.61,1866.28,1866.54,8369.285
2026-08-14 21:55:00,1866.53,1866.86,1863.47,1866.0,16820.338
2026-08-14 22:00:00,1866.01,1867.82,1865.2,1865.85,6575.248
2026-08-14 22:05:00,1865.86,1868.1,1865.77,1866.91,4194.431
2026-08-14 22:10:00,1866.92,1868.41,1866.91,1867.72,3840.481
2026-08-14 22:15:00,1867.72,1868.84,1867.37,1868.71,3756.703
2026-08-14 22:20:00,1868.7,1874.57,1868.7,1874.02,26260.913
2026-08-14 22:25:00,1874.01,1879.5,1872.17,1879.24,32709.785
2026-08-14 22:30:00,1879.24,1879.86,1875.25,1876.66,19317.113
2026-08-14 22:35:00,1876.65,1884.0,1876.38,1882.93,37891.631
2026-08-14 22:40:00,1882.93,1883.49,1881.1,1883.43,21648.224
2026-08-14 22:45:00,1883.42,1883.67,1881.15,1881.46,17126.247
2026-08-14 22:50:00,1881.46,1882.11,1880.74,1881.99,8299.61
2026-08-14 22:55:00,1882.0,1883.22,1880.71,1880.72,7574.674
2026-08-14 23:00:00,1880.73,1882.52,1880.58,1880.58,7320.927
2026-08-14 23:05:00,1880.59,1880.69,1878.52,1879.84,15719.312
2026-08-14 23:10:00,1879.84,1882.11,1879.8,1880.18,6773.417
2026-08-14 23:15:00,1880.19,1881.54,1879.65,1880.87,12170.414
2026-08-14 23:20:00,1880.87,1883.1,1880.28,1882.17,12257.089
2026-08-14 23:25:00,1882.16,1884.49,1881.71,1883.4,8544.724
2026-08-14 23:30:00,1883.41,1884.86,1882.9,1884.72,9244.668
2026-08-14 23:35:00,1884.72,1887.7,1884.72,1885.93,21952.223
2026-08-14 23:40:00,1885.92,1887.39,1884.99,1885.6,11872.192
2026-08-14 23:45:00,1885.61,1885.61,1883.25,1884.99,10775.859
2026-08-14 23:50:00,1884.98,1885.26,1883.38,1884.24,7547.433
2026-08-14 23:55:00,1884.23,1885.0,1883.9,1884.74,3290.118
2026-08-15 00:00:00,1884.75,1885.48,1884.1,1884.2,5175.123
2026-08-15 00:05:00,1884.21,1884.83,1883.25,1883.34,6004.423
2026-08-15 00:10:00,1883.34,1884.5,1882.64,1884.49,4854.037
2026-08-15 00:15:00,1884.5,1885.35,1883.65,1884.85,6058.544
2026-08-15 00:20:00,1884.85,1887.0,1884.79,1886.32,4745.098
2026-08-15 00:25:00,1886.31,1886.36,1884.54,1884.78,3754.139
2026-08-15 00:30:00,1884.78,1886.11,1884.34,1885.68,3781.649
2026-08-15 00:35:00,1885.68,1885.8,1883.61,1884.12,3596.629
2026-08-15 00:40:00,1884.11,1884.5,1881.52,1882.49,8863.687
2026-08-15 00:45:00,1882.49,1883.24,1882.09,1882.93,8078.834
2026-08-15 00:50:00,1882.92,1882.93,1879.47,1879.76,10307.11
2026-08-15 00:55:00,1879.76,1879.77,1875.48,1877.9,26437.707
2026-08-15 01:00:00,1877.9,1878.0,1873.22,1876.53,18994.367
2026-08-15 01:05:00,1876.52,1878.16,1876.45,1876.99,7028.639
2026-08-15 01:10:00,1876.99,1877.99,1875.26,1875.81,3730.11
2026-08-15 01:15:00,1875.8,1877.52,1875.8,1877.32,2475.73
2026-08-15 01:20:00,1877.32,1877.77,1876.51,1877.21,2622.882
2026-08-15 01:25:00,1877.2,1878.21,1874.81,1875.25,7321.427
2026-08-15 01:30:00,1875.24,1875.98,1873.69,1874.31,6168.104
2026-08-15 01:35:00,1874.31,1876.94,1874.31,1876.43,3649.393
2026-08-15 01:40:00,1876.43,1877.56,1875.88,1876.74,3679.391
2026-08-15 01:45:00,1876.74,1877.05,1872.7,1874.01,6539.345
2026-08-15 01:50:00,1874.0,1875.76,1874.0,1875.43,3861.51
2026-08-15 01:55:00,1875.44,1876.27,1875.04,1875.05,2740.217
2026-08-15 02:00:00,1875.04,1875.04,1873.02,1873.34,4492.788
2026-08-15 02:05:00,1873.34,1874.21,1872.89,1874.16,3424.31
2026-08-15 02:10:00,1874.16,1874.17,1873.03,1873.06,3533.771
2026-08-15 02:15:00,1873.06,1874.84,1873.03,1874.08,3455.068
2026-08-15 02:20:00,1874.08,1876.15,1874.07,1874.81,3715.952
2026-08-15 02:25:00,1874.81,1877.53,1874.78,1877.01,4135.779
2026-08-15 02:30:00,1877.02,1877.1,1876.0,1876.66,2848.947
2026-08-15 02:35:00,1876.67,1877.76,1876.61,1877.59,2820.89
2026-08-15 02:40:00,1877.59,1879.23,1877.27,1878.88,4754.4
2026-08-15 02:45:00,1878.88,1879.86,1878.62,1879.04,3878.514
2026-08-15 02:50:00,1879.05,1880.8,1878.36,1880.73,6219.189
2026-08-15 02:55:00,1880.73,1881.0,1879.27,1879.91,5764.863
2026-08-15 03:00:00,1879.91,1880.69,1879.23,1880.69,2471.216
2026-08-15 03:05:00,1880.69,1880.9,1879.75,1880.24,2724.129
2026-08-15 03:10:00,1880.24,1880.25,1878.79,1879.14,2575.999
2026-08-15 03:15:00,1879.13,1879.44,1878.48,1878.9,1641.931
2026-08-15 03:20:00,1878.89,1880.23,1878.71,1879.66,4637.622
2026-08-15 03:25:00,1879.66,1879.78,1878.35,1879.24,1614.376
2026-08-15 03:30:00,1879.24,1879.49,1878.67,1878.7,1347.221
2026-08-15 03:35:00,1878.7,1879.07,1877.86,1878.46,1455.359
2026-08-15 03:40:00,1878.45,1878.9,1878.45,1878.79,537.717
2026-08-15 03:45:00,1878.8,1879.25,1878.37,1879.24,1045.454
2026-08-15 03:50:00,1879.25,1879.64,1879.01,1879.14,963.899
2026-08-15 03:55:00,1879.14,1879.61,1878.89,1879.49,1341.572
2026-08-15 04:00:00,1879.49,1880.45,1878.57,1880.34,1955.98
2026-08-15 04:05:00,1880.34,1880.58,1878.1,1878.11,3234.29
2026-08-15 04:10:00,1878.11,1878.85,1876.6,1877.97,3676.132
2026-08-15 04:15:00,1877.96,1878.41,1877.04,1877.04,1225.273
2026-08-15 04:20:00,1877.04,1878.65,1876.86,1878.58,1562.594
2026-08-15 04:25:00,1878.57,1879.55,1878.57,1879.07,2667.347
2026-08-15 04:30:00,1879.07,1879.17,1878.58,1878.58,1165.017
2026-08-15 04:35:00,1878.58,1878.92,1878.02,1878.73,1635.109
2026-08-15 04:40:00,1878.74,1879.22,1877.04,1877.19,4576.086
2026-08-15 04:45:00,1877.19,1878.29,1876.65,1877.87,4060.634
2026-08-15 04:50:00,1877.87,1878.32,1876.38,1876.38,2604.717
2026-08-15 04:55:00,1876.38,1878.89,1876.38,1878.53,1686.687
2026-08-15 05:00:00,1878.52,1880.4,1877.57,1879.57,7411.741
2026-08-15 05:05:00,1879.58,1880.31,1877.52,1878.71,2390.986
2026-08-15 05:10:00,1878.72,1878.72,1876.37,1876.67,4005.473
2026-08-15 05:15:00,1876.67,1876.9,1875.21,1876.86,3789.717
2026-08-15 05:20:00,1876.86,1877.3,1875.21,1876.49,2637.585
2026-08-15 05:25:00,1876.49,1876.49,1875.62,1875.62,1104.753
2026-08-15 05:30:00,1875.63,1878.26,1875.5,1878.25,3043.773
2026-08-15 05:35:00,1878.26,1878.87,1878.25,1878.86,1382.709
2026-08-15 05:40:00,1878.87,1878.96,1878.48,1878.96,943.973
2026-08-15 05:45:00,1878.96,1879.34,1878.27,1878.55,1756.166
2026-08-15 05:50:00,1878.55,1878.91,1878.18,1878.55,881.113
2026-08-15 05:55:00,1878.55,1879.0,1878.25,1878.8,1162.501
2026-08-15 06:00:00,1878.81,1879.48,1878.48,1879.35,2180.316
2026-08-15 06:05:00,1879.35,1879.35,1878.82,1878.83,816.94
2026-08-15 06:10:00,1878.83,1880.25,1878.82,1880.13,2236.553
2026-08-15 06:15:00,1880.13,1880.44,1878.93,1878.94,2127.489
2026-08-15 06:20:00,1878.94,1880.08,1878.57,1880.07,1315.054
2026-08-15 06:25:00,1880.07,1880.08,1879.29,1880.07,1212.353
2026-08-15 06:30:00,1880.08,1880.49,1878.78,1878.79,2359.968
2026-08-15 06:35:00,1878.79,1880.7,1877.44,1880.7,4493.662
2026-08-15 06:40:00,1880.7,1880.87,1879.55,1879.71,3264.131
2026-08-15 06:45:00,1879.72,1880.27,1879.58,1880.16,1097.189
2026-08-15 06:50:00,1880.15,1881.58,1879.48,1881.13,6410.153
2026-08-15 06:55:00,1881.14,1881.87,1881.09,1881.39,2388.403
2026-08-15 07:00:00,1881.38,1881.9,1880.8,1881.09,3573.456
2026-08-15 07:05:00,1881.08,1882.29,1880.8,1881.73,2438.78
2026-08-15 07:10:00,1881.73,1882.37,1880.68,1881.34,3846.908
2026-08-15 07:15:00,1881.33,1881.73,1881.33,1881.72,1109.328
2026-08-15 07:20:00,1881.72,1882.16,1881.13,1882.15,1383.287
2026-08-15 07:25:00,1882.15,1882.37,1881.18,1881.94,2317.961
2026-08-15 07:30:00,1881.94,1882.69,1881.93,1882.35,2214.327
2026-08-15 07:35:00,1882.35,1882.35,1881.35,1881.97,1416.84
2026-08-15 07:40:00,1881.98,1882.09,1881.82,1881.99,1556.66
2026-08-15 07:45:00,1881.98,1882.26,1881.44,1881.44,2032.155
2026-08-15 07:50:00,1881.44,1881.45,1881.06,1881.25,1456.428
2026-08-15 07:55:00,1881.25,1881.79,1881.25,1881.7,985.764
2026-08-15 08:00:00,1881.7,1881.95,1881.04,1881.18,1726.41
2026-08-15 08:05:00,1881.18,1881.19,1880.01,1881.19,5925.5
2026-08-15 08:10:00,1881.18,1882.0,1881.16,1881.99,2201.549
2026-08-15 08:15:00,1882.0,1882.0,1881.59,1881.76,874.005
2026-08-15 08:20:00,1881.77,1883.08,1881.59,1883.08,2574.207
2026-08-15 08:25:00,1883.08,1883.67,1882.54,1883.31,3342.69
2026-08-15 08:30:00,1883.31,1883.56,1882.7,1883.5,2707.185
2026-08-15 08:35:00,1883.5,1883.79,1883.16,1883.79,1219.562
2026-08-15 08:40:00,1883.78,1883.88,1883.09,1883.1,1535.671
2026-08-15 08:45:00,1883.1,1883.6,1883.09,1883.21,2101.666
2026-08-15 08:50:00,1883.22,1883.59,1883.09,1883.1,1076.834
2026-08-15 08:55:00,1883.1,1883.35,1883.0,1883.35,986.932
2026-08-15 09:00:00,1883.35,1884.12,1883.34,1884.12,3714.708
2026-08-15 09:05:00,1884.11,1884.19,1883.4,1883.52,2244.768
2026-08-15 09:10:00,1883.53,1884.31,1883.52,1884.31,1444.519
2026-08-15 09:15:00,1884.31,1884.93,1884.31,1884.58,2897.334
2026-08-15 09:20:00,1884.57,1885.16,1884.57,1884.85,3381.695
2026-08-15 09:25:00,1884.86,1884.86,1884.23,1884.23,1814.945
2026-08-15 09:30:00,1884.24,1884.79,1884.23,1884.79,2263.79
2026-08-15 09:35:00,1884.78,1884.79,1883.34,1884.31,4480.77
2026-08-15 09:40:00,1884.31,1884.56,1883.49,1883.85,2963.866
2026-08-15 09:45:00,1883.85,1883.85,1883.36,1883.68,1797.347
2026-08-15 09:50:00,1883.69,1883.69,1883.38,1883.69,1299.199
2026-08-15 09:55:00,1883.69,1884.23,1883.51,1884.23,2423.432
2026-08-15 10:00:00,1884.23,1884.87,1884.22,1884.67,2126.93
2026-08-15 10:05:00,1884.66,1885.45,1884.66,1884.91,4414.382
2026-08-15 10:10:00,1884.9,1885.57,1884.34,1885.29,2459.184
2026-08-15 10:15:00,1885.29,1886.0,1884.55,1884.55,6208.027
2026-08-15 10:20:00,1884.56,1884.72,1884.23,1884.7,3100.665
2026-08-15 10:25:00,1884.7,1884.9,1883.78,1883.94,5996.503
2026-08-15 10:30:00,1883.94,1884.06,1883.0,1883.08,3471.995
2026-08-15 10:35:00,1883.09,1883.27,1882.28,1882.41,3371.562
2026-08-15 10:40:00,1882.41,1882.67,1882.17,1882.27,2320.022
2026-08-15 10:45:00,1882.27,1882.5,1882.26,1882.49,1080.575
2026-08-15 10:50:00,1882.49,1882.69,1882.39,1882.68,1298.344
2026-08-15 10:55:00,1882.67,1882.68,1881.69,1881.95,1636.809
2026-08-15 11:00:00,1881.95,1882.43,1881.94,1882.42,830.382
2026-08-15 11:05:00,1882.42,1882.78,1882.2,1882.52,2141.337
2026-08-15 11:10:00,1882.52,1883.0,1882.18,1883.0,1217.506
2026-08-15 11:15:00,1882.99,1883.1,1882.61,1883.09,1890.682
2026-08-15 11:20:00,1883.1,1883.31,1883.09,1883.31,587.149
2026-08-15 11:25:00,1883.3,1883.65,1883.3,1883.65,1379.152
2026-08-15 11:30:00,1883.64,1884.24,1883.36,1883.6,3879.186
2026-08-15 11:35:00,1883.59,1884.19,1883.59,1884.19,1509.058
2026-08-15 11:40:00,1884.18,1884.78,1884.18,1884.78,1330.704
2026-08-15 11:45:00,1884.78,1884.78,1884.1,1884.22,2941.404
2026-08-15 11:50:00,1884.21,1884.22,1883.63,1883.63,1221.139
2026-08-15 11:55:00,1883.63,1883.64,1883.62,1883.62,777.708
2026-08-15 12:00:00,1883.63,1883.72,1883.41,1883.41,1625.441
2026-08-15 12:05:00,1883.41,1884.46,1883.05,1883.97,3326.469
2026-08-15 12:10:00,1883.97,1884.12,1883.72,1883.84,1727.525
2026-08-15 12:15:00,1883.84,1884.27,1883.58,1883.71,1701.62
2026-08-15 12:20:00,1883.71,1883.8,1882.49,1882.64,1782.043
2026-08-15 12:25:00,1882.64,1882.81,1882.5,1882.51,1287.471
2026-08-15 12:30:00,1882.5,1882.8,1882.5,1882.61,1713.0
2026-08-15 12:35:00,1882.61,1882.61,1880.34,1880.34,4561.306
2026-08-15 12:40:00,1880.34,1880.61,1879.4,1880.54,5655.572
2026-08-15 12:45:00,1880.53,1880.78,1879.41,1879.56,2027.727
2026-08-15 12:50:00,1879.56,1879.79,1878.76,1879.72,5701.135
2026-08-15 12:55:00,1879.71,1879.84,1879.14,1879.84,3190.007
2026-08-15 13:00:00,1879.84,1880.54,1879.84,1880.17,2121.811
2026-08-15 13:05:00,1880.17,1880.61,1880.17,1880.45,876.065
2026-08-15 13:10:00,1880.45,1881.19,1879.41,1879.42,2858.777
2026-08-15 13:15:00,1879.42,1880.0,1879.42,1880.0,1140.315
2026-08-15 13:20:00,1880.0,1880.57,1879.99,1880.17,1929.722
2026-08-15 13:25:00,1880.17,1880.52,1879.15,1879.71,3144.646
2026-08-15 13:30:00,1879.71,1880.29,1879.71,1880.1,1826.513
2026-08-15 13:35:00,1880.09,1880.14,1879.25,1879.26,3367.93
2026-08-15 13:40:00,1879.25,1881.09,1879.03,1880.92,9663.644
2026-08-15 13:45:00,1880.92,1881.63,1880.91,1881.63,2081.16
2026-08-15 13:50:00,1881.62,1882.8,1881.62,1882.29,3862.018
2026-08-15 13:55:00,1882.29,1882.68,1881.01,1881.38,6007.673
2026-08-15 14:00:00,1881.37,1881.38,1880.65,1880.66,1220.146
2026-08-15 14:05:00,1880.65,1881.35,1879.79,1880.52,3766.444
2026-08-15 14:10:00,1880.53,1881.73,1880.39,1881.73,4026.465
2026-08-15 14:15:00,1881.73,1881.81,1880.62,1880.73,1859.576
2026-08-15 14:20:00,1880.74,1880.79,1880.21,1880.53,1275.817
2026-08-15 14:25:00,1880.54,1881.05,1880.36,1880.37,737.133
2026-08-15 14:30:00,1880.37,1880.39,1880.32,1880.38,1013.101
2026-08-15 14:35:00,1880.38,1880.73,1880.0,1880.58,1091.675
2026-08-15 14:40:00,1880.58,1880.58,1880.33,1880.34,624.911
2026-08-15 14:45:00,1880.34,1880.34,1879.76,1879.76,1030.886
2026-08-15 14:50:00,1879.76,1879.95,1879.6,1879.6,865.46
2026-08-15 14:55:00,1879.61,1880.1,1879.23,1879.6,2188.236
2026-08-15 15:00:00,1879.59,1879.65,1878.38,1879.41,3918.444
2026-08-15 15:05:00,1879.41,1879.87,1879.22,1879.87,1730.838
2026-08-15 15:10:00,1879.86,1880.1,1879.53,1880.1,2030.385
2026-08-15 15:15:00,1880.09,1880.5,1879.91,1880.5,981.622
2026-08-15 15:20:00,1880.5,1880.68,1880.0,1880.67,2336.736
2026-08-15 15:25:00,1880.68,1880.68,1880.14,1880.21,1139.454
2026-08-15 15:30:00,1880.21,1880.21,1878.88,1878.89,2816.911
2026-08-15 15:35:00,1878.89,1879.16,1878.56,1878.81,6533.223
2026-08-15 15:40:00,1878.81,1878.81,1877.54,1877.94,5791.113
2026-08-15 15:45:00,1877.94,1878.33,1877.4,1877.4,3119.801
2026-08-15 15:50:00,1877.4,1877.41,1875.5,1875.85,9571.9
2026-08-15 15:55:00,1875.86,1876.7,1875.85,1876.16,5328.229
2026-08-15 16:00:00,1876.16,1876.53,1874.61,1875.6,6789.87
2026-08-15 16:05:00,1875.6,1876.56,1875.3,1876.1,5191.874
2026-08-15 16:10:00,1876.11,1877.0,1876.1,1876.9,2091.322
2026-08-15 16:15:00,1876.9,1876.91,1876.64,1876.9,2061.212
2026-08-15 16:20:00,1876.89,1877.0,1876.76,1876.9,2543.551
2026-08-15 16:25:00,1876.91,1877.52,1876.9,1877.51,2726.988
2026-08-15 16:30:00,1877.52,1878.0,1877.51,1877.86,3789.18
2026-08-15 16:35:00,1877.87,1878.87,1877.86,1878.86,3419.601
2026-08-15 16:40:00,1878.86,1878.9,1878.41,1878.72,2615.041
2026-08-15 16:45:00,1878.72,1879.38,1878.71,1879.37,1923.757
2026-08-15 16:50:00,1879.37,1880.55,1879.37,1880.3,3040.13
2026-08-15 16:55:00,1880.31,1880.31,1879.54,1879.55,1537.079
2026-08-15 17:00:00,1879.55,1879.92,1877.67,1877.98,3774.268
2026-08-15 17:05:00,1877.98,1878.33,1877.98,1878.33,1193.133
2026-08-15 17:10:00,1878.33,1878.63,1878.21,1878.46,1495.714
2026-08-15 17:15:00,1878.46,1878.61,1878.39,1878.58,976.842
2026-08-15 17:20:00,1878.58,1878.6,1878.58,1878.59,1018.001
2026-08-15 17:25:00,1878.59,1878.6,1878.59,1878.6,700.379
2026-08-15 17:30:00,1878.6,1880.52,1878.07,1879.47,5381.859
2026-08-15 17:35:00,1879.46,1879.62,1878.8,1879.6,2158.435
2026-08-15 17:40:00,1879.59,1879.7,1879.06,1879.36,775.808
2026-08-15 17:45:00,1879.36,1879.88,1879.36,1879.88,1617.884
2026-08-15 17:50:00,1879.88,1880.19,1879.87,1879.96,1238.101
2026-08-15 17:55:00,1879.95,1880.61,1879.77,1880.24,1542.216
2026-08-15 18:00:00,1880.24,1880.24,1879.8,1879.84,1353.332
2026-08-15 18:05:00,1879.85,1880.49,1879.83,1880.19,1598.797
2026-08-15 18:10:00,1880.2,1880.2,1879.96,1879.97,459.468
2026-08-15 18:15:00,1879.97,1880.0,1879.29,1879.3,1183.542
2026-08-15 18:20:00,1879.31,1879.31,1878.99,1879.19,1328.9
2026-08-15 18:25:00,1879.18,1879.21,1879.04,1879.06,649.446
2026-08-15 18:30:00,1879.06,1879.06,1879.01,1879.01,552.785
2026-08-15 18:35:00,1879.01,1879.79,1878.56,1879.55,3066.741
2026-08-15 18:40:00,1879.56,1879.56,1879.13,1879.54,1310.138
2026-08-15 18:45:00,1879.54,1879.69,1878.68,1878.68,1636.638
2026-08-15 18:50:00,1878.68,1878.74,1878.3,1878.74,1243.59
2026-08-15 18:55:00,1878.73,1878.9,1878.52,1878.56,764.862
2026-08-15 19:00:00,1878.56,1878.56,1878.04,1878.04,1596.044
2026-08-15 19:05:00,1878.04,1878.66,1877.82,1878.31,1510.199
2026-08-15 19:10:00,1878.31,1878.31,1877.84,1877.84,1346.603
2026-08-15 19:15:00,1877.84,1878.49,1877.84,1878.33,1405.565
2026-08-15 19:20:00,1878.33,1878.34,1877.72,1878.0,1468.567
2026-08-15 19:25:00,1877.99,1878.29,1877.85,1877.86,1003.888
2026-08-15 19:30:00,1877.85,1878.47,1877.85,1878.38,1183.94
2026-08-15 19:35:00,1878.38,1878.38,1877.9,1877.9,919.415
2026-08-15 19:40:00,1877.9,1878.04,1877.45,1878.03,2415.675
2026-08-15 19:45:00,1878.03,1878.03,1877.23,1877.73,1709.135
2026-08-15 19:50:00,1877.74,1878.36,1877.59,1878.35,1702.836
2026-08-15 19:55:00,1878.35,1883.2,1878.35,1883.0,12101.503
2026-08-15 20:00:00,1883.01,1883.44,1881.45,1883.42,5783.473
2026-08-15 20:05:00,1883.42,1884.3,1881.84,1882.0,8052.415
2026-08-15 20:10:00,1882.0,1883.25,1882.0,1883.25,2796.282
2026-08-15 20:15:00,1883.25,1883.46,1881.76,1882.13,6941.232
2026-08-15 20:20:00,1882.13,1882.65,1882.12,1882.29,2100.785
2026-08-15 20:25:00,1882.29,1882.3,1882.19,1882.2,1215.911
2026-08-15 20:30:00,1882.19,1882.82,1881.99,1882.61,1782.038
2026-08-15 20:35:00,1882.61,1883.0,1882.61,1882.81,1557.927
2026-08-15 20:40:00,1882.81,1882.82,1881.86,1882.56,2458.909
2026-08-15 20:45:00,1882.55,1884.36,1882.55,1882.89,7939.044
2026-08-15 20:50:00,1882.89,1883.1,1882.17,1882.78,3400.933
2026-08-15 20:55:00,1882.79,1882.99,1882.77,1882.79,1082.21
2026-08-15 21:00:00,1882.78,1882.97,1881.4,1882.04,4695.926
2026-08-15 21:05:00,1882.03,1882.38,1882.03,1882.37,1143.351
2026-08-15 21:10:00,1882.37,1882.38,1882.16,1882.38,1635.725
2026-08-15 21:15:00,1882.38,1882.56,1881.56,1881.91,2640.19
2026-08-15 21:20:00,1881.9,1881.91,1880.58,1881.21,3705.351
2026-08-15 21:25:00,1881.21,1881.46,1881.2,1881.37,1413.531
2026-08-15 21:30:00,1881.38,1882.05,1881.3,1882.05,1206.015
2026-08-15 21:35:00,1882.04,1882.23,1881.44,1881.7,1227.606
2026-08-15 21:40:00,1881.71,1882.16,1881.43,1881.94,1420.769
2026-08-15 21:45:00,1881.94,1882.16,1881.62,1882.16,1047.808
2026-08-15 21:50:00,1882.16,1883.76,1882.15,1883.76,3026.944
2026-08-15 21:55:00,1883.76,1883.8,1882.67,1882.68,3684.823
2026-08-15 22:00:00,1882.67,1883.36,1882.34,1882.94,1870.676
2026-08-15 22:05:00,1882.93,1883.03,1882.5,1882.51,1103.129
2026-08-15 22:10:00,1882.5,1883.33,1882.5,1882.71,1578.803
2026-08-15 22:15:00,1882.7,1884.42,1882.45,1884.42,5525.197
2026-08-15 22:20:00,1884.42,1884.42,1882.35,1882.85,3050.512
2026-08-15 22:25:00,1882.84,1883.62,1882.84,1883.45,895.949
2026-08-15 22:30:00,1883.44,1884.49,1883.26,1884.49,2515.295
2026-08-15 22:35:00,1884.49,1884.99,1884.41,1884.72,4977.079
2026-08-15 22:40:00,1884.73,1885.18,1884.51,1884.51,6553.998
2026-08-15 22:45:00,1884.51,1884.72,1884.51,1884.72,1599.855
2026-08-15 22:50:00,1884.72,1884.72,1884.08,1884.09,2072.184
2026-08-15 22:55:00,1884.09,1884.09,1883.94,1884.09,1611.755
2026-08-15 23:00:00,1884.08,1884.26,1884.08,1884.1,1898.747
2026-08-15 23:05:00,1884.1,1884.31,1883.15,1884.31,3144.41
2026-08-15 23:10:00,1884.31,1884.46,1883.71,1883.72,2643.929
2026-08-15 23:15:00,1883.71,1883.76,1883.08,1883.76,2001.183
2026-08-15 23:20:00,1883.76,1884.43,1883.68,1884.43,1508.917
2026-08-15 23:25:00,1884.43,1884.9,1884.43,1884.86,3042.659
2026-08-15 23:30:00,1884.86,1884.94,1883.7,1883.7,3105.801
2026-08-15 23:35:00,1883.71,1884.0,1883.7,1883.99,1616.507
2026-08-15 23:40:00,1884.0,1884.0,1883.34,1883.59,1714.32
2026-08-15 23:45:00,1883.58,1884.0,1883.58,1883.9,2261.994
2026-08-15 23:50:00,1883.9,1883.9,1883.82,1883.82,611.242
2026-08-15 23:55:00,1883.82,1884.09,1883.82,1884.05,1123.199
2026-08-16 00:00:00,1884.04,1884.51,1884.03,1884.51,2336.288
2026-08-16 00:05:00,1884.51,1884.69,1884.5,1884.57,1490.971
2026-08-16 00:10:00,1884.57,1884.89,1884.56,1884.89,1335.828
2026-08-16 00:15:00,1884.89,1885.76,1884.43,1884.97,6048.075
2026-08-16 00:20:00,1884.97,1884.98,1882.55,1882.98,4945.173
2026-08-16 00:25:00,1882.98,1883.28,1882.11,1882.52,3538.928
2026-08-16 00:30:00,1882.52,1883.04,1882.51,1883.04,1159.897
2026-08-16 00:35:00,1883.04,1883.26,1882.72,1882.98,1237.838
2026-08-16 00:40:00,1882.99,1883.61,1882.98,1883.17,692.014
2026-08-16 00:45:00,1883.16,1883.17,1883.16,1883.16,848.392
2026-08-16 00:50:00,1883.16,1883.42,1883.04,1883.41,1337.708
2026-08-16 00:55:00,1883.41,1883.78,1883.41,1883.62,1375.786
2026-08-16 01:00:00,1883.62,1883.9,1883.62,1883.9,583.876
2026-08-16 01:05:00,1883.9,1884.31,1883.85,1884.28,2280.419
2026-08-16 01:10:00,1884.29,1885.07,1883.77,1883.77,3512.232
2026-08-16 01:15:00,1883.77,1883.98,1881.83,1881.84,3100.966
2026-08-16 01:20:00,1881.85,1882.51,1881.84,1882.5,1020.41
2026-08-16 01:25:00,1882.5,1882.51,1881.83,1881.92,1092.79
2026-08-16 01:30:00,1881.91,1882.09,1881.77,1882.09,2554.698
2026-08-16 01:35:00,1882.08,1882.09,1882.08,1882.08,357.184
2026-08-16 01:40:00,1882.09,1882.15,1882.08,1882.15,649.43
2026-08-16 01:45:00,1882.15,1882.15,1882.14,1882.15,272.779
2026-08-16 01:50:00,1882.15,1882.2,1882.05,1882.19,694.746
2026-08-16 01:55:00,1882.19,1882.22,1881.96,1881.97,436.097
2026-08-16 02:00:00,1881.96,1882.14,1881.92,1882.13,685.538
2026-08-16 02:05:00,1882.13,1882.47,1882.03,1882.36,1225.753
2026-08-16 02:10:00,1882.36,1882.47,1882.13,1882.47,1076.255
2026-08-16 02:15:00,1882.47,1883.0,1882.47,1883.0,828.824
2026-08-16 02:20:00,1883.0,1883.47,1882.9,1883.47,1714.241
2026-08-16 02:25:00,1883.46,1883.89,1883.2,1883.21,1138.944
2026-08-16 02:30:00,1883.21,1883.71,1883.2,1883.44,856.48
2026-08-16 02:35:00,1883.44,1884.06,1883.43,1883.65,647.622
2026-08-16 02:40:00,1883.65,1883.66,1883.34,1883.46,797.976
2026-08-16 02:45:00,1883.45,1884.16,1883.38,1884.03,1439.243
2026-08-16 02:50:00,1884.04,1884.04,1883.87,1883.87,715.314
2026-08-16 02:55:00,1883.87,1883.88,1883.66,1883.67,532.863
2026-08-16 03:00:00,1883.66,1883.67,1883.5,1883.5,737.264
2026-08-16 03:05:00,1883.5,1883.51,1883.2,1883.21,837.225
2026-08-16 03:10:00,1883.21,1883.21,1882.86,1882.87,392.356
2026-08-16 03:15:00,1882.86,1882.87,1882.35,1882.59,2092.971
2026-08-16 03:20:00,1882.6,1882.6,1882.11,1882.12,413.493
2026-08-16 03:25:00,1882.11,1882.48,1881.93,1882.36,1577.435
2026-08-16 03:30:00,1882.35,1882.36,1881.9,1881.91,410.542
2026-08-16 03:35:00,1881.9,1882.1,1881.82,1882.09,475.782
2026-08-16 03:40:00,1882.09,1882.1,1882.09,1882.1,572.645
2026-08-16 03:45:00,1882.09,1882.54,1882.09,1882.54,501.78
2026-08-16 03:50:00,1882.54,1882.54,1882.53,1882.53,383.207
2026-08-16 03:55:00,1882.54,1882.62,1882.43,1882.44,644.463
2026-08-16 04:00:00,1882.43,1882.76,1882.43,1882.75,925.078
2026-08-16 04:05:00,1882.75,1882.76,1882.75,1882.75,295.945
2026-08-16 04:10:00,1882.75,1883.5,1882.75,1883.17,1197.129
2026-08-16 04:15:00,1883.16,1883.17,1883.16,1883.17,263.216
2026-08-16 04:20:00,1883.17,1883.77,1883.11,1883.76,938.489
2026-08-16 04:25:00,1883.77,1883.88,1883.66,1883.7,772.672
2026-08-16 04:30:00,1883.69,1883.7,1883.65,1883.66,586.718
2026-08-16 04:35:00,1883.65,1884.0,1883.65,1884.0,1188.894
2026-08-16 04:40:00,1884.0,1884.45,1883.88,1884.44,1962.384
2026-08-16 04:45:00,1884.43,1884.49,1883.66,1884.25,2022.058
2026-08-16 04:50:00,1884.25,1884.58,1883.65,1884.46,1654.163
2026-08-16 04:55:00,1884.45,1884.46,1884.12,1884.14,597.319
2026-08-16 05:00:00,1884.14,1884.62,1883.76,1883.97,3390.502
2026-08-16 05:05:00,1883.97,1883.98,1883.53,1883.66,658.62
2026-08-16 05:10:00,1883.65,1883.8,1883.53,1883.8,554.579
2026-08-16 05:15:00,1883.79,1883.8,1883.48,1883.77,784.659
2026-08-16 05:20:00,1883.77,1884.14,1883.58,1884.14,1478.693
2026-08-16 05:25:00,1884.14,1884.73,1884.13,1884.69,1250.78
2026-08-16 05:30:00,1884.69,1884.69,1884.46,1884.47,1188.334
2026-08-16 05:35:00,1884.46,1884.47,1884.01,1884.01,1289.525
2026-08-16 05:40:00,1884.01,1884.52,1883.26,1883.81,3421.801
2026-08-16 05:45:00,1883.81,1884.63,1883.8,1884.4,1143.199
2026-08-16 05:50:00,1884.4,1884.4,1883.56,1883.57,991.016
2026-08-16 05:55:00,1883.57,1883.82,1883.56,1883.71,735.519
2026-08-16 06:00:00,1883.72,1883.72,1883.1,1883.61,1398.427
2026-08-16 06:05:00,1883.61,1883.62,1883.21,1883.31,779.553
2026-08-16 06:10:00,1883.32,1883.32,1880.98,1882.56,7156.782
2026-08-16 06:15:00,1882.55,1882.56,1882.04,1882.26,1213.648
2026-08-16 06:20:00,1882.26,1882.45,1881.66,1881.89,1656.325
2026-08-16 06:25:00,1881.89,1882.46,1881.26,1882.0,2298.503
2026-08-16 06:30:00,1882.0,1882.31,1881.76,1882.17,3194.889
2026-08-16 06:35:00,1882.16,1882.79,1882.0,1882.79,1424.373
2026-08-16 06:40:00,1882.79,1882.79,1882.15,1882.23,1799.624
2026-08-16 06:45:00,1882.22,1882.28,1882.0,1882.28,1625.173
2026-08-16 06:50:00,1882.27,1882.27,1881.5,1881.6,3314.586
2026-08-16 06:55:00,1881.61,1881.93,1881.53,1881.73,1021.184
2026-08-16 07:00:00,1881.73,1882.28,1881.49,1882.27,2737.052
2026-08-16 07:05:00,1882.28,1882.28,1881.74,1882.19,1587.62
2026-08-16 07:10:00,1882.19,1882.38,1881.75,1881.76,1694.05
2026-08-16 07:15:00,1881.76,1881.76,1881.31,1881.62,1790.909
2026-08-16 07:20:00,1881.63,1881.7,1881.62,1881.7,353.162
2026-08-16 07:25:00,1881.7,1881.7,1881.69,1881.7,1199.156
2026-08-16 07:30:00,1881.7,1881.71,1881.26,1881.27,2171.123
2026-08-16 07:35:00,1881.27,1881.93,1881.26,1881.66,1382.39
2026-08-16 07:40:00,1881.65,1882.0,1881.43,1881.93,888.117
2026-08-16 07:45:00,1881.92,1881.99,1880.65,1880.82,4167.045
2026-08-16 07:50:00,1880.81,1881.56,1880.81,1881.36,1919.546
2026-08-16 07:55:00,1881.36,1881.99,1881.35,1881.54,990.878
2026-08-16 08:00:00,1881.54,1881.54,1880.01,1880.75,4164.036
2026-08-16 08:05:00,1880.76,1881.24,1879.46,1880.08,3425.594
2026-08-16 08:10:00,1880.08,1880.4,1879.3,1880.4,2408.545
2026-08-16 08:15:00,1880.39,1880.4,1880.01,1880.01,1115.841
2026-08-16 08:20:00,1880.01,1881.08,1880.0,1881.07,1534.433
2026-08-16 08:25:00,1881.07,1881.08,1879.5,1879.5,2464.299
2026-08-16 08:30:00,1879.5,1879.96,1879.12,1879.86,3838.095
2026-08-16 08:35:00,1879.85,1879.85,1876.01,1876.33,12319.104
2026-08-16 08:40:00,1876.33,1879.96,1876.13,1879.86,6771.083
2026-08-16 08:45:00,1879.86,1879.86,1878.81,1878.99,3242.032
2026-08-16 08:50:00,1878.99,1879.36,1878.48,1878.58,2253.42
2026-08-16 08:55:00,1878.59,1880.04,1878.48,1879.7,3306.943
2026-08-16 09:00:00,1879.7,1880.35,1879.01,1879.11,3753.948
2026-08-16 09:05:00,1879.12,1879.15,1879.02,1879.14,1254.54
2026-08-16 09:10:00,1879.14,1879.15,1878.21,1878.43,2323.008
2026-08-16 09:15:00,1878.42,1880.88,1878.42,1880.87,2970.95
2026-08-16 09:20:00,1880.88,1884.36,1880.87,1883.61,14642.292
2026-08-16 09:25:00,1883.6,1884.0,1882.91,1883.28,4436.329
2026-08-16 09:30:00,1883.27,1884.43,1883.04,1883.46,7606.865
2026-08-16 09:35:00,1883.45,1884.2,1882.23,1883.08,10858.062
2026-08-16 09:40:00,1883.07,1883.76,1883.0,1883.21,1552.567
2026-08-16 09:45:00,1883.21,1883.38,1882.45,1882.55,2161.125
2026-08-16 09:50:00,1882.55,1882.65,1882.1,1882.65,829.2
2026-08-16 09:55:00,1882.64,1882.77,1882.36,1882.77,1435.445
2026-08-16 10:00:00,1882.77,1883.27,1882.43,1883.1,1769.848
2026-08-16 10:05:00,1883.09,1883.1,1882.89,1883.07,809.397
2026-08-16 10:10:00,1883.07,1883.18,1882.85,1882.89,1505.123
2026-08-16 10:15:00,1882.89,1883.2,1882.89,1883.2,1296.83
2026-08-16 10:20:00,1883.2,1883.2,1882.73,1882.73,1328.757
2026-08-16 10:25:00,1882.74,1882.8,1882.19,1882.39,3153.702
2026-08-16 10:30:00,1882.38,1882.9,1882.38,1882.9,617.926
2026-08-16 10:35:00,1882.9,1882.9,1882.89,1882.89,300.488
2026-08-16 10:40:00,1882.9,1882.9,1882.57,1882.77,987.073
2026-08-16 10:45:00,1882.76,1882.77,1882.76,1882.76,435.035
2026-08-16 10:50:00,1882.76,1882.77,1882.22,1882.22,1617.491
2026-08-16 10:55:00,1882.23,1882.23,1881.83,1882.15,4525.172
2026-08-16 11:00:00,1882.14,1882.49,1882.14,1882.37,1420.737
2026-08-16 11:05:00,1882.36,1882.67,1882.15,1882.15,2331.646
2026-08-16 11:10:00,1882.15,1882.16,1881.62,1881.95,3076.528
2026-08-16 11:15:00,1881.95,1882.69,1881.84,1882.69,1764.027
2026-08-16 11:20:00,1882.69,1883.01,1882.5,1883.0,1295.265
2026-08-16 11:25:00,1883.01,1883.6,1882.77,1883.25,2620.151
2026-08-16 11:30:00,1883.25,1883.25,1881.73,1881.74,2756.763
2026-08-16 11:35:00,1881.75,1881.84,1881.66,1881.84,757.101
2026-08-16 11:40:00,1881.84,1881.85,1881.45,1881.7,1228.861
2026-08-16 11:45:00,1881.7,1881.7,1881.69,1881.7,394.576
2026-08-16 11:50:00,1881.7,1881.82,1881.09,1881.09,4496.443
2026-08-16 11:55:00,1881.1,1881.1,1879.59,1880.76,7703.142
2026-08-16 12:00:00,1880.76,1880.97,1880.16,1880.97,3460.091
2026-08-16 12:05:00,1880.96,1881.0,1880.35,1880.99,943.924
2026-08-16 12:10:00,1880.99,1881.16,1880.73,1880.73,694.023
2026-08-16 12:15:00,1880.73,1880.92,1878.55,1879.39,5776.463
2026-08-16 12:20:00,1879.39,1880.0,1879.39,1879.89,1525.245
2026-08-16 12:25:00,1879.9,1880.02,1879.81,1879.81,803.518
2026-08-16 12:30:00,1879.81,1880.13,1879.57,1880.13,1490.406
2026-08-16 12:35:00,1880.12,1880.55,1880.12,1880.15,942.064
2026-08-16 12:40:00,1880.15,1880.37,1879.8,1879.94,1390.155
2026-08-16 12:45:00,1879.94,1879.97,1879.65,1879.77,1390.8
2026-08-16 12:50:00,1879.77,1879.87,1878.52,1878.9,4649.542
2026-08-16 12:55:00,1878.9,1879.59,1878.0,1879.01,5899.637
2026-08-16 13:00:00,1879.01,1879.73,1879.0,1879.51,1777.684
2026-08-16 13:05:00,1879.5,1879.66,1879.45,1879.45,2092.507
2026-08-16 13:10:00,1879.46,1879.65,1878.93,1879.04,4532.016
2026-08-16 13:15:00,1879.04,1879.34,1878.04,1878.46,6047.863
2026-08-16 13:20:00,1878.46,1878.94,1878.0,1878.42,4061.182
2026-08-16 13:25:00,1878.42,1879.29,1878.42,1879.28,2142.515
2026-08-16 13:30:00,1879.28,1879.61,1878.75,1879.34,2227.724
2026-08-16 13:35:00,1879.34,1879.81,1879.33,1879.81,550.442
2026-08-16 13:40:00,1879.81,1880.12,1879.8,1879.86,2195.86
2026-08-16 13:45:00,1879.85,1880.84,1879.85,1880.02,4637.272
2026-08-16 13:50:00,1880.03,1880.03,1879.72,1879.73,723.791
2026-08-16 13:55:00,1879.73,1879.81,1879.72,1879.8,446.915
2026-08-16 14:00:00,1879.81,1879.81,1878.88,1879.09,1530.318
2026-08-16 14:05:00,1879.09,1879.55,1879.09,1879.55,925.373
2026-08-16 14:10:00,1879.54,1879.82,1879.47,1879.64,1682.872
2026-08-16 14:15:00,1879.64,1879.96,1879.63,1879.95,631.808
2026-08-16 14:20:00,1879.96,1880.46,1879.95,1880.38,1483.689
2026-08-16 14:25:00,1880.39,1880.95,1880.38,1880.62,1982.865
2026-08-16 14:30:00,1880.61,1880.75,1880.39,1880.39,1157.209
2026-08-16 14:35:00,1880.39,1880.46,1880.39,1880.45,959.333
2026-08-16 14:40:00,1880.46,1880.5,1880.39,1880.39,746.783
2026-08-16 14:45:00,1880.39,1880.44,1880.39,1880.44,708.117
2026-08-16 14:50:00,1880.44,1880.57,1880.44,1880.57,713.432
2026-08-16 14:55:00,1880.57,1880.85,1880.45,1880.73,1434.79
2026-08-16 15:00:00,1880.72,1880.73,1880.59,1880.66,625.214
2026-08-16 15:05:00,1880.66,1880.66,1879.87,1880.02,4198.321
2026-08-16 15:10:00,1880.03,1880.03,1880.01,1880.01,769.866
2026-08-16 15:15:00,1880.01,1880.02,1880.0,1880.0,340.079
2026-08-16 15:20:00,1880.0,1880.26,1880.0,1880.06,1033.766
2026-08-16 15:25:00,1880.05,1880.26,1879.94,1879.94,779.984
2026-08-16 15:30:00,1879.94,1880.26,1879.85,1880.25,1922.452
2026-08-16 15:35:00,1880.25,1880.42,1880.25,1880.42,1092.739
2026-08-16 15:40:00,1880.43,1880.43,1879.57,1879.57,2661.659
2026-08-16 15:45:00,1879.58,1879.63,1879.57,1879.62,1024.988
2026-08-16 15:50:00,1879.63,1879.63,1879.62,1879.63,319.212
2026-08-16 15:55:00,1879.63,1880.1,1879.62,1879.88,1449.373
2026-08-16 16:00:00,1879.88,1880.32,1879.88,1880.25,1737.272
2026-08-16 16:05:00,1880.25,1880.26,1880.0,1880.01,985.944
2026-08-16 16:10:00,1880.01,1881.09,1880.0,1881.09,1408.534
2026-08-16 16:15:00,1881.09,1881.19,1880.99,1881.03,2009.167
2026-08-16 16:20:00,1881.02,1881.28,1881.02,1881.28,1389.025
2026-08-16 16:25:00,1881.28,1881.57,1880.8,1880.85,2118.728
2026-08-16 16:30:00,1880.84,1881.26,1880.66,1880.66,2280.267
2026-08-16 16:35:00,1880.67,1880.74,1880.65,1880.74,511.705
2026-08-16 16:40:00,1880.73,1880.73,1878.79,1878.92,7943.587
2026-08-16 16:45:00,1878.93,1879.99,1878.23,1879.86,6461.462
2026-08-16 16:50:00,1879.86,1880.35,1879.85,1879.92,1454.758
2026-08-16 16:55:00,1879.91,1879.92,1879.19,1879.32,1406.006
2026-08-16 17:00:00,1879.32,1879.83,1878.7,1879.31,2984.693
2026-08-16 17:05:00,1879.31,1879.32,1878.83,1879.19,1957.821
2026-08-16 17:10:00,1879.19,1879.79,1878.7,1878.72,3690.183
2026-08-16 17:15:00,1878.71,1878.97,1878.7,1878.92,1491.427
2026-08-16 17:20:00,1878.91,1879.08,1878.9,1878.91,1232.642
2026-08-16 17:25:00,1878.91,1879.73,1878.9,1879.73,1306.581
2026-08-16 17:30:00,1879.73,1879.86,1879.34,1879.46,1402.961
2026-08-16 17:35:00,1879.46,1879.97,1879.35,1879.75,1446.399
2026-08-16 17:40:00,1879.75,1880.14,1879.66,1879.91,1811.314
2026-08-16 17:45:00,1879.92,1880.23,1879.91,1880.23,722.196
2026-08-16 17:50:00,1880.22,1880.36,1879.93,1879.93,840.813
2026-08-16 17:55:00,1879.93,1879.94,1879.88,1879.94,643.386
2026-08-16 18:00:00,1879.93,1880.27,1879.93,1880.27,645.976
2026-08-16 18:05:00,1880.26,1880.27,1879.94,1879.94,1255.097
2026-08-16 18:10:00,1879.94,1880.08,1879.94,1880.08,853.218
2026-08-16 18:15:00,1880.07,1880.08,1880.0,1880.0,987.728
2026-08-16 18:20:00,1880.0,1880.01,1879.61,1879.61,913.163
2026-08-16 18:25:00,1879.62,1879.77,1879.36,1879.77,1204.633
2026-08-16 18:30:00,1879.76,1879.79,1879.66,1879.79,776.772
2026-08-16 18:35:00,1879.78,1880.01,1879.78,1880.01,706.179
2026-08-16 18:40:00,1880.01,1880.01,1879.66,1879.66,995.989
2026-08-16 18:45:00,1879.66,1879.67,1879.3,1879.3,1921.465
2026-08-16 18:50:00,1879.3,1879.82,1879.3,1879.35,2530.609
2026-08-16 18:55:00,1879.34,1880.2,1879.3,1880.14,1237.093
2026-08-16 19:00:00,1880.14,1880.15,1879.65,1879.66,830.444
2026-08-16 19:05:00,1879.65,1879.77,1879.6,1879.6,1376.788
2026-08-16 19:10:00,1879.6,1879.61,1879.06,1879.06,1606.631
2026-08-16 19:15:00,1879.06,1879.36,1879.06,1879.35,1413.548
2026-08-16 19:20:00,1879.36,1879.61,1879.35,1879.6,564.615
2026-08-16 19:25:00,1879.61,1879.84,1879.6,1879.83,668.306
2026-08-16 19:30:00,1879.84,1879.84,1878.86,1879.0,3183.12
2026-08-16 19:35:00,1879.0,1879.29,1878.99,1879.01,1218.75
2026-08-16 19:40:00,1879.0,1879.01,1878.4,1878.65,2801.326
2026-08-16 19:45:00,1878.66,1879.34,1878.6,1879.34,1560.966
2026-08-16 19:50:00,1879.34,1879.34,1879.15,1879.15,736.531
2026-08-16 19:55:00,1879.16,1879.16,1878.84,1878.95,3335.827
2026-08-16 20:00:00,1878.95,1879.04,1878.94,1879.04,764.664
2026-08-16 20:05:00,1879.04,1880.0,1879.03,1880.0,1908.906
2026-08-16 20:10:00,1880.0,1880.36,1879.99,1880.05,2193.477
2026-08-16 20:15:00,1880.05,1880.54,1879.87,1880.53,2062.359
2026-08-16 20:20:00,1880.53,1880.54,1879.95,1879.95,1124.514
2026-08-16 20:25:00,1879.96,1880.08,1879.95,1880.07,998.729
2026-08-16 20:30:00,1880.08,1881.12,1880.08,1880.96,2681.712
2026-08-16 20:35:00,1880.96,1880.97,1879.91,1880.55,2744.079
2026-08-16 20:40:00,1880.56,1880.73,1880.55,1880.71,1003.653
2026-08-16 20:45:00,1880.7,1880.84,1880.37,1880.84,1557.266
2026-08-16 20:50:00,1880.83,1880.93,1880.83,1880.92,575.351
2026-08-16 20:55:00,1880.93,1880.94,1880.63,1880.94,1278.109
2026-08-16 21:00:00,1880.95,1881.0,1880.94,1881.0,758.812
2026-08-16 21:05:00,1881.0,1881.94,1880.99,1881.48,2481.022
2026-08-16 21:10:00,1881.49,1881.49,1881.48,1881.49,667.952
2026-08-16 21:15:00,1881.49,1882.39,1881.48,1882.38,2769.732
2026-08-16 21:20:00,1882.39,1883.62,1882.38,1883.61,9080.071
2026-08-16 21:25:00,1883.6,1883.61,1880.34,1881.06,13664.41
2026-08-16 21:30:00,1881.05,1882.16,1881.05,1882.07,3282.049
2026-08-16 21:35:00,1882.06,1882.94,1881.39,1881.8,4173.012
2026-08-16 21:40:00,1881.8,1881.94,1881.79,1881.85,616.195
2026-08-16 21:45:00,1881.85,1882.3,1881.85,1882.05,668.792
2026-08-16 21:50:00,1882.05,1882.17,1882.04,1882.16,1054.226
2026-08-16 21:55:00,1882.17,1882.52,1882.16,1882.51,1056.924
2026-08-16 22:00:00,1882.52,1882.73,1882.42,1882.64,2527.085
2026-08-16 22:05:00,1882.63,1882.69,1882.54,1882.55,837.226
2026-08-16 22:10:00,1882.55,1882.77,1882.53,1882.61,864.657
2026-08-16 22:15:00,1882.6,1882.9,1882.6,1882.89,1270.032
2026-08-16 22:20:00,1882.9,1882.95,1882.62,1882.88,2423.62
2026-08-16 22:25:00,1882.88,1883.0,1882.88,1883.0,708.552
2026-08-16 22:30:00,1883.0,1883.58,1882.99,1883.51,2611.332
2026-08-16 22:35:00,1883.51,1884.29,1883.5,1883.91,6707.408
2026-08-16 22:40:00,1883.9,1883.91,1880.83,1881.82,7893.556
2026-08-16 22:45:00,1881.81,1883.67,1881.81,1883.35,2713.495
2026-08-16 22:50:00,1883.35,1883.79,1882.72,1882.72,2395.533
2026-08-16 22:55:00,1882.73,1883.59,1882.72,1883.22,2270.021
2026-08-16 23:00:00,1883.23,1883.8,1883.22,1883.46,1926.773
2026-08-16 23:05:00,1883.45,1883.69,1883.24,1883.69,1534.387
2026-08-16 23:10:00,1883.68,1884.91,1883.68,1884.69,9169.141
2026-08-16 23:15:00,1884.7,1888.76,1884.28,1886.97,28646.408
2026-08-16 23:20:00,1886.97,1888.68,1885.78,1886.76,12408.901
2026-08-16 23:25:00,1886.77,1888.08,1886.61,1887.27,7456.882
2026-08-16 23:30:00,1887.27,1891.93,1887.27,1890.29,29865.07
2026-08-16 23:35:00,1890.3,1891.13,1889.2,1889.2,14566.959
2026-08-16 23:40:00,1889.2,1889.37,1888.6,1889.37,6312.119
2026-08-16 23:45:00,1889.37,1889.9,1889.36,1889.71,3638.122
2026-08-16 23:50:00,1889.7,1889.71,1887.29,1888.88,4956.806
2026-08-16 23:55:00,1888.88,1888.93,1888.33,1888.6,1864.402
2026-08-17 00:00:00,1888.6,1890.42,1888.21,1889.38,8210.719
2026-08-17 00:05:00,1889.37,1889.44,1888.62,1888.8,1398.877
2026-08-17 00:10:00,1888.81,1888.81,1886.78,1887.22,10115.21
2026-08-17 00:15:00,1887.22,1887.29,1885.75,1885.97,5633.546
2026-08-17 00:20:00,1885.98,1886.99,1885.55,1886.48,3029.216
2026-08-17 00:25:00,1886.48,1886.49,1885.6,1886.45,1691.439
2026-08-17 00:30:00,1886.45,1886.49,1882.72,1883.16,17011.982
2026-08-17 00:35:00,1883.16,1885.69,1883.05,1885.69,4901.612
2026-08-17 00:40:00,1885.69,1885.86,1883.98,1883.99,2903.278
2026-08-17 00:45:00,1883.98,1885.2,1883.98,1885.19,2386.381
2026-08-17 00:50:00,1885.2,1885.41,1885.13,1885.14,1372.607
2026-08-17 00:55:00,1885.14,1885.34,1884.07,1884.2,2651.37
2026-08-17 01:00:00,1884.19,1884.54,1883.43,1883.77,3435.697
2026-08-17 01:05:00,1883.77,1884.85,1883.07,1884.61,5618.841
2026-08-17 01:10:00,1884.61,1884.96,1881.64,1883.85,11890.633
2026-08-17 01:15:00,1883.84,1884.95,1883.76,1884.94,2638.29
2026-08-17 01:20:00,1884.95,1885.38,1884.94,1885.01,1581.042
2026-08-17 01:25:00,1885.0,1885.51,1884.2,1885.24,1580.698
2026-08-17 01:30:00,1885.24,1885.55,1884.84,1885.15,1680.037
2026-08-17 01:35:00,1885.14,1885.15,1884.44,1884.46,1040.497
2026-08-17 01:40:00,1884.45,1884.45,1883.58,1884.18,2151.348
2026-08-17 01:45:00,1884.18,1885.0,1884.18,1884.99,1042.013
2026-08-17 01:50:00,1884.99,1885.0,1884.37,1884.37,808.887
2026-08-17 01:55:00,1884.38,1884.62,1884.17,1884.54,1066.131
2026-08-17 02:00:00,1884.55,1886.17,1884.54,1885.51,2152.704
2026-08-17 02:05:00,1885.51,1886.12,1885.5,1885.61,1428.807
2026-08-17 02:10:00,1885.62,1886.0,1885.61,1885.62,1108.752
2026-08-17 02:15:00,1885.61,1885.62,1885.4,1885.53,967.714
2026-08-17 02:20:00,1885.54,1886.0,1885.2,1885.67,967.635
2026-08-17 02:25:00,1885.66,1886.92,1885.66,1886.92,1387.225
2026-08-17 02:30:00,1886.92,1886.92,1886.15,1886.65,1944.55
2026-08-17 02:35:00,1886.65,1886.8,1886.46,1886.76,786.418
2026-08-17 02:40:00,1886.77,1887.95,1884.24,1884.73,10126.748
2026-08-17 02:45:00,1884.73,1884.95,1884.06,1884.07,1942.287
2026-08-17 02:50:00,1884.07,1885.46,1883.46,1883.99,3948.731
2026-08-17 02:55:00,1883.99,1884.89,1883.99,1884.88,1389.948
2026-08-17 03:00:00,1884.88,1885.09,1884.56,1884.57,1058.544
2026-08-17 03:05:00,1884.57,1886.25,1884.56,1885.38,2061.047
2026-08-17 03:10:00,1885.37,1886.23,1885.37,1886.0,1099.06
2026-08-17 03:15:00,1886.01,1886.01,1885.78,1885.78,464.984
2026-08-17 03:20:00,1885.78,1886.67,1885.78,1886.29,2207.201
2026-08-17 03:25:00,1886.29,1886.29,1885.07,1885.41,982.644
2026-08-17 03:30:00,1885.4,1885.46,1884.07,1884.48,6096.376
2026-08-17 03:35:00,1884.48,1884.84,1883.79,1884.27,1728.618
2026-08-17 03:40:00,1884.28,1884.28,1881.89,1882.98,6316.469
2026-08-17 03:45:00,1882.97,1883.25,1882.45,1882.56,1648.447
2026-08-17 03:50:00,1882.56,1882.96,1880.6,1882.25,6596.068
2026-08-17 03:55:00,1882.25,1882.31,1880.6,1881.08,3278.329
2026-08-17 04:00:00,1881.08,1881.97,1880.45,1881.78,3772.567
2026-08-17 04:05:00,1881.77,1881.77,1879.2,1880.69,12013.647
2026-08-17 04:10:00,1880.68,1881.84,1879.95,1881.13,3007.421
2026-08-17 04:15:00,1881.13,1881.88,1880.37,1880.6,2145.225
2026-08-17 04:20:00,1880.6,1880.7,1879.3,1879.3,4196.477
2026-08-17 04:25:00,1879.31,1880.04,1878.14,1879.05,8860.625
2026-08-17 04:30:00,1879.04,1880.13,1878.84,1880.13,2044.381
2026-08-17 04:35:00,1880.13,1880.34,1876.46,1876.46,12036.949
2026-08-17 04:40:00,1876.46,1876.47,1868.01,1873.75,68789.248
2026-08-17 04:45:00,1873.75,1875.97,1871.01,1875.92,14559.234
2026-08-17 04:50:00,1875.91,1876.01,1874.88,1874.88,4217.429
2026-08-17 04:55:00,1874.89,1876.0,1874.59,1874.59,3970.021
2026-08-17 05:00:00,1874.59,1874.59,1869.61,1873.35,19026.301
2026-08-17 05:05:00,1873.34,1875.87,1872.68,1875.82,7749.622
2026-08-17 05:10:00,1875.83,1877.14,1875.0,1876.8,6533.334
2026-08-17 05:15:00,1876.79,1877.29,1875.65,1876.53,4603.515
2026-08-17 05:20:00,1876.53,1876.97,1875.01,1875.01,3735.912
2026-08-17 05:25:00,1875.01,1875.01,1873.65,1874.48,4098.467
2026-08-17 05:30:00,1874.47,1874.56,1871.8,1872.43,9405.536
2026-08-17 05:35:00,1872.42,1872.43,1868.62,1869.68,19302.727
2026-08-17 05:40:00,1869.68,1872.66,1868.1,1872.66,11822.422
2026-08-17 05:45:00,1872.66,1873.75,1871.38,1873.33,4133.711
2026-08-17 05:50:00,1873.34,1873.67,1872.7,1873.33,5589.418
2026-08-17 05:55:00,1873.32,1875.32,1873.0,1875.32,6221.126
2026-08-17 06:00:00,1875.32,1876.78,1874.0,1875.06,7234.885
2026-08-17 06:05:00,1875.07,1875.88,1874.85,1875.87,1934.881
2026-08-17 06:10:00,1875.88,1876.53,1872.89,1872.89,3966.732
2026-08-17 06:15:00,1872.89,1874.42,1872.89,1874.28,4830.875
2026-08-17 06:20:00,1874.27,1875.3,1873.8,1874.01,5097.957
2026-08-17 06:25:00,1874.01,1874.27,1873.0,1873.11,3518.176
2026-08-17 06:30:00,1873.11,1873.58,1872.5,1873.25,4543.796
2026-08-17 06:35:00,1873.25,1874.36,1873.25,1873.72,3410.794
2026-08-17 06:40:00,1873.71,1875.38,1873.45,1875.38,1521.158
2026-08-17 06:45:00,1875.38,1876.12,1874.5,1876.12,2780.398
2026-08-17 06:50:00,1876.11,1876.42,1875.03,1875.04,3700.15
2026-08-17 06:55:00,1875.03,1875.58,1875.03,1875.22,2149.562
2026-08-17 07:00:00,1875.21,1876.0,1875.0,1875.82,5000.534
2026-08-17 07:05:00,1875.82,1875.82,1874.03,1874.17,2911.237
2026-08-17 07:10:00,1874.18,1875.0,1873.49,1875.0,3338.382
2026-08-17 07:15:00,1875.0,1875.0,1873.14,1873.26,2794.282
2026-08-17 07:20:00,1873.25,1874.69,1872.15,1872.15,4168.898
2026-08-17 07:25:00,1872.16,1876.0,1871.61,1875.99,5591.582
2026-08-17 07:30:00,1876.0,1876.0,1873.13,1873.57,4528.051
2026-08-17 07:35:00,1873.58,1874.64,1872.31,1874.07,4078.252
2026-08-17 07:40:00,1874.08,1877.31,1873.01,1877.2,8462.087
2026-08-17 07:45:00,1877.19,1877.68,1874.5,1874.68,6868.503
2026-08-17 07:50:00,1874.67,1876.22,1874.27,1876.22,2481.228
2026-08-17 07:55:00,1876.22,1879.6,1875.76,1878.12,15978.321
2026-08-17 08:00:00,1878.12,1890.85,1877.44,1890.59,90255.461
2026-08-17 08:05:00,1890.59,1897.34,1888.43,1890.21,61611.035
2026-08-17 08:10:00,1890.21,1890.79,1887.55,1888.85,23340.575
2026-08-17 08:15:00,1888.86,1893.33,1887.61,1891.02,17977.927
2026-08-17 08:20:00,1891.01,1895.82,1890.5,1894.0,20331.36
2026-08-17 08:25:00,1894.0,1895.82,1892.94,1893.72,13704.945
2026-08-17 08:30:00,1893.73,1896.65,1893.73,1894.32,23169.604
2026-08-17 08:35:00,1894.31,1895.89,1891.81,1892.42,10434.576
2026-08-17 08:40:00,1892.42,1893.94,1892.02,1893.94,5595.294
2026-08-17 08:45:00,1893.94,1894.81,1891.44,1894.66,8468.872
2026-08-17 08:50:00,1894.66,1894.66,1891.28,1891.6,5133.077
2026-08-17 08:55:00,1891.61,1891.67,1890.69,1890.71,5045.833
2026-08-17 09:00:00,1890.72,1892.24,1888.66,1888.66,12661.402
2026-08-17 09:05:00,1888.65,1889.3,1887.64,1889.16,8644.151
2026-08-17 09:10:00,1889.16,1889.64,1889.0,1889.48,3343.425
2026-08-17 09:15:00,1889.48,1889.81,1888.15,1888.66,4322.099
2026-08-17 09:20:00,1888.66,1890.9,1888.66,1890.35,6085.354
2026-08-17 09:25:00,1890.35,1894.54,1890.35,1893.09,13265.44
2026-08-17 09:30:00,1893.09,1895.83,1891.55,1894.69,20716.968
2026-08-17 09:35:00,1894.69,1894.83,1893.15,1893.82,7305.9
2026-08-17 09:40:00,1893.82,1896.49,1893.7,1895.15,13939.672
2026-08-17 09:45:00,1895.14,1897.42,1894.89,1895.69,13355.839
2026-08-17 09:50:00,1895.68,1907.89,1895.68,1903.09,103024.664
2026-08-17 09:55:00,1903.09,1903.74,1900.95,1901.76,21254.915
2026-08-17 10:00:00,1901.76,1903.44,1901.64,1902.29,14735.534
2026-08-17 10:05:00,1902.29,1903.74,1901.69,1902.76,8804.388
2026-08-17 10:10:00,1902.76,1903.3,1901.16,1902.25,10617.361
2026-08-17 10:15:00,1902.25,1902.83,1898.53,1899.02,22806.37
2026-08-17 10:20:00,1899.03,1900.0,1898.09,1898.15,9647.175
2026-08-17 10:25:00,1898.14,1898.37,1897.45,1897.74,7223.484
2026-08-17 10:30:00,1897.73,1899.03,1897.06,1897.84,10654.096
2026-08-17 10:35:00,1897.84,1899.33,1897.83,1898.5,3293.154
2026-08-17 10:40:00,1898.5,1900.0,1898.31,1899.16,4836.381
2026-08-17 10:45:00,1899.16,1899.96,1898.67,1899.37,6763.738
2026-08-17 10:50:00,1899.37,1901.49,1899.37,1900.55,7214.328
2026-08-17 10:55:00,1900.54,1902.24,1899.8,1900.19,8616.684
2026-08-17 11:00:00,1900.2,1902.24,1900.19,1902.21,10799.58
2026-08-17 11:05:00,1902.21,1903.86,1902.0,1902.35,8336.307
2026-08-17 11:10:00,1902.36,1903.81,1902.35,1903.09,4830.406
2026-08-17 11:15:00,1903.08,1903.44,1901.58,1902.1,5862.633
2026-08-17 11:20:00,1902.1,1904.0,1902.09,1902.32,4867.751
2026-08-17 11:25:00,1902.32,1902.96,1901.8,1901.81,3678.657
2026-08-17 11:30:00,1901.81,1901.81,1900.32,1901.44,9178.603
2026-08-17 11:35:00,1901.45,1902.45,1901.3,1901.49,2730.753
2026-08-17 11:40:00,1901.49,1902.5,1901.34,1901.6,3518.746
2026-08-17 11:45:00,1901.6,1903.91,1901.59,1902.86,7765.597
2026-08-17 11:50:00,1902.86,1903.5,1901.53,1901.96,4203.201
2026-08-17 11:55:00,1901.97,1902.77,1901.94,1902.6,3616.309
2026-08-17 12:00:00,1902.6,1902.74,1901.35,1901.35,4583.891
2026-08-17 12:05:00,1901.35,1901.51,1900.19,1900.39,4884.48
2026-08-17 12:10:00,1900.39,1900.9,1899.01,1900.61,6004.294
2026-08-17 12:15:00,1900.61,1902.93,1900.26,1902.93,3760.388
2026-08-17 12:20:00,1902.93,1903.24,1902.52,1902.69,5800.567
2026-08-17 12:25:00,1902.69,1902.7,1900.25,1900.52,3291.326
2026-08-17 12:30:00,1900.51,1900.53,1899.13,1899.18,3691.304
2026-08-17 12:35:00,1899.17,1899.18,1897.11,1897.25,7675.653
2026-08-17 12:40:00,1897.25,1898.34,1897.25,1898.17,4119.338
2026-08-17 12:45:00,1898.17,1898.94,1897.64,1898.94,3749.242
2026-08-17 12:50:00,1898.93,1899.45,1898.93,1899.24,3168.002
2026-08-17 12:55:00,1899.24,1899.46,1898.84,1898.85,2249.887
2026-08-17 13:00:00,1898.85,1899.16,1896.85,1898.01,14842.732
2026-08-17 13:05:00,1898.01,1900.14,1898.0,1900.13,6602.616
2026-08-17 13:10:00,1900.13,1900.59,1899.17,1900.15,3927.352
2026-08-17 13:15:00,1900.15,1900.54,1899.75,1900.3,3058.591
2026-08-17 13:20:00,1900.29,1901.29,1899.2,1899.56,7905.091
2026-08-17 13:25:00,1899.55,1900.53,1899.55,1900.53,1504.55
2026-08-17 13:30:00,1900.52,1901.0,1900.03,1901.0,2613.48
2026-08-17 13:35:00,1900.99,1901.96,1900.99,1901.96,3346.79
2026-08-17 13:40:00,1901.95,1902.44,1901.95,1902.43,4256.773
2026-08-17 13:45:00,1902.43,1911.66,1902.42,1908.11,67713.26
2026-08-17 13:50:00,1908.11,1908.91,1905.41,1905.41,19261.909
2026-08-17 13:55:00,1905.41,1907.26,1905.08,1906.19,9389.641
2026-08-17 14:00:00,1906.18,1907.0,1902.37,1903.83,18656.542
2026-08-17 14:05:00,1903.83,1905.3,1903.83,1904.98,6699.366
2026-08-17 14:10:00,1904.98,1905.83,1903.75,1904.33,11403.978
2026-08-17 14:15:00,1904.33,1904.33,1901.7,1903.51,9687.645
2026-08-17 14:20:00,1903.51,1905.0,1903.5,1904.99,2667.74
2026-08-17 14:25:00,1905.0,1905.0,1903.7,1904.49,4738.567
2026-08-17 14:30:00,1904.49,1904.49,1902.4,1902.4,3580.492
2026-08-17 14:35:00,1902.4,1902.84,1901.71,1902.58,3966.448
2026-08-17 14:40:00,1902.58,1902.59,1901.6,1901.61,3378.714
2026-08-17 14:45:00,1901.61,1902.21,1901.22,1901.22,3651.873
2026-08-17 14:50:00,1901.22,1901.23,1900.34,1900.82,5055.79
2026-08-17 14:55:00,1900.83,1900.98,1899.9,1900.09,8488.618
2026-08-17 15:00:00,1900.09,1900.89,1897.1,1897.27,19522.081
2026-08-17 15:05:00,1897.27,1897.63,1893.64,1895.1,31438.331
2026-08-17 15:10:00,1895.09,1895.1,1891.75,1894.71,24207.988
2026-08-17 15:15:00,1894.71,1895.7,1893.68,1894.72,12308.822
2026-08-17 15:20:00,1894.71,1894.72,1890.6,1892.88,20705.639
2026-08-17 15:25:00,1892.87,1894.5,1892.87,1894.5,7843.951
2026-08-17 15:30:00,1894.5,1894.78,1893.55,1893.68,7479.241
2026-08-17 15:35:00,1893.68,1893.68,1892.6,1892.96,5152.98
2026-08-17 15:40:00,1892.95,1893.27,1892.0,1892.7,8345.68
2026-08-17 15:45:00,1892.69,1893.65,1892.44,1892.45,6176.71
2026-08-17 15:50:00,1892.44,1893.5,1891.0,1893.42,8671.199
2026-08-17 15:55:00,1893.42,1894.37,1892.71,1893.31,10574.702
2026-08-17 16:00:00,1893.32,1895.15,1893.31,1894.99,12930.474
2026-08-17 16:05:00,1894.99,1895.74,1894.99,1895.73,5219.541
2026-08-17 16:10:00,1895.74,1896.99,1895.42,1896.01,7477.383
2026-08-17 16:15:00,1896.01,1896.6,1894.74,1894.99,4644.39
2026-08-17 16:20:00,1894.99,1895.0,1893.1,1894.19,7534.471
2026-08-17 16:25:00,1894.2,1895.26,1894.2,1894.85,1946.341
2026-08-17 16:30:00,1894.85,1894.86,1892.71,1893.84,5470.377
2026-08-17 16:35:00,1893.84,1894.07,1892.67,1892.78,2989.452
2026-08-17 16:40:00,1892.79,1893.5,1892.78,1892.94,2231.453
2026-08-17 16:45:00,1892.94,1893.31,1892.3,1892.66,4411.862
2026-08-17 16:50:00,1892.66,1893.57,1892.66,1892.88,3225.184
2026-08-17 16:55:00,1892.89,1893.5,1892.88,1893.02,2646.207
2026-08-17 17:00:00,1893.02,1893.14,1892.73,1893.14,2285.066
2026-08-17 17:05:00,1893.14,1893.14,1891.77,1891.77,4374.208
2026-08-17 17:10:00,1891.78,1893.44,1891.77,1892.9,3585.938
2026-08-17 17:15:00,1892.9,1893.4,1891.45,1891.5,4672.326
2026-08-17 17:20:00,1891.5,1892.4,1891.25,1892.1,2806.665
2026-08-17 17:25:00,1892.1,1897.88,1892.01,1897.88,12246.85
2026-08-17 17:30:00,1897.87,1901.98,1897.4,1900.31,30101.54
2026-08-17 17:35:00,1900.32,1904.31,1900.0,1902.79,20842.893
2026-08-17 17:40:00,1902.79,1906.39,1902.48,1906.39,19532.605
2026-08-17 17:45:00,1906.39,1908.75,1904.64,1905.29,28356.244
2026-08-17 17:50:00,1905.29,1905.32,1904.0,1904.41,9403.412
2026-08-17 17:55:00,1904.41,1906.45,1904.0,1906.27,7854.343
2026-08-17 18:00:00,1906.27,1906.66,1905.42,1905.42,9207.549
2026-08-17 18:05:00,1905.42,1906.11,1904.77,1905.85,9572.057
2026-08-17 18:10:00,1905.85,1906.89,1905.2,1906.13,7962.167
2026-08-17 18:15:00,1906.12,1906.51,1904.7,1904.87,5420.188
2026-08-17 18:20:00,1904.87,1905.7,1904.2,1905.43,5815.631
2026-08-17 18:25:00,1905.43,1905.5,1904.74,1905.18,3350.036
2026-08-17 18:30:00,1905.18,1905.83,1904.78,1905.57,3978.889
2026-08-17 18:35:00,1905.56,1905.89,1904.71,1905.53,2655.111
2026-08-17 18:40:00,1905.52,1906.0,1905.18,1905.19,2212.284
2026-08-17 18:45:00,1905.18,1907.8,1905.01,1906.01,10466.277
2026-08-17 18:50:00,1906.01,1906.01,1903.51,1904.83,10939.65
2026-08-17 18:55:00,1904.82,1904.9,1903.13,1903.75,7358.638
2026-08-17 19:00:00,1903.75,1905.87,1903.42,1903.67,7518.036
2026-08-17 19:05:00,1903.68,1903.71,1901.52,1902.79,10588.754
2026-08-17 19:10:00,1902.8,1904.68,1902.34,1903.71,5926.2
2026-08-17 19:15:00,1903.72,1903.72,1901.16,1901.53,8492.197
2026-08-17 19:20:00,1901.52,1902.27,1901.23,1901.24,3219.933
2026-08-17 19:25:00,1901.25,1901.66,1897.6,1898.15,27266.157
2026-08-17 19:30:00,1898.15,1900.09,1898.15,1899.57,12504.166
2026-08-17 19:35:00,1899.57,1900.14,1896.63,1896.63,5844.445
2026-08-17 19:40:00,1896.64,1898.48,1895.81,1897.4,14032.414
2026-08-17 19:45:00,1897.4,1898.61,1897.39,1897.68,7253.893
2026-08-17 19:50:00,1897.67,1897.93,1896.79,1897.85,4368.244
2026-08-17 19:55:00,1897.84,1899.37,1897.6,1898.1,6347.541
2026-08-17 20:00:00,1898.11,1898.41,1896.58,1897.66,7848.664
2026-08-17 20:05:00,1897.66,1899.75,1897.46,1899.23,7091.612
2026-08-17 20:10:00,1899.23,1899.7,1898.11,1898.24,5239.846
2026-08-17 20:15:00,1898.24,1898.24,1895.48,1896.06,12558.897
2026-08-17 20:20:00,1896.07,1897.17,1896.0,1896.0,4451.481
2026-08-17 20:25:00,1896.0,1897.69,1895.22,1897.59,17557.759
2026-08-17 20:30:00,1897.59,1906.5,1896.33,1904.19,47802.151
2026-08-17 20:35:00,1904.2,1907.37,1902.83,1904.72,22521.016
2026-08-17 20:40:00,1904.72,1908.48,1903.68,1903.68,22340.794
2026-08-17 20:45:00,1903.69,1906.25,1901.76,1906.25,11641.588
2026-08-17 20:50:00,1906.24,1906.81,1902.85,1903.3,12172.69
2026-08-17 20:55:00,1903.31,1904.61,1902.29,1904.02,8037.632
2026-08-17 21:00:00,1904.02,1904.07,1900.35,1900.59,12527.047
2026-08-17 21:05:00,1900.59,1901.69,1898.5,1901.69,12884.932
2026-08-17 21:10:00,1901.69,1903.33,1900.41,1901.29,8115.441
2026-08-17 21:15:00,1901.28,1902.91,1898.8,1900.19,10551.917
2026-08-17 21:20:00,1900.19,1900.72,1897.7,1899.67,9742.159
2026-08-17 21:25:00,1899.67,1899.88,1897.37,1898.9,6015.712
2026-08-17 21:30:00,1898.9,1901.76,1897.33,1901.32,6356.295
2026-08-17 21:35:00,1901.32,1901.32,1899.16,1899.7,3328.721
2026-08-17 21:40:00,1899.7,1900.87,1899.69,1900.22,2374.224
2026-08-17 21:45:00,1900.23,1905.2,1900.0,1905.11,8702.702
2026-08-17 21:50:00,1905.11,1909.77,1905.1,1905.41,29029.249
2026-08-17 21:55:00,1905.42,1909.98,1905.42,1908.77,19765.137
2026-08-17 22:00:00,1908.77,1909.0,1905.86,1906.57,21317.502
2026-08-17 22:05:00,1906.56,1908.49,1904.85,1906.89,17495.45
2026-08-17 22:10:00,1906.89,1908.57,1903.74,1904.07,15776.887
2026-08-17 22:15:00,1904.06,1905.85,1903.75,1904.15,6522.356
2026-08-17 22:20:00,1904.15,1904.9,1903.57,1904.89,5501.628
2026-08-17 22:25:00,1904.9,1909.94,1904.9,1908.48,24766.165
2026-08-17 22:30:00,1908.48,1909.29,1906.21,1906.66,13469.503
2026-08-17 22:35:00,1906.66,1909.17,1906.65,1907.19,6663.492
2026-08-17 22:40:00,1907.2,1909.86,1906.92,1908.74,11208.946
2026-08-17 22:45:00,1908.74,1912.94,1908.4,1910.56,26615.619
2026-08-17 22:50:00,1910.56,1914.85,1909.64,1914.01,37508.148
2026-08-17 22:55:00,1914.0,1914.0,1911.01,1912.45,12101.107
2026-08-17 23:00:00,1912.44,1913.23,1908.85,1910.13,18804.043
2026-08-17 23:05:00,1910.13,1911.05,1909.2,1909.3,8372.079
2026-08-17 23:10:00,1909.3,1909.47,1907.68,1908.27,9412.217
2026-08-17 23:15:00,1908.27,1908.93,1907.92,1908.74,5551.074
2026-08-17 23:20:00,1908.74,1909.99,1908.0,1908.18,4231.668
2026-08-17 23:25:00,1908.17,1908.5,1907.2,1907.2,4171.058
2026-08-17 23:30:00,1907.21,1908.68,1907.14,1908.36,4516.917
2026-08-17 23:35:00,1908.37,1909.92,1907.91,1909.92,6362.529
2026-08-17 23:40:00,1909.93,1910.18,1906.68,1906.69,5761.661
2026-08-17 23:45:00,1906.69,1908.32,1906.1,1908.32,4697.168
2026-08-17 23:50:00,1908.32,1908.32,1904.29,1904.45,8336.937
2026-08-17 23:55:00,1904.46,1906.76,1904.45,1906.21,6525.814
2026-08-18 00:00:00,1906.21,1906.4,1904.62,1904.9,4167.839
2026-08-18 00:05:00,1904.9,1905.87,1904.7,1905.11,3338.18
2026-08-18 00:10:00,1905.11,1906.05,1904.04,1904.1,6380.187
2026-08-18 00:15:00,1904.11,1910.76,1903.74,1909.65,14587.154
2026-08-18 00:20:00,1909.64,1913.54,1909.28,1911.18,24204.558
2026-08-18 00:25:00,1911.19,1911.25,1907.61,1907.73,20206.846
2026-08-18 00:30:00,1907.73,1907.86,1905.71,1906.35,6213.852
2026-08-18 00:35:00,1906.35,1908.69,1903.39,1907.11,9885.668
2026-08-18 00:40:00,1907.1,1908.5,1906.79,1906.8,2823.758
2026-08-18 00:45:00,1906.81,1909.0,1906.8,1907.98,3601.41
2026-08-18 00:50:00,1907.99,1908.42,1907.36,1908.01,5480.117
2026-08-18 00:55:00,1908.01,1908.68,1907.9,1907.96,2294.303
2026-08-18 01:00:00,1907.95,1908.2,1906.84,1908.17,5606.535
2026-08-18 01:05:00,1908.16,1908.28,1906.36,1906.79,2282.162
2026-08-18 01:10:00,1906.79,1909.05,1906.32,1907.75,3977.662
2026-08-18 01:15:00,1907.76,1910.87,1907.45,1908.93,10317.303
2026-08-18 01:20:00,1908.93,1912.09,1908.13,1910.17,13279.089
2026-08-18 01:25:00,1910.17,1911.0,1909.11,1909.68,6941.29
2026-08-18 01:30:00,1909.68,1909.96,1907.72,1908.62,4101.249
2026-08-18 01:35:00,1908.63,1910.29,1908.21,1908.57,4127.79
2026-08-18 01:40:00,1908.57,1910.0,1908.06,1909.73,2526.54
2026-08-18 01:45:00,1909.73,1909.73,1908.23,1909.16,2093.198
2026-08-18 01:50:00,1909.16,1911.09,1908.68,1909.37,10153.665
2026-08-18 01:55:00,1909.37,1909.79,1908.77,1909.12,2462.274
2026-08-18 02:00:00,1909.12,1909.12,1906.17,1907.16,8172.213
2026-08-18 02:05:00,1907.15,1909.3,1906.99,1908.69,2609.665
2026-08-18 02:10:00,1908.68,1908.69,1905.88,1905.89,3334.136
2026-08-18 02:15:00,1905.89,1907.76,1905.83,1905.99,6246.623
2026-08-18 02:20:00,1905.99,1907.68,1905.63,1907.09,3015.003
2026-08-18 02:25:00,1907.09,1909.59,1906.71,1908.72,4295.685
2026-08-18 02:30:00,1908.72,1908.73,1906.8,1906.93,2357.543
2026-08-18 02:35:00,1906.92,1909.51,1906.63,1909.36,3147.375
2026-08-18 02:40:00,1909.36,1909.93,1908.35,1908.61,2530.385
2026-08-18 02:45:00,1908.6,1908.73,1907.94,1907.95,1700.6
2026-08-18 02:50:00,1907.96,1907.98,1906.8,1907.01,2321.968
2026-08-18 02:55:00,1907.01,1907.38,1906.17,1906.28,4314.52
2026-08-18 03:00:00,1906.27,1907.03,1905.03,1905.63,6321.662
2026-08-18 03:05:00,1905.62,1905.72,1904.89,1905.55,4855.35
2026-08-18 03:10:00,1905.55,1905.98,1905.16,1905.66,1971.576
2026-08-18 03:15:00,1905.65,1905.79,1903.81,1904.31,5821.263
2026-08-18 03:20:00,1904.31,1906.45,1904.14,1906.45,4422.674
2026-08-18 03:25:00,1906.45,1908.22,1905.93,1907.73,2874.373
2026-08-18 03:30:00,1907.72,1908.11,1906.46,1907.09,2014.554
2026-08-18 03:35:00,1907.08,1907.66,1906.2,1906.75,1961.683
2026-08-18 03:40:00,1906.75,1909.67,1906.74,1909.67,4283.796
2026-08-18 03:45:00,1909.66,1909.8,1906.82,1906.84,7600.161
2026-08-18 03:50:00,1906.85,1906.85,1904.35,1904.63,5622.678
2026-08-18 03:55:00,1904.62,1906.38,1904.62,1905.76,2820.224
2026-08-18 04:00:00,1905.75,1907.08,1905.34,1906.89,3203.557
2026-08-18 04:05:00,1906.89,1907.97,1906.69,1907.97,1712.135
2026-08-18 04:10:00,1907.97,1907.97,1906.44,1907.27,2287.258
2026-08-18 04:15:00,1907.26,1907.72,1906.44,1906.54,1371.703
2026-08-18 04:20:00,1906.53,1906.66,1905.32,1905.63,1643.613
2026-08-18 04:25:00,1905.62,1905.63,1905.36,1905.39,1067.077
2026-08-18 04:30:00,1905.38,1906.82,1905.25,1906.31,2258.524
2026-08-18 04:35:00,1906.31,1906.31,1905.22,1905.82,1468.097
2026-08-18 04:40:00,1905.82,1906.55,1905.1,1905.32,1336.485
2026-08-18 04:45:00,1905.32,1906.04,1905.11,1905.34,2927.622
2026-08-18 04:50:00,1905.33,1906.21,1905.14,1905.36,1597.057
2026-08-18 04:55:00,1905.36,1906.09,1905.1,1905.58,1383.99
2026-08-18 05:00:00,1905.57,1907.17,1905.38,1905.79,3732.317
2026-08-18 05:05:00,1905.79,1905.86,1904.78,1904.81,3381.884
2026-08-18 05:10:00,1904.82,1904.94,1904.26,1904.48,1850.521
2026-08-18 05:15:00,1904.47,1904.48,1903.16,1903.33,3454.468
2026-08-18 05:20:00,1903.33,1905.1,1902.65,1904.61,5641.676
2026-08-18 05:25:00,1904.6,1904.61,1903.29,1903.34,2392.193
2026-08-18 05:30:00,1903.33,1903.33,1902.58,1903.12,3050.252
2026-08-18 05:35:00,1903.13,1904.31,1902.75,1903.48,2712.843
2026-08-18 05:40:00,1903.48,1903.79,1903.12,1903.7,1185.118
2026-08-18 05:45:00,1903.7,1904.29,1903.5,1903.5,3494.598
2026-08-18 05:50:00,1903.51,1904.0,1903.17,1903.67,1568.544
2026-08-18 05:55:00,1903.68,1903.74,1903.39,1903.59,1463.487
2026-08-18 06:00:00,1903.59,1904.0,1903.0,1903.87,4499.242
2026-08-18 06:05:00,1903.86,1906.03,1903.86,1906.01,5095.033
2026-08-18 06:10:00,1906.02,1907.75,1906.01,1907.22,4141.784
2026-08-18 06:15:00,1907.21,1909.82,1907.21,1909.45,4579.133
2026-08-18 06:20:00,1909.46,1910.99,1909.34,1910.56,6687.997
2026-08-18 06:25:00,1910.55,1914.83,1910.55,1914.76,18751.474
2026-08-18 06:30:00,1914.76,1918.0,1913.05,1917.06,46644.781
2026-08-18 06:35:00,1917.06,1917.06,1913.85,1913.86,8468.962
2026-08-18 06:40:00,1913.86,1913.86,1911.69,1911.7,6724.562
2026-08-18 06:45:00,1911.69,1913.85,1911.61,1913.57,5243.553
2026-08-18 06:50:00,1913.57,1913.61,1912.1,1913.03,3392.775
2026-08-18 06:55:00,1913.03,1913.37,1911.4,1912.7,5539.057
2026-08-18 07:00:00,1912.7,1913.63,1910.37,1911.0,9068.362
2026-08-18 07:05:00,1911.0,1911.11,1909.56,1909.78,4460.127
2026-08-18 07:10:00,1909.78,1909.94,1909.3,1909.81,2498.739
2026-08-18 07:15:00,1909.81,1912.0,1909.8,1910.5,4292.994
2026-08-18 07:20:00,1910.5,1912.32,1910.0,1910.9,4557.858
2026-08-18 07:25:00,1910.91,1911.53,1910.29,1911.16,2089.95
2026-08-18 07:30:00,1911.16,1911.28,1909.82,1910.49,2949.881
2026-08-18 07:35:00,1910.49,1910.58,1908.79,1908.91,4668.994
2026-08-18 07:40:00,1908.9,1909.31,1907.77,1909.12,6977.668
2026-08-18 07:45:00,1909.11,1909.12,1908.24,1908.75,1589.41
2026-08-18 07:50:00,1908.75,1909.5,1908.19,1908.19,3097.8
2026-08-18 07:55:00,1908.19,1909.4,1908.11,1909.4,3527.137
2026-08-18 08:00:00,1909.4,1909.58,1907.5,1907.5,5569.357
2026-08-18 08:05:00,1907.51,1907.6,1905.93,1906.16,5490.149
2026-08-18 08:10:00,1906.17,1907.86,1905.21,1907.27,4612.847
2026-08-18 08:15:00,1907.27,1907.64,1906.05,1906.29,4371.201
2026-08-18 08:20:00,1906.29,1907.22,1906.26,1907.02,2582.285
2026-08-18 08:25:00,1907.03,1907.03,1906.0,1906.45,2160.716
2026-08-18 08:30:00,1906.46,1907.04,1906.11,1906.38,3208.405
2026-08-18 08:35:00,1906.39,1906.39,1905.86,1905.9,1921.811
2026-08-18 08:40:00,1905.91,1905.91,1903.0,1904.11,10834.64
2026-08-18 08:45:00,1904.11,1904.12,1900.51,1902.38,15675.115
2026-08-18 08:50:00,1902.39,1902.76,1898.76,1899.22,29829.389
2026-08-18 08:55:00,1899.21,1900.46,1898.69,1900.46,12833.038
2026-08-18 09:00:00,1900.45,1901.17,1899.47,1900.62,10915.321
2026-08-18 09:05:00,1900.61,1902.66,1900.61,1901.23,6076.001
2026-08-18 09:10:00,1901.23,1901.24,1898.64,1898.7,8687.218
2026-08-18 09:15:00,1898.7,1899.25,1897.18,1898.98,11985.708
2026-08-18 09:20:00,1898.98,1899.7,1898.92,1899.0,4651.68
2026-08-18 09:25:00,1899.0,1899.11,1896.68,1896.73,12430.192
2026-08-18 09:30:00,1896.72,1896.73,1895.07,1896.12,17839.534
2026-08-18 09:35:00,1896.11,1897.29,1895.1,1896.62,7518.93
2026-08-18 09:40:00,1896.61,1897.39,1893.01,1893.49,16507.639
2026-08-18 09:45:00,1893.49,1894.88,1888.23,1894.88,70575.754
2026-08-18 09:50:00,1894.88,1895.75,1893.27,1893.62,13993.407
2026-08-18 09:55:00,1893.63,1893.63,1890.0,1892.13,18625.814
2026-08-18 10:00:00,1892.13,1894.39,1891.51,1892.62,11000.75
2026-08-18 10:05:00,1892.62,1893.38,1891.92,1892.0,6553.397
2026-08-18 10:10:00,1892.0,1892.29,1890.51,1890.69,6726.251
2026-08-18 10:15:00,1890.7,1893.0,1890.6,1892.9,12168.02
2026-08-18 10:20:00,1892.9,1892.91,1888.34,1889.57,17192.26
2026-08-18 10:25:00,1889.56,1890.52,1889.28,1890.11,6462.627
2026-08-18 10:30:00,1890.1,1890.11,1884.2,1887.74,49972.187
2026-08-18 10:35:00,1887.74,1892.71,1887.06,1892.34,20424.655
2026-08-18 10:40:00,1892.34,1894.6,1892.24,1894.6,12936.506
2026-08-18 10:45:00,1894.59,1894.6,1892.79,1893.4,12219.751
2026-08-18 10:50:00,1893.39,1894.14,1893.01,1893.64,10349.774
2026-08-18 10:55:00,1893.65,1893.9,1893.19,1893.68,5560.898
2026-08-18 11:00:00,1893.67,1893.67,1890.54,1891.63,9501.403
2026-08-18 11:05:00,1891.63,1893.42,1891.62,1893.02,4960.81
2026-08-18 11:10:00,1893.02,1894.78,1893.01,1894.22,6253.229
2026-08-18 11:15:00,1894.21,1894.22,1893.02,1893.17,1996.723
2026-08-18 11:20:00,1893.18,1893.67,1893.0,1893.35,2779.674
2026-08-18 11:25:00,1893.34,1894.06,1893.16,1894.06,3720.393
2026-08-18 11:30:00,1894.06,1896.35,1894.05,1896.0,8852.259
2026-08-18 11:35:00,1896.01,1896.61,1895.55,1895.56,5268.485
2026-08-18 11:40:00,1895.55,1896.59,1895.55,1895.96,3908.82
2026-08-18 11:45:00,1895.96,1896.87,1894.9,1894.9,6292.425
2026-08-18 11:50:00,1894.91,1895.91,1894.9,1895.91,3337.176
2026-08-18 11:55:00,1895.91,1896.29,1895.62,1895.77,1818.021
2026-08-18 12:00:00,1895.77,1895.77,1894.27,1895.74,5056.529
2026-08-18 12:05:00,1895.74,1897.8,1895.57,1897.8,5718.633
2026-08-18 12:10:00,1897.8,1897.8,1896.17,1896.94,4922.787
2026-08-18 12:15:00,1896.94,1897.6,1896.33,1897.0,4965.35
2026-08-18 12:20:00,1897.0,1897.38,1894.91,1894.97,3857.134
2026-08-18 12:25:00,1894.97,1895.8,1894.96,1895.21,2518.683
2026-08-18 12:30:00,1895.2,1895.2,1893.33,1893.34,8267.188
2026-08-18 12:35:00,1893.33,1893.6,1891.68,1893.6,11155.285
2026-08-18 12:40:00,1893.6,1896.1,1893.59,1895.85,3202.18
2026-08-18 12:45:00,1895.85,1895.85,1894.31,1895.11,2383.226
2026-08-18 12:50:00,1895.11,1895.83,1894.0,1895.52,3957.305
2026-08-18 12:55:00,1895.52,1895.52,1894.56,1894.57,2734.913
2026-08-18 13:00:00,1894.56,1894.57,1893.0,1893.56,6017.083
2026-08-18 13:05:00,1893.56,1894.44,1892.58,1894.44,3489.462
2026-08-18 13:10:00,1894.45,1896.25,1893.99,1895.37,4603.926
2026-08-18 13:15:00,1895.36,1897.81,1895.24,1896.52,6751.872
2026-08-18 13:20:00,1896.52,1899.16,1896.52,1899.11,8211.289
2026-08-18 13:25:00,1899.11,1899.75,1898.47,1899.15,7816.224
2026-08-18 13:30:00,1899.14,1901.85,1899.14,1900.26,13701.865
2026-08-18 13:35:00,1900.26,1902.58,1900.0,1902.23,9700.651
2026-08-18 13:40:00,1902.22,1906.25,1902.22,1904.68,30317.49
2026-08-18 13:45:00,1904.68,1905.3,1902.17,1902.39,12294.304
2026-08-18 13:50:00,1902.38,1902.49,1901.12,1901.15,8147.539
2026-08-18 13:55:00,1901.15,1902.12,1900.28,1902.02,4887.768
2026-08-18 14:00:00,1902.02,1902.58,1900.7,1901.78,4931.252
2026-08-18 14:05:00,1901.79,1902.13,1901.35,1901.67,3745.926
2026-08-18 14:10:00,1901.67,1901.7,1901.06,1901.61,2334.605
2026-08-18 14:15:00,1901.6,1902.0,1900.82,1901.24,4427.601
2026-08-18 14:20:00,1901.24,1901.25,1899.69,1900.0,3900.434
2026-08-18 14:25:00,1900.0,1900.28,1898.41,1898.42,4251.791
2026-08-18 14:30:00,1898.41,1899.77,1897.8,1898.63,8193.176
2026-08-18 14:35:00,1898.63,1901.38,1898.54,1900.11,5564.166
2026-08-18 14:40:00,1900.11,1900.51,1899.43,1899.44,2814.43
2026-08-18 14:45:00,1899.43,1899.44,1896.71,1896.71,5255.912
2026-08-18 14:50:00,1896.72,1898.05,1896.19,1897.34,7026.113
2026-08-18 14:55:00,1897.34,1898.1,1897.06,1897.69,2757.278
2026-08-18 15:00:00,1897.69,1898.11,1895.38,1895.59,12579.781
2026-08-18 15:05:00,1895.6,1895.6,1892.68,1894.62,15365.828
2026-08-18 15:10:00,1894.62,1896.33,1893.83,1896.24,6801.426
2026-08-18 15:15:00,1896.24,1899.4,1896.23,1899.4,9222.968
2026-08-18 15:20:00,1899.4,1899.4,1895.94,1896.69,7777.69
2026-08-18 15:25:00,1896.69,1898.17,1896.42,1897.01,2622.053
2026-08-18 15:30:00,1897.0,1898.61,1896.51,1898.19,2809.836
2026-08-18 15:35:00,1898.19,1901.07,1898.19,1900.76,5484.288
2026-08-18 15:40:00,1900.75,1900.76,1899.01,1899.14,2338.947
2026-08-18 15:45:00,1899.14,1899.2,1897.12,1897.62,2320.754
2026-08-18 15:50:00,1897.62,1899.46,1897.33,1898.85,2175.299
2026-08-18 15:55:00,1898.84,1899.56,1898.62,1899.36,1945.796
2026-08-18 16:00:00,1899.35,1899.35,1897.8,1898.11,2474.907
2026-08-18 16:05:00,1898.12,1898.23,1897.13,1897.62,3172.014
2026-08-18 16:10:00,1897.63,1898.37,1897.62,1898.01,1737.262
2026-08-18 16:15:00,1898.01,1898.16,1895.65,1895.91,3419.052
2026-08-18 16:20:00,1895.9,1896.2,1895.0,1895.0,4670.581
2026-08-18 16:25:00,1895.01,1895.6,1894.52,1895.29,3879.576
2026-08-18 16:30:00,1895.28,1896.27,1894.94,1896.27,5762.436
2026-08-18 16:35:00,1896.27,1896.75,1895.42,1895.86,1850.948
2026-08-18 16:40:00,1895.86,1896.46,1894.81,1895.62,3787.158
2026-08-18 16:45:00,1895.61,1896.59,1895.0,1895.76,2881.711
2026-08-18 16:50:00,1895.75,1896.2,1894.9,1895.73,3300.873
2026-08-18 16:55:00,1895.74,1896.3,1895.73,1895.83,1581.116
2026-08-18 17:00:00,1895.84,1897.34,1894.72,1897.06,4644.596
2026-08-18 17:05:00,1897.06,1897.06,1895.0,1895.41,1984.357
2026-08-18 17:10:00,1895.41,1895.42,1894.14,1895.12,4158.693
2026-08-18 17:15:00,1895.13,1896.05,1895.12,1895.62,1806.506
2026-08-18 17:20:00,1895.62,1895.62,1894.31,1895.14,1818.734
2026-08-18 17:25:00,1895.14,1895.9,1895.04,1895.9,1574.44
2026-08-18 17:30:00,1895.9,1896.69,1895.74,1896.54,1981.689
2026-08-18 17:35:00,1896.54,1898.4,1896.54,1897.09,7112.022
2026-08-18 17:40:00,1897.08,1897.17,1896.3,1896.31,2210.961
2026-08-18 17:45:00,1896.31,1897.31,1896.3,1897.05,2063.349
2026-08-18 17:50:00,1897.05,1897.11,1896.82,1897.04,1708.974
2026-08-18 17:55:00,1897.03,1897.56,1897.03,1897.09,3005.47
2026-08-18 18:00:00,1897.09,1900.0,1896.66,1899.07,14371.404
2026-08-18 18:05:00,1899.06,1899.58,1898.21,1899.58,3076.194
2026-08-18 18:10:00,1899.58,1901.23,1899.57,1901.23,10057.025
2026-08-18 18:15:00,1901.22,1902.81,1901.22,1902.17,7396.926
2026-08-18 18:20:00,1902.18,1904.33,1902.07,1904.18,10873.653
2026-08-18 18:25:00,1904.17,1904.99,1903.77,1903.84,7525.809
2026-08-18 18:30:00,1903.84,1904.21,1903.0,1903.63,9709.784
2026-08-18 18:35:00,1903.63,1903.7,1903.08,1903.35,2280.155
2026-08-18 18:40:00,1903.36,1904.43,1903.35,1903.7,5202.33
2026-08-18 18:45:00,1903.7,1904.45,1902.93,1903.0,5546.833
2026-08-18 18:50:00,1903.0,1903.38,1902.07,1902.48,5992.723
2026-08-18 18:55:00,1902.48,1902.49,1901.8,1902.31,2577.758
2026-08-18 19:00:00,1902.31,1902.31,1901.0,1902.16,4273.482
2026-08-18 19:05:00,1902.16,1903.28,1900.49,1900.78,4366.521
2026-08-18 19:10:00,1900.77,1900.96,1900.17,1900.65,2793.544
2026-08-18 19:15:00,1900.64,1900.65,1899.74,1899.84,3952.84
2026-08-18 19:20:00,1899.84,1901.86,1899.84,1900.38,4118.719
2026-08-18 19:25:00,1900.39,1900.8,1900.31,1900.77,1764.339
2026-08-18 19:30:00,1900.76,1900.92,1899.5,1900.92,4245.572
2026-08-18 19:35:00,1900.92,1900.92,1899.31,1899.75,3242.378
2026-08-18 19:40:00,1899.75,1899.84,1898.61,1898.72,3059.436
2026-08-18 19:45:00,1898.72,1899.55,1898.13,1899.22,3706.282
2026-08-18 19:50:00,1899.23,1900.0,1899.1,1899.19,2279.531
2026-08-18 19:55:00,1899.2,1899.2,1898.46,1898.47,3766.5
2026-08-18 20:00:00,1898.46,1898.46,1895.8,1896.91,11325.947
2026-08-18 20:05:00,1896.91,1897.16,1896.55,1896.76,3585.684
2026-08-18 20:10:00,1896.75,1897.49,1896.75,1897.12,2554.252
2026-08-18 20:15:00,1897.12,1897.18,1896.06,1896.65,2291.992
2026-08-18 20:20:00,1896.66,1896.66,1895.22,1895.76,6022.683
2026-08-18 20:25:00,1895.75,1896.3,1894.64,1894.89,7824.207
2026-08-18 20:30:00,1894.89,1897.48,1893.13,1894.87,32150.838
2026-08-18 20:35:00,1894.87,1898.86,1893.07,1898.86,17579.769
2026-08-18 20:40:00,1898.85,1899.14,1895.61,1896.24,10929.661
2026-08-18 20:45:00,1896.24,1898.3,1895.21,1897.23,7281.271
2026-08-18 20:50:00,1897.23,1899.26,1894.2,1894.49,13254.294
2026-08-18 20:55:00,1894.49,1897.38,1893.8,1897.05,7698.57
2026-08-18 21:00:00,1897.05,1901.34,1896.76,1901.01,13419.097
2026-08-18 21:05:00,1901.0,1901.42,1898.0,1898.0,8701.351
2026-08-18 21:10:00,1898.01,1898.01,1896.67,1896.99,5568.775
2026-08-18 21:15:00,1897.0,1902.55,1896.18,1901.78,12298.656
2026-08-18 21:20:00,1901.77,1908.81,1901.28,1908.4,50351.84
2026-08-18 21:25:00,1908.41,1919.61,1908.33,1917.5,125593.82
2026-08-18 21:30:00,1917.51,1922.72,1913.18,1913.81,133258.988
2026-08-18 21:35:00,1913.81,1914.75,1910.91,1911.99,42565.561
2026-08-18 21:40:00,1912.0,1914.74,1910.14,1911.41,27322.442
2026-08-18 21:45:00,1911.41,1913.31,1911.15,1913.31,23568.76
2026-08-18 21:50:00,1913.31,1914.99,1908.11,1911.49,31504.976
2026-08-18 21:55:00,1911.48,1912.12,1909.87,1910.18,13768.163
2026-08-18 22:00:00,1910.17,1915.99,1910.17,1914.7,39562.799
2026-08-18 22:05:00,1914.71,1915.0,1909.2,1909.61,18307.629
2026-08-18 22:10:00,1909.62,1912.5,1907.5,1911.62,20474.956
2026-08-18 22:15:00,1911.61,1914.34,1911.31,1913.51,12204.259
2026-08-18 22:20:00,1913.5,1914.63,1911.75,1913.0,10306.897
2026-08-18 22:25:00,1912.99,1916.35,1912.07,1915.1,26034.723
2026-08-18 22:30:00,1915.1,1917.85,1914.45,1917.82,18709.502
2026-08-18 22:35:00,1917.83,1918.85,1916.66,1917.2,26955.875
2026-08-18 22:40:00,1917.2,1918.0,1916.12,1916.12,10410.643
2026-08-18 22:45:00,1916.13,1917.81,1915.0,1915.01,8704.913
2026-08-18 22:50:00,1915.0,1917.75,1914.84,1917.17,8813.882
2026-08-18 22:55:00,1917.18,1917.18,1915.56,1916.88,7448.262
2026-08-18 23:00:00,1916.88,1917.42,1915.64,1916.09,10984.017
2026-08-18 23:05:00,1916.08,1918.65,1915.28,1915.86,10259.028
2026-08-18 23:10:00,1915.86,1915.87,1913.83,1914.06,16010.468
2026-08-18 23:15:00,1914.06,1914.4,1913.19,1914.4,6388.732
2026-08-18 23:20:00,1914.4,1915.0,1914.13,1915.0,5534.554
2026-08-18 23:25:00,1915.0,1915.2,1912.64,1912.75,8845.894
2026-08-18 23:30:00,1912.75,1914.38,1911.62,1914.3,8623.343
2026-08-18 23:35:00,1914.31,1916.14,1913.91,1915.86,8488.496
2026-08-18 23:40:00,1915.86,1918.21,1915.5,1917.42,11156.539
2026-08-18 23:45:00,1917.43,1921.69,1917.0,1918.64,27330.494
2026-08-18 23:50:00,1918.65,1918.8,1917.5,1917.51,6297.991
2026-08-18 23:55:00,1917.5,1918.16,1917.15,1917.65,4188.576
2026-08-19 00:00:00,1917.65,1917.77,1914.71,1915.63,9186.336
2026-08-19 00:05:00,1915.63,1915.63,1913.98,1915.0,3954.099
2026-08-19 00:10:00,1914.99,1915.0,1913.8,1915.0,4225.751
2026-08-19 00:15:00,1915.0,1915.0,1913.49,1914.89,2987.866
2026-08-19 00:20:00,1914.9,1916.21,1914.82,1915.16,5937.411
2026-08-19 00:25:00,1915.16,1915.7,1914.72,1915.46,2967.443
2026-08-19 00:30:00,1915.46,1915.59,1911.65,1913.12,21044.206
2026-08-19 00:35:00,1913.12,1914.34,1911.96,1914.12,7272.839
2026-08-19 00:40:00,1914.12,1914.12,1912.45,1913.19,9030.777
2026-08-19 00:45:00,1913.19,1913.59,1912.02,1912.24,2899.565
2026-08-19 00:50:00,1912.25,1912.8,1911.64,1912.12,2821.928
2026-08-19 00:55:00,1912.12,1912.13,1910.3,1910.37,8189.882
2026-08-19 01:00:00,1910.38,1911.43,1909.59,1911.43,9522.842
2026-08-19 01:05:00,1911.43,1912.24,1911.42,1912.24,2945.291
2026-08-19 01:10:00,1912.23,1913.33,1911.82,1913.33,3156.764
2026-08-19 01:15:00,1913.33,1915.0,1913.05,1914.98,6200.011
2026-08-19 01:20:00,1914.99,1915.49,1914.5,1915.06,3523.644
2026-08-19 01:25:00,1915.06,1915.71,1914.54,1915.61,3244.55
2026-08-19 01:30:00,1915.6,1916.0,1914.93,1915.64,3513.24
2026-08-19 01:35:00,1915.65,1916.68,1914.95,1916.23,9234.182
2026-08-19 01:40:00,1916.23,1916.24,1914.97,1915.16,2184.44
2026-08-19 01:45:00,1915.15,1916.3,1914.76,1916.18,3052.771
2026-08-19 01:50:00,1916.19,1916.19,1915.33,1915.38,1511.872
2026-08-19 01:55:00,1915.39,1915.8,1915.0,1915.65,2409.673
2026-08-19 02:00:00,1915.64,1915.64,1914.35,1915.12,6682.999
2026-08-19 02:05:00,1915.13,1915.66,1913.72,1913.84,3519.412
2026-08-19 02:10:00,1913.85,1914.35,1913.16,1913.17,4181.047
2026-08-19 02:15:00,1913.16,1913.63,1912.3,1912.85,2670.375
2026-08-19 02:20:00,1912.86,1914.47,1912.85,1914.47,1379.436
2026-08-19 02:25:00,1914.47,1916.72,1914.43,1915.92,4651.944
2026-08-19 02:30:00,1915.91,1916.04,1915.02,1915.03,3204.759
2026-08-19 02:35:00,1915.02,1915.42,1913.89,1914.35,4381.643
2026-08-19 02:40:00,1914.34,1914.53,1913.68,1914.03,2602.111
2026-08-19 02:45:00,1914.02,1914.53,1913.48,1913.85,1789.663
2026-08-19 02:50:00,1913.86,1914.09,1912.92,1912.92,2676.366
2026-08-19 02:55:00,1912.93,1913.19,1912.22,1912.57,3828.837
2026-08-19 03:00:00,1912.57,1912.97,1911.37,1911.5,3481.744
2026-08-19 03:05:00,1911.49,1913.15,1911.0,1913.14,2146.587
2026-08-19 03:10:00,1913.14,1913.85,1912.18,1913.83,2804.788
2026-08-19 03:15:00,1913.83,1913.83,1912.12,1912.12,1098.923
2026-08-19 03:20:00,1912.13,1912.88,1911.19,1912.81,8084.777
2026-08-19 03:25:00,1912.8,1912.94,1912.0,1912.01,933.749
2026-08-19 03:30:00,1912.0,1915.13,1911.75,1914.08,8130.065
2026-08-19 03:35:00,1914.07,1914.35,1913.37,1913.86,2357.675
2026-08-19 03:40:00,1913.87,1913.87,1912.88,1912.89,1114.789
2026-08-19 03:45:00,1912.88,1913.29,1911.6,1911.63,3004.487
2026-08-19 03:50:00,1911.63,1913.18,1910.84,1912.61,7774.233
2026-08-19 03:55:00,1912.62,1912.83,1911.96,1911.96,2516.681
2026-08-19 04:00:00,1911.96,1913.1,1911.96,1912.9,1417.642
2026-08-19 04:05:00,1912.89,1913.34,1912.89,1913.02,1338.726
2026-08-19 04:10:00,1913.02,1914.13,1912.63,1912.73,3018.692
2026-08-19 04:15:00,1912.74,1913.16,1912.06,1912.3,1443.31
2026-08-19 04:20:00,1912.31,1912.84,1912.3,1912.61,1203.278
2026-08-19 04:25:00,1912.61,1913.0,1912.25,1912.41,6100.554
2026-08-19 04:30:00,1912.41,1912.56,1912.04,1912.05,1353.146
2026-08-19 04:35:00,1912.05,1912.64,1910.63,1911.11,2493.368
2026-08-19 04:40:00,1911.11,1911.62,1910.11,1910.7,2323.455
2026-08-19 04:45:00,1910.7,1911.4,1910.6,1910.61,2258.95
2026-08-19 04:50:00,1910.6,1911.57,1910.57,1911.14,1734.703
2026-08-19 04:55:00,1911.14,1911.4,1910.28,1911.21,1418.534
2026-08-19 05:00:00,1911.22,1912.7,1910.7,1912.12,3634.767
2026-08-19 05:05:00,1912.11,1912.93,1911.4,1912.77,2502.752
2026-08-19 05:10:00,1912.76,1914.16,1912.48,1912.94,6259.883
2026-08-19 05:15:00,1912.95,1913.82,1912.67,1913.79,1754.476
2026-08-19 05:20:00,1913.8,1914.46,1912.76,1912.76,2001.546
2026-08-19 05:25:00,1912.77,1913.71,1912.16,1913.71,3096.993
2026-08-19 05:30:00,1913.71,1913.99,1913.37,1913.99,1813.54
2026-08-19 05:35:00,1914.0,1914.58,1912.72,1913.89,4882.53
2026-08-19 05:40:00,1913.89,1913.89,1912.79,1912.86,1354.435
2026-08-19 05:45:00,1912.85,1913.05,1912.19,1912.61,2590.127
2026-08-19 05:50:00,1912.61,1912.67,1911.87,1911.88,2166.09
2026-08-19 05:55:00,1911.87,1912.94,1911.5,1912.43,3611.108
2026-08-19 06:00:00,1912.43,1915.2,1912.1,1915.14,5334.643
2026-08-19 06:05:00,1915.14,1916.0,1914.19,1914.85,4939.175
2026-08-19 06:10:00,1914.85,1916.17,1914.84,1916.08,2138.78
2026-08-19 06:15:00,1916.08,1916.7,1915.81,1916.65,3733.577
2026-08-19 06:20:00,1916.65,1918.42,1916.29,1917.87,8405.002
2026-08-19 06:25:00,1917.87,1918.73,1917.63,1917.63,5358.226
2026-08-19 06:30:00,1917.64,1918.93,1917.64,1918.92,2827.884
2026-08-19 06:35:00,1918.92,1919.35,1918.27,1918.27,6123.214
2026-08-19 06:40:00,1918.27,1919.0,1918.25,1918.51,2105.367
2026-08-19 06:45:00,1918.51,1919.63,1917.61,1918.86,7830.476
2026-08-19 06:50:00,1918.87,1919.07,1918.45,1918.45,2649.219
2026-08-19 06:55:00,1918.46,1918.46,1916.38,1917.1,5657.036
2026-08-19 07:00:00,1917.09,1918.03,1912.33,1912.62,13615.359
2026-08-19 07:05:00,1912.62,1914.81,1911.0,1913.39,14300.078
2026-08-19 07:10:00,1913.4,1913.54,1912.0,1912.64,5729.613
2026-08-19 07:15:00,1912.64,1913.77,1911.35,1913.76,5529.727
2026-08-19 07:20:00,1913.75,1918.42,1913.75,1916.27,9933.181
2026-08-19 07:25:00,1916.27,1916.27,1915.23,1915.57,1985.368
2026-08-19 07:30:00,1915.58,1917.13,1915.24,1916.14,3089.793
2026-08-19 07:35:00,1916.14,1916.74,1915.52,1915.96,3074.726
2026-08-19 07:40:00,1915.96,1915.97,1913.0,1913.94,4212.039
2026-08-19 07:45:00,1913.93,1914.92,1913.26,1914.35,3163.081
2026-08-19 07:50:00,1914.34,1915.01,1912.5,1914.44,9466.765
2026-08-19 07:55:00,1914.45,1914.97,1912.33,1912.63,6306.456
2026-08-19 08:00:00,1912.62,1913.97,1911.88,1913.78,13116.502
2026-08-19 08:05:00,1913.77,1917.31,1913.61,1917.31,7639.531
2026-08-19 08:10:00,1917.31,1917.31,1914.87,1915.58,4455.378
2026-08-19 08:15:00,1915.58,1915.58,1912.62,1914.63,2979.913
2026-08-19 08:20:00,1914.62,1915.39,1913.0,1913.0,3869.714
2026-08-19 08:25:00,1913.0,1915.64,1911.16,1914.43,9948.228
2026-08-19 08:30:00,1914.43,1914.75,1912.4,1913.79,3498.09
2026-08-19 08:35:00,1913.79,1914.69,1913.0,1913.31,8748.479
2026-08-19 08:40:00,1913.31,1913.31,1911.73,1912.92,5994.469
2026-08-19 08:45:00,1912.91,1913.6,1912.01,1912.84,5422.325
2026-08-19 08:50:00,1912.85,1914.31,1912.73,1913.42,4551.168
2026-08-19 08:55:00,1913.42,1914.34,1912.0,1912.82,5444.007
2026-08-19 09:00:00,1912.82,1912.82,1910.66,1911.27,7615.352
2026-08-19 09:05:00,1911.27,1911.45,1910.22,1910.36,3800.719
2026-08-19 09:10:00,1910.36,1912.91,1910.0,1911.6,9400.948
2026-08-19 09:15:00,1911.6,1911.76,1907.37,1907.59,13304.947
2026-08-19 09:20:00,1907.58,1910.1,1906.15,1909.13,17174.432
2026-08-19 09:25:00,1909.13,1910.35,1908.99,1909.4,4590.699
2026-08-19 09:30:00,1909.41,1909.57,1907.51,1907.72,5592.843
2026-08-19 09:35:00,1907.73,1909.62,1907.65,1908.8,4622.066
2026-08-19 09:40:00,1908.8,1909.0,1907.74,1908.24,3992.181
2026-08-19 09:45:00,1908.23,1909.69,1908.2,1908.42,4702.952
2026-08-19 09:50:00,1908.42,1908.42,1906.27,1906.65,9465.072
2026-08-19 09:55:00,1906.64,1907.74,1906.64,1906.83,2533.299
2026-08-19 10:00:00,1906.84,1908.62,1906.83,1908.05,5413.908
2026-08-19 10:05:00,1908.05,1908.82,1905.2,1906.55,15856.783
2026-08-19 10:10:00,1906.54,1910.89,1906.48,1910.43,7715.826
2026-08-19 10:15:00,1910.43,1914.26,1910.42,1913.55,24109.138
2026-08-19 10:20:00,1913.56,1914.82,1911.81,1912.0,7259.578
2026-08-19 10:25:00,1912.0,1912.45,1911.73,1911.79,1690.738
2026-08-19 10:30:00,1911.78,1912.0,1910.0,1910.37,5265.032
2026-08-19 10:35:00,1910.36,1910.91,1909.75,1910.14,2329.171
2026-08-19 10:40:00,1910.14,1911.82,1910.14,1911.04,2174.405
2026-08-19 10:45:00,1911.04,1912.23,1910.27,1912.22,2396.32
2026-08-19 10:50:00,1912.23,1913.12,1911.03,1911.03,2823.958
2026-08-19 10:55:00,1911.03,1911.92,1911.0,1911.21,1648.298
2026-08-19 11:00:00,1911.2,1911.2,1909.94,1910.32,3449.479
2026-08-19 11:05:00,1910.32,1910.33,1909.38,1909.7,4023.738
2026-08-19 11:10:00,1909.71,1910.5,1909.61,1910.0,2134.762
2026-08-19 11:15:00,1910.0,1911.41,1909.99,1911.38,2265.827
2026-08-19 11:20:00,1911.38,1912.93,1911.37,1912.2,2545.518
2026-08-19 11:25:00,1912.19,1912.2,1911.16,1911.52,1313.609
2026-08-19 11:30:00,1911.52,1912.4,1910.31,1912.39,3092.273
2026-08-19 11:35:00,1912.4,1913.7,1910.68,1911.55,5983.687
2026-08-19 11:40:00,1911.55,1911.85,1910.35,1910.75,4369.788
2026-08-19 11:45:00,1910.76,1912.0,1910.38,1910.5,2806.764
2026-08-19 11:50:00,1910.5,1910.57,1909.14,1910.0,5864.299
2026-08-19 11:55:00,1910.0,1910.16,1909.19,1909.78,1707.628
2026-08-19 12:00:00,1909.77,1911.39,1909.42,1911.07,2588.221
2026-08-19 12:05:00,1911.08,1912.0,1910.9,1911.92,2769.077
2026-08-19 12:10:00,1911.93,1913.32,1911.61,1912.28,3532.203
2026-08-19 12:15:00,1912.27,1912.33,1910.82,1910.82,2040.745
2026-08-19 12:20:00,1910.82,1911.34,1910.04,1911.16,2653.716
2026-08-19 12:25:00,1911.16,1913.0,1910.82,1912.7,2444.471
2026-08-19 12:30:00,1912.69,1913.15,1911.79,1911.98,1966.844
2026-08-19 12:35:00,1911.97,1912.31,1911.48,1911.97,1528.472
2026-08-19 12:40:00,1911.98,1912.13,1911.05,1911.7,2815.021
2026-08-19 12:45:00,1911.69,1911.7,1910.6,1910.73,1682.924
2026-08-19 12:50:00,1910.74,1911.66,1910.14,1910.14,2365.612
2026-08-19 12:55:00,1910.13,1910.45,1908.85,1909.19,7563.795
2026-08-19 13:00:00,1909.19,1910.25,1907.99,1908.0,8382.333
2026-08-19 13:05:00,1908.0,1908.66,1905.27,1905.88,22951.844
2026-08-19 13:10:00,1905.87,1906.49,1905.36,1906.0,10101.906
2026-08-19 13:15:00,1906.0,1910.17,1905.99,1909.77,12508.954
2026-08-19 13:20:00,1909.77,1912.13,1909.77,1911.44,9639.552
2026-08-19 13:25:00,1911.44,1911.45,1909.72,1910.0,3215.365
2026-08-19 13:30:00,1909.99,1910.32,1908.78,1909.94,5959.097
2026-08-19 13:35:00,1909.94,1911.39,1909.7,1911.01,2936.551
2026-08-19 13:40:00,1911.0,1911.39,1910.1,1911.27,4854.4
2026-08-19 13:45:00,1911.27,1916.06,1911.27,1913.85,25527.777
2026-08-19 13:50:00,1913.84,1914.73,1913.35,1914.48,6894.286
2026-08-19 13:55:00,1914.49,1916.88,1914.48,1916.87,14394.501
2026-08-19 14:00:00,1916.87,1918.37,1914.81,1914.94,20773.141
2026-08-19 14:05:00,1914.95,1915.5,1914.61,1915.48,6281.636
2026-08-19 14:10:00,1915.49,1920.35,1915.48,1920.34,34457.031
2026-08-19 14:15:00,1920.34,1920.39,1917.01,1917.34,11172.397
2026-08-19 14:20:00,1917.35,1918.5,1917.31,1918.38,7947.234
2026-08-19 14:25:00,1918.38,1918.59,1917.09,1917.1,5606.426
2026-08-19 14:30:00,1917.1,1919.38,1916.68,1919.24,10284.359
2026-08-19 14:35:00,1919.24,1920.7,1918.96,1920.21,13246.051
2026-08-19 14:40:00,1920.21,1920.72,1918.83,1918.94,9515.295
2026-08-19 14:45:00,1918.94,1919.82,1918.19,1918.27,7079.167
2026-08-19 14:50:00,1918.27,1918.28,1916.36,1916.37,6503.551
2026-08-19 14:55:00,1916.36,1916.36,1914.83,1915.14,10522.02
2026-08-19 15:00:00,1915.14,1916.47,1915.01,1916.46,5179.938
2026-08-19 15:05:00,1916.46,1917.3,1915.67,1915.8,5362.156
2026-08-19 15:10:00,1915.8,1916.23,1915.0,1915.03,3000.842
2026-08-19 15:15:00,1915.02,1916.13,1914.36,1916.01,3927.508
2026-08-19 15:20:00,1916.01,1916.22,1915.15,1915.28,2396.029
2026-08-19 15:25:00,1915.28,1916.42,1915.27,1916.35,3419.672
2026-08-19 15:30:00,1916.34,1918.81,1916.16,1918.24,8662.168
2026-08-19 15:35:00,1918.25,1929.8,1917.76,1924.63,93139.388
2026-08-19 15:40:00,1924.62,1925.32,1923.15,1923.65,24015.816
2026-08-19 15:45:00,1923.65,1925.79,1923.58,1923.8,30590.314
2026-08-19 15:50:00,1923.8,1924.23,1922.35,1922.39,12923.895
2026-08-19 15:55:00,1922.4,1922.82,1920.74,1920.75,11916.503
2026-08-19 16:00:00,1920.75,1923.18,1920.75,1923.16,8108.692
2026-08-19 16:05:00,1923.16,1923.17,1920.57,1920.73,6696.922
2026-08-19 16:10:00,1920.72,1922.44,1920.72,1921.58,4523.693
2026-08-19 16:15:00,1921.59,1922.78,1920.72,1922.69,5001.529
2026-08-19 16:20:00,1922.7,1922.7,1921.22,1921.49,3704.633
2026-08-19 16:25:00,1921.48,1921.83,1920.1,1920.34,4333.38
2026-08-19 16:30:00,1920.34,1920.5,1919.61,1920.06,4938.832
2026-08-19 16:35:00,1920.06,1920.12,1918.8,1919.07,5470.307
2026-08-19 16:40:00,1919.07,1919.07,1917.23,1917.7,7098.841
2026-08-19 16:45:00,1917.7,1918.04,1917.23,1917.73,5776.631
2026-08-19 16:50:00,1917.72,1918.13,1917.27,1918.11,4411.442
2026-08-19 16:55:00,1918.1,1918.66,1917.77,1918.3,3834.128
2026-08-19 17:00:00,1918.3,1918.31,1917.28,1917.42,4300.466
2026-08-19 17:05:00,1917.42,1917.98,1916.73,1917.44,5618.342
2026-08-19 17:10:00,1917.44,1918.34,1917.0,1917.82,6524.543
2026-08-19 17:15:00,1917.82,1918.2,1917.0,1918.2,5094.243
2026-08-19 17:20:00,1918.2,1918.52,1917.21,1917.21,7771.908
2026-08-19 17:25:00,1917.22,1917.67,1916.45,1917.46,4038.983
2026-08-19 17:30:00,1917.47,1917.47,1916.71,1917.4,2479.347
2026-08-19 17:35:00,1917.4,1918.1,1917.36,1917.98,2774.056
2026-08-19 17:40:00,1917.99,1918.27,1917.47,1918.01,3215.766
2026-08-19 17:45:00,1918.01,1918.77,1917.89,1918.31,3340.466
2026-08-19 17:50:00,1918.32,1919.0,1917.96,1918.43,4304.157
2026-08-19 17:55:00,1918.43,1919.41,1918.42,1919.27,4320.474
2026-08-19 18:00:00,1919.27,1920.78,1919.0,1920.75,6462.771
2026-08-19 18:05:00,1920.75,1924.92,1920.75,1923.05,26595.692
2026-08-19 18:10:00,1923.06,1925.43,1923.05,1924.0,19675.212
2026-08-19 18:15:00,1924.01,1924.11,1919.61,1921.72,19983.435
2026-08-19 18:20:00,1921.72,1922.64,1920.7,1922.4,3896.003
2026-08-19 18:25:00,1922.4,1922.4,1921.3,1921.33,2879.325
2026-08-19 18:30:00,1921.34,1923.29,1921.34,1923.28,4661.094
2026-08-19 18:35:00,1923.29,1923.49,1922.0,1922.28,3573.376
2026-08-19 18:40:00,1922.27,1922.28,1921.39,1921.44,2331.821
2026-08-19 18:45:00,1921.45,1922.11,1921.44,1921.95,1834.25
2026-08-19 18:50:00,1921.95,1922.55,1921.54,1922.13,2518.447
2026-08-19 18:55:00,1922.13,1922.5,1921.76,1922.34,1442.15
2026-08-19 19:00:00,1922.35,1923.19,1922.09,1922.1,4977.792
2026-08-19 19:05:00,1922.09,1923.57,1921.65,1922.52,3083.34
2026-08-19 19:10:00,1922.52,1923.55,1921.6,1923.54,3662.362
2026-08-19 19:15:00,1923.54,1923.55,1922.1,1922.87,3279.224
2026-08-19 19:20:00,1922.87,1923.57,1922.49,1922.59,2530.526
2026-08-19 19:25:00,1922.58,1923.07,1922.28,1922.67,1760.762
2026-08-19 19:30:00,1922.68,1926.9,1921.76,1926.11,17955.553
2026-08-19 19:35:00,1926.11,1928.53,1923.97,1926.31,31528.314
2026-08-19 19:40:00,1926.3,1932.89,1925.96,1932.38,65545.094
2026-08-19 19:45:00,1932.38,1942.79,1931.52,1941.83,148695.351
2026-08-19 19:50:00,1941.82,1942.64,1934.52,1935.69,48882.134
2026-08-19 19:55:00,1935.69,1937.0,1934.85,1936.33,16000.15
2026-08-19 20:00:00,1936.33,1936.92,1931.97,1932.96,36889.789
2026-08-19 20:05:00,1932.97,1935.9,1932.45,1934.83,15021.038
2026-08-19 20:10:00,1934.83,1937.76,1934.13,1934.76,15072.037
2026-08-19 20:15:00,1934.77,1936.75,1934.66,1936.07,6324.662
2026-08-19 20:20:00,1936.06,1938.28,1936.06,1937.45,14465.814
2026-08-19 20:25:00,1937.44,1937.8,1936.26,1936.59,14723.508
2026-08-19 20:30:00,1936.58,1940.94,1934.4,1936.01,54406.904
2026-08-19 20:35:00,1936.01,1936.91,1927.12,1928.35,77352.402
2026-08-19 20:40:00,1928.35,1934.05,1927.4,1931.74,37753.137
2026-08-19 20:45:00,1931.74,1933.91,1930.34,1931.59,29064.184
2026-08-19 20:50:00,1931.6,1932.49,1927.86,1928.98,27794.267
2026-08-19 20:55:00,1928.99,1932.81,1928.99,1931.76,15030.66
2026-08-19 21:00:00,1931.77,1935.55,1931.72,1935.16,21411.252
2026-08-19 21:05:00,1935.16,1937.76,1934.53,1936.89,28042.694
2026-08-19 21:10:00,1936.88,1938.34,1934.7,1936.16,20365.002
2026-08-19 21:15:00,1936.17,1938.28,1935.16,1937.74,16442.124
2026-08-19 21:20:00,1937.73,1938.67,1934.49,1936.37,14726.674
2026-08-19 21:25:00,1936.36,1937.68,1934.75,1935.47,18616.369
2026-08-19 21:30:00,1935.47,1935.94,1932.06,1933.84,20155.93
2026-08-19 21:35:00,1933.85,1940.11,1933.84,1940.06,33389.587
2026-08-19 21:40:00,1940.06,1940.62,1937.4,1939.17,18467.996
2026-08-19 21:45:00,1939.17,1941.56,1938.56,1940.91,22989.294
2026-08-19 21:50:00,1940.91,1959.09,1940.9,1958.96,164424.997
2026-08-19 21:55:00,1958.94,1979.77,1958.62,1969.89,285341.822
2026-08-19 22:00:00,1969.9,1986.14,1966.3,1985.4,167039.737
2026-08-19 22:05:00,1985.39,2019.44,1983.92,2015.37,385428.756
2026-08-19 22:10:00,2015.37,2019.34,2005.85,2011.06,126695.274
2026-08-19 22:15:00,2011.06,2018.0,2007.66,2009.74,83227.604
2026-08-19 22:20:00,2009.73,2034.53,2009.59,2027.33,174293.299
2026-08-19 22:25:00,2027.33,2132.0,2023.36,2074.51,590970.631
2026-08-19 22:30:00,2074.51,2076.17,2056.0,2073.0,217993.722
2026-08-19 22:35:00,2073.0,2086.3,2069.26,2083.34,161030.63
2026-08-19 22:40:00,2083.34,2088.98,2078.97,2086.45,103194.657
2026-08-19 22:45:00,2086.45,2088.54,2078.31,2083.48,73403.82
2026-08-19 22:50:00,2083.49,2089.55,2075.39,2076.2,65883.026
2026-08-19 22:55:00,2076.21,2086.69,2075.62,2085.16,46218.876
2026-08-19 23:00:00,2085.15,2107.14,2081.53,2102.19,181768.24
2026-08-19 23:05:00,2102.41,2107.38,2091.19,2094.73,77155.531
2026-08-19 23:10:00,2094.74,2094.88,2086.01,2088.99,63506.508
2026-08-19 23:15:00,2088.99,2099.99,2088.9,2098.86,61867.773
2026-08-19 23:20:00,2098.87,2099.19,2090.57,2099.17,48164.263
2026-08-19 23:25:00,2099.16,2102.6,2097.6,2099.57,37600.457
2026-08-19 23:30:00,2099.56,2100.0,2095.46,2097.71,26769.066
2026-08-19 23:35:00,2097.71,2100.75,2093.57,2093.67,21381.735
2026-08-19 23:40:00,2093.66,2093.99,2081.89,2088.53,93985.542
2026-08-19 23:45:00,2088.52,2089.81,2086.28,2087.31,27194.46
2026-08-19 23:50:00,2087.3,2089.75,2085.0,2089.74,33051.687
2026-08-19 23:55:00,2089.75,2093.05,2086.35,2088.75,26386.656
2026-08-20 00:00:00,2088.75,2089.92,2076.81,2082.47,50320.026
2026-08-20 00:05:00,2082.47,2086.39,2078.73,2081.34,30109.945
2026-08-20 00:10:00,2081.34,2083.9,2077.17,2078.35,24877.416
2026-08-20 00:15:00,2078.35,2078.76,2065.22,2068.16,66918.381
2026-08-20 00:20:00,2068.17,2073.72,2067.21,2070.8,40796.925
2026-08-20 00:25:00,2070.81,2077.74,2069.35,2077.41,30140.349
2026-08-20 00:30:00,2077.41,2078.47,2070.0,2076.19,28736.736
2026-08-20 00:35:00,2076.2,2084.68,2076.19,2083.44,34216.62
2026-08-20 00:40:00,2083.44,2085.93,2081.93,2084.73,24107.956
2026-08-20 00:45:00,2084.73,2090.54,2084.1,2088.42,27893.67
2026-08-20 00:50:00,2088.42,2092.55,2087.7,2088.12,15864.311
2026-08-20 00:55:00,2088.12,2091.23,2088.12,2090.09,14542.139
2026-08-20 01:00:00,2090.09,2091.62,2087.05,2087.97,15391.505
2026-08-20 01:05:00,2087.97,2088.76,2079.55,2080.77,35086.315
2026-08-20 01:10:00,2080.77,2085.55,2077.99,2084.45,25583.705
2026-08-20 01:15:00,2084.45,2088.24,2083.99,2087.26,12915.762
2026-08-20 01:20:00,2087.26,2087.89,2084.47,2085.15,10903.157
2026-08-20 01:25:00,2085.14,2088.6,2083.55,2086.0,14449.564
2026-08-20 01:30:00,2085.99,2087.11,2084.6,2087.11,10715.04
2026-08-20 01:35:00,2087.11,2088.0,2085.04,2086.28,7469.508
2026-08-20 01:40:00,2086.28,2090.46,2086.27,2089.6,9865.426
2026-08-20 01:45:00,2089.59,2091.49,2087.82,2090.1,10718.544
2026-08-20 01:50:00,2090.1,2090.6,2086.79,2089.88,10928.072
2026-08-20 01:55:00,2089.87,2091.78,2087.15,2090.81,11412.576
2026-08-20 02:00:00,2090.82,2093.58,2089.19,2092.52,15327.062
2026-08-20 02:05:00,2092.51,2096.42,2092.1,2093.63,21441.817
2026-08-20 02:10:00,2093.62,2102.81,2087.78,2089.28,59147.62
2026-08-20 02:15:00,2089.28,2100.5,2089.11,2095.74,31993.313
2026-08-20 02:20:00,2095.75,2100.0,2095.48,2096.72,18325.58
2026-08-20 02:25:00,2096.73,2097.01,2090.01,2091.83,25351.471
2026-08-20 02:30:00,2091.84,2096.4,2090.48,2094.84,7295.939
2026-08-20 02:35:00,2094.84,2099.0,2094.01,2098.32,30360.8
2026-08-20 02:40:00,2098.32,2100.37,2097.3,2098.65,13379.712
2026-08-20 02:45:00,2098.65,2099.0,2096.16,2096.69,6444.291
2026-08-20 02:50:00,2096.69,2101.68,2096.2,2100.94,16073.172
2026-08-20 02:55:00,2100.94,2104.93,2100.2,2100.97,28780.8
2026-08-20 03:00:00,2100.97,2108.5,2100.93,2107.26,31181.438
2026-08-20 03:05:00,2107.26,2119.69,2104.86,2116.2,86825.493
2026-08-20 03:10:00,2116.2,2116.21,2111.07,2112.32,21033.487
2026-08-20 03:15:00,2112.31,2113.33,2107.18,2111.35,23346.768
2026-08-20 03:20:00,2111.34,2116.31,2110.62,2115.95,15608.533
2026-08-20 03:25:00,2115.96,2132.91,2115.95,2125.01,102742.495
2026-08-20 03:30:00,2125.01,2128.98,2120.8,2125.44,38765.947
2026-08-20 03:35:00,2125.44,2125.85,2121.08,2124.01,15427.653
2026-08-20 03:40:00,2124.01,2125.84,2121.48,2123.58,15862.062
2026-08-20 03:45:00,2123.57,2129.71,2122.0,2128.71,15997.796
2026-08-20 03:50:00,2128.7,2248.0,2128.03,2204.17,676972.931
2026-08-20 03:55:00,2204.17,2225.17,2196.76,2218.06,126889.658
2026-08-20 04:00:00,2218.06,2273.22,2215.91,2262.22,217666.81
2026-08-20 04:05:00,2262.22,2336.82,2245.44,2301.0,454746.042
2026-08-20 04:10:00,2301.0,2302.98,2240.9,2260.5,230172.623
2026-08-20 04:15:00,2260.49,2273.38,2253.54,2268.61,109024.544
2026-08-20 04:20:00,2268.61,2274.66,2259.48,2264.55,61978.969
2026-08-20 04:25:00,2264.54,2293.99,2264.52,2283.2,72073.775
2026-08-20 04:30:00,2283.19,2299.0,2267.61,2285.0,118847.409
2026-08-20 04:35:00,2285.0,2288.97,2271.02,2275.91,48966.22
2026-08-20 04:40:00,2275.91,2285.37,2272.65,2285.0,28114.404
2026-08-20 04:45:00,2284.99,2305.5,2281.85,2294.1,87240.548
2026-08-20 04:50:00,2294.09,2295.39,2286.52,2291.42,37704.189
2026-08-20 04:55:00,2291.41,2295.0,2277.26,2286.12,48465.533
2026-08-20 05:00:00,2286.12,2290.23,2268.0,2268.91,76522.92
2026-08-20 05:05:00,2268.9,2281.21,2260.0,2274.24,82149.777
2026-08-20 05:10:00,2274.23,2277.84,2267.19,2267.26,52190.059
2026-08-20 05:15:00,2267.25,2273.44,2266.33,2268.48,30726.377
2026-08-20 05:20:00,2268.49,2271.8,2261.5,2263.06,43388.84
2026-08-20 05:25:00,2263.05,2264.88,2256.21,2256.33,51522.245
2026-08-20 05:30:00,2256.32,2259.4,2239.48,2249.19,88948.163
2026-08-20 05:35:00,2249.19,2262.94,2244.77,2261.05,61769.792
2026-08-20 05:40:00,2261.04,2266.96,2258.0,2258.23,37681.39
2026-08-20 05:45:00,2258.24,2259.4,2245.0,2247.01,39890.832
2026-08-20 05:50:00,2247.01,2251.47,2243.34,2243.83,26069.362
2026-08-20 05:55:00,2243.83,2251.5,2243.36,2249.61,35023.561
2026-08-20 06:00:00,2249.61,2251.5,2242.67,2248.42,25498.544
2026-08-20 06:05:00,2248.43,2251.5,2247.0,2249.19,13687.81
2026-08-20 06:10:00,2249.2,2252.25,2245.01,2245.72,24239.665
2026-08-20 06:15:00,2245.72,2250.76,2243.0,2249.67,23112.402
2026-08-20 06:20:00,2249.67,2250.37,2246.24,2246.51,7690.492
2026-08-20 06:25:00,2246.5,2254.74,2244.73,2252.05,22106.577
2026-08-20 06:30:00,2252.05,2252.81,2245.67,2245.68,11661.898
2026-08-20 06:35:00,2245.67,2253.0,2245.5,2250.77,10814.913
2026-08-20 06:40:00,2250.77,2262.0,2250.22,2256.86,30201.111
2026-08-20 06:45:00,2256.86,2257.09,2247.35,2248.16,16482.9
2026-08-20 06:50:00,2248.16,2251.9,2246.71,2249.93,12129.912
2026-08-20 06:55:00,2249.93,2255.11,2249.16,2252.16,12525.512
2026-08-20 07:00:00,2252.17,2262.28,2251.2,2257.08,44993.922
2026-08-20 07:05:00,2257.09,2259.94,2255.0,2258.11,24521.079
2026-08-20 07:10:00,2258.11,2259.64,2254.57,2258.63,14889.865
2026-08-20 07:15:00,2258.63,2267.9,2256.72,2266.57,27366.398
2026-08-20 07:20:00,2266.57,2269.65,2260.97,2263.33,28237.098
2026-08-20 07:25:00,2263.32,2267.08,2260.26,2263.33,19576.79
2026-08-20 07:30:00,2263.32,2267.98,2260.57,2266.88,14890.976
2026-08-20 07:35:00,2266.88,2272.88,2264.13,2271.99,23041.117
2026-08-20 07:40:00,2271.98,2271.99,2262.59,2268.07,19241.767
2026-08-20 07:45:00,2268.09,2273.32,2267.64,2270.73,13937.545
2026-08-20 07:50:00,2270.74,2272.13,2261.35,2266.77,24392.522
2026-08-20 07:55:00,2266.77,2267.63,2256.88,2261.7,34296.237
2026-08-20 08:00:00,2261.71,2267.7,2259.49,2264.34,21313.017
2026-08-20 08:05:00,2264.34,2264.55,2251.1,2253.45,53656.302
2026-08-20 08:10:00,2253.45,2258.28,2248.73,2256.51,41636.881
2026-08-20 08:15:00,2256.51,2260.17,2251.56,2258.2,20451.54
2026-08-20 08:20:00,2258.2,2259.96,2254.51,2255.99,10499.152
2026-08-20 08:25:00,2255.99,2257.12,2253.07,2253.88,9530.922
2026-08-20 08:30:00,2253.89,2260.7,2251.48,2260.44,16396.04
2026-08-20 08:35:00,2260.44,2263.62,2259.24,2262.28,21074.512
2026-08-20 08:40:00,2262.27,2265.28,2261.72,2264.74,16775.689
2026-08-20 08:45:00,2264.75,2269.88,2263.95,2268.35,19535.987
2026-08-20 08:50:00,2268.36,2269.75,2264.35,2265.47,13318.778
2026-08-20 08:55:00,2265.47,2266.65,2264.9,2265.67,6399.901
2026-08-20 09:00:00,2265.67,2270.0,2265.43,2268.16,15457.122
2026-08-20 09:05:00,2268.17,2268.17,2265.48,2266.23,11104.421
2026-08-20 09:10:00,2266.24,2268.43,2263.31,2267.35,12080.764
2026-08-20 09:15:00,2267.35,2268.0,2263.36,2265.59,13218.581
2026-08-20 09:20:00,2265.59,2265.65,2259.15,2260.22,16530.03
2026-08-20 09:25:00,2260.22,2260.58,2256.51,2257.35,13812.876
2026-08-20 09:30:00,2257.35,2261.94,2255.44,2261.47,15059.178
2026-08-20 09:35:00,2261.47,2261.47,2253.38,2256.09,18461.672
2026-08-20 09:40:00,2256.08,2258.0,2254.88,2256.47,8952.826
2026-08-20 09:45:00,2256.48,2257.3,2252.54,2252.59,15022.712
2026-08-20 09:50:00,2252.6,2253.62,2249.62,2250.63,18405.712
2026-08-20 09:55:00,2250.63,2253.13,2248.86,2251.29,13763.399
2026-08-20 10:00:00,2251.28,2251.61,2241.3,2243.48,45609.879
2026-08-20 10:05:00,2243.49,2246.65,2231.44,2233.01,63403.864
2026-08-20 10:10:00,2233.01,2233.94,2222.0,2228.17,96075.846
2026-08-20 10:15:00,2228.16,2238.44,2227.88,2238.31,43945.893
2026-08-20 10:20:00,2238.31,2242.61,2237.29,2238.7,29600.129
2026-08-20 10:25:00,2238.7,2239.07,2233.76,2234.18,17209.053
2026-08-20 10:30:00,2234.17,2244.48,2233.94,2241.57,30794.328
2026-08-20 10:35:00,2241.56,2248.81,2239.07,2245.41,28212.561
2026-08-20 10:40:00,2245.41,2253.0,2244.21,2250.3,24130.76
2026-08-20 10:45:00,2250.31,2257.92,2249.48,2255.22,32448.644
2026-08-20 10:50:00,2255.22,2255.59,2252.17,2252.68,15742.016
2026-08-20 10:55:00,2252.68,2252.8,2250.52,2250.86,10386.273
2026-08-20 11:00:00,2250.87,2253.01,2249.06,2252.38,13513.055
2026-08-20 11:05:00,2252.38,2259.0,2251.15,2257.66,21543.491
2026-08-20 11:10:00,2257.66,2257.67,2254.55,2255.52,9228.949
2026-08-20 11:15:00,2255.51,2256.88,2253.72,2255.66,10402.575
2026-08-20 11:20:00,2255.66,2256.16,2252.65,2254.13,7529.928
2026-08-20 11:25:00,2254.13,2256.8,2254.12,2255.89,5951.798
2026-08-20 11:30:00,2255.88,2256.17,2249.52,2249.85,11366.387
2026-08-20 11:35:00,2249.84,2252.02,2249.0,2249.55,13228.954
2026-08-20 11:40:00,2249.54,2252.53,2247.56,2250.54,12027.21
2026-08-20 11:45:00,2250.54,2253.35,2250.18,2252.06,7059.191
2026-08-20 11:50:00,2252.07,2256.76,2251.45,2252.3,16614.393
2026-08-20 11:55:00,2252.31,2252.43,2249.8,2249.8,5050.146
2026-08-20 12:00:00,2249.81,2252.58,2249.38,2251.5,10354.206
2026-08-20 12:05:00,2251.51,2254.5,2250.79,2253.24,9029.821
2026-08-20 12:10:00,2253.24,2253.24,2249.16,2249.16,5164.268
2026-08-20 12:15:00,2249.16,2254.74,2249.13,2253.36,8929.969
2026-08-20 12:20:00,2253.36,2256.48,2252.57,2255.46,10958.134
2026-08-20 12:25:00,2255.46,2255.93,2251.17,2251.18,7021.955
2026-08-20 12:30:00,2251.17,2253.82,2250.56,2251.96,7559.967
2026-08-20 12:35:00,2251.96,2253.29,2250.0,2250.13,6910.34
2026-08-20 12:40:00,2250.13,2251.88,2250.0,2251.17,5043.671
2026-08-20 12:45:00,2251.17,2251.17,2244.87,2245.64,15239.281
2026-08-20 12:50:00,2245.64,2246.74,2242.93,2245.76,13294.341
2026-08-20 12:55:00,2245.77,2249.0,2243.97,2247.88,10985.15
2026-08-20 13:00:00,2247.88,2248.3,2239.66,2240.09,28593.706
2026-08-20 13:05:00,2240.09,2244.18,2238.23,2238.26,14492.093
2026-08-20 13:10:00,2238.27,2244.53,2238.26,2242.79,14842.205
2026-08-20 13:15:00,2242.79,2246.7,2241.44,2246.33,16129.171
2026-08-20 13:20:00,2246.32,2254.84,2243.84,2254.33,37608.493
2026-08-20 13:25:00,2254.33,2255.5,2248.25,2250.69,25312.524
2026-08-20 13:30:00,2250.69,2254.66,2250.58,2252.82,14622.31
2026-08-20 13:35:00,2252.82,2262.41,2252.21,2257.89,58215.618
2026-08-20 13:40:00,2257.89,2262.93,2257.66,2261.6,25427.471
2026-08-20 13:45:00,2261.6,2267.15,2261.3,2262.65,37470.916
2026-08-20 13:50:00,2262.64,2264.44,2260.88,2262.57,16053.02
2026-08-20 13:55:00,2262.57,2262.72,2261.24,2262.1,10461.206
2026-08-20 14:00:00,2262.1,2262.5,2259.25,2261.12,17596.809
2026-08-20 14:05:00,2261.12,2263.33,2260.18,2262.38,14781.271
2026-08-20 14:10:00,2262.38,2262.96,2255.65,2255.67,18186.496
2026-08-20 14:15:00,2255.67,2257.26,2251.66,2251.8,21266.18
2026-08-20 14:20:00,2251.79,2255.75,2246.05,2250.62,23994.282
2026-08-20 14:25:00,2250.63,2254.53,2250.08,2252.21,16125.697
2026-08-20 14:30:00,2252.21,2252.21,2245.0,2249.03,25773.753
2026-08-20 14:35:00,2249.04,2250.1,2244.5,2244.6,14287.421
2026-08-20 14:40:00,2244.59,2247.16,2244.37,2245.01,10651.27
2026-08-20 14:45:00,2245.0,2250.28,2244.01,2249.26,17575.444
2026-08-20 14:50:00,2249.25,2251.29,2247.18,2251.12,14276.651
2026-08-20 14:55:00,2251.13,2251.5,2248.84,2251.49,10235.387
2026-08-20 15:00:00,2251.49,2253.77,2248.84,2250.92,17030.528
2026-08-20 15:05:00,2250.91,2267.97,2250.28,2265.42,66747.851
2026-08-20 15:10:00,2265.41,2288.0,2262.81,2283.71,142620.059
2026-08-20 15:15:00,2283.71,2284.18,2269.68,2278.01,125401.533
2026-08-20 15:20:00,2278.01,2278.22,2271.24,2274.61,29747.056
2026-08-20 15:25:00,2274.6,2280.8,2272.37,2277.76,25833.044
2026-08-20 15:30:00,2277.76,2277.87,2270.16,2270.17,31189.107
2026-08-20 15:35:00,2270.16,2276.0,2265.22,2272.47,37214.536
2026-08-20 15:40:00,2272.47,2275.75,2270.68,2274.8,20956.819
2026-08-20 15:45:00,2274.79,2279.96,2273.0,2275.39,29394.613
2026-08-20 15:50:00,2275.38,2280.62,2273.52,2280.33,25775.876
2026-08-20 15:55:00,2280.34,2285.53,2279.68,2281.92,40822.005
2026-08-20 16:00:00,2281.92,2283.55,2276.65,2278.52,34682.83
2026-08-20 16:05:00,2278.51,2294.0,2278.12,2288.77,64008.603
2026-08-20 16:10:00,2288.77,2296.71,2286.13,2294.2,55718.533
2026-08-20 16:15:00,2294.2,2295.0,2286.67,2290.1,42312.858
2026-08-20 16:20:00,2290.1,2298.21,2288.32,2297.8,40278.226
2026-08-20 16:25:00,2297.8,2297.8,2283.73,2283.76,37675.17
2026-08-20 16:30:00,2283.76,2290.08,2275.9,2285.73,66917.701
2026-08-20 16:35:00,2285.74,2292.83,2284.81,2286.21,23139.464
2026-08-20 16:40:00,2286.2,2293.75,2284.99,2288.64,20869.629
2026-08-20 16:45:00,2288.64,2289.78,2283.66,2284.16,16960.281
2026-08-20 16:50:00,2284.16,2284.16,2275.44,2276.83,33361.841
2026-08-20 16:55:00,2276.83,2279.59,2273.76,2278.3,21546.326
2026-08-20 17:00:00,2278.29,2282.21,2275.01,2279.59,20081.131
2026-08-20 17:05:00,2279.59,2284.72,2278.51,2283.33,23816.464
2026-08-20 17:10:00,2283.33,2289.0,2281.68,2287.72,21043.971
2026-08-20 17:15:00,2287.73,2294.91,2285.7,2290.44,41110.232
2026-08-20 17:20:00,2290.43,2292.39,2283.05,2286.0,24293.429
2026-08-20 17:25:00,2286.0,2288.0,2281.85,2285.36,15420.868
2026-08-20 17:30:00,2285.35,2285.73,2281.61,2284.37,14781.775
2026-08-20 17:35:00,2284.37,2287.32,2282.04,2283.63,11623.318
2026-08-20 17:40:00,2283.64,2284.17,2280.21,2280.95,8518.993
2026-08-20 17:45:00,2280.95,2283.32,2280.11,2280.34,9706.647
2026-08-20 17:50:00,2280.34,2282.09,2280.14,2281.06,5498.961
2026-08-20 17:55:00,2281.07,2286.58,2279.31,2286.34,12117.134
2026-08-20 18:00:00,2286.33,2295.74,2281.43,2292.68,53577.425
2026-08-20 18:05:00,2292.67,2294.69,2287.36,2288.49,23360.239
2026-08-20 18:10:00,2288.49,2288.95,2285.42,2287.87,10366.431
2026-08-20 18:15:00,2287.86,2291.41,2284.36,2290.31,14113.367
2026-08-20 18:20:00,2290.32,2295.5,2289.23,2292.33,16805.739
2026-08-20 18:25:00,2292.33,2295.78,2290.75,2294.4,22788.445
2026-08-20 18:30:00,2294.4,2316.0,2293.0,2303.7,143788.259
2026-08-20 18:35:00,2303.7,2312.0,2303.16,2310.84,38434.586
2026-08-20 18:40:00,2310.85,2314.42,2305.79,2306.25,37640.632
2026-08-20 18:45:00,2306.26,2318.62,2305.87,2316.45,46844.101
2026-08-20 18:50:00,2316.45,2318.78,2303.33,2303.34,42003.591
2026-08-20 18:55:00,2303.34,2303.85,2293.0,2295.6,49035.64
2026-08-20 19:00:00,2295.59,2299.94,2288.06,2288.23,50620.497
2026-08-20 19:05:00,2288.23,2290.23,2267.55,2274.35,142165.677
2026-08-20 19:10:00,2274.36,2279.29,2273.17,2273.46,43108.726
2026-08-20 19:15:00,2273.47,2277.3,2272.01,2274.22,26678.162
2026-08-20 19:20:00,2274.22,2279.86,2273.17,2279.86,30563.082
2026-08-20 19:25:00,2279.86,2281.32,2275.6,2278.05,25147.854
2026-08-20 19:30:00,2278.05,2284.05,2275.37,2277.78,24315.027
2026-08-20 19:35:00,2277.78,2280.94,2273.0,2280.72,20137.84
2026-08-20 19:40:00,2280.71,2284.63,2279.26,2280.19,23046.613
2026-08-20 19:45:00,2280.19,2281.6,2267.03,2275.12,47123.768
2026-08-20 19:50:00,2275.13,2288.57,2275.13,2287.91,41784.907
2026-08-20 19:55:00,2287.91,2292.85,2286.67,2289.57,37344.043
2026-08-20 20:00:00,2289.57,2293.85,2285.8,2290.28,25313.277
2026-08-20 20:05:00,2290.27,2297.73,2290.0,2291.9,38607.017
2026-08-20 20:10:00,2291.9,2294.3,2288.31,2293.73,18300.971
2026-08-20 20:15:00,2293.72,2294.6,2289.19,2291.62,17203.22
2026-08-20 20:20:00,2291.62,2295.0,2289.06,2293.43,20194.26
2026-08-20 20:25:00,2293.42,2293.42,2286.66,2287.29,26603.168
2026-08-20 20:30:00,2287.29,2287.64,2268.61,2270.75,108701.404
2026-08-20 20:35:00,2270.75,2276.6,2253.55,2267.27,131371.555
2026-08-20 20:40:00,2267.27,2276.19,2261.55,2273.89,39731.845
2026-08-20 20:45:00,2273.88,2275.95,2264.67,2272.83,27285.393
2026-08-20 20:50:00,2272.82,2281.71,2270.0,2275.81,42358.762
2026-08-20 20:55:00,2275.82,2277.72,2272.82,2276.03,14543.117
2026-08-20 21:00:00,2276.04,2281.84,2274.51,2279.42,19013.246
2026-08-20 21:05:00,2279.43,2286.37,2278.32,2283.19,27444.664
2026-08-20 21:10:00,2283.18,2288.46,2279.51,2280.1,31216.023
2026-08-20 21:15:00,2280.1,2281.69,2274.62,2275.72,25625.97
2026-08-20 21:20:00,2275.72,2281.04,2272.88,2280.2,18286.409
2026-08-20 21:25:00,2280.2,2280.57,2270.66,2272.99,17465.254
2026-08-20 21:30:00,2273.0,2281.61,2272.2,2277.36,20712.16
2026-08-20 21:35:00,2277.36,2285.1,2276.81,2279.75,19097.298
2026-08-20 21:40:00,2279.76,2280.19,2273.22,2276.01,16127.661
2026-08-20 21:45:00,2276.02,2276.23,2270.41,2273.0,19456.606
2026-08-20 21:50:00,2273.01,2279.71,2272.82,2277.86,19595.625
2026-08-20 21:55:00,2277.86,2280.3,2273.75,2280.12,12533.61
2026-08-20 22:00:00,2280.13,2306.56,2280.13,2297.81,118144.452
2026-08-20 22:05:00,2297.82,2302.19,2286.38,2290.81,64165.521
2026-08-20 22:10:00,2290.81,2298.75,2289.65,2297.02,41839.149
2026-08-20 22:15:00,2297.01,2300.98,2291.35,2300.0,59006.596
2026-08-20 22:20:00,2300.0,2312.4,2293.67,2297.36,125592.998
2026-08-20 22:25:00,2297.36,2314.0,2296.63,2312.98,39166.445
2026-08-20 22:30:00,2312.98,2323.0,2305.05,2309.95,91709.062
2026-08-20 22:35:00,2309.95,2310.96,2297.3,2300.64,63177.736
2026-08-20 22:40:00,2300.65,2306.23,2300.42,2302.47,22293.273
2026-08-20 22:45:00,2302.46,2318.86,2301.73,2317.17,55598.693
2026-08-20 22:50:00,2317.18,2338.08,2316.29,2331.46,144695.834
2026-08-20 22:55:00,2331.46,2333.0,2322.69,2325.12,60570.286
2026-08-20 23:00:00,2325.12,2327.0,2316.18,2317.62,65075.531
2026-08-20 23:05:00,2317.62,2331.07,2317.62,2327.31,42488.67
2026-08-20 23:10:00,2327.32,2327.69,2317.42,2318.89,33038.184
2026-08-20 23:15:00,2318.89,2323.32,2313.09,2320.98,33260.215
2026-08-20 23:20:00,2320.98,2322.53,2317.23,2318.31,13419.099
2026-08-20 23:25:00,2318.31,2326.12,2317.4,2325.2,19500.761
2026-08-20 23:30:00,2325.2,2329.19,2319.26,2327.01,22898.986
2026-08-20 23:35:00,2327.0,2330.89,2323.69,2328.94,23508.289
2026-08-20 23:40:00,2328.95,2359.68,2328.94,2348.25,206424.629
2026-08-20 23:45:00,2348.25,2348.59,2340.22,2341.91,41107.335
2026-08-20 23:50:00,2341.92,2345.38,2338.43,2340.49,30833.518
2026-08-20 23:55:00,2340.49,2346.98,2336.0,2343.94,31290.819
2026-08-21 00:00:00,2343.94,2344.26,2338.21,2338.41,21969.694
2026-08-21 00:05:00,2338.42,2341.05,2334.02,2338.44,23250.566
2026-08-21 00:10:00,2338.44,2339.05,2331.61,2336.74,20415.994
2026-08-21 00:15:00,2336.74,2342.28,2334.78,2337.31,18046.977
2026-08-21 00:20:00,2337.31,2342.67,2334.45,2340.83,15313.632
2026-08-21 00:25:00,2340.83,2345.62,2340.35,2343.57,17543.334
2026-08-21 00:30:00,2343.57,2347.32,2342.71,2342.79,18686.575
2026-08-21 00:35:00,2342.8,2346.66,2338.08,2345.53,33784.844
2026-08-21 00:40:00,2345.53,2346.55,2341.18,2343.64,15595.812
2026-08-21 00:45:00,2343.65,2345.76,2341.18,2345.21,13292.621
2026-08-21 00:50:00,2345.22,2350.62,2342.05,2345.28,24419.388
2026-08-21 00:55:00,2345.29,2348.6,2342.29,2343.1,14334.218
2026-08-21 01:00:00,2343.1,2346.99,2331.83,2334.46,57695.328
2026-08-21 01:05:00,2334.45,2334.7,2325.48,2327.53,63348.462
2026-08-21 01:10:00,2327.53,2330.86,2324.41,2330.36,40383.147
2026-08-21 01:15:00,2330.35,2330.5,2315.8,2327.64,48069.787
2026-08-21 01:20:00,2327.64,2333.35,2327.63,2331.55,17679.918
2026-08-21 01:25:00,2331.54,2332.0,2324.0,2324.81,12116.763
2026-08-21 01:30:00,2324.82,2325.89,2308.5,2311.37,46419.082
2026-08-21 01:35:00,2311.38,2317.58,2311.0,2311.62,32470.236
2026-08-21 01:40:00,2311.62,2316.9,2309.58,2315.82,17267.726
2026-08-21 01:45:00,2315.83,2318.41,2313.15,2317.85,11956.533
2026-08-21 01:50:00,2317.86,2322.47,2316.01,2319.24,20608.249
2026-08-21 01:55:00,2319.25,2320.25,2314.6,2315.21,9074.019
2026-08-21 02:00:00,2315.2,2317.22,2310.74,2316.3,16279.16
2026-08-21 02:05:00,2316.29,2322.63,2313.76,2319.43,14033.334
2026-08-21 02:10:00,2319.43,2322.5,2318.0,2320.18,8770.95
2026-08-21 02:15:00,2320.18,2327.0,2320.03,2324.57,19893.683
2026-08-21 02:20:00,2324.58,2329.0,2322.85,2328.26,14917.483
2026-08-21 02:25:00,2328.27,2329.25,2324.04,2326.75,13833.94
2026-08-21 02:30:00,2326.75,2327.49,2322.85,2324.09,8364.52
2026-08-21 02:35:00,2324.1,2329.86,2322.0,2328.56,15873.781
2026-08-21 02:40:00,2328.55,2332.02,2327.05,2328.76,14687.133
2026-08-21 02:45:00,2328.76,2330.98,2323.13,2325.0,19822.763
2026-08-21 02:50:00,2325.0,2327.61,2323.52,2325.54,8996.312
2026-08-21 02:55:00,2325.54,2325.58,2319.01,2322.72,17725.661
2026-08-21 03:00:00,2322.73,2324.95,2321.09,2324.3,6656.665
2026-08-21 03:05:00,2324.3,2325.46,2321.01,2323.56,4414.981
2026-08-21 03:10:00,2323.55,2326.86,2319.0,2319.7,10211.966
2026-08-21 03:15:00,2319.7,2322.41,2316.89,2321.41,9617.021
2026-08-21 03:20:00,2321.41,2325.4,2318.41,2325.1,12976.723
2026-08-21 03:25:00,2325.1,2329.47,2324.65,2326.21,12266.281
2026-08-21 03:30:00,2326.21,2330.51,2325.84,2326.52,6784.377
2026-08-21 03:35:00,2326.52,2329.29,2319.6,2319.6,12669.916
2026-08-21 03:40:00,2319.61,2320.92,2316.87,2319.38,7154.489
2026-08-21 03:45:00,2319.39,2319.69,2317.2,2318.48,4360.594
2026-08-21 03:50:00,2318.48,2318.85,2312.15,2314.61,14808.2
2026-08-21 03:55:00,2314.61,2318.76,2314.6,2317.55,8494.781
2026-08-21 04:00:00,2317.55,2317.93,2315.06,2315.97,4923.223
2026-08-21 04:05:00,2315.97,2316.9,2312.33,2316.79,10208.789
2026-08-21 04:10:00,2316.8,2322.39,2316.79,2321.1,11502.912
2026-08-21 04:15:00,2321.09,2324.94,2318.58,2318.58,7868.322
2026-08-21 04:20:00,2318.58,2319.46,2315.04,2315.75,4535.269
2026-08-21 04:25:00,2315.76,2317.77,2313.2,2314.01,4379.586
2026-08-21 04:30:00,2314.01,2321.03,2313.17,2320.36,7466.151
2026-08-21 04:35:00,2320.36,2321.88,2316.54,2317.21,3507.966
2026-08-21 04:40:00,2317.2,2319.88,2316.77,2318.59,3238.411
2026-08-21 04:45:00,2318.59,2319.75,2317.89,2317.89,2486.667
2026-08-21 04:50:00,2317.89,2319.91,2317.37,2317.37,2632.465
2026-08-21 04:55:00,2317.37,2318.48,2315.0,2317.62,5281.13
2026-08-21 05:00:00,2317.61,2318.46,2306.02,2308.99,43309.077
2026-08-21 05:05:00,2309.0,2317.21,2308.99,2313.06,18449.664
2026-08-21 05:10:00,2313.06,2315.0,2310.5,2310.5,9361.365
2026-08-21 05:15:00,2310.5,2311.82,2307.0,2307.83,8924.161
2026-08-21 05:20:00,2307.84,2315.27,2307.83,2314.79,11302.069
2026-08-21 05:25:00,2314.79,2316.92,2312.8,2313.79,6712.285
2026-08-21 05:30:00,2313.79,2314.41,2309.41,2312.82,5016.633
2026-08-21 05:35:00,2312.83,2314.77,2311.81,2313.28,3382.352
2026-08-21 05:40:00,2313.29,2313.84,2310.95,2310.99,2774.975
2026-08-21 05:45:00,2310.99,2313.59,2310.59,2312.99,3251.086
2026-08-21 05:50:00,2313.0,2317.99,2312.37,2317.12,10284.859
2026-08-21 05:55:00,2317.12,2317.6,2312.41,2313.33,6842.249
2026-08-21 06:00:00,2313.32,2315.3,2312.07,2314.51,4092.283
2026-08-21 06:05:00,2314.52,2318.63,2314.51,2316.66,4687.592
2026-08-21 06:10:00,2316.66,2321.56,2316.66,2321.56,6314.102
2026-08-21 06:15:00,2321.55,2326.73,2320.64,2325.63,14965.001
2026-08-21 06:20:00,2325.63,2329.5,2324.74,2328.52,11988.407
2026-08-21 06:25:00,2328.51,2339.38,2328.51,2330.62,59238.0
2026-08-21 06:30:00,2330.63,2333.73,2327.61,2328.01,9693.826
2026-08-21 06:35:00,2328.0,2330.0,2324.43,2325.06,13001.581
2026-08-21 06:40:00,2325.07,2326.72,2323.6,2324.76,7777.337
2026-08-21 06:45:00,2324.76,2328.62,2323.67,2326.32,10792.401
2026-08-21 06:50:00,2326.31,2328.11,2322.24,2327.61,10416.71
2026-08-21 06:55:00,2327.6,2328.0,2324.17,2326.18,10487.57
2026-08-21 07:00:00,2326.18,2328.47,2323.83,2324.34,14514.332
2026-08-21 07:05:00,2324.34,2333.47,2324.3,2330.16,15458.819
2026-08-21 07:10:00,2330.16,2338.38,2329.64,2336.89,25815.292
2026-08-21 07:15:00,2336.88,2347.56,2330.65,2340.07,51889.617
2026-08-21 07:20:00,2340.06,2344.76,2336.81,2341.22,31541.289
2026-08-21 07:25:00,2341.23,2346.19,2334.81,2336.75,25598.472
2026-08-21 07:30:00,2336.75,2351.0,2335.8,2342.02,41922.387
2026-08-21 07:35:00,2342.02,2342.93,2333.28,2337.35,29979.625
2026-08-21 07:40:00,2337.34,2338.32,2330.88,2337.07,14545.942
2026-08-21 07:45:00,2337.07,2349.25,2333.86,2346.43,26422.733
2026-08-21 07:50:00,2346.44,2350.24,2339.59,2340.9,21874.153
2026-08-21 07:55:00,2340.89,2341.51,2333.51,2339.95,21225.394
2026-08-21 08:00:00,2339.95,2344.16,2337.04,2341.86,14870.371
2026-08-21 08:05:00,2341.85,2345.5,2339.66,2345.5,15408.383
2026-08-21 08:10:00,2345.5,2347.5,2342.21,2344.74,11209.285
2026-08-21 08:15:00,2344.74,2368.01,2343.41,2356.66,132002.319
2026-08-21 08:20:00,2356.66,2357.63,2337.34,2344.43,67537.881
2026-08-21 08:25:00,2344.44,2352.3,2342.0,2352.3,28854.766
2026-08-21 08:30:00,2352.29,2369.55,2347.43,2359.76,95761.673
2026-08-21 08:35:00,2359.76,2360.46,2351.64,2357.07,28900.183
2026-08-21 08:40:00,2357.07,2361.3,2353.2,2356.82,16066.695
2026-08-21 08:45:00,2356.83,2381.52,2356.0,2373.38,118482.395
2026-08-21 08:50:00,2373.37,2374.78,2365.0,2365.0,42836.549
2026-08-21 08:55:00,2365.0,2365.82,2358.0,2358.71,25492.664
2026-08-21 09:00:00,2358.71,2358.98,2342.0,2352.93,62585.137
2026-08-21 09:05:00,2352.93,2362.3,2348.64,2352.96,30657.127
2026-08-21 09:10:00,2352.97,2354.38,2345.4,2353.32,15933.855
2026-08-21 09:15:00,2353.33,2353.5,2346.51,2348.33,17452.655
2026-08-21 09:20:00,2348.33,2351.89,2346.46,2350.01,10864.205
2026-08-21 09:25:00,2350.01,2359.73,2350.01,2358.48,14602.796
2026-08-21 09:30:00,2358.47,2364.44,2351.63,2359.21,26935.164
2026-08-21 09:35:00,2359.21,2359.73,2355.27,2357.47,9623.788
2026-08-21 09:40:00,2357.48,2360.27,2354.82,2354.96,8680.422
2026-08-21 09:45:00,2354.96,2355.35,2344.64,2347.5,37789.63
2026-08-21 09:50:00,2347.5,2350.45,2343.53,2344.55,12996.404
2026-08-21 09:55:00,2344.55,2346.43,2343.36,2344.73,18044.179
2026-08-21 10:00:00,2344.73,2346.0,2340.66,2342.2,21316.949
2026-08-21 10:05:00,2342.2,2342.35,2336.14,2339.63,26070.565
2026-08-21 10:10:00,2339.64,2346.83,2338.93,2344.21,17201.836
2026-08-21 10:15:00,2344.21,2345.69,2339.66,2343.41,8537.15
2026-08-21 10:20:00,2343.41,2349.47,2343.41,2347.17,22376.331
2026-08-21 10:25:00,2347.17,2349.47,2345.01,2348.54,9137.096
2026-08-21 10:30:00,2348.55,2353.6,2347.16,2349.56,27239.777
2026-08-21 10:35:00,2349.56,2352.16,2344.9,2347.94,9000.088
2026-08-21 10:40:00,2347.94,2351.79,2346.78,2348.35,9670.233
2026-08-21 10:45:00,2348.35,2353.38,2348.01,2351.42,14633.295
2026-08-21 10:50:00,2351.42,2352.81,2347.45,2348.63,11691.8
2026-08-21 10:55:00,2348.63,2349.17,2339.11,2339.9,26871.535
2026-08-21 11:00:00,2339.9,2349.78,2339.9,2347.9,13097.08
2026-08-21 11:05:00,2347.89,2348.15,2342.0,2346.23,10092.295
2026-08-21 11:10:00,2346.23,2348.75,2342.5,2344.99,10962.183
2026-08-21 11:15:00,2345.0,2349.31,2344.18,2346.88,8871.052
2026-08-21 11:20:00,2346.87,2349.12,2346.03,2346.03,3215.027
2026-08-21 11:25:00,2346.03,2348.14,2343.16,2343.72,7227.17
2026-08-21 11:30:00,2343.71,2350.27,2342.44,2347.99,10093.374
2026-08-21 11:35:00,2348.0,2348.88,2346.4,2346.41,4167.386
2026-08-21 11:40:00,2346.41,2349.91,2344.6,2349.49,9199.98
2026-08-21 11:45:00,2349.5,2354.92,2347.99,2352.95,17556.133
2026-08-21 11:50:00,2352.95,2354.28,2352.2,2354.02,7606.949
2026-08-21 11:55:00,2354.02,2354.33,2352.2,2353.12,6332.122
2026-08-21 12:00:00,2353.12,2355.0,2348.52,2348.99,16034.462
2026-08-21 12:05:00,2348.99,2354.99,2348.83,2351.33,11699.965
2026-08-21 12:10:00,2351.32,2358.72,2350.81,2358.0,22175.828
2026-08-21 12:15:00,2358.0,2361.5,2355.15,2359.27,21786.834
2026-08-21 12:20:00,2359.27,2361.52,2353.46,2356.32,14278.709
2026-08-21 12:25:00,2356.32,2356.68,2348.44,2352.72,23893.904
2026-08-21 12:30:00,2352.72,2357.42,2350.3,2355.62,10255.568
2026-08-21 12:35:00,2355.62,2355.93,2351.32,2354.83,5286.902
2026-08-21 12:40:00,2354.83,2356.17,2351.02,2353.45,10239.698
2026-08-21 12:45:00,2353.45,2356.5,2351.52,2356.41,10661.677
2026-08-21 12:50:00,2356.41,2360.98,2355.64,2359.42,20787.255
2026-08-21 12:55:00,2359.43,2368.34,2359.43,2367.36,35812.138
2026-08-21 13:00:00,2367.37,2374.19,2365.0,2372.79,36920.921
2026-08-21 13:05:00,2372.79,2378.43,2369.19,2373.46,51688.27
2026-08-21 13:10:00,2373.47,2373.47,2363.05,2364.8,28483.797
2026-08-21 13:15:00,2364.8,2367.99,2362.0,2364.52,18423.739
2026-08-21 13:20:00,2364.52,2364.52,2354.0,2358.25,37149.4
2026-08-21 13:25:00,2358.25,2364.11,2356.85,2359.54,12807.778
2026-08-21 13:30:00,2359.54,2369.83,2359.54,2369.79,19355.787
2026-08-21 13:35:00,2369.8,2373.2,2366.84,2371.87,20443.955
2026-08-21 13:40:00,2371.88,2373.12,2362.15,2368.53,33764.203
2026-08-21 13:45:00,2368.54,2384.54,2363.44,2376.73,66454.357
2026-08-21 13:50:00,2376.72,2378.11,2368.07,2370.0,21240.232
2026-08-21 13:55:00,2370.01,2372.82,2369.47,2371.51,8574.065
2026-08-21 14:00:00,2371.5,2379.0,2369.82,2372.65,21112.279
2026-08-21 14:05:00,2372.66,2380.86,2371.23,2375.41,21375.329
2026-08-21 14:10:00,2375.41,2387.14,2375.41,2385.55,47534.683
2026-08-21 14:15:00,2385.54,2398.56,2383.83,2385.29,161464.837
2026-08-21 14:20:00,2385.3,2387.3,2376.5,2376.51,49384.522
2026-08-21 14:25:00,2376.51,2382.3,2376.32,2380.55,21316.553
2026-08-21 14:30:00,2380.55,2388.37,2376.68,2378.17,43652.87
2026-08-21 14:35:00,2378.17,2384.2,2371.42,2381.58,52493.904
2026-08-21 14:40:00,2381.59,2387.1,2378.1,2380.0,27365.544
2026-08-21 14:45:00,2380.0,2382.81,2374.13,2375.9,33604.358
2026-08-21 14:50:00,2375.9,2376.38,2370.9,2371.89,23949.433
2026-08-21 14:55:00,2371.88,2373.26,2368.0,2371.51,28886.141
2026-08-21 15:00:00,2371.5,2380.44,2369.96,2377.15,27935.356
2026-08-21 15:05:00,2377.15,2387.27,2375.42,2385.33,34100.496
2026-08-21 15:10:00,2385.32,2391.71,2382.0,2383.38,40718.187
2026-08-21 15:15:00,2383.38,2391.71,2382.62,2389.42,35772.083
2026-08-21 15:20:00,2389.41,2390.74,2378.83,2379.53,39839.712
2026-08-21 15:25:00,2379.54,2390.04,2379.54,2386.98,35438.266
2026-08-21 15:30:00,2386.99,2400.0,2385.74,2396.66,79950.878
2026-08-21 15:35:00,2396.65,2413.76,2394.2,2408.75,133324.454
2026-08-21 15:40:00,2408.75,2417.29,2406.66,2410.03,99118.141
2026-08-21 15:45:00,2410.03,2434.23,2409.35,2425.43,181732.369
2026-08-21 15:50:00,2425.43,2441.99,2425.43,2441.31,150467.974
2026-08-21 15:55:00,2441.3,2449.47,2435.6,2444.89,124215.693
2026-08-21 16:00:00,2444.89,2446.99,2388.53,2404.5,267481.395
2026-08-21 16:05:00,2404.5,2412.33,2375.04,2391.75,169906.691
2026-08-21 16:10:00,2391.75,2406.14,2391.74,2398.12,68454.288
2026-08-21 16:15:00,2398.13,2399.9,2385.6,2389.69,54320.136
2026-08-21 16:20:00,2389.7,2393.97,2383.11,2387.75,44084.842
2026-08-21 16:25:00,2387.75,2393.74,2384.12,2388.96,21375.008
2026-08-21 16:30:00,2388.95,2399.58,2385.27,2395.01,25859.287
2026-08-21 16:35:00,2395.0,2401.86,2393.01,2399.4,23118.795
2026-08-21 16:40:00,2399.4,2411.76,2397.61,2407.57,43494.453
2026-08-21 16:45:00,2407.58,2414.05,2404.18,2411.77,35529.408
2026-08-21 16:50:00,2411.77,2416.84,2405.29,2407.08,26076.969
2026-08-21 16:55:00,2407.09,2408.76,2391.32,2403.77,39288.756
2026-08-21 17:00:00,2403.78,2405.12,2394.5,2396.24,27489.533
2026-08-21 17:05:00,2396.25,2402.4,2394.23,2395.81,24032.244
2026-08-21 17:10:00,2395.81,2405.98,2395.8,2400.75,22574.356
2026-08-21 17:15:00,2400.75,2411.64,2400.48,2410.85,27768.097
2026-08-21 17:20:00,2410.84,2410.98,2403.92,2403.94,15916.307
2026-08-21 17:25:00,2403.95,2405.2,2390.11,2399.64,35029.7
2026-08-21 17:30:00,2399.64,2401.59,2392.18,2392.47,16018.765
2026-08-21 17:35:00,2392.48,2398.95,2391.0,2395.79,14626.661
2026-08-21 17:40:00,2395.79,2398.62,2392.72,2397.04,8330.246
2026-08-21 17:45:00,2397.05,2405.0,2397.05,2399.01,14683.07
2026-08-21 17:50:00,2399.01,2399.01,2394.71,2397.07,11522.825
2026-08-21 17:55:00,2397.07,2398.55,2393.06,2394.73,8396.773
2026-08-21 18:00:00,2394.72,2396.4,2388.59,2396.24,21798.11
2026-08-21 18:05:00,2396.22,2398.95,2391.0,2391.51,9098.881
2026-08-21 18:10:00,2391.51,2392.44,2375.8,2386.14,62369.752
2026-08-21 18:15:00,2386.14,2386.35,2371.87,2374.39,54060.085
2026-08-21 18:20:00,2374.4,2388.79,2373.27,2384.09,43317.803
2026-08-21 18:25:00,2384.09,2386.0,2380.72,2385.68,16318.532
2026-08-21 18:30:00,2385.71,2386.64,2356.0,2360.41,114210.347
2026-08-21 18:35:00,2360.41,2379.24,2359.62,2374.7,54301.144
2026-08-21 18:40:00,2374.7,2377.77,2371.36,2373.39,18996.587
2026-08-21 18:45:00,2373.38,2376.51,2361.23,2368.88,42840.923
2026-08-21 18:50:00,2368.87,2377.0,2366.24,2376.88,28435.996
2026-08-21 18:55:00,2376.88,2376.88,2368.2,2370.42,21653.988
2026-08-21 19:00:00,2370.43,2374.69,2365.0,2370.04,21813.458
2026-08-21 19:05:00,2370.05,2377.23,2370.04,2372.76,17322.594
2026-08-21 19:10:00,2372.75,2379.87,2371.01,2378.56,18475.564
2026-08-21 19:15:00,2378.57,2378.58,2373.43,2374.52,14168.715
2026-08-21 19:20:00,2374.53,2376.82,2369.2,2375.39,29985.443
2026-08-21 19:25:00,2375.4,2376.36,2372.55,2374.64,7989.179
2026-08-21 19:30:00,2374.64,2376.53,2372.61,2374.99,7782.396
2026-08-21 19:35:00,2374.99,2389.59,2374.98,2389.25,40272.1
2026-08-21 19:40:00,2389.21,2396.26,2387.37,2393.95,57790.164
2026-08-21 19:45:00,2393.96,2394.8,2388.93,2394.24,24747.49
2026-08-21 19:50:00,2394.24,2397.35,2383.72,2385.89,21155.268
2026-08-21 19:55:00,2385.9,2389.92,2384.88,2387.75,13187.621
2026-08-21 20:00:00,2387.75,2389.69,2383.19,2389.68,14463.979
2026-08-21 20:05:00,2389.69,2395.61,2388.12,2389.79,16521.743
2026-08-21 20:10:00,2389.79,2390.34,2383.27,2390.15,14856.302
2026-08-21 20:15:00,2390.15,2390.45,2381.63,2385.23,15791.073
2026-08-21 20:20:00,2385.23,2385.23,2381.0,2383.97,10948.826
2026-08-21 20:25:00,2383.96,2390.55,2382.22,2386.01,26675.953
2026-08-21 20:30:00,2386.01,2386.01,2369.21,2374.76,61120.143
2026-08-21 20:35:00,2374.77,2388.67,2367.13,2388.06,52634.713
2026-08-21 20:40:00,2388.06,2398.25,2387.84,2394.6,60459.215
2026-08-21 20:45:00,2394.59,2402.3,2390.7,2402.18,54190.278
2026-08-21 20:50:00,2402.19,2406.33,2386.02,2388.91,54468.15
2026-08-21 20:55:00,2388.9,2392.49,2381.31,2386.98,32799.472
2026-08-21 21:00:00,2386.98,2387.21,2373.91,2374.51,44247.722
2026-08-21 21:05:00,2374.51,2385.69,2373.26,2380.63,18902.966
2026-08-21 21:10:00,2380.63,2386.2,2375.12,2378.5,13351.607
2026-08-21 21:15:00,2378.49,2384.76,2370.48,2371.22,24355.427
2026-08-21 21:20:00,2371.22,2382.82,2368.44,2380.67,45077.169
2026-08-21 21:25:00,2380.67,2392.28,2379.1,2391.99,42782.044
2026-08-21 21:30:00,2392.0,2397.3,2389.01,2391.78,28809.326
2026-08-21 21:35:00,2391.78,2393.2,2376.22,2378.64,41977.006
2026-08-21 21:40:00,2378.64,2386.21,2377.95,2385.54,16111.898
2026-08-21 21:45:00,2385.54,2391.37,2385.34,2389.86,14572.37
2026-08-21 21:50:00,2389.86,2392.44,2387.47,2387.93,8994.664
2026-08-21 21:55:00,2387.93,2393.93,2387.53,2393.14,12150.725
2026-08-21 22:00:00,2393.14,2396.73,2390.58,2395.0,15308.229
2026-08-21 22:05:00,2395.0,2402.71,2392.95,2401.99,31504.105
2026-08-21 22:10:00,2402.0,2406.0,2396.28,2401.92,29962.126
2026-08-21 22:15:00,2401.93,2408.29,2396.09,2400.68,19700.437
2026-08-21 22:20:00,2400.67,2403.39,2396.26,2399.27,11498.807
2026-08-21 22:25:00,2399.28,2403.0,2397.05,2397.66,9298.962
2026-08-21 22:30:00,2397.65,2402.19,2394.52,2395.77,10654.714
2026-08-21 22:35:00,2395.78,2400.79,2393.29,2399.64,11602.745
2026-08-21 22:40:00,2399.65,2402.96,2398.08,2399.15,9037.278
2026-08-21 22:45:00,2399.15,2401.9,2397.13,2398.46,10618.961
2026-08-21 22:50:00,2398.46,2402.89,2395.63,2395.78,14668.978
2026-08-21 22:55:00,2395.77,2396.79,2391.64,2393.03,14710.728
2026-08-21 23:00:00,2393.03,2396.79,2389.01,2390.3,17203.726
2026-08-21 23:05:00,2390.3,2391.79,2384.03,2386.64,32719.901
2026-08-21 23:10:00,2386.63,2392.71,2383.44,2383.87,17948.285
2026-08-21 23:15:00,2383.86,2401.78,2383.0,2394.82,29463.182
2026-08-21 23:20:00,2394.81,2400.0,2392.94,2395.75,13050.054
2026-08-21 23:25:00,2395.74,2402.81,2394.01,2402.41,11554.945
2026-08-21 23:30:00,2402.41,2402.68,2398.1,2401.56,10518.676
2026-08-21 23:35:00,2401.57,2402.35,2399.01,2400.81,9045.547
2026-08-21 23:40:00,2400.81,2401.54,2398.41,2400.51,5423.593
2026-08-21 23:45:00,2400.51,2409.99,2400.11,2407.96,22457.122
2026-08-21 23:50:00,2407.96,2413.58,2406.72,2409.0,31212.133
2026-08-21 23:55:00,2409.0,2409.0,2405.08,2405.13,10101.734
2026-08-22 00:00:00,2405.13,2410.68,2403.42,2407.33,11583.02
2026-08-22 00:05:00,2407.34,2423.0,2406.67,2414.96,67275.805
2026-08-22 00:10:00,2414.95,2418.5,2411.33,2414.95,18706.682
2026-08-22 00:15:00,2414.95,2415.46,2407.41,2409.0,38371.437
2026-08-22 00:20:00,2408.99,2409.47,2402.24,2403.33,19073.512
2026-08-22 00:25:00,2403.33,2415.96,2401.21,2415.66,22378.092
2026-08-22 00:30:00,2415.66,2421.2,2413.6,2420.29,23228.192
2026-08-22 00:35:00,2420.3,2423.0,2415.97,2422.99,28816.784
2026-08-22 00:40:00,2422.99,2425.85,2417.83,2419.27,27692.455
2026-08-22 00:45:00,2419.28,2427.18,2415.71,2423.28,19799.372
2026-08-22 00:50:00,2423.29,2425.11,2421.5,2421.96,14340.616
2026-08-22 00:55:00,2421.96,2427.0,2421.79,2422.98,10056.709
2026-08-22 01:00:00,2422.98,2426.04,2422.39,2425.05,8585.199
2026-08-22 01:05:00,2425.04,2426.71,2419.86,2420.4,12580.25
2026-08-22 01:10:00,2420.39,2424.67,2415.31,2421.5,17273.73
2026-08-22 01:15:00,2421.49,2426.96,2421.49,2426.95,12731.681
2026-08-22 01:20:00,2426.95,2431.86,2425.68,2425.68,23723.575
2026-08-22 01:25:00,2425.68,2427.33,2422.14,2423.82,17295.945
2026-08-22 01:30:00,2423.82,2425.93,2421.53,2424.62,11434.18
2026-08-22 01:35:00,2424.61,2424.61,2416.15,2421.0,19937.932
2026-08-22 01:40:00,2421.0,2421.85,2405.0,2407.59,48494.078
2026-08-22 01:45:00,2407.59,2407.59,2394.44,2396.87,67801.795
2026-08-22 01:50:00,2396.87,2409.68,2396.86,2407.58,24436.369
2026-08-22 01:55:00,2407.58,2421.58,2406.38,2419.8,36334.76
2026-08-22 02:00:00,2419.8,2420.18,2406.49,2407.13,24319.975
2026-08-22 02:05:00,2407.14,2413.24,2406.31,2412.33,8576.166
2026-08-22 02:10:00,2412.32,2414.78,2409.47,2414.49,5459.397
2026-08-22 02:15:00,2414.48,2414.48,2407.0,2411.09,7900.083
2026-08-22 02:20:00,2411.08,2414.66,2408.68,2412.92,4924.803
2026-08-22 02:25:00,2412.92,2418.9,2412.91,2417.64,10244.894
2026-08-22 02:30:00,2417.64,2419.7,2414.11,2414.19,10049.398
2026-08-22 02:35:00,2414.19,2419.33,2412.54,2417.08,7974.769
2026-08-22 02:40:00,2417.06,2417.7,2413.22,2416.47,5086.433
2026-08-22 02:45:00,2416.47,2417.6,2413.28,2417.37,7114.984
2026-08-22 02:50:00,2417.36,2417.36,2412.48,2414.4,6660.375
2026-08-22 02:55:00,2414.39,2414.79,2411.33,2412.41,12395.538
2026-08-22 03:00:00,2412.42,2426.59,2407.54,2426.1,28852.41
2026-08-22 03:05:00,2426.11,2430.22,2419.17,2426.9,32872.443
2026-08-22 03:10:00,2426.91,2429.33,2423.74,2425.13,12889.877
2026-08-22 03:15:00,2425.13,2433.71,2424.82,2430.32,21791.13
2026-08-22 03:20:00,2430.32,2447.49,2429.45,2443.34,71981.2
2026-08-22 03:25:00,2443.34,2446.76,2435.52,2444.56,30100.865
2026-08-22 03:30:00,2444.56,2444.56,2436.65,2437.76,19796.019
2026-08-22 03:35:00,2437.76,2441.61,2431.99,2433.13,12481.602
2026-08-22 03:40:00,2433.13,2438.73,2433.12,2436.49,8107.914
2026-08-22 03:45:00,2436.48,2436.73,2425.7,2433.39,18385.002
2026-08-22 03:50:00,2433.38,2444.4,2432.76,2438.24,11983.679
2026-08-22 03:55:00,2438.23,2440.68,2437.05,2440.07,5824.208
2026-08-22 04:00:00,2440.07,2441.0,2438.28,2439.52,5862.541
2026-08-22 04:05:00,2439.52,2439.66,2433.12,2435.86,6101.25
2026-08-22 04:10:00,2435.87,2460.1,2435.05,2448.81,84013.01
2026-08-22 04:15:00,2448.8,2456.44,2443.39,2455.87,24355.803
2026-08-22 04:20:00,2455.86,2483.75,2448.05,2482.99,113025.008
2026-08-22 04:25:00,2482.98,2490.59,2472.23,2479.62,76765.89
2026-08-22 04:30:00,2479.62,2498.81,2476.0,2491.83,61509.719
2026-08-22 04:35:00,2491.83,2494.34,2476.13,2477.3,38169.627
2026-08-22 04:40:00,2477.3,2486.35,2476.01,2484.71,19205.666
2026-08-22 04:45:00,2484.71,2495.78,2482.43,2490.26,27890.659
2026-08-22 04:50:00,2490.25,2522.44,2486.16,2521.2,127964.231
2026-08-22 04:55:00,2521.2,2523.89,2506.72,2513.52,68500.505
2026-08-22 05:00:00,2513.5,2537.0,2507.29,2528.51,102056.314
2026-08-22 05:05:00,2528.51,2549.4,2524.33,2542.85,96898.483
2026-08-22 05:10:00,2542.85,2546.93,2531.29,2543.04,68411.172
2026-08-22 05:15:00,2543.05,2545.0,2528.52,2542.77,81706.11
2026-08-22 05:20:00,2542.76,2542.76,2530.51,2531.61,39115.995
2026-08-22 05:25:00,2531.58,2536.66,2529.42,2534.15,25611.139
2026-08-22 05:30:00,2534.15,2536.2,2511.0,2523.21,93821.028
2026-08-22 05:35:00,2523.2,2534.63,2520.88,2530.32,30424.38
2026-08-22 05:40:00,2530.35,2534.48,2527.15,2529.61,18177.855
2026-08-22 05:45:00,2529.6,2529.6,2517.6,2519.12,30448.348
2026-08-22 05:50:00,2519.11,2530.0,2513.18,2524.49,36015.251
2026-08-22 05:55:00,2524.49,2527.83,2519.41,2522.0,13505.896
2026-08-22 06:00:00,2521.99,2525.7,2515.0,2517.8,25429.542
2026-08-22 06:05:00,2517.8,2523.0,2516.24,2519.78,21933.654
2026-08-22 06:10:00,2519.78,2526.87,2519.44,2523.96,19101.729
2026-08-22 06:15:00,2523.96,2538.0,2523.66,2535.07,48247.454
2026-08-22 06:20:00,2535.07,2547.22,2533.76,2536.76,62809.982
2026-08-22 06:25:00,2536.77,2537.95,2521.56,2525.6,39688.888
2026-08-22 06:30:00,2525.61,2531.92,2521.86,2525.18,21367.538
2026-08-22 06:35:00,2525.19,2525.29,2516.3,2516.69,23837.265
2026-08-22 06:40:00,2516.69,2525.63,2511.54,2523.83,32362.214
2026-08-22 06:45:00,2523.82,2525.55,2517.16,2520.89,15245.23
2026-08-22 06:50:00,2520.88,2520.89,2509.08,2514.46,40254.615
2026-08-22 06:55:00,2514.47,2517.51,2511.36,2515.97,12108.235
2026-08-22 07:00:00,2515.98,2522.93,2506.59,2512.43,31190.762
2026-08-22 07:05:00,2512.42,2512.42,2488.88,2498.21,89702.64
2026-08-22 07:10:00,2498.22,2506.6,2493.72,2501.34,43828.534
2026-08-22 07:15:00,2501.33,2507.85,2498.46,2504.6,19067.882
2026-08-22 07:20:00,2504.6,2511.33,2504.24,2510.38,14652.085
2026-08-22 07:25:00,2510.38,2511.95,2504.7,2506.26,13903.821
2026-08-22 07:30:00,2506.25,2516.0,2505.54,2509.5,16302.787
2026-08-22 07:35:00,2509.5,2512.75,2508.66,2510.8,9877.027
2026-08-22 07:40:00,2510.8,2511.52,2503.1,2508.72,11932.058
2026-08-22 07:45:00,2508.71,2515.7,2503.36,2513.98,18475.117
2026-08-22 07:50:00,2513.98,2518.55,2511.55,2514.43,18036.712
2026-08-22 07:55:00,2514.43,2522.0,2514.39,2521.69,25165.921
2026-08-22 08:00:00,2521.69,2526.89,2517.51,2526.83,30991.702
2026-08-22 08:05:00,2526.81,2528.23,2518.41,2520.25,23614.669
2026-08-22 08:10:00,2520.25,2523.79,2518.33,2519.57,8933.272
2026-08-22 08:15:00,2519.57,2524.83,2517.45,2518.51,9915.651
2026-08-22 08:20:00,2518.5,2519.89,2515.01,2517.65,10448.335
2026-08-22 08:25:00,2517.65,2520.5,2516.37,2517.39,6095.96
2026-08-22 08:30:00,2517.39,2527.49,2517.02,2521.39,22101.351
2026-08-22 08:35:00,2521.4,2521.77,2515.16,2515.49,14208.014
2026-08-22 08:40:00,2515.5,2517.43,2510.55,2513.36,12283.86
2026-08-22 08:45:00,2513.37,2517.9,2513.36,2514.01,8071.531
2026-08-22 08:50:00,2514.01,2518.98,2511.89,2518.9,10682.16
2026-08-22 08:55:00,2518.9,2523.94,2506.22,2506.28,27113.107
2026-08-22 09:00:00,2506.28,2511.84,2503.35,2509.54,33225.199
2026-08-22 09:05:00,2509.55,2511.95,2506.8,2509.78,12184.246
2026-08-22 09:10:00,2509.79,2510.3,2508.0,2508.73,7439.112
2026-08-22 09:15:00,2508.74,2516.16,2507.94,2510.76,9552.682
2026-08-22 09:20:00,2510.76,2514.29,2510.0,2513.63,6302.633
2026-08-22 09:25:00,2513.63,2522.52,2513.14,2518.68,15028.325
2026-08-22 09:30:00,2518.69,2521.74,2507.65,2509.0,26590.566
2026-08-22 09:35:00,2508.99,2508.99,2494.85,2507.78,59665.349
2026-08-22 09:40:00,2507.77,2510.78,2505.89,2509.63,12115.151
2026-08-22 09:45:00,2509.63,2510.77,2504.0,2508.25,15427.536
2026-08-22 09:50:00,2508.25,2511.88,2506.37,2511.7,11178.375
2026-08-22 09:55:00,2511.7,2515.33,2509.78,2515.33,9369.936
2026-08-22 10:00:00,2515.33,2522.0,2512.04,2517.08,18573.019
2026-08-22 10:05:00,2517.08,2520.0,2514.98,2515.42,13328.476
2026-08-22 10:10:00,2515.41,2515.96,2510.9,2512.47,15141.435
2026-08-22 10:15:00,2512.47,2520.8,2511.98,2520.73,9625.658
2026-08-22 10:20:00,2520.74,2524.42,2518.36,2521.51,14176.923
2026-08-22 10:25:00,2521.51,2526.44,2517.77,2519.4,21216.158
2026-08-22 10:30:00,2519.39,2523.58,2516.6,2518.73,13439.214
2026-08-22 10:35:00,2518.74,2519.72,2514.98,2518.83,9619.21
2026-08-22 10:40:00,2518.84,2518.84,2512.69,2516.98,11376.277
2026-08-22 10:45:00,2516.97,2519.64,2515.0,2517.74,9008.124
2026-08-22 10:50:00,2517.75,2522.49,2516.85,2519.28,10387.942
2026-08-22 10:55:00,2519.27,2519.77,2513.6,2514.35,6537.219
2026-08-22 11:00:00,2514.36,2517.83,2509.34,2513.38,14821.407
2026-08-22 11:05:00,2513.38,2517.84,2513.38,2515.92,9605.574
2026-08-22 11:10:00,2515.92,2520.0,2515.92,2519.41,9133.4
2026-08-22 11:15:00,2519.41,2519.41,2505.37,2507.95,27202.348
2026-08-22 11:20:00,2507.94,2513.72,2507.94,2510.87,9139.739
2026-08-22 11:25:00,2510.88,2516.44,2510.21,2516.36,8838.74
2026-08-22 11:30:00,2516.36,2523.49,2513.62,2521.36,18224.537
2026-08-22 11:35:00,2521.37,2528.46,2518.35,2521.3,28148.047
2026-08-22 11:40:00,2521.3,2529.98,2521.29,2527.58,23643.921
2026-08-22 11:45:00,2527.58,2527.58,2517.07,2517.85,34376.845
2026-08-22 11:50:00,2517.85,2518.76,2515.23,2518.33,14632.011
2026-08-22 11:55:00,2518.34,2518.55,2513.0,2513.88,18531.322
2026-08-22 12:00:00,2513.88,2517.84,2513.42,2515.65,15758.144
2026-08-22 12:05:00,2515.64,2517.26,2448.03,2451.54,187923.633
2026-08-22 12:10:00,2451.55,2464.2,2384.0,2444.83,307455.293
2026-08-22 12:15:00,2444.84,2453.16,2407.96,2436.25,150683.066
2026-08-22 12:20:00,2436.24,2444.77,2415.89,2432.23,74172.952
2026-08-22 12:25:00,2432.23,2446.51,2431.53,2437.86,43159.41
2026-08-22 12:30:00,2437.86,2443.0,2422.41,2442.8,39292.816
2026-08-22 12:35:00,2442.81,2449.42,2431.43,2431.58,40456.454
2026-08-22 12:40:00,2431.59,2435.97,2423.71,2432.84,30015.664
2026-08-22 12:45:00,2432.84,2442.0,2427.25,2440.2,25620.564
2026-08-22 12:50:00,2440.2,2445.3,2431.48,2435.49,24309.824
2026-08-22 12:55:00,2435.49,2442.88,2434.35,2439.44,23451.885
2026-08-22 13:00:00,2439.44,2443.35,2435.15,2436.47,14338.697
2026-08-22 13:05:00,2436.47,2436.88,2428.75,2434.56,21335.857
2026-08-22 13:10:00,2434.56,2435.33,2426.36,2427.79,19291.891
2026-08-22 13:15:00,2427.8,2433.36,2426.32,2428.09,15816.334
2026-08-22 13:20:00,2428.09,2436.42,2428.09,2436.18,13921.342
2026-08-22 13:25:00,2436.17,2436.47,2428.52,2429.14,7453.986
2026-08-22 13:30:00,2429.14,2429.2,2408.68,2416.99,67099.692
2026-08-22 13:35:00,2417.0,2437.23,2415.0,2433.97,35165.835
2026-08-22 13:40:00,2433.98,2439.7,2430.57,2430.57,21829.756
2026-08-22 13:45:00,2430.57,2436.09,2430.18,2434.57,10648.258
2026-08-22 13:50:00,2434.57,2438.63,2432.43,2434.63,12616.282
2026-08-22 13:55:00,2434.64,2438.63,2433.65,2436.94,7009.036
2026-08-22 14:00:00,2436.95,2447.41,2435.2,2445.02,25439.726
2026-08-22 14:05:00,2445.02,2446.95,2435.04,2436.21,21426.242
2026-08-22 14:10:00,2436.2,2437.96,2426.57,2433.31,29648.099
2026-08-22 14:15:00,2433.3,2434.59,2425.2,2429.01,14503.375
2026-08-22 14:20:00,2429.01,2438.76,2429.0,2438.12,15670.229
2026-08-22 14:25:00,2438.13,2441.55,2435.84,2441.4,13609.807
2026-08-22 14:30:00,2441.41,2441.41,2437.79,2439.14,9013.446
2026-08-22 14:35:00,2439.15,2439.81,2436.08,2437.43,5842.666
2026-08-22 14:40:00,2437.43,2437.75,2430.65,2435.9,8682.374
2026-08-22 14:45:00,2435.9,2437.73,2432.87,2434.47,6044.517
2026-08-22 14:50:00,2434.47,2437.8,2432.23,2436.36,8599.043
2026-08-22 14:55:00,2436.37,2437.52,2430.43,2432.54,6823.808
2026-08-22 15:00:00,2432.55,2436.41,2428.12,2428.61,10259.698
2026-08-22 15:05:00,2428.6,2434.45,2427.91,2433.15,9840.932
2026-08-22 15:10:00,2433.16,2440.43,2433.16,2439.17,15829.456
2026-08-22 15:15:00,2439.17,2439.53,2431.43,2432.58,7082.883
2026-08-22 15:20:00,2432.58,2435.86,2431.66,2432.41,8208.878
2026-08-22 15:25:00,2432.41,2433.11,2422.69,2425.43,27252.38
2026-08-22 15:30:00,2425.43,2425.84,2413.96,2417.99,57019.544
2026-08-22 15:35:00,2418.0,2420.99,2414.06,2419.7,19348.077
2026-08-22 15:40:00,2419.69,2425.07,2411.0,2424.01,26779.945
2026-08-22 15:45:00,2424.0,2424.32,2417.11,2422.79,7860.702
2026-08-22 15:50:00,2422.79,2424.24,2419.67,2421.2,8682.162
2026-08-22 15:55:00,2421.2,2426.09,2420.8,2425.34,8287.93
2026-08-22 16:00:00,2425.34,2426.0,2411.52,2416.07,13717.328
2026-08-22 16:05:00,2416.07,2423.76,2414.0,2422.96,11656.181
2026-08-22 16:10:00,2422.97,2427.72,2420.42,2427.38,11539.638
2026-08-22 16:15:00,2427.38,2429.09,2424.19,2425.24,9003.828
2026-08-22 16:20:00,2425.25,2429.0,2424.4,2425.01,7087.829
2026-08-22 16:25:00,2425.02,2426.48,2421.07,2424.66,8314.245
2026-08-22 16:30:00,2424.67,2426.04,2422.58,2422.78,8484.166
2026-08-22 16:35:00,2422.79,2424.79,2419.29,2420.4,7832.278
2026-08-22 16:40:00,2420.4,2423.95,2420.4,2422.38,3921.98
2026-08-22 16:45:00,2422.38,2422.8,2413.15,2417.05,17086.344
2026-08-22 16:50:00,2417.04,2421.46,2415.0,2416.39,13685.495
2026-08-22 16:55:00,2416.39,2422.42,2415.61,2421.49,10014.084
2026-08-22 17:00:00,2421.5,2422.43,2402.01,2413.22,58203.4
2026-08-22 17:05:00,2413.23,2414.61,2404.52,2406.97,26678.314
2026-08-22 17:10:00,2406.98,2410.5,2396.84,2401.02,38895.537
2026-08-22 17:15:00,2401.01,2406.35,2395.11,2395.38,36148.276
2026-08-22 17:20:00,2395.38,2401.56,2387.0,2394.07,64584.959
2026-08-22 17:25:00,2394.06,2408.5,2392.45,2406.54,37974.009
2026-08-22 17:30:00,2406.55,2410.5,2402.48,2405.4,14968.64
2026-08-22 17:35:00,2405.42,2411.99,2405.42,2410.32,14913.072
2026-08-22 17:40:00,2410.32,2416.0,2409.72,2415.32,18752.208
2026-08-22 17:45:00,2415.31,2417.62,2408.74,2411.98,22027.135
2026-08-22 17:50:00,2411.98,2413.24,2409.89,2411.98,8120.965
2026-08-22 17:55:00,2411.99,2413.58,2407.47,2412.14,11764.355
2026-08-22 18:00:00,2412.14,2413.22,2404.5,2411.58,14987.81
2026-08-22 18:05:00,2411.58,2415.68,2407.74,2407.95,9559.033
2026-08-22 18:10:00,2407.95,2410.74,2407.68,2407.68,4438.385
2026-08-22 18:15:00,2407.68,2410.09,2406.0,2408.15,6535.783
2026-08-22 18:20:00,2408.14,2412.28,2408.14,2409.94,5325.244
2026-08-22 18:25:00,2409.94,2415.72,2409.93,2414.17,10026.151
2026-08-22 18:30:00,2414.17,2418.88,2412.54,2418.4,11813.308
2026-08-22 18:35:00,2418.39,2421.98,2417.03,2419.62,18056.058
2026-08-22 18:40:00,2419.61,2424.98,2419.55,2424.29,11847.825
2026-08-22 18:45:00,2424.28,2426.32,2421.1,2421.85,16760.256
2026-08-22 18:50:00,2421.85,2423.04,2419.8,2422.36,6011.932
2026-08-22 18:55:00,2422.36,2424.56,2421.8,2423.41,4860.276
2026-08-22 19:00:00,2423.4,2426.66,2418.52,2422.55,11691.045
2026-08-22 19:05:00,2422.55,2429.41,2422.54,2428.02,16876.867
2026-08-22 19:10:00,2428.02,2435.69,2427.65,2432.31,36474.173
2026-08-22 19:15:00,2432.32,2435.0,2428.67,2433.43,9864.697
2026-08-22 19:20:00,2433.44,2435.74,2431.41,2434.39,10671.585
2026-08-22 19:25:00,2434.38,2437.6,2431.06,2434.53,13894.414
2026-08-22 19:30:00,2434.53,2436.81,2429.25,2430.11,10014.535
2026-08-22 19:35:00,2430.12,2432.39,2426.9,2427.88,8720.899
2026-08-22 19:40:00,2427.87,2430.83,2427.26,2430.69,5058.292
2026-08-22 19:45:00,2430.69,2431.71,2428.17,2428.9,7266.859
2026-08-22 19:50:00,2428.9,2429.39,2427.0,2428.5,9454.274
2026-08-22 19:55:00,2428.5,2429.57,2426.12,2427.31,6222.946
2026-08-22 20:00:00,2427.3,2428.24,2423.82,2425.4,14252.715
2026-08-22 20:05:00,2425.4,2428.18,2424.16,2428.17,5702.561
2026-08-22 20:10:00,2428.18,2428.72,2425.5,2426.01,6526.76
2026-08-22 20:15:00,2426.02,2429.37,2423.78,2424.61,5562.681
2026-08-22 20:20:00,2424.61,2427.48,2421.22,2426.32,7829.668
2026-08-22 20:25:00,2426.31,2429.45,2425.16,2425.81,4882.02
2026-08-22 20:30:00,2425.82,2428.2,2423.34,2424.37,4371.125
2026-08-22 20:35:00,2424.37,2427.24,2422.71,2423.5,5124.89
2026-08-22 20:40:00,2423.5,2424.79,2420.72,2424.79,6995.946
2026-08-22 20:45:00,2424.79,2429.0,2423.93,2427.27,5226.863
2026-08-22 20:50:00,2427.26,2432.66,2427.26,2428.98,12761.876
2026-08-22 20:55:00,2428.97,2430.0,2427.2,2429.35,3951.833
2026-08-22 21:00:00,2429.35,2430.82,2424.17,2425.17,6754.774
2026-08-22 21:05:00,2425.18,2426.22,2412.31,2418.62,47101.845
2026-08-22 21:10:00,2418.61,2420.82,2416.21,2417.95,12366.094
2026-08-22 21:15:00,2417.96,2419.62,2413.0,2415.91,13913.821
2026-08-22 21:20:00,2415.91,2417.46,2413.66,2415.59,7718.226
2026-08-22 21:25:00,2415.59,2420.3,2414.58,2420.0,6218.917
2026-08-22 21:30:00,2420.0,2423.58,2417.41,2422.38,6146.378
2026-08-22 21:35:00,2422.39,2423.68,2413.32,2414.79,8234.697
2026-08-22 21:40:00,2414.79,2418.26,2411.23,2411.62,12117.539
2026-08-22 21:45:00,2411.61,2413.95,2409.1,2411.21,10416.183
2026-08-22 21:50:00,2411.22,2415.0,2408.24,2409.25,7106.362
2026-08-22 21:55:00,2409.25,2414.56,2408.08,2413.02,7027.004
2026-08-22 22:00:00,2413.01,2416.31,2409.42,2412.18,10064.005
2026-08-22 22:05:00,2412.19,2414.84,2406.5,2407.72,13349.501
2026-08-22 22:10:00,2407.73,2411.95,2405.3,2405.31,11978.888
2026-08-22 22:15:00,2405.3,2410.68,2405.21,2407.7,8283.594
2026-08-22 22:20:00,2407.71,2411.51,2405.07,2409.21,8152.486
2026-08-22 22:25:00,2409.2,2411.53,2408.14,2410.66,6219.909
2026-08-22 22:30:00,2410.67,2414.45,2410.17,2414.09,6667.446
2026-08-22 22:35:00,2414.09,2414.45,2410.04,2412.08,5661.276
2026-08-22 22:40:00,2412.08,2412.93,2409.53,2412.02,3467.898
2026-08-22 22:45:00,2412.02,2413.68,2410.0,2410.61,3115.453
2026-08-22 22:50:00,2410.62,2411.5,2408.64,2409.85,5987.768
2026-08-22 22:55:00,2409.84,2412.56,2408.43,2410.37,5150.842
2026-08-22 23:00:00,2410.36,2417.23,2409.35,2414.45,14081.057
2026-08-22 23:05:00,2414.46,2415.72,2412.47,2412.69,6277.128
2026-08-22 23:10:00,2412.69,2414.46,2408.27,2413.93,4840.067
2026-08-22 23:15:00,2413.94,2419.95,2413.94,2419.1,11484.956
2026-08-22 23:20:00,2419.09,2422.15,2418.56,2420.75,9152.468
2026-08-22 23:25:00,2420.74,2421.65,2419.0,2419.86,4597.908
2026-08-22 23:30:00,2419.87,2422.15,2418.61,2418.61,7203.613
2026-08-22 23:35:00,2418.61,2423.96,2418.61,2422.61,8427.684
2026-08-22 23:40:00,2422.6,2429.26,2422.33,2425.26,21209.126
2026-08-22 23:45:00,2425.27,2429.12,2424.79,2426.57,14569.462
2026-08-22 23:50:00,2426.58,2427.07,2422.18,2422.19,5603.259
2026-08-22 23:55:00,2422.19,2423.73,2421.75,2421.89,3239.877
2026-08-23 00:00:00,2421.9,2424.6,2421.23,2422.72,6547.841
2026-08-23 00:05:00,2422.72,2425.04,2421.25,2423.39,3801.198
2026-08-23 00:10:00,2423.39,2424.78,2423.0,2423.6,1951.729
2026-08-23 00:15:00,2423.6,2428.87,2423.59,2428.23,4925.657
2026-08-23 00:20:00,2428.22,2428.57,2423.62,2424.86,7305.275
2026-08-23 00:25:00,2424.86,2425.37,2415.96,2418.49,12897.795
2026-08-23 00:30:00,2418.5,2423.67,2418.5,2422.81,6416.976
2026-08-23 00:35:00,2422.81,2424.98,2421.01,2421.02,3693.829
2026-08-23 00:40:00,2421.01,2424.76,2419.92,2424.36,10144.991
2026-08-23 00:45:00,2424.35,2426.74,2422.83,2426.0,3970.441
2026-08-23 00:50:00,2425.99,2431.41,2425.99,2427.46,9766.693
2026-08-23 00:55:00,2427.47,2427.72,2425.04,2425.9,2672.385
2026-08-23 01:00:00,2425.91,2428.85,2425.18,2428.59,3525.276
2026-08-23 01:05:00,2428.6,2430.3,2425.9,2426.06,3425.289
2026-08-23 01:10:00,2426.05,2427.62,2424.6,2426.16,2264.695
2026-08-23 01:15:00,2426.16,2429.44,2426.07,2428.11,5982.408
2026-08-23 01:20:00,2428.1,2433.94,2427.86,2430.77,10884.262
2026-08-23 01:25:00,2430.76,2433.94,2429.5,2430.45,4588.486
2026-08-23 01:30:00,2430.45,2433.43,2429.64,2432.87,4110.014
2026-08-23 01:35:00,2432.87,2432.88,2428.0,2428.43,5050.035
2026-08-23 01:40:00,2428.43,2430.22,2425.67,2426.04,3945.732
2026-08-23 01:45:00,2426.04,2428.1,2423.67,2425.94,10635.817
2026-08-23 01:50:00,2425.94,2426.16,2421.05,2424.04,5292.503
2026-08-23 01:55:00,2424.04,2427.24,2423.85,2426.54,2341.738
2026-08-23 02:00:00,2426.53,2427.83,2425.36,2425.98,2768.434
2026-08-23 02:05:00,2425.98,2426.93,2423.42,2426.66,3913.704
2026-08-23 02:10:00,2426.66,2429.68,2425.96,2428.76,2026.777
2026-08-23 02:15:00,2428.77,2430.62,2426.46,2428.37,10541.607
2026-08-23 02:20:00,2428.38,2428.79,2426.46,2427.18,2891.752
2026-08-23 02:25:00,2427.18,2428.56,2426.04,2427.5,2664.805
2026-08-23 02:30:00,2427.5,2430.73,2427.5,2430.45,3600.24
2026-08-23 02:35:00,2430.45,2431.43,2429.44,2430.72,2406.674
2026-08-23 02:40:00,2430.71,2434.82,2430.71,2433.81,8738.158
2026-08-23 02:45:00,2433.8,2439.4,2432.71,2437.0,24039.78
2026-08-23 02:50:00,2437.0,2444.3,2436.73,2441.7,27295.931
2026-08-23 02:55:00,2441.7,2441.71,2437.63,2438.18,7577.688
2026-08-23 03:00:00,2438.19,2440.38,2435.45,2437.94,6124.763
2026-08-23 03:05:00,2437.94,2441.24,2436.68,2440.19,3268.63
2026-08-23 03:10:00,2440.19,2442.78,2439.9,2440.06,4555.787
2026-08-23 03:15:00,2440.06,2440.89,2438.28,2438.56,4005.562
2026-08-23 03:20:00,2438.56,2438.95,2436.28,2437.06,3743.883
2026-08-23 03:25:00,2437.06,2439.04,2436.77,2436.77,2629.499
2026-08-23 03:30:00,2436.78,2437.49,2434.05,2434.8,5162.396
2026-08-23 03:35:00,2434.81,2438.02,2434.45,2438.02,2792.094
2026-08-23 03:40:00,2438.02,2438.8,2434.53,2435.96,2937.68
2026-08-23 03:45:00,2435.95,2436.67,2434.53,2434.92,2903.495
2026-08-23 03:50:00,2434.92,2435.64,2434.52,2434.54,2343.834
2026-08-23 03:55:00,2434.54,2434.54,2426.85,2431.02,17603.767
2026-08-23 04:00:00,2431.02,2431.16,2415.0,2419.33,33327.043
2026-08-23 04:05:00,2419.34,2422.84,2418.14,2421.62,9818.565
2026-08-23 04:10:00,2421.62,2421.77,2410.07,2411.52,34126.151
2026-08-23 04:15:00,2411.53,2418.65,2411.52,2418.65,15174.549
2026-08-23 04:20:00,2418.64,2421.08,2415.5,2417.43,11249.845
2026-08-23 04:25:00,2417.43,2421.41,2416.48,2420.76,4310.897
2026-08-23 04:30:00,2420.76,2422.05,2413.94,2417.19,8522.746
2026-08-23 04:35:00,2417.19,2417.19,2409.15,2411.84,11320.827
2026-08-23 04:40:00,2411.84,2415.76,2407.0,2415.48,21172.254
2026-08-23 04:45:00,2415.48,2415.48,2409.0,2411.29,4515.725
2026-08-23 04:50:00,2411.29,2412.07,2406.52,2408.09,10878.343
2026-08-23 04:55:00,2408.1,2408.73,2401.64,2406.39,18759.043
2026-08-23 05:00:00,2406.39,2412.8,2403.37,2409.69,14613.681
2026-08-23 05:05:00,2409.69,2420.93,2409.49,2418.16,21303.452
2026-08-23 05:10:00,2418.15,2420.43,2415.25,2418.88,8879.584
2026-08-23 05:15:00,2418.88,2420.48,2416.4,2417.0,4766.573
2026-08-23 05:20:00,2417.01,2421.7,2417.01,2421.26,5583.381
2026-08-23 05:25:00,2421.26,2424.54,2421.11,2422.43,8943.256
2026-08-23 05:30:00,2422.43,2422.73,2407.01,2413.4,29663.054
2026-08-23 05:35:00,2413.4,2417.19,2411.65,2413.29,4418.782
2026-08-23 05:40:00,2413.28,2415.63,2412.61,2413.47,3940.09
2026-08-23 05:45:00,2413.48,2415.86,2412.81,2413.59,4825.533
2026-08-23 05:50:00,2413.6,2417.47,2412.65,2414.82,3958.526
2026-08-23 05:55:00,2414.81,2415.5,2410.67,2413.17,4176.621
2026-08-23 06:00:00,2413.17,2415.0,2409.54,2414.74,3414.879
2026-08-23 06:05:00,2414.75,2416.12,2413.85,2414.8,3365.538
2026-08-23 06:10:00,2414.79,2415.77,2412.53,2414.47,3699.857
2026-08-23 06:15:00,2414.47,2416.18,2413.32,2416.11,2813.404
2026-08-23 06:20:00,2416.1,2419.37,2416.0,2418.21,4540.41
2026-08-23 06:25:00,2418.22,2419.37,2416.01,2416.7,3414.815
2026-08-23 06:30:00,2416.71,2418.29,2414.33,2414.67,2030.872
2026-08-23 06:35:00,2414.67,2419.99,2414.53,2419.63,2688.672
2026-08-23 06:40:00,2419.63,2421.28,2419.17,2420.34,5035.174
2026-08-23 06:45:00,2420.34,2424.54,2420.0,2424.43,3934.183
2026-08-23 06:50:00,2424.42,2426.22,2422.84,2425.09,5917.278
2026-08-23 06:55:00,2425.09,2425.38,2421.4,2421.4,2697.719
2026-08-23 07:00:00,2421.41,2424.8,2421.4,2422.82,3599.418
2026-08-23 07:05:00,2422.81,2424.1,2422.0,2422.12,1955.037
2026-08-23 07:10:00,2422.12,2422.31,2418.57,2420.18,5280.021
2026-08-23 07:15:00,2420.18,2421.73,2418.35,2420.08,4220.665
2026-08-23 07:20:00,2420.08,2429.25,2419.56,2426.7,19737.362
2026-08-23 07:25:00,2426.68,2428.31,2424.09,2425.86,5523.742
2026-08-23 07:30:00,2425.86,2427.91,2425.2,2426.61,5891.934
2026-08-23 07:35:00,2426.61,2433.48,2425.09,2429.27,17508.04
2026-08-23 07:40:00,2429.26,2430.63,2425.71,2426.39,7867.566
2026-08-23 07:45:00,2426.39,2431.4,2425.54,2430.32,6608.539
2026-08-23 07:50:00,2430.32,2434.68,2429.4,2433.14,14258.002
2026-08-23 07:55:00,2433.14,2434.52,2429.79,2429.95,11217.052
2026-08-23 08:00:00,2429.95,2430.13,2423.59,2424.35,10369.707
2026-08-23 08:05:00,2424.35,2428.0,2423.64,2426.5,5372.196
2026-08-23 08:10:00,2426.49,2429.8,2425.36,2429.23,8207.491
2026-08-23 08:15:00,2429.22,2429.32,2424.8,2426.31,3201.297
2026-08-23 08:20:00,2426.31,2432.45,2426.08,2431.35,12157.674
2026-08-23 08:25:00,2431.34,2431.34,2428.3,2429.22,3010.782
2026-08-23 08:30:00,2429.22,2432.34,2419.04,2424.0,26583.324
2026-08-23 08:35:00,2424.01,2426.2,2422.8,2425.77,5395.286
2026-08-23 08:40:00,2425.77,2426.97,2421.6,2425.57,3601.895
2026-08-23 08:45:00,2425.57,2429.0,2424.78,2425.7,4185.361
2026-08-23 08:50:00,2425.7,2428.9,2424.23,2427.83,4382.542
2026-08-23 08:55:00,2427.83,2427.83,2419.28,2422.33,26959.087
2026-08-23 09:00:00,2422.33,2423.6,2419.78,2419.8,5690.416
2026-08-23 09:05:00,2419.8,2420.38,2417.05,2418.26,9028.508
2026-08-23 09:10:00,2418.26,2419.12,2412.26,2412.6,13199.934
2026-08-23 09:15:00,2412.61,2418.75,2412.4,2415.65,7534.623
2026-08-23 09:20:00,2415.65,2416.35,2405.01,2412.07,24942.698
2026-08-23 09:25:00,2412.08,2415.53,2412.07,2415.14,5571.636
2026-08-23 09:30:00,2415.14,2419.44,2414.31,2418.93,5420.2
2026-08-23 09:35:00,2418.93,2420.0,2416.96,2418.21,4229.122
2026-08-23 09:40:00,2418.21,2419.32,2416.92,2418.05,2940.174
2026-08-23 09:45:00,2418.05,2421.29,2417.17,2419.99,3257.114
2026-08-23 09:50:00,2419.98,2423.37,2415.45,2415.85,12401.137
2026-08-23 09:55:00,2415.85,2417.0,2415.31,2415.98,3133.539
2026-08-23 10:00:00,2415.98,2417.56,2414.36,2415.3,4737.865
2026-08-23 10:05:00,2415.3,2415.57,2412.29,2413.6,4621.17
2026-08-23 10:10:00,2413.59,2417.57,2412.41,2416.32,5363.015
2026-08-23 10:15:00,2416.31,2418.55,2415.0,2416.24,4548.233
2026-08-23 10:20:00,2416.24,2416.25,2411.11,2412.54,7147.012
2026-08-23 10:25:00,2412.54,2414.34,2412.36,2412.37,3198.566
2026-08-23 10:30:00,2412.37,2412.78,2407.69,2410.04,13923.696
2026-08-23 10:35:00,2410.05,2412.19,2409.0,2409.79,5687.589
2026-08-23 10:40:00,2409.78,2410.94,2407.2,2409.25,7076.971
2026-08-23 10:45:00,2409.25,2413.27,2409.12,2412.88,4650.522
2026-08-23 10:50:00,2412.88,2414.13,2411.6,2413.14,2934.348
2026-08-23 10:55:00,2413.14,2413.49,2411.62,2413.19,2936.044
2026-08-23 11:00:00,2413.2,2416.57,2408.39,2408.39,9727.457
2026-08-23 11:05:00,2408.4,2411.63,2400.34,2406.61,41642.927
2026-08-23 11:10:00,2406.61,2414.42,2405.92,2413.68,11226.132
2026-08-23 11:15:00,2413.67,2416.0,2405.38,2405.41,14166.974
2026-08-23 11:20:00,2405.4,2409.4,2402.27,2409.0,12561.154
2026-08-23 11:25:00,2409.0,2411.69,2408.99,2410.0,4792.641
2026-08-23 11:30:00,2410.0,2410.2,2402.81,2404.35,7449.788
2026-08-23 11:35:00,2404.35,2406.13,2400.74,2405.7,9618.274
2026-08-23 11:40:00,2405.7,2406.92,2401.13,2402.15,6652.858
2026-08-23 11:45:00,2402.15,2402.94,2371.2,2375.27,188422.206
2026-08-23 11:50:00,2375.28,2389.99,2374.56,2386.0,49763.687
2026-08-23 11:55:00,2386.0,2387.0,2377.44,2378.24,28671.881
2026-08-23 12:00:00,2378.24,2384.38,2373.0,2377.72,50292.404
2026-08-23 12:05:00,2377.72,2380.31,2362.21,2371.85,64023.677
2026-08-23 12:10:00,2371.84,2377.0,2365.0,2365.79,39034.046
2026-08-23 12:15:00,2365.79,2379.97,2355.38,2379.48,86769.001
2026-08-23 12:20:00,2379.47,2384.6,2375.5,2383.76,42620.014
2026-08-23 12:25:00,2383.76,2386.92,2379.68,2379.88,26358.143
2026-08-23 12:30:00,2379.88,2384.28,2378.93,2380.6,13955.685
2026-08-23 12:35:00,2380.59,2382.89,2372.36,2375.31,27853.822
2026-08-23 12:40:00,2375.31,2379.39,2373.14,2376.23,11933.253
2026-08-23 12:45:00,2376.23,2378.29,2374.44,2375.9,7679.983
2026-08-23 12:50:00,2375.9,2377.85,2372.52,2376.23,9036.235
2026-08-23 12:55:00,2376.23,2376.93,2372.6,2372.6,5132.345
2026-08-23 13:00:00,2372.61,2376.0,2369.14,2375.1,16489.87
2026-08-23 13:05:00,2375.1,2376.23,2369.64,2370.52,9628.235
2026-08-23 13:10:00,2370.52,2381.42,2369.34,2379.24,27070.674
2026-08-23 13:15:00,2379.24,2389.88,2378.25,2388.24,35393.84
2026-08-23 13:20:00,2388.23,2393.34,2385.63,2388.95,33473.503
2026-08-23 13:25:00,2388.95,2390.66,2385.75,2389.86,10949.758
2026-08-23 13:30:00,2389.85,2397.37,2389.42,2393.26,22179.299
2026-08-23 13:35:00,2393.27,2393.96,2387.0,2389.08,11196.505
2026-08-23 13:40:00,2389.08,2393.5,2389.0,2391.67,6627.301
2026-08-23 13:45:00,2391.67,2392.85,2388.25,2389.76,6839.282
2026-08-23 13:50:00,2389.76,2390.26,2386.69,2387.49,8684.893
2026-08-23 13:55:00,2387.49,2389.84,2385.49,2389.35,9650.415
2026-08-23 14:00:00,2389.34,2390.11,2387.06,2389.6,8839.383
2026-08-23 14:05:00,2389.61,2394.36,2389.18,2391.98,7127.937
2026-08-23 14:10:00,2391.98,2396.48,2391.63,2394.09,8541.318
2026-08-23 14:15:00,2394.09,2396.96,2393.75,2395.88,6001.316
2026-08-23 14:20:00,2395.88,2395.88,2391.42,2392.98,5393.491
2026-08-23 14:25:00,2392.99,2395.18,2391.67,2392.49,6237.708
2026-08-23 14:30:00,2392.5,2392.57,2389.02,2389.08,5331.896
2026-08-23 14:35:00,2389.07,2390.36,2387.61,2390.35,6441.212
2026-08-23 14:40:00,2390.35,2390.61,2388.51,2389.08,5170.489
2026-08-23 14:45:00,2389.09,2390.98,2386.67,2390.24,7330.364
2026-08-23 14:50:00,2390.24,2392.97,2388.88,2390.0,4487.924
2026-08-23 14:55:00,2390.0,2390.16,2386.0,2388.29,7063.784
2026-08-23 15:00:00,2388.3,2389.94,2386.0,2389.93,7340.473
2026-08-23 15:05:00,2389.93,2410.0,2389.15,2407.77,51742.606
2026-08-23 15:10:00,2407.77,2414.0,2404.27,2406.58,51574.2
2026-08-23 15:15:00,2406.58,2410.75,2404.84,2407.35,14714.271
2026-08-23 15:20:00,2407.34,2407.88,2404.94,2406.5,8278.618
2026-08-23 15:25:00,2406.5,2407.47,2404.8,2406.58,6096.104
2026-08-23 15:30:00,2406.57,2418.68,2406.57,2414.29,38798.364
2026-08-23 15:35:00,2414.29,2422.95,2411.64,2417.83,30839.481
2026-08-23 15:40:00,2417.82,2428.29,2416.62,2419.37,34677.992
2026-08-23 15:45:00,2419.38,2421.48,2414.27,2414.78,14988.353
2026-08-23 15:50:00,2414.77,2417.4,2413.67,2415.26,7464.555
2026-08-23 15:55:00,2415.25,2415.74,2410.38,2412.25,12979.084
2026-08-23 16:00:00,2412.24,2416.07,2410.22,2414.76,7704.559
2026-08-23 16:05:00,2414.75,2415.68,2412.32,2412.93,4529.337
2026-08-23 16:10:00,2412.93,2413.64,2411.3,2412.59,3221.405
2026-08-23 16:15:00,2412.59,2413.52,2410.5,2411.72,5425.647
2026-08-23 16:20:00,2411.72,2412.0,2406.89,2408.14,15060.374
2026-08-23 16:25:00,2408.14,2412.11,2407.45,2410.57,6908.318
2026-08-23 16:30:00,2410.56,2410.57,2407.0,2407.85,4919.073
2026-08-23 16:35:00,2407.85,2409.19,2402.85,2409.19,14120.29
2026-08-23 16:40:00,2409.2,2413.7,2409.2,2411.83,10561.911
2026-08-23 16:45:00,2411.83,2415.0,2409.51,2413.89,8597.911
2026-08-23 16:50:00,2413.88,2415.6,2413.26,2413.63,7109.94
2026-08-23 16:55:00,2413.63,2414.13,2410.9,2410.91,3289.523
2026-08-23 17:00:00,2410.9,2414.28,2410.19,2413.72,5079.729
2026-08-23 17:05:00,2413.71,2417.34,2413.71,2414.19,12214.69
2026-08-23 17:10:00,2414.19,2414.9,2411.81,2413.99,4263.278
2026-08-23 17:15:00,2414.0,2415.61,2413.99,2414.67,3327.866
2026-08-23 17:20:00,2414.66,2420.52,2414.56,2416.52,23673.188
2026-08-23 17:25:00,2416.53,2417.97,2412.76,2413.4,7849.249
2026-08-23 17:30:00,2413.4,2417.45,2412.29,2417.14,6329.134
2026-08-23 17:35:00,2417.14,2417.98,2415.4,2415.62,8313.731
2026-08-23 17:40:00,2415.61,2416.9,2414.67,2416.32,3203.745
2026-08-23 17:45:00,2416.31,2417.2,2415.68,2416.07,3079.183
2026-08-23 17:50:00,2416.07,2417.63,2415.0,2415.56,3043.276
2026-08-23 17:55:00,2415.56,2415.85,2413.69,2414.8,2787.97
2026-08-23 18:00:00,2414.8,2417.79,2414.08,2414.82,4346.394
2026-08-23 18:05:00,2414.83,2418.82,2414.82,2417.57,5416.371
2026-08-23 18:10:00,2417.58,2420.7,2416.78,2420.05,6494.524
2026-08-23 18:15:00,2420.07,2423.68,2417.61,2423.34,11216.548
2026-08-23 18:20:00,2423.34,2432.97,2423.0,2432.1,63029.236
2026-08-23 18:25:00,2432.09,2432.76,2426.15,2426.92,16024.591
2026-08-23 18:30:00,2426.92,2430.79,2425.54,2429.18,12619.707
2026-08-23 18:35:00,2429.18,2438.67,2428.92,2437.64,38461.914
2026-08-23 18:40:00,2437.64,2438.33,2432.03,2433.38,20688.559
2026-08-23 18:45:00,2433.38,2433.68,2427.27,2428.19,12703.952
2026-08-23 18:50:00,2428.19,2432.0,2427.8,2430.72,8321.411
2026-08-23 18:55:00,2430.71,2433.84,2428.8,2433.29,12515.554
2026-08-23 19:00:00,2433.28,2433.29,2426.67,2426.94,13144.97
2026-08-23 19:05:00,2426.95,2428.11,2420.62,2424.76,29517.019
2026-08-23 19:10:00,2424.77,2425.87,2417.24,2422.44,29157.854
2026-08-23 19:15:00,2422.43,2424.36,2420.73,2423.56,5204.729
2026-08-23 19:20:00,2423.55,2424.72,2422.9,2422.94,6551.642
2026-08-23 19:25:00,2422.94,2423.21,2419.96,2422.5,5926.013
2026-08-23 19:30:00,2422.5,2425.5,2422.5,2424.31,4693.209
2026-08-23 19:35:00,2424.31,2425.78,2422.58,2425.47,4869.156
2026-08-23 19:40:00,2425.47,2428.91,2425.47,2428.0,8821.744
2026-08-23 19:45:00,2428.0,2428.01,2424.6,2425.48,4168.609
2026-08-23 19:50:00,2425.48,2426.4,2423.82,2424.6,2434.943
2026-08-23 19:55:00,2424.6,2427.0,2424.6,2426.61,2517.523
2026-08-23 20:00:00,2426.62,2428.35,2426.61,2427.85,3946.238
2026-08-23 20:05:00,2427.85,2430.91,2427.51,2430.23,6215.324
2026-08-23 20:10:00,2430.23,2432.59,2430.22,2431.53,6061.147
2026-08-23 20:15:00,2431.53,2485.51,2431.29,2469.47,196881.065
2026-08-23 20:20:00,2469.47,2470.61,2452.88,2463.2,90472.692
2026-08-23 20:25:00,2463.2,2463.2,2450.0,2453.81,44057.554
2026-08-23 20:30:00,2453.82,2458.69,2448.39,2453.66,36890.414
2026-08-23 20:35:00,2453.65,2458.0,2448.46,2456.34,19175.499
2026-08-23 20:40:00,2456.33,2458.59,2452.7,2455.49,13377.213
2026-08-23 20:45:00,2455.49,2458.0,2451.0,2452.0,12963.875
2026-08-23 20:50:00,2452.01,2456.37,2451.12,2455.68,9549.767
2026-08-23 20:55:00,2455.67,2459.56,2454.77,2458.64,17985.152
2026-08-23 21:00:00,2458.63,2464.33,2457.2,2462.82,24322.817
2026-08-23 21:05:00,2462.81,2464.33,2452.01,2457.79,23414.06
2026-08-23 21:10:00,2457.78,2469.85,2457.6,2463.39,30262.58
2026-08-23 21:15:00,2463.39,2467.15,2460.35,2460.6,14401.459
2026-08-23 21:20:00,2460.6,2463.42,2454.21,2456.13,20790.157
2026-08-23 21:25:00,2456.13,2458.94,2454.79,2455.62,12354.052
2026-08-23 21:30:00,2455.63,2456.84,2450.75,2452.66,15411.782
2026-08-23 21:35:00,2452.66,2454.46,2450.98,2452.23,12562.068
2026-08-23 21:40:00,2452.23,2453.51,2387.0,2419.43,232817.005
2026-08-23 21:45:00,2419.44,2437.21,2419.26,2432.54,69348.614
2026-08-23 21:50:00,2432.55,2448.12,2430.35,2444.43,49425.113
2026-08-23 21:55:00,2444.44,2444.44,2434.27,2437.94,23312.167
2026-08-23 22:00:00,2437.94,2439.0,2424.53,2435.98,48341.907
2026-08-23 22:05:00,2435.98,2441.03,2435.58,2438.34,16829.313
2026-08-23 22:10:00,2438.35,2438.35,2431.29,2432.48,12472.296
2026-08-23 22:15:00,2432.48,2433.71,2420.7,2426.78,32215.426
2026-08-23 22:20:00,2426.79,2436.7,2423.84,2434.51,23111.319
2026-08-23 22:25:00,2434.5,2438.47,2434.5,2436.12,8776.092
2026-08-23 22:30:00,2436.12,2443.47,2434.14,2436.0,15924.954
2026-08-23 22:35:00,2436.0,2443.88,2436.0,2443.37,10234.738
2026-08-23 22:40:00,2443.36,2451.82,2442.25,2445.66,27213.147
2026-08-23 22:45:00,2445.66,2448.5,2442.78,2444.37,14292.563
2026-08-23 22:50:00,2444.37,2444.5,2440.32,2440.9,7208.315
2026-08-23 22:55:00,2440.9,2442.8,2435.2,2437.69,10594.688
2026-08-23 23:00:00,2437.68,2444.52,2437.68,2443.33,8113.502
2026-08-23 23:05:00,2443.32,2444.39,2440.88,2441.0,3350.869
2026-08-23 23:10:00,2441.01,2446.0,2440.67,2443.52,6058.43
2026-08-23 23:15:00,2443.51,2445.0,2441.38,2441.52,5279.19
2026-08-23 23:20:00,2441.52,2445.0,2440.5,2443.5,2816.637
2026-08-23 23:25:00,2443.5,2445.93,2442.47,2445.8,5466.351
2026-08-23 23:30:00,2445.8,2453.77,2443.85,2448.95,18202.799
2026-08-23 23:35:00,2448.96,2450.0,2445.12,2446.03,6548.01
2026-08-23 23:40:00,2446.02,2448.23,2445.25,2445.41,3571.685
2026-08-23 23:45:00,2445.42,2448.74,2444.5,2448.24,5996.094
2026-08-23 23:50:00,2448.24,2459.43,2448.12,2451.52,25139.64
2026-08-23 23:55:00,2451.52,2453.0,2449.48,2449.7,7926.082
2026-08-24 00:00:00,2449.71,2453.42,2431.46,2440.74,45202.471
2026-08-24 00:05:00,2440.73,2450.35,2440.06,2450.16,13998.362
2026-08-24 00:10:00,2450.16,2450.29,2445.99,2446.54,6654.522
2026-08-24 00:15:00,2446.55,2448.37,2437.22,2448.09,21649.917
2026-08-24 00:20:00,2448.1,2449.28,2443.25,2443.43,5295.563
2026-08-24 00:25:00,2443.44,2444.26,2438.0,2440.18,8519.588
2026-08-24 00:30:00,2440.19,2440.4,2432.6,2439.84,17583.514
2026-08-24 00:35:00,2439.83,2443.48,2439.05,2439.47,4616.159
2026-08-24 00:40:00,2439.47,2440.96,2436.42,2437.64,7370.181
2026-08-24 00:45:00,2437.63,2445.8,2437.47,2439.68,9250.508
2026-08-24 00:50:00,2439.68,2441.42,2438.4,2438.77,2746.59
2026-08-24 00:55:00,2438.77,2440.88,2437.77,2439.24,1897.338
2026-08-24 01:00:00,2439.23,2440.08,2437.86,2438.71,6271.377
2026-08-24 01:05:00,2438.71,2439.36,2433.41,2439.36,15239.597
2026-08-24 01:10:00,2439.35,2448.84,2438.85,2444.15,17188.717
2026-08-24 01:15:00,2444.15,2447.9,2443.17,2444.0,9403.658
2026-08-24 01:20:00,2444.0,2446.61,2443.05,2445.1,4045.482
2026-08-24 01:25:00,2445.11,2447.74,2444.56,2445.67,3883.712
2026-08-24 01:30:00,2445.67,2446.33,2443.3,2443.31,2443.659
2026-08-24 01:35:00,2443.31,2447.36,2443.3,2444.82,2908.457
2026-08-24 01:40:00,2444.83,2447.66,2444.82,2446.64,2410.008
2026-08-24 01:45:00,2446.65,2446.8,2443.95,2445.2,5662.076
2026-08-24 01:50:00,2445.19,2446.02,2443.95,2445.88,2301.044
2026-08-24 01:55:00,2445.87,2448.37,2445.76,2447.59,4490.824
2026-08-24 02:00:00,2447.59,2449.68,2446.03,2446.46,5893.618
2026-08-24 02:05:00,2446.47,2446.98,2444.28,2444.28,1560.619
2026-08-24 02:10:00,2444.29,2444.74,2440.0,2442.43,7737.805
2026-08-24 02:15:00,2442.42,2443.7,2440.0,2443.27,2754.272
2026-08-24 02:20:00,2443.28,2444.08,2442.25,2442.59,2019.503
2026-08-24 02:25:00,2442.58,2442.88,2440.12,2441.78,5101.84
2026-08-24 02:30:00,2441.79,2441.98,2436.27,2441.66,7439.375
2026-08-24 02:35:00,2441.66,2444.04,2440.72,2444.03,2281.853
2026-08-24 02:40:00,2444.03,2447.38,2443.62,2447.02,6526.568
2026-08-24 02:45:00,2447.02,2453.92,2446.81,2448.86,24800.325
2026-08-24 02:50:00,2448.86,2448.94,2446.23,2446.35,3427.881
2026-08-24 02:55:00,2446.34,2446.35,2443.57,2443.58,3031.591
2026-08-24 03:00:00,2443.57,2443.57,2435.21,2435.92,13944.074
2026-08-24 03:05:00,2435.92,2439.34,2435.46,2439.27,4143.893
2026-08-24 03:10:00,2439.27,2441.24,2439.11,2440.44,3176.09
2026-08-24 03:15:00,2440.44,2442.0,2439.45,2441.99,1760.717
2026-08-24 03:20:00,2442.0,2446.54,2442.0,2446.54,4087.226
2026-08-24 03:25:00,2446.53,2448.0,2444.54,2444.87,7565.92
2026-08-24 03:30:00,2444.88,2447.85,2444.87,2446.38,3214.157
2026-08-24 03:35:00,2446.39,2448.0,2445.77,2447.8,4008.469
2026-08-24 03:40:00,2447.8,2449.0,2446.66,2448.79,2194.931
2026-08-24 03:45:00,2448.79,2448.79,2445.94,2447.03,3467.35
2026-08-24 03:50:00,2447.03,2449.0,2446.76,2447.95,3058.98
2026-08-24 03:55:00,2447.94,2449.69,2447.75,2449.22,2782.821
2026-08-24 04:00:00,2449.22,2466.0,2449.21,2465.1,50703.494
2026-08-24 04:05:00,2465.11,2469.26,2458.46,2464.46,23422.679
2026-08-24 04:10:00,2464.46,2466.52,2460.81,2465.05,13310.96
2026-08-24 04:15:00,2465.04,2476.0,2465.04,2473.36,38874.769
2026-08-24 04:20:00,2473.36,2474.62,2466.88,2469.5,17377.959
2026-08-24 04:25:00,2469.51,2479.81,2467.48,2476.21,15659.012
2026-08-24 04:30:00,2476.21,2484.66,2476.21,2477.64,24342.9
2026-08-24 04:35:00,2477.64,2477.64,2458.67,2460.91,33417.587
2026-08-24 04:40:00,2460.91,2463.72,2459.41,2460.68,11116.564
2026-08-24 04:45:00,2460.68,2468.06,2460.68,2467.33,10724.063
2026-08-24 04:50:00,2467.34,2478.67,2466.0,2473.32,14997.44
2026-08-24 04:55:00,2473.31,2473.73,2465.52,2469.14,19063.156
2026-08-24 05:00:00,2469.15,2474.0,2453.66,2459.03,34933.087
2026-08-24 05:05:00,2459.03,2462.66,2455.87,2461.61,10860.211
2026-08-24 05:10:00,2461.6,2465.0,2459.54,2462.66,7026.492
2026-08-24 05:15:00,2462.65,2465.67,2457.03,2463.79,10560.761
2026-08-24 05:20:00,2463.79,2464.54,2461.16,2463.22,4742.483
2026-08-24 05:25:00,2463.22,2466.89,2459.08,2459.63,8297.141
2026-08-24 05:30:00,2459.63,2462.52,2456.72,2459.35,5209.101
2026-08-24 05:35:00,2459.36,2461.3,2455.19,2460.54,7026.457
2026-08-24 05:40:00,2460.54,2460.95,2455.18,2457.9,9227.582
2026-08-24 05:45:00,2457.9,2460.46,2455.06,2460.16,7674.193
2026-08-24 05:50:00,2460.16,2460.5,2455.28,2456.01,7372.721
2026-08-24 05:55:00,2456.0,2456.64,2450.77,2454.13,11406.383
2026-08-24 06:00:00,2454.12,2454.99,2444.76,2448.33,18023.719
2026-08-24 06:05:00,2448.33,2451.72,2440.28,2450.76,14961.808
2026-08-24 06:10:00,2450.76,2454.07,2445.12,2448.04,9120.602
2026-08-24 06:15:00,2448.04,2456.68,2447.0,2453.22,10167.93
2026-08-24 06:20:00,2453.22,2453.9,2448.55,2449.98,4519.064
2026-08-24 06:25:00,2449.99,2459.4,2447.6,2457.6,10759.373
2026-08-24 06:30:00,2457.61,2470.7,2457.25,2460.44,48601.466
2026-08-24 06:35:00,2460.45,2463.36,2453.11,2454.99,14675.546
2026-08-24 06:40:00,2454.99,2456.71,2447.55,2452.77,10411.329
2026-08-24 06:45:00,2452.77,2457.1,2452.53,2456.99,4957.625
2026-08-24 06:50:00,2456.99,2466.29,2456.62,2461.37,19289.129
2026-08-24 06:55:00,2461.37,2464.7,2460.98,2462.58,5779.474
2026-08-24 07:00:00,2462.59,2463.32,2456.17,2456.54,7856.078
2026-08-24 07:05:00,2456.54,2460.41,2451.8,2459.85,10932.579
2026-08-24 07:10:00,2459.85,2460.6,2456.16,2457.97,4526.294
2026-08-24 07:15:00,2457.98,2458.94,2451.84,2455.55,11470.077
2026-08-24 07:20:00,2455.55,2455.77,2449.01,2450.3,10870.024
2026-08-24 07:25:00,2450.29,2451.0,2442.59,2450.59,20014.149
2026-08-24 07:30:00,2450.6,2456.24,2448.87,2456.02,11339.065
2026-08-24 07:35:00,2456.01,2459.5,2450.33,2451.48,15676.226
2026-08-24 07:40:00,2451.48,2452.56,2442.45,2444.47,17172.257
2026-08-24 07:45:00,2444.46,2453.0,2441.0,2451.15,20781.732
2026-08-24 07:50:00,2451.16,2457.92,2450.64,2457.59,9383.963
2026-08-24 07:55:00,2457.59,2465.62,2455.32,2464.6,22529.064
2026-08-24 08:00:00,2464.6,2466.36,2457.67,2462.45,30900.395
2026-08-24 08:05:00,2462.46,2463.65,2452.58,2454.11,11466.955
2026-08-24 08:10:00,2454.11,2458.84,2452.8,2452.89,5015.526
2026-08-24 08:15:00,2452.9,2453.43,2448.4,2450.7,18296.273
2026-08-24 08:20:00,2450.7,2450.86,2441.01,2442.8,35741.571
2026-08-24 08:25:00,2442.8,2448.21,2442.8,2443.74,12779.561
2026-08-24 08:30:00,2443.75,2448.72,2441.79,2448.31,11341.599
2026-08-24 08:35:00,2448.31,2448.65,2433.17,2439.5,55892.386
2026-08-24 08:40:00,2439.5,2441.2,2437.06,2438.12,8281.504
2026-08-24 08:45:00,2438.12,2440.17,2434.0,2435.99,23692.253
2026-08-24 08:50:00,2435.98,2437.06,2432.01,2435.8,21417.275
2026-08-24 08:55:00,2435.8,2436.12,2425.8,2428.27,44397.253
2026-08-24 09:00:00,2428.27,2434.48,2423.39,2434.01,28914.639
2026-08-24 09:05:00,2434.01,2436.67,2431.13,2434.7,13454.455
2026-08-24 09:10:00,2434.71,2445.69,2432.92,2442.96,15419.033
2026-08-24 09:15:00,2442.96,2449.11,2442.96,2448.94,17258.757
2026-08-24 09:20:00,2448.93,2449.28,2444.07,2446.55,9299.906
2026-08-24 09:25:00,2446.55,2448.29,2444.51,2446.46,6447.767
2026-08-24 09:30:00,2446.45,2450.79,2445.74,2448.3,10843.704
2026-08-24 09:35:00,2448.3,2449.25,2444.17,2445.65,8235.057
2026-08-24 09:40:00,2445.65,2447.48,2443.68,2444.99,5219.001
2026-08-24 09:45:00,2445.0,2445.0,2434.36,2440.48,19588.892
2026-08-24 09:50:00,2440.47,2441.2,2435.86,2438.94,6237.949
2026-08-24 09:55:00,2438.93,2443.84,2438.88,2442.54,8779.086
2026-08-24 10:00:00,2442.53,2444.5,2437.64,2438.65,9797.645
2026-08-24 10:05:00,2438.65,2438.65,2434.88,2436.51,8068.723
2026-08-24 10:10:00,2436.51,2438.25,2434.37,2435.28,6685.994
2026-08-24 10:15:00,2435.29,2436.09,2432.48,2434.7,9175.498
2026-08-24 10:20:00,2434.7,2440.58,2433.92,2439.61,7269.88
2026-08-24 10:25:00,2439.61,2442.82,2433.0,2433.01,9058.498
2026-08-24 10:30:00,2433.0,2434.24,2423.05,2433.61,35795.202
2026-08-24 10:35:00,2433.61,2437.4,2429.91,2435.73,11065.386
2026-08-24 10:40:00,2435.72,2436.96,2433.43,2434.66,7430.466
2026-08-24 10:45:00,2434.66,2438.63,2434.02,2436.83,6295.554
2026-08-24 10:50:00,2436.84,2440.72,2431.81,2432.35,9080.025
2026-08-24 10:55:00,2432.36,2432.63,2427.0,2429.78,8974.638
2026-08-24 11:00:00,2429.78,2436.98,2429.65,2436.66,6374.285
2026-08-24 11:05:00,2436.65,2438.26,2434.72,2434.73,6643.261
2026-08-24 11:10:00,2434.72,2437.95,2434.35,2437.94,6168.283
2026-08-24 11:15:00,2437.94,2444.78,2437.83,2441.59,11499.657
2026-08-24 11:20:00,2441.59,2444.37,2440.57,2441.16,4227.674
2026-08-24 11:25:00,2441.15,2446.09,2440.85,2445.06,8443.718
2026-08-24 11:30:00,2445.06,2445.84,2441.84,2442.38,6628.733
2026-08-24 11:35:00,2442.38,2442.73,2440.0,2440.77,6408.729
2026-08-24 11:40:00,2440.78,2442.0,2436.79,2441.99,5543.226
2026-08-24 11:45:00,2441.99,2442.87,2437.01,2437.27,5759.987
2026-08-24 11:50:00,2437.27,2437.78,2427.24,2434.56,31748.117
2026-08-24 11:55:00,2434.56,2437.05,2431.0,2436.72,7978.284
2026-08-24 12:00:00,2436.73,2437.88,2432.75,2436.74,6808.777
2026-08-24 12:05:00,2436.74,2443.7,2433.9,2442.13,12625.342
2026-08-24 12:10:00,2442.12,2458.6,2441.41,2457.16,61900.734
2026-08-24 12:15:00,2457.16,2459.26,2450.53,2452.06,37481.346
2026-08-24 12:20:00,2452.06,2455.6,2446.28,2449.33,26697.268
2026-08-24 12:25:00,2449.33,2453.95,2448.19,2449.9,16935.754
2026-08-24 12:30:00,2449.9,2449.9,2440.58,2441.79,18573.826
2026-08-24 12:35:00,2441.79,2447.57,2437.11,2445.03,18607.967
2026-08-24 12:40:00,2445.02,2451.99,2444.08,2447.47,10790.811
2026-08-24 12:45:00,2447.48,2449.23,2446.35,2446.35,6298.033
2026-08-24 12:50:00,2446.35,2448.78,2443.59,2448.45,7347.213
2026-08-24 12:55:00,2448.45,2448.8,2446.11,2448.07,7706.874
2026-08-24 13:00:00,2448.06,2450.95,2443.22,2444.09,11088.324
2026-08-24 13:05:00,2444.08,2451.23,2443.44,2449.45,9048.325
2026-08-24 13:10:00,2449.46,2456.8,2447.01,2455.79,17814.43
2026-08-24 13:15:00,2455.79,2457.71,2452.73,2452.79,14845.744
2026-08-24 13:20:00,2452.78,2455.57,2451.2,2455.32,8529.5
2026-08-24 13:25:00,2455.31,2456.56,2452.65,2453.19,9899.468
2026-08-24 13:30:00,2453.19,2454.6,2448.19,2448.55,7151.626
2026-08-24 13:35:00,2448.56,2449.8,2445.21,2445.54,8731.509
2026-08-24 13:40:00,2445.55,2447.67,2444.28,2446.58,7931.259
2026-08-24 13:45:00,2446.59,2463.56,2445.74,2460.18,31418.926
2026-08-24 13:50:00,2460.17,2461.59,2455.67,2456.5,13305.259
2026-08-24 13:55:00,2456.51,2456.8,2454.04,2455.58,5504.137
2026-08-24 14:00:00,2455.58,2459.71,2454.12,2458.7,7060.898
2026-08-24 14:05:00,2458.71,2461.53,2457.19,2461.25,17183.765
2026-08-24 14:10:00,2461.25,2473.83,2461.24,2469.5,52284.283
2026-08-24 14:15:00,2469.5,2469.5,2461.55,2463.49,16237.702
2026-08-24 14:20:00,2463.5,2465.01,2459.13,2462.57,12196.538
2026-08-24 14:25:00,2462.57,2464.21,2458.94,2461.14,9363.796
2026-08-24 14:30:00,2461.14,2461.14,2455.11,2456.93,10554.598
2026-08-24 14:35:00,2456.93,2456.93,2452.88,2454.44,13066.16
2026-08-24 14:40:00,2454.44,2454.65,2451.27,2451.79,10030.93
2026-08-24 14:45:00,2451.79,2458.35,2451.54,2456.99,12715.718
2026-08-24 14:50:00,2457.0,2458.35,2452.45,2456.08,10842.34
2026-08-24 14:55:00,2456.07,2456.15,2451.73,2453.97,8040.437
2026-08-24 15:00:00,2453.98,2455.59,2448.11,2448.83,16198.174
2026-08-24 15:05:00,2448.83,2458.53,2448.83,2453.01,10612.827
2026-08-24 15:10:00,2453.01,2453.23,2447.04,2448.37,13493.701
2026-08-24 15:15:00,2448.37,2448.59,2440.76,2444.95,28373.712
2026-08-24 15:20:00,2444.94,2445.74,2439.01,2439.01,16078.769
2026-08-24 15:25:00,2439.01,2440.43,2435.01,2438.54,35735.751
2026-08-24 15:30:00,2438.53,2443.88,2438.0,2442.71,15664.867
2026-08-24 15:35:00,2442.72,2452.5,2442.13,2450.57,11948.94
2026-08-24 15:40:00,2450.58,2452.31,2448.39,2452.3,7521.093
2026-08-24 15:45:00,2452.3,2456.07,2449.08,2455.32,10152.001
2026-08-24 15:50:00,2455.31,2455.66,2452.69,2454.2,7371.354
2026-08-24 15:55:00,2454.19,2454.71,2452.29,2453.62,7392.843
2026-08-24 16:00:00,2453.63,2459.98,2452.2,2458.01,14150.707
2026-08-24 16:05:00,2458.01,2462.34,2457.0,2461.01,13813.144
2026-08-24 16:10:00,2461.02,2461.99,2458.9,2460.85,12087.078
2026-08-24 16:15:00,2460.84,2462.5,2457.6,2460.29,16246.0
2026-08-24 16:20:00,2460.28,2460.95,2455.39,2455.76,8462.019
2026-08-24 16:25:00,2455.76,2460.0,2452.4,2459.29,12269.282
2026-08-24 16:30:00,2459.29,2463.88,2458.26,2462.71,10832.758
2026-08-24 16:35:00,2462.72,2463.0,2459.51,2461.96,7307.798
2026-08-24 16:40:00,2461.95,2462.83,2460.25,2461.5,6361.436
2026-08-24 16:45:00,2461.5,2464.08,2460.42,2461.64,6671.11
2026-08-24 16:50:00,2461.64,2464.49,2460.24,2463.48,6523.543
2026-08-24 16:55:00,2463.46,2463.46,2460.24,2462.2,4491.845
2026-08-24 17:00:00,2462.19,2483.35,2461.27,2474.78,100951.55
2026-08-24 17:05:00,2474.79,2479.59,2469.57,2472.85,33277.703
2026-08-24 17:10:00,2472.85,2492.84,2472.49,2482.26,72424.481
2026-08-24 17:15:00,2482.27,2483.32,2475.13,2478.72,24284.846
2026-08-24 17:20:00,2478.71,2478.89,2472.01,2474.15,20153.63
2026-08-24 17:25:00,2474.15,2477.48,2469.79,2471.48,19020.061
2026-08-24 17:30:00,2471.49,2477.15,2470.82,2476.75,18962.192
2026-08-24 17:35:00,2476.75,2477.5,2467.27,2467.5,22489.789
2026-08-24 17:40:00,2467.5,2469.0,2462.5,2465.6,22747.103
2026-08-24 17:45:00,2465.6,2469.87,2465.59,2467.55,12649.642
2026-08-24 17:50:00,2467.56,2469.01,2460.83,2463.75,15412.754
2026-08-24 17:55:00,2463.75,2465.0,2460.94,2464.24,6442.048
2026-08-24 18:00:00,2464.23,2464.81,2453.29,2462.17,36782.084
2026-08-24 18:05:00,2462.16,2468.85,2460.67,2466.99,24249.523
2026-08-24 18:10:00,2466.98,2470.05,2465.65,2468.01,9850.294
2026-08-24 18:15:00,2468.01,2468.95,2464.58,2468.42,10356.121
2026-08-24 18:20:00,2468.42,2470.8,2466.08,2469.01,7540.522
2026-08-24 18:25:00,2469.02,2472.43,2468.59,2471.5,7603.892
2026-08-24 18:30:00,2471.49,2483.74,2470.32,2483.47,35067.388
2026-08-24 18:35:00,2483.47,2497.44,2483.0,2492.51,90257.712
2026-08-24 18:40:00,2492.52,2506.91,2490.05,2505.94,95786.655
2026-08-24 18:45:00,2505.95,2508.69,2487.55,2490.77,76661.571
2026-08-24 18:50:00,2490.77,2493.6,2488.0,2490.64,25185.251
2026-08-24 18:55:00,2490.64,2494.0,2487.1,2493.52,20415.855
2026-08-24 19:00:00,2493.53,2493.62,2484.12,2485.11,20558.7
2026-08-24 19:05:00,2485.11,2487.9,2482.64,2487.38,16319.426
2026-08-24 19:10:00,2487.39,2488.57,2481.6,2483.5,16147.914
2026-08-24 19:15:00,2483.5,2486.25,2473.05,2486.05,50352.794
2026-08-24 19:20:00,2486.05,2492.65,2484.82,2491.06,23100.352
2026-08-24 19:25:00,2491.07,2494.2,2490.02,2492.44,18293.68
2026-08-24 19:30:00,2492.43,2501.15,2486.5,2492.86,47939.022
2026-08-24 19:35:00,2492.85,2499.58,2492.01,2497.76,15853.054
2026-08-24 19:40:00,2497.76,2505.82,2495.59,2499.12,30141.831
2026-08-24 19:45:00,2499.11,2507.6,2497.7,2506.0,33558.337
2026-08-24 19:50:00,2506.0,2520.0,2502.18,2513.14,103557.815
2026-08-24 19:55:00,2513.14,2516.86,2509.2,2511.99,33064.282
2026-08-24 20:00:00,2512.0,2513.19,2501.0,2502.57,37383.543
2026-08-24 20:05:00,2502.56,2511.02,2502.56,2510.41,19294.802
2026-08-24 20:10:00,2510.41,2519.27,2509.23,2514.97,39067.824
2026-08-24 20:15:00,2514.97,2515.11,2503.28,2510.38,33484.003
2026-08-24 20:20:00,2510.38,2516.66,2506.57,2509.02,17803.76
2026-08-24 20:25:00,2509.03,2509.22,2503.88,2506.3,15266.235
2026-08-24 20:30:00,2506.3,2506.68,2485.73,2497.79,92894.465
2026-08-24 20:35:00,2497.78,2501.7,2490.63,2493.42,42240.598
2026-08-24 20:40:00,2493.43,2494.0,2481.79,2485.55,55857.383
2026-08-24 20:45:00,2485.54,2494.32,2475.01,2491.47,70894.989
2026-08-24 20:50:00,2491.46,2494.19,2477.76,2487.45,39058.149
2026-08-24 20:55:00,2487.45,2494.85,2487.25,2492.76,24485.828
2026-08-24 21:00:00,2492.76,2501.39,2490.07,2494.37,33942.146
2026-08-24 21:05:00,2494.37,2504.13,2492.69,2502.95,26220.699
2026-08-24 21:10:00,2502.94,2511.51,2502.13,2510.36,59645.627
2026-08-24 21:15:00,2510.36,2513.8,2503.67,2507.21,35610.241
2026-08-24 21:20:00,2507.21,2528.0,2501.24,2502.93,96403.186
2026-08-24 21:25:00,2502.93,2516.91,2502.46,2516.21,42250.984
2026-08-24 21:30:00,2516.2,2528.92,2514.32,2522.27,60227.9
2026-08-24 21:35:00,2522.26,2531.7,2520.31,2524.86,57839.15
2026-08-24 21:40:00,2524.86,2529.84,2516.28,2521.52,35379.175
2026-08-24 21:45:00,2521.52,2523.79,2513.87,2515.89,26002.985
2026-08-24 21:50:00,2515.89,2516.4,2507.08,2509.2,46215.803
2026-08-24 21:55:00,2509.2,2516.36,2508.39,2515.0,14173.205
2026-08-24 22:00:00,2514.99,2519.01,2509.28,2512.9,24639.545
2026-08-24 22:05:00,2512.91,2520.0,2509.03,2515.13,13679.575
2026-08-24 22:10:00,2515.12,2520.36,2512.86,2514.51,14425.387
2026-08-24 22:15:00,2514.5,2519.92,2513.5,2518.32,11695.613
2026-08-24 22:20:00,2518.31,2532.73,2515.88,2530.95,49899.611
2026-08-24 22:25:00,2530.96,2531.86,2520.0,2524.28,61183.136
2026-08-24 22:30:00,2524.28,2524.88,2513.34,2514.24,53524.965
2026-08-24 22:35:00,2514.24,2519.25,2504.23,2507.19,71944.871
2026-08-24 22:40:00,2507.19,2509.24,2486.53,2493.67,113999.081
2026-08-24 22:45:00,2493.66,2501.49,2487.25,2494.68,45315.037
2026-08-24 22:50:00,2494.67,2496.23,2480.76,2485.15,75137.261
2026-08-24 22:55:00,2485.15,2487.21,2477.74,2486.64,56491.253
2026-08-24 23:00:00,2486.63,2493.3,2483.61,2492.41,47269.226
2026-08-24 23:05:00,2492.4,2505.6,2491.59,2499.11,60714.683
2026-08-24 23:10:00,2499.11,2500.77,2494.57,2497.72,10933.181
2026-08-24 23:15:00,2497.71,2505.55,2497.18,2503.27,28332.482
2026-08-24 23:20:00,2503.26,2503.79,2498.06,2502.5,15343.296
2026-08-24 23:25:00,2502.5,2503.0,2498.23,2498.23,15259.51
2026-08-24 23:30:00,2498.24,2500.31,2493.75,2495.64,15042.674
2026-08-24 23:35:00,2495.64,2499.45,2493.56,2494.21,12882.784
2026-08-24 23:40:00,2494.21,2494.21,2488.25,2488.44,28469.717
2026-08-24 23:45:00,2488.45,2490.63,2485.0,2487.33,15385.262
2026-08-24 23:50:00,2487.32,2488.94,2466.21,2474.08,69207.951
2026-08-24 23:55:00,2474.09,2479.72,2468.29,2477.03,49136.517
2026-08-25 00:00:00,2477.03,2477.63,2462.18,2469.66,82393.61
2026-08-25 00:05:00,2469.66,2483.23,2469.16,2482.18,40093.173
2026-08-25 00:10:00,2482.17,2482.49,2475.27,2475.49,15769.04
2026-08-25 00:15:00,2475.48,2479.44,2463.0,2474.96,52932.589
2026-08-25 00:20:00,2474.96,2474.96,2453.51,2458.44,99244.105
2026-08-25 00:25:00,2458.45,2464.65,2453.78,2457.35,36591.74
2026-08-25 00:30:00,2457.36,2461.38,2455.54,2458.74,27835.692
2026-08-25 00:35:00,2458.75,2467.96,2457.73,2465.8,25140.163
2026-08-25 00:40:00,2465.8,2469.29,2459.47,2460.0,23898.658
2026-08-25 00:45:00,2459.99,2465.82,2457.08,2464.77,15998.663
2026-08-25 00:50:00,2464.76,2467.66,2463.57,2464.3,15577.199
2026-08-25 00:55:00,2464.3,2469.74,2459.78,2467.92,14500.992
2026-08-25 01:00:00,2467.93,2474.86,2467.82,2474.1,24198.224
2026-08-25 01:05:00,2474.09,2482.26,2472.5,2475.23,37677.389
2026-08-25 01:10:00,2475.22,2483.28,2475.22,2481.3,17409.689
2026-08-25 01:15:00,2481.29,2482.17,2477.36,2479.19,16927.441
2026-08-25 01:20:00,2479.19,2479.93,2475.77,2475.77,11235.63
2026-08-25 01:25:00,2475.77,2481.33,2472.67,2478.65,15276.719
2026-08-25 01:30:00,2478.66,2481.74,2474.5,2474.93,12613.215
2026-08-25 01:35:00,2474.94,2476.4,2466.13,2470.53,18281.614
2026-08-25 01:40:00,2470.53,2475.91,2470.26,2475.75,11052.349
2026-08-25 01:45:00,2475.75,2479.82,2474.54,2478.98,7603.721
2026-08-25 01:50:00,2478.98,2479.72,2471.78,2475.29,6858.47
2026-08-25 01:55:00,2475.29,2476.29,2472.01,2473.21,2837.065
2026-08-25 02:00:00,2473.21,2477.07,2469.57,2470.12,14679.449
2026-08-25 02:05:00,2470.11,2471.01,2462.0,2465.71,40427.784
2026-08-25 02:10:00,2465.71,2474.18,2464.86,2473.0,7236.516
2026-08-25 02:15:00,2472.99,2474.42,2462.41,2463.02,20432.892
2026-08-25 02:20:00,2463.01,2466.82,2460.57,2465.1,14870.975
2026-08-25 02:25:00,2465.1,2470.17,2465.1,2469.5,3926.158
2026-08-25 02:30:00,2469.51,2470.75,2467.37,2469.25,4330.145
2026-08-25 02:35:00,2469.26,2473.5,2468.0,2471.05,7947.909
2026-08-25 02:40:00,2471.04,2471.61,2466.54,2470.7,3847.443
2026-08-25 02:45:00,2470.71,2471.45,2466.39,2469.33,3622.383
2026-08-25 02:50:00,2469.33,2470.26,2463.54,2469.0,9817.785
2026-08-25 02:55:00,2468.99,2471.0,2467.58,2470.54,13262.344
2026-08-25 03:00:00,2470.52,2473.55,2464.2,2464.87,14015.044
2026-08-25 03:05:00,2464.88,2474.25,2464.87,2474.2,7146.789
2026-08-25 03:10:00,2474.2,2474.83,2469.23,2471.28,4586.649
2026-08-25 03:15:00,2471.28,2471.28,2467.76,2470.33,2948.117
2026-08-25 03:20:00,2470.34,2471.5,2467.85,2469.53,2970.75
2026-08-25 03:25:00,2469.54,2469.83,2465.0,2467.53,6724.415
2026-08-25 03:30:00,2467.54,2470.18,2465.01,2469.89,5172.54
2026-08-25 03:35:00,2469.9,2478.31,2469.64,2474.99,15503.948
2026-08-25 03:40:00,2474.99,2475.21,2472.75,2473.05,2842.204
2026-08-25 03:45:00,2473.05,2473.98,2471.03,2471.35,5103.251
2026-08-25 03:50:00,2471.36,2472.01,2470.0,2471.62,3018.483
2026-08-25 03:55:00,2471.62,2474.45,2471.62,2474.44,2760.977
2026-08-25 04:00:00,2474.44,2480.79,2474.23,2480.33,10002.866
2026-08-25 04:05:00,2480.33,2480.79,2477.49,2478.64,6493.591
2026-08-25 04:10:00,2478.64,2483.0,2478.32,2482.98,9395.76
2026-08-25 04:15:00,2482.99,2483.64,2477.62,2477.96,6540.79
2026-08-25 04:20:00,2477.96,2481.79,2477.68,2479.84,3515.652
2026-08-25 04:25:00,2479.84,2480.95,2477.72,2480.72,5725.524
2026-08-25 04:30:00,2480.72,2481.71,2479.68,2480.1,2740.6
2026-08-25 04:35:00,2480.1,2480.86,2478.69,2480.31,2566.873
2026-08-25 04:40:00,2480.3,2483.11,2480.3,2482.09,3759.477
2026-08-25 04:45:00,2482.1,2489.0,2481.9,2484.24,21374.437
2026-08-25 04:50:00,2484.24,2485.63,2480.29,2482.03,7523.513
2026-08-25 04:55:00,2482.03,2482.95,2481.41,2482.78,2408.241
2026-08-25 05:00:00,2482.79,2484.5,2479.0,2480.95,7051.887
2026-08-25 05:05:00,2480.96,2483.32,2480.36,2480.39,3411.545
2026-08-25 05:10:00,2480.38,2481.25,2478.16,2480.29,2965.422
2026-08-25 05:15:00,2480.29,2481.61,2476.27,2476.81,5495.597
2026-08-25 05:20:00,2476.82,2479.77,2476.46,2478.63,3026.853
2026-08-25 05:25:00,2478.63,2478.63,2474.61,2476.8,4962.947
2026-08-25 05:30:00,2476.8,2483.02,2476.74,2481.5,6214.169
2026-08-25 05:35:00,2481.51,2483.99,2479.46,2481.19,4836.373
2026-08-25 05:40:00,2481.19,2481.19,2475.71,2476.0,4665.198
2026-08-25 05:45:00,2476.0,2479.29,2475.99,2478.53,3412.827
2026-08-25 05:50:00,2478.54,2479.47,2476.13,2476.99,4535.517
2026-08-25 05:55:00,2477.0,2477.0,2471.17,2473.38,8248.543
2026-08-25 06:00:00,2473.38,2476.39,2468.95,2473.76,11281.74
2026-08-25 06:05:00,2473.77,2478.01,2473.12,2476.68,4366.491
2026-08-25 06:10:00,2476.69,2478.35,2475.31,2476.58,3693.687
2026-08-25 06:15:00,2476.56,2478.15,2475.74,2477.7,4890.252
2026-08-25 06:20:00,2477.69,2483.59,2477.69,2481.66,7596.14
2026-08-25 06:25:00,2481.66,2484.0,2481.44,2481.76,4356.639
2026-08-25 06:30:00,2481.76,2485.6,2480.64,2482.49,9312.304
2026-08-25 06:35:00,2482.5,2486.0,2481.63,2485.46,4177.534
2026-08-25 06:40:00,2485.47,2486.53,2483.71,2484.07,4595.492
2026-08-25 06:45:00,2484.08,2485.53,2477.52,2477.87,8215.784
2026-08-25 06:50:00,2477.88,2478.54,2475.23,2478.37,6607.468
2026-08-25 06:55:00,2478.37,2482.01,2476.63,2481.03,3880.638
2026-08-25 07:00:00,2481.03,2482.58,2478.62,2478.63,6212.458
2026-08-25 07:05:00,2478.63,2483.77,2476.38,2477.86,12247.314
2026-08-25 07:10:00,2477.87,2482.46,2476.45,2478.11,9398.151
2026-08-25 07:15:00,2478.1,2478.1,2471.0,2475.19,11642.978
2026-08-25 07:20:00,2475.19,2479.69,2474.26,2477.97,6274.685
2026-08-25 07:25:00,2477.98,2481.51,2476.32,2477.99,6800.476
2026-08-25 07:30:00,2477.99,2479.79,2475.46,2478.72,4912.729
2026-08-25 07:35:00,2478.71,2485.8,2478.58,2483.08,11417.073
2026-08-25 07:40:00,2483.07,2493.5,2480.0,2491.54,34064.648
2026-08-25 07:45:00,2491.54,2504.66,2489.46,2492.63,56458.957
2026-08-25 07:50:00,2492.64,2499.46,2488.75,2499.13,26428.116
2026-08-25 07:55:00,2499.13,2499.85,2491.44,2492.2,18691.0
2026-08-25 08:00:00,2492.19,2499.12,2491.34,2496.29,17642.391
2026-08-25 08:05:00,2496.3,2496.3,2488.79,2491.53,13321.511
2026-08-25 08:10:00,2491.52,2491.52,2486.34,2487.85,11900.531
2026-08-25 08:15:00,2487.85,2494.71,2483.33,2493.11,11499.522
2026-08-25 08:20:00,2493.12,2497.36,2491.0,2492.86,14270.311
2026-08-25 08:25:00,2492.86,2503.82,2491.95,2497.38,29979.773
2026-08-25 08:30:00,2497.39,2500.0,2494.01,2495.86,7887.736
2026-08-25 08:35:00,2495.86,2499.88,2493.36,2498.22,5459.265
2026-08-25 08:40:00,2498.22,2501.54,2492.6,2493.05,9108.058
2026-08-25 08:45:00,2493.04,2495.92,2492.51,2494.28,3525.738
2026-08-25 08:50:00,2494.29,2494.29,2487.99,2491.41,9472.757
2026-08-25 08:55:00,2491.41,2495.94,2490.81,2494.87,4968.028
2026-08-25 09:00:00,2494.87,2497.82,2492.04,2495.07,8032.522
2026-08-25 09:05:00,2495.07,2496.4,2491.25,2493.37,5549.034
2026-08-25 09:10:00,2493.4,2496.53,2491.15,2493.16,4320.89
2026-08-25 09:15:00,2493.16,2518.79,2492.26,2518.49,107943.045
2026-08-25 09:20:00,2518.49,2520.88,2508.71,2514.69,55400.408
2026-08-25 09:25:00,2514.69,2533.47,2512.52,2528.89,64637.021
2026-08-25 09:30:00,2528.89,2531.77,2516.45,2518.28,47984.069
2026-08-25 09:35:00,2518.28,2519.39,2513.68,2518.13,20919.831
2026-08-25 09:40:00,2518.13,2530.93,2515.68,2516.41,35877.133
2026-08-25 09:45:00,2516.4,2518.45,2506.85,2508.48,38073.656
2026-08-25 09:50:00,2508.48,2509.87,2500.14,2506.56,34980.927
2026-08-25 09:55:00,2506.56,2509.87,2505.26,2506.94,12322.914
2026-08-25 10:00:00,2506.95,2510.32,2504.41,2508.33,20815.748
2026-08-25 10:05:00,2508.33,2513.71,2508.32,2510.56,15068.081
2026-08-25 10:10:00,2510.56,2512.74,2508.61,2510.32,7438.904
2026-08-25 10:15:00,2510.32,2510.94,2505.71,2509.26,10375.682
2026-08-25 10:20:00,2509.26,2510.95,2504.17,2506.23,7548.356
2026-08-25 10:25:00,2506.23,2508.0,2503.12,2504.97,7505.458
2026-08-25 10:30:00,2504.96,2508.6,2502.39,2505.41,9886.351
2026-08-25 10:35:00,2505.41,2507.12,2503.05,2506.32,8616.508
2026-08-25 10:40:00,2506.32,2506.32,2495.27,2497.62,30629.855
2026-08-25 10:45:00,2497.62,2500.33,2487.14,2492.84,50340.397
2026-08-25 10:50:00,2492.84,2498.28,2492.84,2497.29,14161.431
2026-08-25 10:55:00,2497.28,2498.49,2492.28,2497.96,16913.748
2026-08-25 11:00:00,2497.96,2503.0,2496.18,2496.38,13391.514
2026-08-25 11:05:00,2496.38,2497.96,2491.37,2497.96,11689.347
2026-08-25 11:10:00,2497.96,2499.99,2495.62,2499.03,10152.976
2026-08-25 11:15:00,2499.04,2499.48,2489.04,2492.53,25242.742
2026-08-25 11:20:00,2492.53,2496.97,2491.88,2496.54,13178.275
2026-08-25 11:25:00,2496.54,2497.0,2492.1,2493.19,6022.777
2026-08-25 11:30:00,2493.19,2495.89,2487.46,2492.81,10374.169
2026-08-25 11:35:00,2492.82,2496.44,2489.49,2490.9,23022.908
2026-08-25 11:40:00,2490.89,2493.4,2488.65,2490.46,10991.658
2026-08-25 11:45:00,2490.47,2493.55,2489.15,2493.22,6097.059
2026-08-25 11:50:00,2493.22,2494.43,2491.11,2491.11,8518.035
2026-08-25 11:55:00,2491.11,2493.84,2489.12,2493.72,7539.288
2026-08-25 12:00:00,2493.72,2498.95,2492.49,2498.02,21266.203
2026-08-25 12:05:00,2498.03,2500.76,2497.68,2499.87,10494.961
2026-08-25 12:10:00,2499.87,2500.53,2498.63,2499.44,10161.315
2026-08-25 12:15:00,2499.44,2503.64,2498.84,2502.67,14447.302
2026-08-25 12:20:00,2502.66,2503.92,2502.03,2503.9,5794.058
2026-08-25 12:25:00,2503.9,2511.13,2503.7,2507.68,20181.064
2026-08-25 12:30:00,2507.69,2510.5,2506.04,2509.92,25636.044
2026-08-25 12:35:00,2509.92,2510.69,2507.66,2509.09,15201.616
2026-08-25 12:40:00,2509.11,2510.61,2505.65,2505.65,13245.964
2026-08-25 12:45:00,2505.65,2508.22,2504.0,2507.76,7588.745
2026-08-25 12:50:00,2507.76,2509.82,2506.28,2506.31,10010.602
2026-08-25 12:55:00,2506.31,2509.47,2506.31,2507.61,6482.196
2026-08-25 13:00:00,2507.6,2509.64,2506.69,2507.57,9709.946
2026-08-25 13:05:00,2507.57,2509.13,2505.89,2507.7,7891.336
2026-08-25 13:10:00,2507.69,2509.37,2505.78,2508.97,5382.197
2026-08-25 13:15:00,2508.96,2512.86,2507.65,2510.11,10346.496
2026-08-25 13:20:00,2510.11,2514.74,2507.82,2512.49,10021.887
2026-08-25 13:25:00,2512.49,2512.9,2509.25,2509.27,5620.625
2026-08-25 13:30:00,2509.27,2509.27,2500.22,2503.68,33544.678
2026-08-25 13:35:00,2503.68,2503.68,2497.72,2502.33,12289.17
2026-08-25 13:40:00,2502.34,2503.32,2500.34,2503.02,8140.17
2026-08-25 13:45:00,2503.02,2503.68,2498.67,2499.37,8478.701
2026-08-25 13:50:00,2499.37,2500.0,2497.72,2498.32,7044.851
2026-08-25 13:55:00,2498.33,2499.9,2494.26,2499.9,9084.723
2026-08-25 14:00:00,2499.9,2510.66,2498.84,2509.57,19995.62
2026-08-25 14:05:00,2509.57,2512.23,2506.29,2507.15,14738.832
2026-08-25 14:10:00,2507.16,2507.97,2505.91,2506.14,3815.383
2026-08-25 14:15:00,2506.13,2507.1,2501.44,2503.06,6270.477
2026-08-25 14:20:00,2503.06,2505.92,2502.67,2503.22,4507.814
2026-08-25 14:25:00,2503.22,2505.0,2502.22,2503.55,3839.862
2026-08-25 14:30:00,2503.54,2503.55,2500.34,2501.09,6148.244
2026-08-25 14:35:00,2501.09,2501.6,2495.16,2496.64,9099.156
2026-08-25 14:40:00,2496.64,2499.07,2496.64,2498.47,5142.292
2026-08-25 14:45:00,2498.47,2498.99,2473.26,2480.51,86258.866
2026-08-25 14:50:00,2480.52,2483.0,2462.92,2482.54,95472.812
2026-08-25 14:55:00,2482.54,2484.3,2477.52,2477.66,31056.843
2026-08-25 15:00:00,2477.65,2481.57,2473.27,2481.07,30534.344
2026-08-25 15:05:00,2481.07,2481.8,2478.72,2480.79,12863.825
2026-08-25 15:10:00,2480.8,2485.61,2480.55,2484.47,15703.683
2026-08-25 15:15:00,2484.48,2489.66,2484.17,2486.38,16595.984
2026-08-25 15:20:00,2486.37,2495.66,2486.36,2493.25,28147.288
2026-08-25 15:25:00,2493.25,2496.97,2492.64,2492.83,16002.681
2026-08-25 15:30:00,2492.83,2495.35,2489.33,2491.58,16291.285
2026-08-25 15:35:00,2491.59,2492.34,2485.14,2485.55,10941.974
2026-08-25 15:40:00,2485.56,2490.55,2484.24,2489.37,9900.323
2026-08-25 15:45:00,2489.37,2490.18,2483.0,2483.01,10621.78
2026-08-25 15:50:00,2483.0,2484.08,2479.9,2481.35,12075.912
2026-08-25 15:55:00,2481.34,2484.66,2480.0,2484.0,9060.538
2026-08-25 16:00:00,2484.0,2484.58,2478.27,2480.63,9776.978
2026-08-25 16:05:00,2480.63,2484.73,2478.72,2484.45,8419.94
2026-08-25 16:10:00,2484.44,2488.45,2482.52,2486.49,11262.049
2026-08-25 16:15:00,2486.5,2488.72,2484.37,2486.5,5896.41
2026-08-25 16:20:00,2486.51,2492.28,2486.17,2489.25,10488.046
2026-08-25 16:25:00,2489.24,2489.25,2482.31,2486.24,10655.804
2026-08-25 16:30:00,2486.25,2490.71,2486.25,2488.71,8648.813
2026-08-25 16:35:00,2488.71,2488.99,2486.21,2486.67,4344.434
2026-08-25 16:40:00,2486.67,2489.0,2485.01,2485.02,3900.026
2026-08-25 16:45:00,2485.01,2486.22,2480.31,2480.85,12614.259
2026-08-25 16:50:00,2480.86,2481.13,2461.61,2469.84,82496.633
2026-08-25 16:55:00,2469.84,2474.32,2467.54,2473.62,23132.114
2026-08-25 17:00:00,2473.61,2475.22,2468.61,2475.13,17477.871
2026-08-25 17:05:00,2475.14,2477.69,2472.73,2475.37,11478.302
2026-08-25 17:10:00,2475.38,2479.21,2475.0,2477.4,11879.095
2026-08-25 17:15:00,2477.39,2478.95,2475.75,2478.04,6767.833
2026-08-25 17:20:00,2478.03,2478.63,2474.75,2476.64,5980.277
2026-08-25 17:25:00,2476.64,2476.99,2474.0,2475.17,6441.163
2026-08-25 17:30:00,2475.17,2477.57,2472.04,2476.97,9753.003
2026-08-25 17:35:00,2476.98,2477.84,2475.5,2477.23,7424.568
2026-08-25 17:40:00,2477.24,2478.42,2476.15,2477.04,6966.885
2026-08-25 17:45:00,2477.04,2486.65,2477.04,2481.23,20437.287
2026-08-25 17:50:00,2481.22,2484.76,2480.13,2482.81,6596.678
2026-08-25 17:55:00,2482.81,2483.84,2480.48,2480.94,8370.546
2026-08-25 18:00:00,2480.94,2481.18,2478.36,2479.05,5461.916
2026-08-25 18:05:00,2479.06,2483.09,2477.42,2478.72,7602.018
2026-08-25 18:10:00,2478.72,2479.13,2473.52,2474.3,11626.481
2026-08-25 18:15:00,2474.3,2477.37,2473.4,2474.67,9601.24
2026-08-25 18:20:00,2474.68,2478.36,2474.67,2477.24,6877.436
2026-08-25 18:25:00,2477.25,2477.38,2473.83,2477.2,6803.011
2026-08-25 18:30:00,2477.19,2480.77,2477.05,2480.2,6321.142
2026-08-25 18:35:00,2480.19,2485.24,2480.0,2481.62,11054.648
2026-08-25 18:40:00,2481.62,2481.64,2478.04,2478.13,5448.035
2026-08-25 18:45:00,2478.13,2480.2,2476.01,2478.64,7361.257
2026-08-25 18:50:00,2478.64,2482.78,2477.87,2477.87,8478.627
2026-08-25 18:55:00,2477.87,2479.09,2476.31,2477.1,5397.97
2026-08-25 19:00:00,2477.09,2480.49,2472.52,2477.14,13193.337
2026-08-25 19:05:00,2477.13,2477.13,2466.0,2472.64,30401.776
2026-08-25 19:10:00,2472.65,2477.47,2471.4,2476.85,10966.594
2026-08-25 19:15:00,2476.86,2476.86,2468.88,2470.82,11089.361
2026-08-25 19:20:00,2470.82,2471.67,2461.17,2469.07,34716.987
2026-08-25 19:25:00,2469.06,2470.55,2456.56,2467.29,40977.63
2026-08-25 19:30:00,2467.28,2470.38,2462.79,2468.62,11349.0
2026-08-25 19:35:00,2468.62,2470.42,2465.0,2465.29,10033.968
2026-08-25 19:40:00,2465.3,2470.0,2458.51,2468.63,12690.765
2026-08-25 19:45:00,2468.62,2474.29,2467.0,2472.18,12485.732
2026-08-25 19:50:00,2472.18,2475.91,2472.02,2474.14,9515.188
2026-08-25 19:55:00,2474.14,2475.0,2472.31,2472.69,7788.598
2026-08-25 20:00:00,2472.69,2475.0,2470.41,2474.67,6428.823
2026-08-25 20:05:00,2474.68,2475.36,2468.07,2470.22,8273.063
2026-08-25 20:10:00,2470.22,2472.07,2464.34,2466.68,15119.093
2026-08-25 20:15:00,2466.67,2466.68,2459.0,2462.64,23330.027
2026-08-25 20:20:00,2462.64,2465.62,2455.41,2458.43,30129.338
2026-08-25 20:25:00,2458.43,2460.89,2453.0,2456.44,42234.495
2026-08-25 20:30:00,2456.45,2470.47,2454.38,2470.07,37732.902
2026-08-25 20:35:00,2470.07,2476.21,2467.65,2470.67,45262.937
2026-08-25 20:40:00,2470.68,2474.7,2461.53,2463.48,21574.457
2026-08-25 20:45:00,2463.48,2464.85,2454.0,2456.98,38203.369
2026-08-25 20:50:00,2456.98,2457.5,2438.3,2448.0,102907.153
2026-08-25 20:55:00,2448.0,2460.72,2445.14,2459.99,33738.561
2026-08-25 21:00:00,2460.0,2463.03,2453.0,2462.7,25963.867
2026-08-25 21:05:00,2462.7,2466.49,2461.01,2466.41,21663.041
2026-08-25 21:10:00,2466.41,2472.01,2465.59,2466.31,23217.229
2026-08-25 21:15:00,2466.32,2472.0,2463.64,2464.82,28069.283
2026-08-25 21:20:00,2464.82,2472.39,2463.78,2472.39,16571.846
2026-08-25 21:25:00,2472.38,2479.81,2470.87,2474.7,33031.172
2026-08-25 21:30:00,2474.7,2483.58,2469.19,2477.22,51584.994
2026-08-25 21:35:00,2477.23,2479.57,2472.12,2472.99,17817.0
2026-08-25 21:40:00,2473.0,2474.58,2470.52,2473.34,10347.762
2026-08-25 21:45:00,2473.33,2478.0,2473.24,2474.74,9440.944
2026-08-25 21:50:00,2474.73,2478.62,2474.05,2475.12,7411.916
2026-08-25 21:55:00,2475.12,2478.04,2473.73,2475.96,10183.813
2026-08-25 22:00:00,2475.96,2477.3,2472.11,2474.22,12425.679
2026-08-25 22:05:00,2474.23,2476.66,2471.42,2472.0,11831.078
2026-08-25 22:10:00,2472.0,2473.32,2466.42,2466.7,17975.898
2026-08-25 22:15:00,2466.71,2475.42,2464.85,2473.99,14289.281
2026-08-25 22:20:00,2473.99,2476.93,2470.48,2470.48,9229.048
2026-08-25 22:25:00,2470.48,2474.0,2467.56,2473.68,9609.826
2026-08-25 22:30:00,2473.68,2474.77,2469.23,2472.48,7832.829
2026-08-25 22:35:00,2472.48,2479.55,2472.48,2475.06,18594.775
2026-08-25 22:40:00,2475.06,2476.77,2471.78,2476.63,7424.821
2026-08-25 22:45:00,2476.63,2477.66,2471.58,2472.76,10574.049
2026-08-25 22:50:00,2472.76,2477.93,2471.07,2476.78,5566.842
2026-08-25 22:55:00,2476.78,2482.7,2476.77,2481.56,14417.155
2026-08-25 23:00:00,2481.56,2484.79,2478.12,2480.54,20917.956
2026-08-25 23:05:00,2480.54,2480.99,2475.4,2475.4,6861.59
2026-08-25 23:10:00,2475.41,2476.62,2471.26,2472.46,9077.66
2026-08-25 23:15:00,2472.47,2475.98,2471.61,2474.93,8518.416
2026-08-25 23:20:00,2474.93,2475.47,2465.84,2469.63,17902.018
2026-08-25 23:25:00,2469.62,2471.69,2467.5,2470.95,9375.355
2026-08-25 23:30:00,2470.95,2477.19,2470.53,2474.17,11715.484
2026-08-25 23:35:00,2474.17,2475.33,2472.22,2474.32,4374.555
2026-08-25 23:40:00,2474.32,2477.75,2473.43,2474.58,7099.42
2026-08-25 23:45:00,2474.58,2478.65,2474.16,2475.76,6627.72
2026-08-25 23:50:00,2475.76,2475.85,2470.75,2471.0,7885.42
2026-08-25 23:55:00,2471.01,2471.2,2467.89,2469.59,9062.574
2026-08-26 00:00:00,2469.59,2470.46,2462.0,2464.97,26749.406
2026-08-26 00:05:00,2464.97,2467.95,2457.07,2459.55,39262.12
2026-08-26 00:10:00,2459.54,2462.43,2453.28,2462.01,38947.085
2026-08-26 00:15:00,2462.01,2464.91,2460.58,2464.12,9771.399
2026-08-26 00:20:00,2464.13,2465.57,2457.54,2458.68,12098.812
2026-08-26 00:25:00,2458.69,2459.76,2456.37,2457.35,9354.632
2026-08-26 00:30:00,2457.35,2467.8,2457.35,2464.61,11013.63
2026-08-26 00:35:00,2464.62,2465.52,2462.28,2463.44,4865.374
2026-08-26 00:40:00,2463.45,2468.4,2463.18,2466.83,8336.34
2026-08-26 00:45:00,2466.83,2469.17,2466.02,2468.01,8822.474
2026-08-26 00:50:00,2468.0,2468.98,2466.62,2467.73,6359.238
2026-08-26 00:55:00,2467.74,2470.16,2467.38,2469.93,5301.038
2026-08-26 01:00:00,2469.94,2473.42,2469.0,2469.73,15278.302
2026-08-26 01:05:00,2469.72,2472.0,2469.61,2471.71,4142.911
2026-08-26 01:10:00,2471.72,2473.72,2470.48,2472.4,5365.862
2026-08-26 01:15:00,2472.41,2473.71,2470.19,2471.12,4487.869
2026-08-26 01:20:00,2471.12,2473.59,2470.15,2472.0,3722.156
2026-08-26 01:25:00,2471.99,2472.12,2470.71,2471.71,2730.098
2026-08-26 01:30:00,2471.71,2471.71,2466.31,2466.87,8560.542
2026-08-26 01:35:00,2466.86,2468.28,2465.22,2468.03,6795.205
2026-08-26 01:40:00,2468.02,2468.26,2465.79,2467.03,3989.054
2026-08-26 01:45:00,2467.04,2469.03,2466.74,2467.54,11708.693
2026-08-26 01:50:00,2467.53,2467.75,2462.69,2463.75,8038.459
2026-08-26 01:55:00,2463.76,2466.8,2463.6,2466.04,3048.991
2026-08-26 02:00:00,2466.04,2468.34,2461.67,2461.78,4920.251
2026-08-26 02:05:00,2461.78,2465.91,2461.67,2465.82,4060.765
2026-08-26 02:10:00,2465.82,2467.41,2464.36,2466.84,4242.909
2026-08-26 02:15:00,2466.84,2468.95,2465.9,2468.78,3286.581
2026-08-26 02:20:00,2468.78,2469.13,2465.82,2468.0,3170.138
2026-08-26 02:25:00,2467.99,2467.99,2461.08,2461.36,6394.307
2026-08-26 02:30:00,2461.36,2461.43,2455.81,2459.29,9668.629
2026-08-26 02:35:00,2459.28,2461.12,2458.03,2458.23,7427.067
2026-08-26 02:40:00,2458.24,2458.62,2453.67,2454.96,10554.016
2026-08-26 02:45:00,2454.96,2458.63,2454.96,2457.04,8770.347
2026-08-26 02:50:00,2457.03,2461.72,2456.53,2460.18,5453.621
2026-08-26 02:55:00,2460.19,2462.68,2458.8,2462.03,6225.951
2026-08-26 03:00:00,2462.03,2463.29,2446.0,2454.39,31896.701
2026-08-26 03:05:00,2454.38,2457.98,2451.82,2456.86,13871.304
2026-08-26 03:10:00,2456.86,2457.41,2454.5,2456.94,5306.099
2026-08-26 03:15:00,2456.95,2460.63,2455.47,2460.27,4661.418
2026-08-26 03:20:00,2460.28,2460.45,2456.93,2459.48,2806.175
2026-08-26 03:25:00,2459.48,2459.88,2455.02,2455.12,3704.632
2026-08-26 03:30:00,2455.11,2455.85,2450.68,2452.68,8142.465
2026-08-26 03:35:00,2452.68,2454.82,2443.43,2446.19,14913.229
2026-08-26 03:40:00,2446.19,2447.69,2441.27,2445.37,13448.406
2026-08-26 03:45:00,2445.37,2447.31,2432.49,2434.74,69297.441
2026-08-26 03:50:00,2434.74,2441.98,2433.75,2437.98,26304.532
2026-08-26 03:55:00,2437.99,2440.65,2433.98,2435.25,16126.262
2026-08-26 04:00:00,2435.25,2440.25,2433.88,2436.13,15307.486
2026-08-26 04:05:00,2436.13,2439.0,2412.69,2417.26,123990.37
2026-08-26 04:10:00,2417.26,2429.58,2414.94,2429.37,30007.391
2026-08-26 04:15:00,2429.36,2433.64,2424.63,2432.82,29081.004
2026-08-26 04:20:00,2432.82,2432.82,2423.06,2427.69,15774.023
2026-08-26 04:25:00,2427.68,2433.36,2425.26,2432.82,10608.308
2026-08-26 04:30:00,2432.82,2437.32,2431.25,2435.33,12876.481
2026-08-26 04:35:00,2435.33,2441.64,2435.32,2441.34,16979.118
2026-08-26 04:40:00,2441.34,2441.99,2439.16,2439.99,7797.069
2026-08-26 04:45:00,2439.99,2442.0,2439.45,2441.72,9739.555
2026-08-26 04:50:00,2441.71,2441.72,2438.41,2440.2,9282.285
2026-08-26 04:55:00,2440.2,2443.07,2438.16,2440.8,25268.414
2026-08-26 05:00:00,2440.81,2447.75,2440.81,2447.61,16714.127
2026-08-26 05:05:00,2447.6,2451.0,2446.19,2447.33,13871.121
2026-08-26 05:10:00,2447.33,2451.05,2447.02,2450.67,8063.8
2026-08-26 05:15:00,2450.67,2452.02,2448.07,2449.55,8049.419
2026-08-26 05:20:00,2449.56,2450.25,2445.46,2447.17,7605.188
2026-08-26 05:25:00,2447.18,2447.44,2441.12,2445.48,8780.338
2026-08-26 05:30:00,2445.49,2448.81,2443.14,2448.24,6255.168
2026-08-26 05:35:00,2448.25,2449.85,2447.09,2447.51,5416.538
2026-08-26 05:40:00,2447.51,2449.4,2446.69,2449.06,3594.625
2026-08-26 05:45:00,2449.05,2452.46,2448.46,2451.97,5202.449
2026-08-26 05:50:00,2451.96,2453.6,2451.86,2452.81,3480.976
2026-08-26 05:55:00,2452.81,2454.74,2452.44,2452.7,4855.918
2026-08-26 06:00:00,2452.71,2454.67,2451.63,2454.4,4511.919
2026-08-26 06:05:00,2454.41,2455.95,2451.84,2452.22,8886.299
2026-08-26 06:10:00,2452.22,2454.1,2450.68,2453.77,5146.507
2026-08-26 06:15:00,2453.78,2455.4,2449.66,2450.99,6347.216
2026-08-26 06:20:00,2450.99,2451.09,2448.22,2448.48,6181.078
2026-08-26 06:25:00,2448.48,2451.66,2446.83,2451.29,6586.537
2026-08-26 06:30:00,2451.29,2451.32,2447.5,2449.79,4934.562
2026-08-26 06:35:00,2449.8,2450.19,2446.6,2446.85,3756.304
2026-08-26 06:40:00,2446.86,2446.99,2441.72,2443.32,9736.22
2026-08-26 06:45:00,2443.32,2443.33,2438.54,2439.41,12166.902
2026-08-26 06:50:00,2439.42,2440.25,2435.64,2438.3,11516.431
2026-08-26 06:55:00,2438.31,2443.25,2437.32,2441.72,7179.202
2026-08-26 07:00:00,2441.72,2444.27,2438.36,2443.4,11240.62
2026-08-26 07:05:00,2443.4,2443.64,2434.63,2436.9,11641.537
2026-08-26 07:10:00,2436.9,2440.57,2435.35,2436.22,10735.635
2026-08-26 07:15:00,2436.23,2442.26,2435.48,2440.64,6537.996
2026-08-26 07:20:00,2440.64,2442.51,2437.55,2442.49,4384.115
2026-08-26 07:25:00,2442.5,2443.21,2440.0,2442.9,4706.313
2026-08-26 07:30:00,2442.89,2445.57,2442.4,2442.75,8283.348
2026-08-26 07:35:00,2442.75,2443.27,2436.6,2436.67,10584.994
2026-08-26 07:40:00,2436.66,2442.64,2435.64,2439.6,6916.137
2026-08-26 07:45:00,2439.6,2444.57,2437.93,2443.73,8248.01
2026-08-26 07:50:00,2443.73,2449.56,2443.64,2448.91,10047.313
2026-08-26 07:55:00,2448.91,2448.91,2445.04,2445.07,5156.996
2026-08-26 08:00:00,2445.08,2452.2,2443.96,2452.2,9161.166
2026-08-26 08:05:00,2452.2,2460.0,2452.2,2453.87,31781.9
2026-08-26 08:10:00,2453.87,2455.24,2451.35,2452.8,5576.151
2026-08-26 08:15:00,2452.79,2456.88,2451.56,2455.28,8392.48
2026-08-26 08:20:00,2455.27,2455.74,2453.39,2454.18,4183.851
2026-08-26 08:25:00,2454.18,2454.18,2451.32,2452.27,3545.655
2026-08-26 08:30:00,2452.28,2458.74,2452.15,2458.32,7263.14
2026-08-26 08:35:00,2458.32,2461.54,2457.88,2457.89,12180.05
2026-08-26 08:40:00,2457.89,2458.66,2455.28,2456.87,5325.259
2026-08-26 08:45:00,2456.87,2456.88,2453.82,2454.65,5189.674
2026-08-26 08:50:00,2454.66,2455.31,2453.07,2454.11,4459.27
2026-08-26 08:55:00,2454.11,2455.0,2453.0,2454.99,2312.295
2026-08-26 09:00:00,2455.0,2458.07,2454.55,2456.4,5697.179
2026-08-26 09:05:00,2456.4,2456.49,2452.88,2453.34,4242.027
2026-08-26 09:10:00,2453.34,2455.9,2452.93,2454.5,4649.071
2026-08-26 09:15:00,2454.49,2462.89,2454.32,2459.84,8007.263
2026-08-26 09:20:00,2459.84,2461.52,2459.25,2460.99,5245.611
2026-08-26 09:25:00,2460.99,2467.43,2460.99,2466.95,16956.269
2026-08-26 09:30:00,2466.95,2469.35,2463.82,2467.1,14519.726
2026-08-26 09:35:00,2467.1,2468.63,2465.4,2466.65,7111.165
2026-08-26 09:40:00,2466.65,2467.37,2465.75,2466.23,4438.083
2026-08-26 09:45:00,2466.24,2467.79,2463.74,2464.79,7503.144
2026-08-26 09:50:00,2464.8,2465.37,2463.19,2463.78,4918.068
2026-08-26 09:55:00,2463.78,2465.67,2463.78,2464.18,3521.082
2026-08-26 10:00:00,2464.17,2467.43,2463.42,2463.42,4234.869
2026-08-26 10:05:00,2463.42,2464.62,2461.05,2461.66,7193.646
2026-08-26 10:10:00,2461.66,2462.73,2461.33,2461.87,3972.328
2026-08-26 10:15:00,2461.86,2463.16,2459.01,2460.09,4211.54
2026-08-26 10:20:00,2460.1,2465.51,2460.09,2464.01,6599.172
2026-08-26 10:25:00,2464.01,2464.15,2461.7,2462.39,2065.449
2026-08-26 10:30:00,2462.38,2462.39,2457.25,2460.83,7021.387
2026-08-26 10:35:00,2460.84,2466.61,2460.84,2463.91,8357.459
2026-08-26 10:40:00,2463.92,2464.26,2461.13,2463.77,3075.813
2026-08-26 10:45:00,2463.77,2464.65,2460.31,2460.73,4148.769
2026-08-26 10:50:00,2460.73,2464.1,2460.0,2464.1,4929.937
2026-08-26 10:55:00,2464.09,2466.3,2464.09,2464.58,4985.779
2026-08-26 11:00:00,2464.57,2464.66,2460.86,2463.61,5867.317
2026-08-26 11:05:00,2463.6,2472.0,2461.84,2471.75,16680.149
2026-08-26 11:10:00,2471.75,2471.84,2463.58,2465.32,9756.295
2026-08-26 11:15:00,2465.33,2469.0,2464.0,2468.93,3835.231
2026-08-26 11:20:00,2468.92,2469.02,2465.5,2468.36,6110.783
2026-08-26 11:25:00,2468.36,2469.37,2465.0,2465.46,4539.947
2026-08-26 11:30:00,2465.46,2466.59,2461.59,2463.33,8383.152
2026-08-26 11:35:00,2463.33,2465.81,2462.57,2462.95,3816.39
2026-08-26 11:40:00,2462.96,2464.63,2462.6,2463.37,2538.055
2026-08-26 11:45:00,2463.38,2463.38,2456.11,2459.53,17919.918
2026-08-26 11:50:00,2459.52,2460.92,2457.53,2459.59,5980.514
2026-08-26 11:55:00,2459.59,2459.6,2454.21,2455.77,14247.21
2026-08-26 12:00:00,2455.77,2457.91,2454.4,2455.65,9742.505
2026-08-26 12:05:00,2455.64,2455.98,2450.22,2454.95,14271.48
2026-08-26 12:10:00,2454.95,2459.31,2454.51,2456.69,8001.569
2026-08-26 12:15:00,2456.68,2458.24,2453.0,2453.26,9991.494
2026-08-26 12:20:00,2453.27,2461.5,2453.26,2461.29,7747.61
2026-08-26 12:25:00,2461.28,2463.56,2459.65,2462.15,7147.076
2026-08-26 12:30:00,2462.15,2467.65,2461.24,2464.97,11810.892
2026-08-26 12:35:00,2464.96,2465.35,2461.36,2463.21,5707.61
2026-08-26 12:40:00,2463.21,2465.0,2462.43,2464.45,5184.952
2026-08-26 12:45:00,2464.44,2464.45,2462.29,2463.87,3425.617
2026-08-26 12:50:00,2463.87,2463.98,2460.01,2460.37,4424.293
2026-08-26 12:55:00,2460.37,2464.22,2460.37,2463.85,3618.032
2026-08-26 13:00:00,2463.85,2466.29,2462.05,2464.15,6531.386
2026-08-26 13:05:00,2464.15,2466.44,2464.14,2466.01,4663.386
2026-08-26 13:10:00,2466.01,2466.01,2460.02,2460.56,4751.996
2026-08-26 13:15:00,2460.54,2461.5,2455.8,2455.8,9047.874
2026-08-26 13:20:00,2455.8,2458.71,2454.4,2455.0,7630.067
2026-08-26 13:25:00,2455.01,2457.3,2453.45,2455.71,7480.699
2026-08-26 13:30:00,2455.71,2458.93,2455.07,2455.64,12775.098
2026-08-26 13:35:00,2455.64,2456.33,2452.19,2455.7,7272.13
2026-08-26 13:40:00,2455.71,2459.74,2455.22,2459.31,5343.679
2026-08-26 13:45:00,2459.31,2460.41,2456.53,2457.69,5111.886
2026-08-26 13:50:00,2457.69,2459.62,2457.38,2459.62,2761.592
2026-08-26 13:55:00,2459.62,2459.75,2457.74,2459.03,2538.908
2026-08-26 14:00:00,2459.03,2464.69,2456.0,2464.08,10185.102
2026-08-26 14:05:00,2464.08,2467.59,2461.28,2461.74,12530.262
2026-08-26 14:10:00,2461.73,2464.9,2461.73,2464.07,3004.431
2026-08-26 14:15:00,2464.06,2465.0,2462.65,2462.87,3235.224
2026-08-26 14:20:00,2462.86,2464.91,2460.49,2462.9,4032.885
2026-08-26 14:25:00,2462.88,2465.8,2462.0,2462.25,4118.619
2026-08-26 14:30:00,2462.25,2463.96,2460.36,2463.96,4717.517
2026-08-26 14:35:00,2463.95,2465.99,2462.82,2464.78,6758.537
2026-08-26 14:40:00,2464.79,2465.49,2463.03,2463.95,3442.482
2026-08-26 14:45:00,2463.96,2464.94,2461.65,2464.59,4599.788
2026-08-26 14:50:00,2464.58,2465.98,2461.32,2461.53,4674.46
2026-08-26 14:55:00,2461.52,2463.08,2460.28,2460.51,4812.822
2026-08-26 15:00:00,2460.52,2462.26,2457.9,2460.11,4080.623
2026-08-26 15:05:00,2460.11,2466.42,2458.52,2465.16,10611.525
2026-08-26 15:10:00,2465.16,2468.67,2463.77,2463.78,10739.217
2026-08-26 15:15:00,2463.77,2465.57,2461.09,2461.66,6140.213
2026-08-26 15:20:00,2461.66,2461.78,2456.94,2459.92,6486.163
2026-08-26 15:25:00,2459.91,2462.69,2459.91,2461.47,3351.152
2026-08-26 15:30:00,2461.46,2462.69,2459.03,2460.79,3530.465
2026-08-26 15:35:00,2460.78,2461.91,2459.88,2460.73,5580.053
2026-08-26 15:40:00,2460.73,2463.69,2459.86,2462.83,3916.743
2026-08-26 15:45:00,2462.82,2463.11,2459.13,2460.0,4063.641
2026-08-26 15:50:00,2460.0,2460.9,2454.01,2454.17,8079.235
2026-08-26 15:55:00,2454.17,2455.81,2452.01,2455.31,15542.712
2026-08-26 16:00:00,2455.31,2459.5,2453.2,2457.45,13537.047
2026-08-26 16:05:00,2457.44,2459.96,2456.77,2457.22,3980.276
2026-08-26 16:10:00,2457.23,2458.49,2454.66,2454.96,3094.061
2026-08-26 16:15:00,2454.96,2455.72,2444.08,2446.92,37859.036
2026-08-26 16:20:00,2446.93,2449.58,2444.57,2445.24,16227.436
2026-08-26 16:25:00,2445.24,2450.55,2445.24,2449.6,7568.734
2026-08-26 16:30:00,2449.59,2452.54,2447.0,2451.24,6993.902
2026-08-26 16:35:00,2451.25,2451.65,2447.17,2447.45,5188.75
2026-08-26 16:40:00,2447.45,2447.98,2443.08,2443.89,10001.084
2026-08-26 16:45:00,2443.89,2447.98,2441.51,2447.98,11842.819
2026-08-26 16:50:00,2447.97,2448.8,2445.0,2445.0,5112.29
2026-08-26 16:55:00,2445.01,2447.42,2444.69,2446.8,3301.15
2026-08-26 17:00:00,2446.81,2447.14,2443.81,2445.04,5797.263
2026-08-26 17:05:00,2445.05,2446.24,2443.52,2444.53,5908.332
2026-08-26 17:10:00,2444.52,2448.98,2443.53,2448.26,6639.809
2026-08-26 17:15:00,2448.26,2450.9,2448.01,2450.88,7641.783
2026-08-26 17:20:00,2450.88,2452.2,2448.92,2452.19,5835.561
2026-08-26 17:25:00,2452.2,2454.0,2450.91,2453.69,11320.59
2026-08-26 17:30:00,2453.69,2457.15,2453.05,2457.14,8219.576
2026-08-26 17:35:00,2457.13,2469.74,2457.05,2465.4,31999.995
2026-08-26 17:40:00,2465.4,2466.7,2462.31,2464.17,26561.232
2026-08-26 17:45:00,2464.16,2474.64,2462.8,2474.06,28580.402
2026-08-26 17:50:00,2474.06,2474.87,2468.5,2469.41,20654.473
2026-08-26 17:55:00,2469.41,2470.46,2467.36,2467.67,8310.601
2026-08-26 18:00:00,2467.67,2472.3,2467.67,2471.42,11522.636
2026-08-26 18:05:00,2471.42,2471.7,2466.58,2467.79,7239.333
2026-08-26 18:10:00,2467.79,2469.0,2465.94,2467.38,6500.668
2026-08-26 18:15:00,2467.38,2468.14,2464.99,2465.74,5033.156
2026-08-26 18:20:00,2465.75,2467.37,2464.45,2465.82,7260.731
2026-08-26 18:25:00,2465.82,2466.34,2464.0,2465.04,4753.467
2026-08-26 18:30:00,2465.03,2465.17,2463.66,2464.05,6244.168
2026-08-26 18:35:00,2464.06,2466.9,2454.49,2458.8,20980.232
2026-08-26 18:40:00,2458.8,2462.28,2456.54,2460.79,9103.547
2026-08-26 18:45:00,2460.79,2461.0,2458.44,2458.72,6861.43
2026-08-26 18:50:00,2458.72,2464.99,2458.6,2464.57,8557.119
2026-08-26 18:55:00,2464.56,2468.18,2461.7,2462.03,15029.423
2026-08-26 19:00:00,2462.03,2464.93,2459.61,2462.33,8468.586
2026-08-26 19:05:00,2462.33,2462.34,2457.6,2460.59,8305.418
2026-08-26 19:10:00,2460.6,2462.94,2459.33,2459.42,5792.899
2026-08-26 19:15:00,2459.41,2461.2,2456.28,2458.82,5359.604
2026-08-26 19:20:00,2458.82,2467.8,2458.59,2467.41,8925.772
2026-08-26 19:25:00,2467.41,2471.41,2466.8,2470.02,16940.415
2026-08-26 19:30:00,2470.02,2470.09,2442.92,2459.7,118908.209
2026-08-26 19:35:00,2459.7,2463.0,2451.5,2454.73,19554.993
2026-08-26 19:40:00,2454.73,2459.28,2453.9,2453.9,7316.659
2026-08-26 19:45:00,2453.89,2458.58,2451.37,2456.33,16403.99
2026-08-26 19:50:00,2456.32,2459.86,2451.42,2453.79,10465.036
2026-08-26 19:55:00,2453.78,2457.26,2452.71,2454.0,13031.105
2026-08-26 20:00:00,2454.01,2457.6,2451.38,2451.4,9808.372
2026-08-26 20:05:00,2451.4,2453.73,2446.46,2448.65,20583.707
2026-08-26 20:10:00,2448.64,2448.85,2440.11,2444.8,51833.39
2026-08-26 20:15:00,2444.79,2447.33,2440.6,2444.2,18183.086
2026-08-26 20:20:00,2444.19,2446.54,2437.2,2439.53,33937.287
2026-08-26 20:25:00,2439.53,2445.0,2434.05,2443.3,35992.056
2026-08-26 20:30:00,2443.31,2453.59,2442.28,2450.84,45927.358
2026-08-26 20:35:00,2450.83,2456.8,2448.07,2451.11,19592.325
2026-08-26 20:40:00,2451.11,2458.6,2450.23,2457.38,20971.121
2026-08-26 20:45:00,2457.37,2463.68,2454.01,2454.31,27491.621
2026-08-26 20:50:00,2454.3,2454.58,2448.78,2451.36,21157.653
2026-08-26 20:55:00,2451.36,2457.0,2450.23,2456.16,7098.339
2026-08-26 21:00:00,2456.17,2461.91,2452.38,2458.37,17174.89
2026-08-26 21:05:00,2458.37,2460.66,2456.08,2457.74,12034.417
2026-08-26 21:10:00,2457.73,2460.09,2454.6,2455.0,13807.843
2026-08-26 21:15:00,2455.0,2460.91,2454.12,2457.43,10163.381
2026-08-26 21:20:00,2457.44,2457.98,2451.91,2451.91,12519.76
2026-08-26 21:25:00,2451.91,2452.94,2447.44,2449.32,15851.81
2026-08-26 21:30:00,2449.32,2451.6,2447.53,2448.69,9253.537
2026-08-26 21:35:00,2448.68,2451.46,2445.19,2447.47,10330.79
2026-08-26 21:40:00,2447.47,2449.28,2441.64,2443.61,18039.009
2026-08-26 21:45:00,2443.6,2444.79,2438.45,2443.58,24277.413
2026-08-26 21:50:00,2443.58,2446.39,2440.36,2440.92,14589.031
2026-08-26 21:55:00,2440.92,2441.75,2437.38,2438.1,19368.42
2026-08-26 22:00:00,2438.1,2441.0,2431.0,2432.06,41516.049
2026-08-26 22:05:00,2432.05,2442.51,2431.01,2441.59,21896.31
2026-08-26 22:10:00,2441.57,2442.69,2438.73,2440.36,9364.511
2026-08-26 22:15:00,2440.36,2441.14,2435.03,2437.99,10081.807
2026-08-26 22:20:00,2437.99,2444.4,2437.82,2442.83,13203.751
2026-08-26 22:25:00,2442.84,2454.87,2442.83,2453.31,40040.719
2026-08-26 22:30:00,2453.3,2453.81,2443.53,2444.08,14343.188
2026-08-26 22:35:00,2444.09,2446.28,2438.98,2445.73,15430.67
2026-08-26 22:40:00,2445.73,2450.4,2445.72,2447.15,9956.144
2026-08-26 22:45:00,2447.16,2452.24,2447.16,2451.69,7882.49
2026-08-26 22:50:00,2451.69,2451.69,2447.88,2448.24,8611.695
2026-08-26 22:55:00,2448.24,2451.0,2447.71,2448.97,6301.086
2026-08-26 23:00:00,2448.98,2451.01,2446.06,2451.01,11743.766
2026-08-26 23:05:00,2451.0,2454.72,2450.2,2452.6,15599.4
2026-08-26 23:10:00,2452.6,2452.71,2448.42,2449.26,4531.589
2026-08-26 23:15:00,2449.27,2450.12,2446.61,2449.02,4655.612
2026-08-26 23:20:00,2449.03,2452.37,2447.77,2447.77,9014.276
2026-08-26 23:25:00,2447.77,2449.46,2446.17,2448.1,8230.402
2026-08-26 23:30:00,2448.1,2451.0,2446.63,2451.0,4343.599
2026-08-26 23:35:00,2450.99,2452.49,2440.15,2440.73,18559.416
2026-08-26 23:40:00,2440.73,2442.84,2436.19,2437.61,19144.285
2026-08-26 23:45:00,2437.62,2450.43,2437.62,2447.39,19903.001
2026-08-26 23:50:00,2447.39,2449.24,2443.75,2445.48,5621.795
2026-08-26 23:55:00,2445.49,2446.37,2443.35,2443.66,3534.106
2026-08-27 00:00:00,2443.66,2446.46,2443.0,2444.78,4904.089
2026-08-27 00:05:00,2444.77,2447.49,2442.79,2445.51,3711.141
2026-08-27 00:10:00,2445.51,2446.59,2442.87,2446.57,4169.895
2026-08-27 00:15:00,2446.57,2451.86,2446.56,2451.2,9911.403
2026-08-27 00:20:00,2451.2,2456.51,2450.66,2455.91,22585.398
2026-08-27 00:25:00,2455.91,2462.98,2455.71,2461.98,36441.559
2026-08-27 00:30:00,2461.99,2466.59,2460.83,2464.26,24398.661
2026-08-27 00:35:00,2464.25,2464.55,2460.54,2463.09,11043.989
2026-08-27 00:40:00,2463.08,2465.42,2460.42,2460.42,11208.277
2026-08-27 00:45:00,2460.42,2461.01,2454.67,2456.71,14116.008
2026-08-27 00:50:00,2456.71,2461.19,2456.7,2460.54,5296.625
2026-08-27 00:55:00,2460.54,2461.99,2458.79,2459.94,4325.101
2026-08-27 01:00:00,2459.94,2462.83,2457.83,2461.22,5357.568
2026-08-27 01:05:00,2461.21,2465.77,2460.4,2464.74,6765.145
2026-08-27 01:10:00,2464.73,2472.04,2464.08,2466.38,34573.579
2026-08-27 01:15:00,2466.38,2467.68,2464.09,2465.75,6150.868
2026-08-27 01:20:00,2465.81,2468.28,2464.0,2464.72,6964.784
2026-08-27 01:25:00,2464.73,2465.23,2460.7,2461.83,6374.806
2026-08-27 01:30:00,2461.83,2465.45,2461.39,2463.4,4755.511
2026-08-27 01:35:00,2463.4,2466.21,2463.01,2463.67,5171.725
2026-08-27 01:40:00,2463.68,2463.79,2461.26,2463.64,4172.657
2026-08-27 01:45:00,2463.65,2469.0,2463.63,2469.0,6372.297
2026-08-27 01:50:00,2469.0,2472.48,2466.71,2471.74,12768.402
2026-08-27 01:55:00,2471.74,2473.88,2470.61,2471.72,10350.834
2026-08-27 02:00:00,2471.73,2472.42,2470.3,2470.92,10447.022
2026-08-27 02:05:00,2470.91,2471.97,2468.15,2468.16,9809.067
2026-08-27 02:10:00,2468.15,2471.92,2467.69,2469.37,4505.857
2026-08-27 02:15:00,2469.37,2472.68,2468.95,2471.88,6488.083
2026-08-27 02:20:00,2471.88,2472.07,2469.92,2470.47,7262.991
2026-08-27 02:25:00,2470.47,2483.48,2469.65,2479.11,59280.214
2026-08-27 02:30:00,2479.12,2479.63,2474.27,2475.94,11626.806
2026-08-27 02:35:00,2475.93,2476.65,2469.01,2469.18,12052.494
2026-08-27 02:40:00,2469.18,2470.58,2466.81,2470.0,8691.168
2026-08-27 02:45:00,2470.0,2472.58,2469.5,2471.99,4501.532
2026-08-27 02:50:00,2471.98,2472.97,2469.03,2470.31,9345.171
2026-08-27 02:55:00,2470.3,2471.85,2468.22,2469.51,13587.551
2026-08-27 03:00:00,2469.51,2472.02,2467.63,2472.01,9349.096
2026-08-27 03:05:00,2472.01,2473.56,2470.63,2470.63,4520.699
2026-08-27 03:10:00,2470.63,2472.1,2467.8,2467.8,13108.476
2026-08-27 03:15:00,2467.81,2469.7,2466.29,2468.42,8849.321
2026-08-27 03:20:00,2468.42,2468.42,2458.62,2464.81,27366.803
2026-08-27 03:25:00,2464.81,2467.95,2464.81,2467.87,4739.357
2026-08-27 03:30:00,2467.88,2468.83,2464.57,2464.82,5902.154
2026-08-27 03:35:00,2464.82,2466.38,2462.8,2465.61,4348.067
2026-08-27 03:40:00,2465.61,2469.0,2465.61,2467.91,3697.749
2026-08-27 03:45:00,2467.92,2469.35,2467.34,2468.33,3392.198
2026-08-27 03:50:00,2468.33,2469.99,2467.42,2469.67,2631.073
2026-08-27 03:55:00,2469.67,2472.06,2469.67,2471.28,5523.329
2026-08-27 04:00:00,2471.29,2471.99,2469.26,2469.73,3001.182
2026-08-27 04:05:00,2469.72,2485.0,2469.72,2483.99,34477.639
2026-08-27 04:10:00,2483.99,2494.62,2479.45,2491.86,62503.91
2026-08-27 04:15:00,2491.87,2495.14,2487.16,2491.02,32896.776
2026-08-27 04:20:00,2491.02,2494.96,2488.92,2493.7,16569.823
2026-08-27 04:25:00,2493.69,2504.41,2491.4,2499.53,47610.872
2026-08-27 04:30:00,2499.53,2500.48,2493.92,2495.18,18255.173
2026-08-27 04:35:00,2495.19,2500.48,2494.54,2495.58,12686.487
2026-08-27 04:40:00,2495.57,2495.58,2492.67,2493.48,6675.627
2026-08-27 04:45:00,2493.49,2494.27,2490.74,2491.7,7531.322
2026-08-27 04:50:00,2491.69,2497.1,2491.69,2496.0,6879.115
2026-08-27 04:55:00,2496.0,2497.51,2494.45,2495.89,5201.896
2026-08-27 05:00:00,2495.88,2503.0,2493.55,2502.79,21312.48
2026-08-27 05:05:00,2502.79,2506.84,2500.44,2500.5,21373.344
2026-08-27 05:10:00,2500.51,2503.7,2498.2,2502.32,16513.688
2026-08-27 05:15:00,2502.32,2515.0,2501.8,2509.98,40271.901
2026-08-27 05:20:00,2509.98,2514.55,2505.21,2505.81,22714.504
2026-08-27 05:25:00,2505.8,2508.1,2504.08,2505.41,9688.671
2026-08-27 05:30:00,2505.4,2505.98,2498.65,2499.55,13468.057
2026-08-27 05:35:00,2499.55,2500.32,2494.0,2494.36,11569.99
2026-08-27 05:40:00,2494.37,2498.77,2493.54,2496.93,7562.928
2026-08-27 05:45:00,2496.94,2497.09,2491.46,2492.88,10376.69
2026-08-27 05:50:00,2492.88,2492.88,2489.0,2490.05,13076.05
2026-08-27 05:55:00,2490.05,2495.33,2488.47,2492.61,9905.534
2026-08-27 06:00:00,2492.61,2495.0,2489.48,2494.03,10520.472
2026-08-27 06:05:00,2494.03,2494.04,2486.95,2488.42,14616.642
2026-08-27 06:10:00,2488.43,2490.79,2487.58,2489.56,9511.573
2026-08-27 06:15:00,2489.57,2493.65,2489.07,2493.65,9158.004
2026-08-27 06:20:00,2493.65,2497.12,2492.45,2496.07,12754.81
2026-08-27 06:25:00,2496.08,2500.36,2494.2,2498.09,14217.984
2026-08-27 06:30:00,2498.09,2501.6,2496.92,2497.94,11955.157
2026-08-27 06:35:00,2497.94,2505.62,2497.31,2503.44,17994.082
2026-08-27 06:40:00,2503.44,2507.0,2501.13,2506.27,14029.066
2026-08-27 06:45:00,2506.27,2511.69,2499.0,2504.79,35039.603
2026-08-27 06:50:00,2504.78,2506.01,2501.97,2504.34,10291.423
2026-08-27 06:55:00,2504.34,2507.17,2503.38,2505.66,7896.635
2026-08-27 07:00:00,2505.66,2506.26,2498.83,2499.01,14145.326
2026-08-27 07:05:00,2499.02,2509.46,2498.78,2509.45,12271.722
2026-08-27 07:10:00,2509.46,2509.68,2500.91,2501.79,15848.322
2026-08-27 07:15:00,2501.8,2505.33,2499.09,2505.33,18095.051
2026-08-27 07:20:00,2505.32,2505.55,2500.18,2500.18,5189.416
2026-08-27 07:25:00,2500.19,2500.19,2497.4,2499.86,8749.354
2026-08-27 07:30:00,2499.87,2500.64,2497.35,2497.66,5147.557
2026-08-27 07:35:00,2497.67,2498.52,2494.18,2495.69,12105.6
2026-08-27 07:40:00,2495.69,2496.93,2493.3,2495.1,7300.164
2026-08-27 07:45:00,2495.11,2495.11,2491.64,2494.29,9951.035
2026-08-27 07:50:00,2494.28,2496.28,2490.88,2491.47,9246.131
2026-08-27 07:55:00,2491.47,2493.73,2490.51,2490.71,13400.243
2026-08-27 08:00:00,2490.71,2492.91,2487.4,2491.14,18047.092
2026-08-27 08:05:00,2491.14,2494.24,2487.44,2489.72,11213.495
2026-08-27 08:10:00,2489.73,2490.96,2485.06,2488.34,12757.262
2026-08-27 08:15:00,2488.35,2491.38,2486.23,2490.4,7217.662
2026-08-27 08:20:00,2490.4,2495.7,2490.4,2495.55,7718.116
2026-08-27 08:25:00,2495.55,2504.55,2495.15,2502.2,20364.591
2026-08-27 08:30:00,2502.2,2505.0,2497.04,2500.01,13242.637
2026-08-27 08:35:00,2500.01,2501.85,2497.24,2498.39,8503.15
2026-08-27 08:40:00,2498.39,2498.39,2491.68,2491.75,9561.169
2026-08-27 08:45:00,2491.75,2501.38,2491.72,2501.38,8684.147
2026-08-27 08:50:00,2501.38,2504.87,2500.03,2500.33,16584.349
2026-08-27 08:55:00,2500.34,2502.77,2496.42,2496.81,6922.238
2026-08-27 09:00:00,2496.8,2501.2,2496.13,2500.86,6884.342
2026-08-27 09:05:00,2500.86,2502.99,2500.0,2502.99,5111.923
2026-08-27 09:10:00,2502.98,2504.1,2500.03,2501.01,7338.194
2026-08-27 09:15:00,2501.0,2501.31,2498.76,2500.28,4778.066
2026-08-27 09:20:00,2500.28,2501.01,2494.75,2496.26,7049.287
2026-08-27 09:25:00,2496.26,2496.44,2493.0,2494.86,5367.815
2026-08-27 09:30:00,2494.87,2497.43,2493.48,2496.56,3958.946
2026-08-27 09:35:00,2496.56,2496.56,2493.44,2493.94,3706.427
2026-08-27 09:40:00,2493.95,2493.95,2492.08,2493.1,4160.17
2026-08-27 09:45:00,2493.09,2494.6,2492.5,2494.0,5449.802
2026-08-27 09:50:00,2493.99,2495.0,2492.7,2493.23,4656.704
2026-08-27 09:55:00,2493.22,2493.88,2492.56,2493.83,4763.241
2026-08-27 10:00:00,2493.83,2494.1,2492.64,2493.46,3974.537
2026-08-27 10:05:00,2493.46,2496.24,2492.67,2493.13,5509.466
2026-08-27 10:10:00,2493.13,2494.37,2489.5,2490.03,7593.364
2026-08-27 10:15:00,2490.04,2493.64,2488.0,2493.46,9914.907
2026-08-27 10:20:00,2493.46,2497.4,2490.22,2495.09,15650.722
2026-08-27 10:25:00,2495.1,2498.33,2492.71,2496.78,11382.805
2026-08-27 10:30:00,2496.79,2497.2,2493.0,2493.49,6956.354
2026-08-27 10:35:00,2493.49,2494.98,2492.02,2492.74,6087.168
2026-08-27 10:40:00,2492.74,2492.87,2491.04,2491.17,7402.375
2026-08-27 10:45:00,2491.17,2493.59,2488.07,2489.21,7107.164
2026-08-27 10:50:00,2489.21,2490.95,2488.18,2490.95,8099.228
2026-08-27 10:55:00,2490.95,2491.95,2490.02,2491.95,4781.384
2026-08-27 11:00:00,2491.95,2493.64,2491.68,2492.5,5590.989
2026-08-27 11:05:00,2492.5,2493.96,2490.23,2493.58,2879.26
2026-08-27 11:10:00,2493.58,2493.65,2492.35,2493.08,2740.966
2026-08-27 11:15:00,2493.09,2494.78,2492.77,2494.24,3403.19
2026-08-27 11:20:00,2494.25,2494.25,2491.73,2493.43,2927.091
2026-08-27 11:25:00,2493.43,2493.64,2490.59,2490.59,2023.072
2026-08-27 11:30:00,2490.57,2490.57,2486.01,2486.23,7411.826
2026-08-27 11:35:00,2486.23,2487.1,2482.39,2485.75,23162.678
2026-08-27 11:40:00,2485.75,2488.2,2484.66,2488.08,9146.003
2026-08-27 11:45:00,2488.08,2489.95,2484.46,2485.82,6288.501
2026-08-27 11:50:00,2485.82,2485.93,2483.34,2485.73,5295.309
2026-08-27 11:55:00,2485.73,2486.45,2485.44,2486.45,2821.88
2026-08-27 12:00:00,2486.44,2487.52,2482.56,2483.0,9840.928
2026-08-27 12:05:00,2482.99,2486.26,2482.12,2485.52,9460.134
2026-08-27 12:10:00,2485.53,2486.46,2484.12,2484.12,2675.197
2026-08-27 12:15:00,2484.12,2484.12,2482.57,2483.59,2982.414
2026-08-27 12:20:00,2483.59,2489.33,2483.59,2489.32,3526.682
2026-08-27 12:25:00,2489.33,2490.36,2482.55,2484.01,6991.149
2026-08-27 12:30:00,2484.01,2485.03,2480.58,2482.99,9912.748
2026-08-27 12:35:00,2483.0,2487.33,2480.56,2486.49,6947.971
2026-08-27 12:40:00,2486.49,2489.58,2485.04,2486.85,6218.978
2026-08-27 12:45:00,2486.86,2493.87,2486.63,2493.6,8338.36
2026-08-27 12:50:00,2493.6,2497.0,2492.43,2493.7,15468.909
2026-08-27 12:55:00,2493.71,2496.0,2492.01,2495.52,6655.649
2026-08-27 13:00:00,2495.52,2495.52,2491.8,2491.89,4304.984
2026-08-27 13:05:00,2491.89,2492.65,2489.48,2489.95,3302.305
2026-08-27 13:10:00,2489.94,2489.97,2484.07,2487.36,15631.553
2026-08-27 13:15:00,2487.36,2487.7,2482.77,2484.79,10959.785
2026-08-27 13:20:00,2484.8,2486.67,2483.84,2483.99,4854.843
2026-08-27 13:25:00,2483.99,2484.98,2483.1,2484.55,3669.897
2026-08-27 13:30:00,2484.54,2487.6,2484.54,2486.36,6460.541
2026-08-27 13:35:00,2486.35,2487.71,2486.15,2486.16,4069.722
2026-08-27 13:40:00,2486.15,2487.55,2485.88,2487.35,2929.124
2026-08-27 13:45:00,2487.35,2488.92,2487.34,2488.63,5251.871
2026-08-27 13:50:00,2488.64,2491.46,2488.64,2490.5,5840.099
2026-08-27 13:55:00,2490.51,2492.53,2490.27,2492.06,4940.311
2026-08-27 14:00:00,2492.07,2492.22,2489.12,2491.01,9522.523
2026-08-27 14:05:00,2491.01,2491.29,2489.63,2490.12,2194.165
2026-08-27 14:10:00,2490.12,2494.36,2490.0,2493.1,4043.3
2026-08-27 14:15:00,2493.11,2493.17,2491.88,2492.6,2522.022
2026-08-27 14:20:00,2492.61,2493.0,2489.29,2489.3,2049.59
2026-08-27 14:25:00,2489.29,2490.21,2487.42,2489.71,4746.554
2026-08-27 14:30:00,2489.71,2493.12,2489.47,2491.74,5549.179
2026-08-27 14:35:00,2491.73,2492.22,2489.58,2492.22,4675.771
2026-08-27 14:40:00,2492.22,2492.22,2489.68,2490.73,2659.497
2026-08-27 14:45:00,2490.74,2491.93,2490.39,2491.91,2036.833
2026-08-27 14:50:00,2491.91,2495.64,2491.4,2495.25,8608.568
2026-08-27 14:55:00,2495.25,2498.14,2495.24,2496.19,18093.548
2026-08-27 15:00:00,2496.18,2518.3,2496.18,2512.01,85209.603
2026-08-27 15:05:00,2512.01,2527.67,2504.61,2525.03,86765.233
2026-08-27 15:10:00,2525.02,2529.69,2515.96,2519.09,79788.157
2026-08-27 15:15:00,2519.09,2519.61,2513.03,2516.51,28542.464
2026-08-27 15:20:00,2516.52,2517.82,2510.0,2516.74,41932.058
2026-08-27 15:25:00,2516.74,2538.0,2516.74,2533.27,95037.003
2026-08-27 15:30:00,2533.27,2545.67,2533.09,2536.01,104125.947
2026-08-27 15:35:00,2536.02,2536.21,2525.99,2529.91,42996.739
2026-08-27 15:40:00,2529.92,2538.33,2528.63,2535.42,38895.881
2026-08-27 15:45:00,2535.42,2539.62,2532.01,2534.03,29893.523
2026-08-27 15:50:00,2534.02,2537.99,2531.49,2532.09,22130.522
2026-08-27 15:55:00,2532.09,2532.21,2527.27,2529.9,18701.235
2026-08-27 16:00:00,2529.91,2531.91,2524.07,2527.26,34365.525
2026-08-27 16:05:00,2527.27,2532.93,2525.51,2531.3,17641.144
2026-08-27 16:10:00,2531.3,2536.3,2531.25,2534.56,15984.176
2026-08-27 16:15:00,2534.56,2536.71,2530.0,2536.69,22205.812
2026-08-27 16:20:00,2536.7,2541.34,2534.98,2539.25,38164.615
2026-08-27 16:25:00,2539.26,2566.4,2539.23,2553.27,209693.325
2026-08-27 16:30:00,2553.28,2555.73,2545.01,2546.09,47686.875
2026-08-27 16:35:00,2546.09,2547.72,2542.49,2545.68,27598.833
2026-08-27 16:40:00,2545.69,2548.5,2537.08,2540.7,30191.961
2026-08-27 16:45:00,2540.71,2544.55,2539.68,2540.28,12951.126
2026-08-27 16:50:00,2540.28,2541.03,2535.39,2536.87,17087.023
2026-08-27 16:55:00,2536.87,2536.87,2531.31,2533.57,20590.558
2026-08-27 17:00:00,2533.57,2534.89,2529.5,2534.61,25909.96
2026-08-27 17:05:00,2534.6,2538.79,2533.35,2538.47,23384.972
2026-08-27 17:10:00,2538.47,2538.47,2524.18,2529.05,30063.813
2026-08-27 17:15:00,2529.04,2531.13,2525.5,2527.39,23300.912
2026-08-27 17:20:00,2527.4,2529.75,2520.5,2522.2,23690.137
2026-08-27 17:25:00,2522.2,2522.32,2483.5,2509.59,247353.603
2026-08-27 17:30:00,2509.59,2511.83,2502.8,2506.36,38143.38
2026-08-27 17:35:00,2506.35,2508.16,2494.67,2498.23,46565.133
2026-08-27 17:40:00,2498.24,2506.95,2498.23,2504.56,20324.781
2026-08-27 17:45:00,2504.56,2505.67,2499.65,2500.63,14748.309
2026-08-27 17:50:00,2500.63,2504.42,2500.0,2504.04,12401.449
2026-08-27 17:55:00,2504.04,2504.82,2500.76,2502.75,8307.644
2026-08-27 18:00:00,2502.76,2507.81,2500.66,2506.11,25168.217
2026-08-27 18:05:00,2506.1,2507.46,2503.59,2504.85,14895.309
2026-08-27 18:10:00,2504.84,2506.88,2504.29,2506.86,7033.852
2026-08-27 18:15:00,2506.85,2508.29,2502.81,2505.87,11377.585
2026-08-27 18:20:00,2505.87,2507.98,2504.23,2506.8,7297.585
2026-08-27 18:25:00,2506.8,2509.37,2497.44,2500.17,21851.158
2026-08-27 18:30:00,2500.17,2504.48,2496.51,2504.07,17621.574
2026-08-27 18:35:00,2504.06,2504.2,2497.94,2498.21,11064.241
2026-08-27 18:40:00,2498.22,2502.79,2498.22,2502.41,5984.223
2026-08-27 18:45:00,2502.41,2502.42,2497.52,2497.53,9332.784
2026-08-27 18:50:00,2497.52,2501.42,2491.0,2501.42,27001.35
2026-08-27 18:55:00,2501.42,2501.42,2499.7,2500.41,4308.535
2026-08-27 19:00:00,2500.41,2502.28,2499.35,2500.04,6506.81
2026-08-27 19:05:00,2500.04,2502.11,2498.5,2500.15,8240.173
2026-08-27 19:10:00,2500.15,2505.46,2500.15,2503.81,8329.168
2026-08-27 19:15:00,2503.81,2505.86,2501.2,2501.4,7324.355
2026-08-27 19:20:00,2501.39,2504.42,2501.39,2503.61,5568.282
2026-08-27 19:25:00,2503.61,2506.15,2503.53,2504.69,8434.016
2026-08-27 19:30:00,2504.69,2504.72,2499.0,2499.01,9054.943
2026-08-27 19:35:00,2499.01,2500.0,2494.55,2499.12,16092.195
2026-08-27 19:40:00,2499.12,2499.74,2494.98,2495.04,6639.734
2026-08-27 19:45:00,2495.04,2498.15,2494.99,2498.15,6872.693
2026-08-27 19:50:00,2498.14,2498.86,2496.24,2497.03,4544.326
2026-08-27 19:55:00,2497.03,2498.09,2489.94,2493.92,20832.07
2026-08-27 20:00:00,2493.92,2497.32,2493.29,2494.62,7234.891
2026-08-27 20:05:00,2494.61,2498.93,2493.76,2495.08,6211.047
2026-08-27 20:10:00,2495.07,2497.55,2495.07,2496.71,3608.771
2026-08-27 20:15:00,2496.71,2501.0,2495.7,2495.97,10395.434
2026-08-27 20:20:00,2495.98,2502.29,2495.97,2501.03,18657.877
2026-08-27 20:25:00,2501.04,2506.9,2500.0,2501.88,33339.902
2026-08-27 20:30:00,2501.88,2501.88,2488.88,2488.89,37756.294
2026-08-27 20:35:00,2488.88,2493.94,2484.04,2490.72,44927.683
2026-08-27 20:40:00,2490.71,2492.87,2482.03,2488.39,33961.602
2026-08-27 20:45:00,2488.39,2494.44,2481.19,2486.63,46599.99
2026-08-27 20:50:00,2486.63,2494.52,2486.63,2492.2,21464.403
2026-08-27 20:55:00,2492.19,2497.06,2489.21,2495.24,24226.77
2026-08-27 21:00:00,2495.24,2502.96,2492.73,2501.12,25396.314
2026-08-27 21:05:00,2501.12,2503.54,2491.33,2492.97,27634.033
2026-08-27 21:10:00,2492.97,2494.05,2487.35,2491.07,16647.984
2026-08-27 21:15:00,2491.07,2501.37,2489.15,2500.59,16978.484
2026-08-27 21:20:00,2500.58,2509.02,2499.13,2505.96,36374.917
2026-08-27 21:25:00,2505.96,2507.48,2503.25,2507.23,17811.753
2026-08-27 21:30:00,2507.22,2511.99,2503.17,2509.74,26175.44
2026-08-27 21:35:00,2509.74,2517.64,2509.58,2515.03,39483.391
2026-08-27 21:40:00,2515.03,2522.77,2514.34,2519.61,37904.464
2026-08-27 21:45:00,2519.62,2519.62,2510.44,2512.28,26586.254
2026-08-27 21:50:00,2512.28,2516.09,2510.02,2511.26,15237.601
2026-08-27 21:55:00,2511.26,2517.73,2510.24,2516.23,12695.991
2026-08-27 22:00:00,2516.24,2519.71,2512.41,2517.7,19997.275
2026-08-27 22:05:00,2517.7,2524.55,2516.44,2520.38,27645.315
2026-08-27 22:10:00,2520.38,2529.79,2519.43,2525.03,35788.987
2026-08-27 22:15:00,2525.03,2526.95,2518.4,2523.27,20382.152
2026-08-27 22:20:00,2523.27,2523.28,2514.72,2519.85,15206.983
2026-08-27 22:25:00,2519.86,2523.68,2517.28,2522.26,9464.163
2026-08-27 22:30:00,2522.26,2522.33,2514.33,2516.17,18371.699
2026-08-27 22:35:00,2516.16,2533.0,2515.33,2526.6,48757.571
2026-08-27 22:40:00,2526.61,2528.6,2520.63,2524.74,24235.617
2026-08-27 22:45:00,2524.75,2525.32,2518.5,2520.83,13054.341
2026-08-27 22:50:00,2520.83,2523.31,2519.22,2521.29,9671.89
2026-08-27 22:55:00,2521.29,2522.58,2518.49,2520.58,10106.339
2026-08-27 23:00:00,2520.59,2525.85,2520.58,2524.57,10513.598
2026-08-27 23:05:00,2524.57,2525.72,2514.76,2518.37,21298.178
2026-08-27 23:10:00,2518.36,2526.22,2518.36,2522.88,12850.233
2026-08-27 23:15:00,2522.87,2526.73,2522.33,2525.07,12004.7
2026-08-27 23:20:00,2525.06,2527.29,2523.49,2525.38,13599.324
2026-08-27 23:25:00,2525.39,2526.31,2520.47,2521.02,13292.164
2026-08-27 23:30:00,2521.01,2522.27,2518.6,2520.01,8913.448
2026-08-27 23:35:00,2520.02,2523.37,2517.58,2523.29,9820.887
2026-08-27 23:40:00,2523.29,2532.49,2522.84,2530.0,21330.104
2026-08-27 23:45:00,2530.0,2530.2,2523.81,2525.18,10672.66
2026-08-27 23:50:00,2525.17,2527.41,2523.22,2524.49,8215.536
2026-08-27 23:55:00,2524.5,2524.5,2520.64,2521.19,9799.735
2026-08-28 00:00:00,2521.18,2521.38,2514.91,2519.19,18156.034
2026-08-28 00:05:00,2519.18,2524.81,2516.86,2523.46,8695.788
2026-08-28 00:10:00,2523.47,2530.69,2523.47,2528.15,18426.132
2026-08-28 00:15:00,2528.16,2533.5,2527.33,2530.21,16264.624
2026-08-28 00:20:00,2530.2,2530.3,2525.21,2527.93,12950.503
2026-08-28 00:25:00,2527.93,2528.22,2522.56,2522.84,11800.903
2026-08-28 00:30:00,2522.85,2525.69,2521.42,2521.84,7353.941
2026-08-28 00:35:00,2521.85,2523.95,2519.05,2521.01,11702.943
2026-08-28 00:40:00,2521.0,2521.96,2516.39,2517.39,9277.086
2026-08-28 00:45:00,2517.39,2519.36,2513.62,2519.36,15208.855
2026-08-28 00:50:00,2519.36,2521.27,2517.68,2519.05,7034.053
2026-08-28 00:55:00,2519.05,2520.82,2516.63,2517.03,6356.27
2026-08-28 01:00:00,2517.02,2517.28,2511.31,2514.11,14587.012
2026-08-28 01:05:00,2514.11,2515.68,2512.28,2513.72,6510.744
2026-08-28 01:10:00,2513.72,2513.73,2491.3,2499.02,76061.523
2026-08-28 01:15:00,2499.02,2502.43,2488.12,2489.65,51688.668
2026-08-28 01:20:00,2489.65,2495.98,2487.4,2493.85,23771.397
2026-08-28 01:25:00,2493.85,2496.04,2491.2,2492.22,11603.108
2026-08-28 01:30:00,2492.22,2495.12,2490.03,2491.32,9786.558
2026-08-28 01:35:00,2491.31,2496.53,2490.73,2496.25,10780.016
2026-08-28 01:40:00,2496.26,2496.91,2490.65,2495.69,13525.126
2026-08-28 01:45:00,2495.69,2498.31,2494.05,2496.65,10281.304
2026-08-28 01:50:00,2496.65,2500.59,2494.15,2499.53,12669.067
2026-08-28 01:55:00,2499.53,2505.92,2498.87,2505.64,14710.385
2026-08-28 02:00:00,2505.64,2508.68,2503.81,2506.96,13376.373
2026-08-28 02:05:00,2506.95,2511.51,2506.55,2508.12,12099.735
2026-08-28 02:10:00,2508.12,2509.95,2507.25,2508.84,6180.792
2026-08-28 02:15:00,2508.85,2510.75,2506.02,2508.7,7758.343
2026-08-28 02:20:00,2508.7,2510.3,2507.04,2508.99,3416.355
2026-08-28 02:25:00,2509.0,2510.71,2508.0,2510.65,6237.418
2026-08-28 02:30:00,2510.66,2513.92,2508.34,2511.67,9937.051
2026-08-28 02:35:00,2511.66,2511.67,2506.38,2507.82,8321.896
2026-08-28 02:40:00,2507.81,2509.26,2506.96,2509.1,3331.551
2026-08-28 02:45:00,2509.11,2510.55,2503.26,2504.69,9253.978
2026-08-28 02:50:00,2504.69,2506.54,2501.97,2506.54,11341.584
2026-08-28 02:55:00,2506.53,2506.53,2495.72,2496.79,18885.53
2026-08-28 03:00:00,2496.8,2500.14,2494.2,2494.4,12233.512
2026-08-28 03:05:00,2494.39,2499.68,2493.6,2498.09,8982.947
2026-08-28 03:10:00,2498.08,2498.08,2495.2,2495.21,3581.317
2026-08-28 03:15:00,2495.21,2499.3,2494.83,2499.27,3946.083
2026-08-28 03:20:00,2499.27,2503.5,2499.27,2501.96,7090.683
2026-08-28 03:25:00,2501.96,2504.51,2500.2,2502.0,6641.705
2026-08-28 03:30:00,2502.0,2503.97,2501.4,2502.9,5181.802
2026-08-28 03:35:00,2502.91,2504.63,2502.38,2504.52,2373.456
2026-08-28 03:40:00,2504.53,2505.54,2502.98,2505.0,3389.534
2026-08-28 03:45:00,2505.01,2506.98,2503.75,2505.03,4911.567
2026-08-28 03:50:00,2505.02,2505.26,2500.56,2501.96,4195.797
2026-08-28 03:55:00,2501.96,2506.96,2501.81,2506.96,3970.209
2026-08-28 04:00:00,2506.96,2507.67,2502.2,2504.07,4901.114
2026-08-28 04:05:00,2504.07,2507.0,2503.01,2505.05,3002.699
2026-08-28 04:10:00,2505.05,2507.75,2504.53,2504.54,3684.935
2026-08-28 04:15:00,2504.53,2504.67,2500.38,2500.39,2514.692
2026-08-28 04:20:00,2500.39,2504.17,2499.07,2501.69,5233.666
2026-08-28 04:25:00,2501.69,2502.2,2500.58,2500.71,1116.159
2026-08-28 04:30:00,2500.71,2503.51,2500.6,2501.78,2002.77
2026-08-28 04:35:00,2501.78,2501.78,2498.21,2498.68,4387.758
2026-08-28 04:40:00,2498.68,2500.07,2498.0,2498.59,4623.363
2026-08-28 04:45:00,2498.59,2501.39,2497.82,2500.53,3112.72
2026-08-28 04:50:00,2500.52,2501.72,2498.2,2501.22,2220.588
2026-08-28 04:55:00,2501.22,2503.98,2500.94,2503.1,5231.552
2026-08-28 05:00:00,2503.09,2509.96,2503.09,2509.39,10076.649
2026-08-28 05:05:00,2509.4,2511.66,2507.93,2507.95,12300.471
2026-08-28 05:10:00,2507.95,2509.74,2507.44,2508.87,3825.312
2026-08-28 05:15:00,2508.87,2516.08,2508.67,2512.78,15460.762
2026-08-28 05:20:00,2512.77,2515.99,2511.02,2511.33,8485.392
2026-08-28 05:25:00,2511.33,2512.0,2508.48,2511.56,7011.099
2026-08-28 05:30:00,2511.55,2513.22,2509.07,2512.69,4651.186
2026-08-28 05:35:00,2512.7,2512.7,2509.1,2512.59,3696.837
2026-08-28 05:40:00,2512.59,2512.84,2510.06,2511.79,2062.648
2026-08-28 05:45:00,2511.79,2512.1,2509.73,2511.45,1758.148
2026-08-28 05:50:00,2511.46,2514.17,2511.25,2513.04,3496.313
2026-08-28 05:55:00,2513.04,2514.55,2512.74,2513.8,2756.571
2026-08-28 06:00:00,2513.8,2516.97,2512.23,2512.41,13081.436
2026-08-28 06:05:00,2512.41,2514.76,2512.32,2512.32,3190.047
2026-08-28 06:10:00,2512.33,2513.3,2509.31,2510.04,4339.202
2026-08-28 06:15:00,2510.04,2513.7,2507.68,2512.99,6037.461
2026-08-28 06:20:00,2512.99,2514.78,2511.05,2512.91,4376.709
2026-08-28 06:25:00,2512.91,2513.39,2511.56,2512.76,4337.38
2026-08-28 06:30:00,2512.76,2513.39,2511.46,2511.95,2498.213
2026-08-28 06:35:00,2511.95,2512.36,2510.67,2511.88,1906.897
2026-08-28 06:40:00,2511.89,2512.5,2509.51,2509.76,2476.851
2026-08-28 06:45:00,2509.76,2510.61,2508.34,2509.63,3227.28
2026-08-28 06:50:00,2509.64,2511.54,2509.47,2510.65,4414.964
2026-08-28 06:55:00,2510.64,2510.65,2508.19,2509.74,2490.173
2026-08-28 07:00:00,2509.75,2510.46,2506.18,2506.18,3787.061
2026-08-28 07:05:00,2506.19,2507.44,2504.68,2506.44,7021.477
2026-08-28 07:10:00,2506.44,2508.09,2505.89,2507.06,3367.047
2026-08-28 07:15:00,2507.07,2513.05,2507.06,2511.66,7200.072
2026-08-28 07:20:00,2511.66,2512.36,2508.21,2508.21,6042.58
2026-08-28 07:25:00,2508.21,2512.26,2506.71,2511.87,5175.845
2026-08-28 07:30:00,2511.87,2515.4,2508.75,2515.2,21954.67
2026-08-28 07:35:00,2515.21,2518.0,2512.62,2517.54,14136.858
2026-08-28 07:40:00,2517.54,2517.54,2513.56,2514.29,5372.143
2026-08-28 07:45:00,2514.29,2514.78,2512.15,2513.45,2563.394
2026-08-28 07:50:00,2513.45,2514.0,2511.34,2512.59,3737.74
2026-08-28 07:55:00,2512.58,2519.39,2512.12,2514.53,9749.765
2026-08-28 08:00:00,2514.53,2522.12,2514.28,2519.77,15933.792
2026-08-28 08:05:00,2519.76,2519.76,2516.0,2519.08,5415.128
2026-08-28 08:10:00,2519.08,2524.95,2518.85,2520.63,23829.031
2026-08-28 08:15:00,2520.63,2528.88,2518.91,2525.79,22619.79
2026-08-28 08:20:00,2525.79,2528.45,2524.38,2526.36,14239.274
2026-08-28 08:25:00,2526.36,2528.71,2524.51,2527.66,8246.653
2026-08-28 08:30:00,2527.66,2535.79,2524.55,2525.93,40471.667
2026-08-28 08:35:00,2525.94,2527.14,2516.56,2519.75,24734.043
2026-08-28 08:40:00,2519.75,2521.23,2517.88,2517.94,7815.531
2026-08-28 08:45:00,2517.93,2518.87,2513.41,2514.77,10737.261
2026-08-28 08:50:00,2514.77,2516.41,2509.58,2514.82,15424.663
2026-08-28 08:55:00,2514.81,2515.28,2506.22,2511.01,22667.512
2026-08-28 09:00:00,2511.01,2511.26,2506.85,2509.52,13669.177
2026-08-28 09:05:00,2509.53,2509.83,2505.82,2508.88,11383.52
2026-08-28 09:10:00,2508.88,2509.84,2501.31,2501.67,16616.572
2026-08-28 09:15:00,2501.68,2503.7,2497.95,2499.5,22678.984
2026-08-28 09:20:00,2499.49,2499.66,2489.11,2495.66,47599.429
2026-08-28 09:25:00,2495.66,2497.81,2493.33,2493.41,11561.646
2026-08-28 09:30:00,2493.4,2496.34,2488.87,2496.34,19105.23
2026-08-28 09:35:00,2496.34,2498.84,2496.29,2497.81,13568.688
2026-08-28 09:40:00,2497.81,2498.02,2494.31,2495.5,6625.191
2026-08-28 09:45:00,2495.49,2495.5,2486.55,2490.03,36780.348
2026-08-28 09:50:00,2490.03,2491.45,2482.85,2491.2,24042.582
2026-08-28 09:55:00,2491.2,2492.98,2487.72,2490.77,16255.594
2026-08-28 10:00:00,2490.77,2491.0,2487.57,2489.69,8465.142
2026-08-28 10:05:00,2489.7,2491.98,2485.01,2485.34,11780.288
2026-08-28 10:10:00,2485.33,2491.34,2484.81,2489.04,9824.246
2026-08-28 10:15:00,2489.04,2492.07,2488.88,2492.07,7382.912
2026-08-28 10:20:00,2492.06,2494.37,2491.32,2493.96,10132.524
2026-08-28 10:25:00,2493.96,2494.39,2491.2,2491.31,4680.618
2026-08-28 10:30:00,2491.31,2493.62,2490.05,2491.2,5776.68
2026-08-28 10:35:00,2491.2,2491.31,2488.27,2489.63,6239.986
2026-08-28 10:40:00,2489.63,2490.52,2487.67,2487.99,4494.919
2026-08-28 10:45:00,2488.0,2491.31,2487.5,2490.25,4483.166
2026-08-28 10:50:00,2490.25,2491.57,2488.9,2490.39,3384.223
2026-08-28 10:55:00,2490.39,2490.42,2487.56,2488.61,10759.696
2026-08-28 11:00:00,2488.6,2490.0,2486.12,2486.36,9870.567
2026-08-28 11:05:00,2486.36,2488.22,2473.68,2480.49,63494.551
2026-08-28 11:10:00,2480.5,2491.0,2479.87,2490.99,18284.939
2026-08-28 11:15:00,2491.0,2494.99,2490.58,2492.55,17738.982
2026-08-28 11:20:00,2492.55,2494.26,2486.52,2489.1,12537.908
2026-08-28 11:25:00,2489.11,2489.88,2488.89,2489.28,2652.146
2026-08-28 11:30:00,2489.27,2489.99,2484.34,2484.9,8081.981
2026-08-28 11:35:00,2484.91,2485.22,2482.07,2483.53,12693.862
2026-08-28 11:40:00,2483.53,2487.15,2483.53,2485.7,5909.92
2026-08-28 11:45:00,2485.7,2487.0,2483.47,2484.84,5381.666
2026-08-28 11:50:00,2484.83,2487.82,2484.83,2485.67,4877.565
2026-08-28 11:55:00,2485.67,2486.16,2483.62,2484.74,4092.983
2026-08-28 12:00:00,2484.74,2487.23,2482.52,2486.32,7270.097
2026-08-28 12:05:00,2486.32,2486.47,2481.0,2482.32,7066.328
2026-08-28 12:10:00,2482.31,2484.5,2481.54,2484.49,4311.503
2026-08-28 12:15:00,2484.49,2484.97,2482.78,2482.78,4232.24
2026-08-28 12:20:00,2482.79,2483.97,2481.89,2483.97,3492.404
2026-08-28 12:25:00,2483.97,2490.99,2483.96,2488.94,14018.154
2026-08-28 12:30:00,2488.93,2493.37,2488.28,2491.54,11466.166
2026-08-28 12:35:00,2491.54,2494.09,2491.13,2492.95,9982.031
2026-08-28 12:40:00,2492.96,2494.54,2491.89,2493.94,5088.326
2026-08-28 12:45:00,2493.94,2496.33,2493.53,2494.86,10956.217
2026-08-28 12:50:00,2494.86,2496.19,2493.44,2494.77,9036.329
2026-08-28 12:55:00,2494.77,2494.78,2490.49,2492.04,6943.025
2026-08-28 13:00:00,2492.04,2497.76,2492.04,2497.07,9587.396
2026-08-28 13:05:00,2497.07,2501.58,2496.21,2498.73,18469.213
2026-08-28 13:10:00,2498.72,2502.47,2498.64,2502.15,17548.863
2026-08-28 13:15:00,2502.15,2502.16,2499.85,2500.9,6145.031
2026-08-28 13:20:00,2500.89,2502.0,2499.51,2501.0,5597.985
2026-08-28 13:25:00,2501.0,2501.24,2499.71,2499.72,2460.43
2026-08-28 13:30:00,2499.72,2501.43,2498.33,2500.7,7314.151
2026-08-28 13:35:00,2500.7,2501.53,2499.05,2500.1,3146.84
2026-08-28 13:40:00,2500.09,2500.24,2497.85,2500.08,3927.879
2026-08-28 13:45:00,2500.08,2503.9,2499.84,2503.89,6356.656
2026-08-28 13:50:00,2503.89,2504.24,2502.25,2502.25,8206.39
2026-08-28 13:55:00,2502.26,2503.29,2501.66,2501.7,3263.143
2026-08-28 14:00:00,2501.7,2502.11,2498.45,2498.56,5353.424
2026-08-28 14:05:00,2498.57,2498.57,2492.69,2494.19,20779.759
2026-08-28 14:10:00,2494.2,2495.94,2493.84,2495.45,5221.72
2026-08-28 14:15:00,2495.44,2496.74,2494.94,2495.42,5819.838
2026-08-28 14:20:00,2495.42,2495.8,2493.57,2494.86,4353.048
2026-08-28 14:25:00,2494.85,2497.99,2494.79,2497.33,3506.769
2026-08-28 14:30:00,2497.33,2498.05,2495.39,2495.66,5933.249
2026-08-28 14:35:00,2495.65,2496.01,2494.88,2495.24,4975.46
2026-08-28 14:40:00,2495.23,2495.87,2493.97,2493.97,15311.177
2026-08-28 14:45:00,2493.97,2495.8,2493.74,2495.36,5802.568
2026-08-28 14:50:00,2495.37,2495.48,2493.95,2493.95,4569.715
2026-08-28 14:55:00,2493.95,2495.35,2493.84,2495.34,4962.943
2026-08-28 15:00:00,2495.35,2503.0,2495.34,2498.82,10147.72
2026-08-28 15:05:00,2498.82,2499.05,2496.75,2498.55,3782.231
2026-08-28 15:10:00,2498.56,2499.07,2496.13,2496.13,2775.802
2026-08-28 15:15:00,2496.13,2500.87,2496.13,2500.34,6159.825
2026-08-28 15:20:00,2500.33,2500.34,2498.08,2498.2,2787.666
2026-08-28 15:25:00,2498.21,2498.25,2497.0,2497.0,2013.656
2026-08-28 15:30:00,2497.01,2497.67,2495.8,2497.1,4238.523
2026-08-28 15:35:00,2497.11,2497.44,2494.19,2494.2,7086.574
2026-08-28 15:40:00,2494.19,2495.59,2493.35,2493.36,3429.367
2026-08-28 15:45:00,2493.35,2494.33,2485.96,2486.82,25102.248
2026-08-28 15:50:00,2486.81,2489.82,2485.72,2489.52,8352.576
2026-08-28 15:55:00,2489.52,2489.52,2485.06,2487.19,9716.484
2026-08-28 16:00:00,2487.18,2487.58,2482.0,2485.84,35094.477
2026-08-28 16:05:00,2485.85,2492.0,2485.41,2488.93,16083.266
2026-08-28 16:10:00,2488.93,2491.62,2488.0,2488.27,7887.324
2026-08-28 16:15:00,2488.26,2491.41,2488.26,2490.9,4250.814
2026-08-28 16:20:00,2490.88,2491.5,2489.67,2491.5,3305.74
2026-08-28 16:25:00,2491.5,2491.7,2489.5,2490.45,2585.205
2026-08-28 16:30:00,2490.45,2491.11,2488.71,2489.97,4718.932
2026-08-28 16:35:00,2489.98,2491.7,2488.99,2491.7,3192.38
2026-08-28 16:40:00,2491.7,2492.27,2487.25,2488.07,7886.916
2026-08-28 16:45:00,2488.07,2489.86,2487.32,2487.46,4483.103
2026-08-28 16:50:00,2487.46,2490.5,2487.45,2490.17,3688.329
2026-08-28 16:55:00,2490.17,2490.25,2488.03,2488.62,2240.619
2026-08-28 17:00:00,2488.62,2489.35,2482.49,2483.19,14213.538
2026-08-28 17:05:00,2483.2,2485.1,2480.51,2481.76,17278.755
2026-08-28 17:10:00,2481.76,2488.01,2481.76,2486.49,8826.285
2026-08-28 17:15:00,2486.49,2486.83,2484.42,2485.31,3919.814
2026-08-28 17:20:00,2485.31,2485.68,2483.0,2483.53,5204.821
2026-08-28 17:25:00,2483.52,2488.4,2483.38,2488.01,4146.745
2026-08-28 17:30:00,2488.02,2493.76,2488.01,2493.26,14509.447
2026-08-28 17:35:00,2493.25,2494.24,2491.22,2493.64,6738.127
2026-08-28 17:40:00,2493.65,2493.91,2492.71,2492.72,3884.166
2026-08-28 17:45:00,2492.71,2496.26,2492.58,2495.42,5092.385
2026-08-28 17:50:00,2495.41,2498.96,2494.72,2498.45,14315.478
2026-08-28 17:55:00,2498.45,2508.87,2498.31,2505.52,45921.479
2026-08-28 18:00:00,2505.52,2510.94,2504.74,2508.66,30437.567
2026-08-28 18:05:00,2508.66,2509.73,2506.52,2508.96,13785.039
2026-08-28 18:10:00,2508.96,2509.49,2507.4,2508.72,6938.138
2026-08-28 18:15:00,2508.73,2509.55,2507.36,2508.97,6530.187
2026-08-28 18:20:00,2508.98,2508.98,2505.18,2508.35,8737.821
2026-08-28 18:25:00,2508.36,2508.36,2503.01,2504.72,12166.732
2026-08-28 18:30:00,2504.72,2507.18,2503.68,2505.55,8462.606
2026-08-28 18:35:00,2505.55,2505.55,2501.1,2501.77,9797.62
2026-08-28 18:40:00,2501.77,2504.58,2501.76,2504.5,3486.518
2026-08-28 18:45:00,2504.5,2505.85,2504.5,2505.13,3619.107
2026-08-28 18:50:00,2505.13,2505.13,2502.02,2503.94,4432.101
2026-08-28 18:55:00,2503.93,2504.51,2503.09,2504.11,2283.975
2026-08-28 19:00:00,2504.11,2504.8,2502.83,2503.73,3644.378
2026-08-28 19:05:00,2503.72,2505.57,2501.75,2501.84,3704.715
2026-08-28 19:10:00,2501.84,2501.85,2498.71,2500.44,8937.901
2026-08-28 19:15:00,2500.44,2507.38,2500.44,2502.26,8249.08
2026-08-28 19:20:00,2502.26,2504.61,2500.88,2502.0,4857.991
2026-08-28 19:25:00,2502.0,2502.4,2499.28,2499.99,5450.069
2026-08-28 19:30:00,2499.99,2500.18,2497.36,2498.46,9664.185
2026-08-28 19:35:00,2498.45,2498.94,2495.04,2495.87,7557.51
2026-08-28 19:40:00,2495.88,2498.27,2494.22,2497.73,9150.9
2026-08-28 19:45:00,2497.72,2498.48,2495.14,2496.51,5489.936
2026-08-28 19:50:00,2496.51,2497.58,2495.68,2496.74,3193.704
2026-08-28 19:55:00,2496.74,2498.0,2496.6,2497.99,3095.683
2026-08-28 20:00:00,2498.0,2502.89,2496.38,2502.22,7071.647
2026-08-28 20:05:00,2502.21,2503.16,2496.15,2497.4,7669.013
2026-08-28 20:10:00,2497.41,2499.38,2496.79,2499.37,3169.521
2026-08-28 20:15:00,2499.37,2499.38,2495.57,2499.22,5390.799
2026-08-28 20:20:00,2499.2,2499.2,2495.99,2496.66,2809.711
2026-08-28 20:25:00,2496.66,2500.34,2494.5,2497.56,14347.393
2026-08-28 20:30:00,2497.56,2502.56,2497.1,2502.07,12540.122
2026-08-28 20:35:00,2502.06,2504.23,2497.15,2497.16,8647.477
2026-08-28 20:40:00,2497.15,2499.45,2495.0,2496.37,13686.634
2026-08-28 20:45:00,2496.37,2504.92,2495.11,2501.51,19486.295
2026-08-28 20:50:00,2501.52,2513.98,2501.51,2511.64,24654.655
2026-08-28 20:55:00,2511.63,2518.59,2508.46,2508.51,47969.999
2026-08-28 21:00:00,2508.52,2524.79,2488.47,2489.96,132044.31
2026-08-28 21:05:00,2489.96,2494.32,2478.53,2486.02,92691.398
2026-08-28 21:10:00,2486.02,2488.36,2461.71,2476.56,112381.005
2026-08-28 21:15:00,2476.56,2485.81,2470.45,2485.05,54181.374
2026-08-28 21:20:00,2485.05,2491.96,2480.88,2486.1,42804.251
2026-08-28 21:25:00,2486.1,2492.0,2480.35,2490.62,29412.048
2026-08-28 21:30:00,2490.61,2503.97,2485.33,2503.4,48174.978
2026-08-28 21:35:00,2503.4,2526.01,2502.06,2511.75,140455.525
2026-08-28 21:40:00,2511.74,2517.12,2504.26,2508.83,67232.609
2026-08-28 21:45:00,2508.82,2510.81,2498.5,2500.43,35395.089
2026-08-28 21:50:00,2500.44,2510.24,2500.05,2510.24,20995.397
2026-08-28 21:55:00,2510.23,2514.61,2509.34,2512.04,15654.264
2026-08-28 22:00:00,2512.04,2518.4,2504.58,2508.29,32537.998
2026-08-28 22:05:00,2508.29,2508.66,2501.76,2502.35,14541.416
2026-08-28 22:10:00,2502.35,2506.5,2500.55,2502.36,10847.584
2026-08-28 22:15:00,2502.37,2509.84,2502.06,2506.37,15036.665
2026-08-28 22:20:00,2506.38,2508.98,2501.4,2507.29,15306.069
2026-08-28 22:25:00,2507.29,2511.59,2501.01,2506.16,18502.295
2026-08-28 22:30:00,2506.16,2507.05,2500.48,2503.02,16926.233
2026-08-28 22:35:00,2503.01,2505.92,2500.49,2502.76,9369.707
2026-08-28 22:40:00,2502.76,2503.32,2486.12,2487.95,54727.531
2026-08-28 22:45:00,2487.94,2494.14,2485.1,2485.51,32493.91
2026-08-28 22:50:00,2485.51,2486.8,2475.11,2479.18,69055.025
2026-08-28 22:55:00,2479.18,2480.22,2467.71,2470.35,50353.824
2026-08-28 23:00:00,2470.35,2472.85,2443.6,2455.03,171566.32
2026-08-28 23:05:00,2455.04,2463.39,2454.56,2455.88,54658.294
2026-08-28 23:10:00,2455.89,2456.55,2443.07,2443.85,56132.177
2026-08-28 23:15:00,2443.84,2446.81,2436.13,2442.29,89709.21
2026-08-28 23:20:00,2442.29,2449.17,2412.62,2417.88,175393.754
2026-08-28 23:25:00,2417.91,2434.18,2403.78,2429.2,193774.869
2026-08-28 23:30:00,2429.2,2440.19,2427.97,2430.52,59685.871
2026-08-28 23:35:00,2430.52,2447.98,2430.23,2439.61,49526.703
2026-08-28 23:40:00,2439.61,2442.35,2434.81,2435.49,22449.091
2026-08-28 23:45:00,2435.49,2443.43,2435.49,2441.34,24408.782
2026-08-28 23:50:00,2441.34,2442.5,2435.31,2439.66,19623.763
2026-08-28 23:55:00,2439.66,2444.0,2439.48,2440.83,13166.616
2026-08-29 00:00:00,2440.83,2442.02,2436.09,2437.71,22722.982
2026-08-29 00:05:00,2437.72,2442.56,2436.19,2438.67,13367.865
2026-08-29 00:10:00,2438.67,2444.41,2437.0,2444.4,10377.756
2026-08-29 00:15:00,2444.41,2447.0,2441.79,2445.58,12215.456
2026-08-29 00:20:00,2445.59,2446.7,2440.3,2441.48,12621.784
2026-08-29 00:25:00,2441.48,2443.68,2436.56,2441.35,17553.429
2026-08-29 00:30:00,2441.35,2444.66,2438.35,2440.86,8630.342
2026-08-29 00:35:00,2440.86,2441.46,2436.08,2437.66,11417.261
2026-08-29 00:40:00,2437.65,2439.39,2436.27,2437.6,7022.757
2026-08-29 00:45:00,2437.61,2445.41,2437.6,2444.6,10941.505
2026-08-29 00:50:00,2444.61,2445.12,2441.62,2441.92,7958.818
2026-08-29 00:55:00,2441.92,2443.95,2441.06,2442.45,5521.449
2026-08-29 01:00:00,2442.44,2443.9,2439.85,2439.85,11140.209
2026-08-29 01:05:00,2439.85,2441.76,2437.45,2440.34,8742.73
2026-08-29 01:10:00,2440.34,2440.56,2436.78,2437.19,8317.038
2026-08-29 01:15:00,2437.19,2438.95,2426.0,2433.44,34661.868
2026-08-29 01:20:00,2433.44,2434.38,2427.71,2429.85,28296.498
2026-08-29 01:25:00,2429.86,2433.36,2429.27,2430.26,8787.669
2026-08-29 01:30:00,2430.26,2431.7,2426.66,2430.39,13701.513
2026-08-29 01:35:00,2430.4,2430.83,2418.15,2422.27,33741.282
2026-08-29 01:40:00,2422.27,2425.8,2421.54,2422.34,17572.314
2026-08-29 01:45:00,2422.34,2423.77,2416.67,2416.99,28312.327
2026-08-29 01:50:00,2416.99,2426.7,2416.82,2425.76,36169.494
2026-08-29 01:55:00,2425.75,2427.88,2423.09,2427.47,8363.152
2026-08-29 02:00:00,2427.47,2431.77,2427.46,2428.92,12790.799
2026-08-29 02:05:00,2428.91,2435.48,2428.24,2435.2,14214.755
2026-08-29 02:10:00,2435.2,2436.81,2433.4,2434.5,7293.388
2026-08-29 02:15:00,2434.51,2434.66,2432.68,2433.52,4431.395
2026-08-29 02:20:00,2433.51,2442.65,2433.36,2436.84,20645.979
2026-08-29 02:25:00,2436.85,2439.45,2436.84,2437.02,4239.114
2026-08-29 02:30:00,2437.01,2437.31,2434.38,2436.0,7309.587
2026-08-29 02:35:00,2435.99,2438.05,2435.38,2437.36,4524.529
2026-08-29 02:40:00,2437.36,2438.09,2435.14,2435.14,3225.291
2026-08-29 02:45:00,2435.14,2435.85,2431.3,2432.15,7661.61
2026-08-29 02:50:00,2432.15,2433.2,2429.79,2429.91,6041.777
2026-08-29 02:55:00,2429.92,2435.81,2429.92,2434.42,7781.855
2026-08-29 03:00:00,2434.43,2434.88,2429.52,2430.97,7462.884
2026-08-29 03:05:00,2430.97,2434.46,2429.79,2434.2,5639.022
2026-08-29 03:10:00,2434.19,2434.89,2432.47,2434.44,4651.525
2026-08-29 03:15:00,2434.44,2434.45,2430.0,2430.0,2353.716
2026-08-29 03:20:00,2430.0,2432.74,2429.21,2432.33,2713.794
2026-08-29 03:25:00,2432.32,2432.46,2431.19,2431.2,1693.212
2026-08-29 03:30:00,2431.19,2431.19,2423.09,2424.28,10238.408
2026-08-29 03:35:00,2424.27,2427.06,2423.17,2426.17,8996.371
2026-08-29 03:40:00,2426.17,2428.18,2426.16,2426.27,2039.101
2026-08-29 03:45:00,2426.26,2430.0,2426.07,2428.57,5199.761
2026-08-29 03:50:00,2428.58,2428.58,2425.02,2426.7,3273.095
2026-08-29 03:55:00,2426.69,2426.86,2425.73,2426.63,4025.436
2026-08-29 04:00:00,2426.63,2427.66,2424.12,2425.18,4363.438
2026-08-29 04:05:00,2425.18,2428.48,2425.18,2425.33,3600.805
2026-08-29 04:10:00,2425.32,2427.3,2424.85,2427.0,2874.45
2026-08-29 04:15:00,2427.0,2427.5,2425.53,2425.67,2356.461
2026-08-29 04:20:00,2425.68,2426.36,2423.11,2426.32,3030.918
2026-08-29 04:25:00,2426.32,2428.76,2426.31,2427.18,2885.401
2026-08-29 04:30:00,2427.17,2430.96,2426.89,2430.34,5115.143
2026-08-29 04:35:00,2430.34,2430.7,2429.0,2430.1,4149.159
2026-08-29 04:40:00,2430.1,2430.5,2425.41,2427.48,5435.837
2026-08-29 04:45:00,2427.49,2427.49,2423.8,2424.01,4620.764
2026-08-29 04:50:00,2424.01,2425.06,2420.76,2423.68,5846.642
2026-08-29 04:55:00,2423.68,2424.12,2421.08,2423.99,3390.518
2026-08-29 05:00:00,2423.99,2424.61,2421.57,2422.41,5084.742
2026-08-29 05:05:00,2422.4,2427.01,2422.4,2426.16,4241.163
2026-08-29 05:10:00,2426.16,2429.09,2425.64,2429.02,3675.822
2026-08-29 05:15:00,2429.02,2429.23,2425.69,2427.73,3033.47
2026-08-29 05:20:00,2427.73,2429.1,2426.49,2429.1,3224.593
2026-08-29 05:25:00,2429.1,2436.8,2429.1,2432.98,16134.283
2026-08-29 05:30:00,2432.99,2434.79,2432.57,2433.69,6895.184
2026-08-29 05:35:00,2433.69,2437.82,2433.3,2437.39,9583.442
2026-08-29 05:40:00,2437.4,2439.37,2435.84,2438.85,7843.271
2026-08-29 05:45:00,2438.86,2441.1,2438.85,2440.39,10876.396
2026-08-29 05:50:00,2440.39,2445.68,2438.85,2443.14,22344.641
2026-08-29 05:55:00,2443.15,2443.15,2439.96,2440.93,6845.889
2026-08-29 06:00:00,2440.92,2440.92,2438.0,2438.34,5245.337
2026-08-29 06:05:00,2438.35,2439.29,2437.65,2439.27,3790.644
2026-08-29 06:10:00,2439.28,2440.98,2438.53,2440.64,2592.556
2026-08-29 06:15:00,2440.64,2440.99,2437.65,2437.8,2952.979
2026-08-29 06:20:00,2437.81,2437.92,2435.53,2437.41,6727.019
2026-08-29 06:25:00,2437.41,2437.86,2436.67,2437.14,1977.95
2026-08-29 06:30:00,2437.14,2437.81,2436.71,2437.64,1904.603
2026-08-29 06:35:00,2437.63,2438.8,2437.14,2437.63,2525.684
2026-08-29 06:40:00,2437.63,2438.58,2437.19,2438.46,1776.854
2026-08-29 06:45:00,2438.45,2438.46,2436.15,2436.15,2083.102
2026-08-29 06:50:00,2436.16,2441.85,2436.16,2441.27,9199.856
2026-08-29 06:55:00,2441.26,2442.11,2441.1,2441.9,3539.885
2026-08-29 07:00:00,2441.91,2443.68,2441.38,2442.86,4428.826
2026-08-29 07:05:00,2442.87,2444.6,2441.9,2443.8,4070.508
2026-08-29 07:10:00,2443.8,2443.81,2440.89,2441.15,3133.192
2026-08-29 07:15:00,2441.15,2443.73,2441.15,2443.73,3098.306
2026-08-29 07:20:00,2443.72,2446.45,2443.61,2444.86,6621.843
2026-08-29 07:25:00,2444.86,2447.0,2444.27,2444.52,5679.572
2026-08-29 07:30:00,2444.52,2444.54,2441.52,2442.22,6347.679
2026-08-29 07:35:00,2442.22,2443.74,2442.09,2443.01,2413.197
2026-08-29 07:40:00,2443.02,2443.98,2442.75,2443.18,2654.387
2026-08-29 07:45:00,2443.19,2443.3,2440.8,2441.19,7699.857
2026-08-29 07:50:00,2441.19,2442.46,2439.68,2442.46,4654.499
2026-08-29 07:55:00,2442.46,2443.75,2441.18,2441.42,2696.189
2026-08-29 08:00:00,2441.42,2441.63,2440.36,2441.17,2146.91
2026-08-29 08:05:00,2441.16,2441.17,2440.0,2440.35,1673.017
2026-08-29 08:10:00,2440.35,2440.58,2438.09,2438.92,4581.817
2026-08-29 08:15:00,2438.92,2440.79,2438.72,2440.48,2560.709
2026-08-29 08:20:00,2440.48,2442.11,2440.26,2441.98,2159.17
2026-08-29 08:25:00,2441.98,2443.0,2441.79,2443.0,2133.186
2026-08-29 08:30:00,2442.99,2443.23,2442.36,2442.84,2384.494
2026-08-29 08:35:00,2442.84,2443.08,2441.0,2442.4,1727.913
2026-08-29 08:40:00,2442.4,2444.19,2442.18,2443.5,4754.482
2026-08-29 08:45:00,2443.5,2443.5,2440.72,2443.15,4126.319
2026-08-29 08:50:00,2443.16,2444.7,2442.51,2442.94,3923.965
2026-08-29 08:55:00,2442.93,2443.1,2441.33,2442.44,2458.859
2026-08-29 09:00:00,2442.44,2443.8,2441.29,2441.76,2373.297
2026-08-29 09:05:00,2441.77,2442.95,2441.09,2442.44,3145.402
2026-08-29 09:10:00,2442.45,2442.45,2440.8,2440.8,2150.75
2026-08-29 09:15:00,2440.81,2441.11,2438.21,2438.21,4259.452
2026-08-29 09:20:00,2438.2,2438.24,2436.47,2436.65,9951.906
2026-08-29 09:25:00,2436.66,2437.29,2436.0,2437.28,2880.918
2026-08-29 09:30:00,2437.28,2438.44,2433.96,2435.38,4291.393
2026-08-29 09:35:00,2435.37,2438.93,2434.96,2438.54,3973.91
2026-08-29 09:40:00,2438.54,2438.63,2436.68,2436.96,1607.51
2026-08-29 09:45:00,2436.97,2437.43,2436.23,2437.3,1582.408
2026-08-29 09:50:00,2437.29,2439.13,2436.75,2438.89,2801.612
2026-08-29 09:55:00,2438.89,2439.36,2437.56,2437.59,1935.621
2026-08-29 10:00:00,2437.6,2438.93,2437.59,2437.76,2273.412
2026-08-29 10:05:00,2437.76,2438.64,2437.75,2438.33,1522.147
2026-08-29 10:10:00,2438.32,2439.0,2437.74,2437.74,1340.527
2026-08-29 10:15:00,2437.75,2437.99,2435.98,2437.74,2112.807
2026-08-29 10:20:00,2437.74,2440.5,2437.74,2439.07,3421.616
2026-08-29 10:25:00,2439.08,2439.79,2438.31,2439.25,1642.18
2026-08-29 10:30:00,2439.24,2440.09,2437.71,2438.01,3132.027
2026-08-29 10:35:00,2438.0,2438.0,2436.28,2436.97,3893.483
2026-08-29 10:40:00,2436.96,2438.8,2436.55,2437.2,2969.591
2026-08-29 10:45:00,2437.2,2437.28,2435.88,2436.25,3205.187
2026-08-29 10:50:00,2436.25,2436.37,2433.55,2434.61,8986.165
2026-08-29 10:55:00,2434.61,2434.62,2434.0,2434.05,1994.289
2026-08-29 11:00:00,2434.06,2435.65,2433.59,2435.36,3448.543
2026-08-29 11:05:00,2435.37,2436.22,2435.06,2435.86,2556.845
2026-08-29 11:10:00,2435.86,2436.8,2435.86,2435.88,1624.598
2026-08-29 11:15:00,2435.89,2435.98,2435.31,2435.87,1531.338
2026-08-29 11:20:00,2435.87,2437.1,2435.86,2436.96,1699.84
2026-08-29 11:25:00,2436.96,2437.28,2436.46,2436.79,2347.028
2026-08-29 11:30:00,2436.8,2437.75,2436.8,2437.19,1978.5
2026-08-29 11:35:00,2437.19,2438.28,2436.34,2438.28,2304.596
2026-08-29 11:40:00,2438.27,2438.28,2437.28,2437.72,1508.282
2026-08-29 11:45:00,2437.73,2438.45,2436.91,2438.05,2103.187
2026-08-29 11:50:00,2438.05,2439.33,2437.79,2439.33,2749.497
2026-08-29 11:55:00,2439.33,2439.87,2438.14,2439.14,2973.691
2026-08-29 12:00:00,2439.15,2440.31,2438.0,2439.2,3670.577
2026-08-29 12:05:00,2439.2,2440.63,2439.05,2439.78,3073.626
2026-08-29 12:10:00,2439.78,2440.88,2439.43,2440.24,1899.638
2026-08-29 12:15:00,2440.25,2440.25,2439.26,2439.49,3839.213
2026-08-29 12:20:00,2439.49,2439.49,2438.03,2439.28,3950.297
2026-08-29 12:25:00,2439.28,2439.95,2438.54,2438.73,1880.119
2026-08-29 12:30:00,2438.73,2438.84,2437.81,2437.81,1574.377
2026-08-29 12:35:00,2437.81,2439.99,2437.61,2439.91,2090.757
2026-08-29 12:40:00,2439.91,2440.47,2438.8,2439.95,2968.24
2026-08-29 12:45:00,2439.95,2440.19,2439.26,2439.39,1380.684
2026-08-29 12:50:00,2439.38,2439.39,2437.4,2437.4,1404.767
2026-08-29 12:55:00,2437.4,2437.81,2437.0,2437.8,1069.674
2026-08-29 13:00:00,2437.8,2438.01,2435.07,2436.25,4201.554
2026-08-29 13:05:00,2436.25,2436.79,2434.75,2436.11,5475.281
2026-08-29 13:10:00,2436.11,2436.11,2429.04,2430.73,19048.091
2026-08-29 13:15:00,2430.74,2432.92,2430.23,2431.51,4856.935
2026-08-29 13:20:00,2431.51,2431.87,2429.19,2430.83,7926.884
2026-08-29 13:25:00,2430.84,2431.1,2429.42,2430.5,3868.83
2026-08-29 13:30:00,2430.5,2432.42,2430.49,2432.42,3273.546
2026-08-29 13:35:00,2432.41,2432.42,2431.34,2431.34,2300.415
2026-08-29 13:40:00,2431.35,2433.84,2431.34,2432.92,2369.441
2026-08-29 13:45:00,2432.93,2434.0,2432.92,2433.51,2094.692
2026-08-29 13:50:00,2433.51,2434.36,2433.0,2433.0,1330.281
2026-08-29 13:55:00,2433.0,2434.16,2432.76,2433.93,2254.982
2026-08-29 14:00:00,2433.93,2435.42,2433.6,2435.42,2947.388
2026-08-29 14:05:00,2435.42,2436.49,2432.88,2433.39,4047.053
2026-08-29 14:10:00,2433.38,2433.89,2432.96,2433.53,2535.695
2026-08-29 14:15:00,2433.53,2435.34,2433.0,2434.97,2479.195
2026-08-29 14:20:00,2434.98,2435.6,2434.74,2434.8,1273.73
2026-08-29 14:25:00,2434.8,2434.93,2434.07,2434.07,1476.613
2026-08-29 14:30:00,2434.08,2434.91,2433.56,2434.5,1454.321
2026-08-29 14:35:00,2434.49,2436.84,2434.49,2436.72,2268.27
2026-08-29 14:40:00,2436.73,2436.96,2434.0,2435.75,5371.039
2026-08-29 14:45:00,2435.76,2436.98,2434.82,2435.26,3392.555
2026-08-29 14:50:00,2435.26,2435.3,2434.68,2434.81,1887.812
2026-08-29 14:55:00,2434.81,2435.79,2434.8,2435.2,1291.068
2026-08-29 15:00:00,2435.2,2435.2,2430.2,2431.44,5500.527
2026-08-29 15:05:00,2431.43,2432.7,2431.13,2431.95,2379.727
2026-08-29 15:10:00,2431.94,2432.78,2431.07,2432.03,3079.156
2026-08-29 15:15:00,2432.03,2432.78,2431.51,2432.78,1835.165
2026-08-29 15:20:00,2432.78,2433.93,2432.04,2433.85,2422.481
2026-08-29 15:25:00,2433.85,2434.44,2433.72,2434.43,1505.395
2026-08-29 15:30:00,2434.44,2434.44,2432.0,2433.0,1985.94
2026-08-29 15:35:00,2432.99,2433.0,2432.2,2432.52,1679.581
2026-08-29 15:40:00,2432.52,2433.28,2431.42,2432.09,2242.714
2026-08-29 15:45:00,2432.09,2433.24,2430.42,2430.99,3936.188
2026-08-29 15:50:00,2430.99,2431.66,2430.0,2430.01,2313.439
2026-08-29 15:55:00,2430.01,2432.99,2430.0,2432.98,2976.902
2026-08-29 16:00:00,2432.99,2434.21,2432.39,2434.2,3376.569
2026-08-29 16:05:00,2434.2,2435.29,2432.65,2433.34,3414.5
2026-08-29 16:10:00,2433.34,2434.58,2433.16,2434.37,2009.84
2026-08-29 16:15:00,2434.38,2434.98,2434.3,2434.72,1722.772
2026-08-29 16:20:00,2434.71,2435.0,2433.73,2433.94,1982.834
2026-08-29 16:25:00,2433.95,2433.95,2432.92,2433.07,1150.411
2026-08-29 16:30:00,2433.08,2434.68,2433.05,2434.68,1994.388
2026-08-29 16:35:00,2434.68,2436.1,2434.59,2435.94,2759.453
2026-08-29 16:40:00,2435.94,2436.4,2434.6,2434.61,3149.762
2026-08-29 16:45:00,2434.61,2434.82,2434.11,2434.47,1925.336
2026-08-29 16:50:00,2434.47,2435.42,2434.25,2434.87,1796.647
2026-08-29 16:55:00,2434.87,2435.38,2434.21,2434.21,2215.961
2026-08-29 17:00:00,2434.21,2434.22,2432.03,2432.03,2196.934
2026-08-29 17:05:00,2432.03,2432.04,2430.25,2431.59,5353.958
2026-08-29 17:10:00,2431.59,2432.95,2431.59,2432.94,1569.891
2026-08-29 17:15:00,2432.95,2436.82,2432.95,2436.11,4839.327
2026-08-29 17:20:00,2436.12,2437.24,2434.84,2436.2,5095.779
2026-08-29 17:25:00,2436.2,2436.2,2435.2,2435.44,1565.849
2026-08-29 17:30:00,2435.44,2435.44,2434.96,2435.21,995.685
2026-08-29 17:35:00,2435.21,2435.8,2434.66,2434.66,1886.282
2026-08-29 17:40:00,2434.67,2434.67,2434.04,2434.39,1142.544
2026-08-29 17:45:00,2434.39,2435.35,2434.38,2435.35,963.416
2026-08-29 17:50:00,2435.35,2435.56,2434.6,2435.12,1238.352
2026-08-29 17:55:00,2435.11,2435.12,2433.58,2433.58,1973.296
2026-08-29 18:00:00,2433.58,2433.66,2432.63,2433.66,1643.398
2026-08-29 18:05:00,2433.65,2434.2,2433.21,2433.5,751.854
2026-08-29 18:10:00,2433.51,2437.54,2433.5,2436.73,3778.675
2026-08-29 18:15:00,2436.74,2437.54,2436.23,2436.55,3596.548
2026-08-29 18:20:00,2436.55,2436.85,2435.92,2435.96,1386.151
2026-08-29 18:25:00,2435.96,2436.57,2435.8,2436.49,1349.244
2026-08-29 18:30:00,2436.5,2436.51,2436.05,2436.16,1648.781
2026-08-29 18:35:00,2436.16,2436.43,2435.0,2436.0,1536.234
2026-08-29 18:40:00,2435.99,2436.54,2434.81,2434.84,1454.992
2026-08-29 18:45:00,2434.84,2435.66,2434.84,2435.66,1322.651
2026-08-29 18:50:00,2435.66,2436.0,2435.11,2435.11,1126.757
2026-08-29 18:55:00,2435.12,2435.12,2434.29,2434.87,1649.975
2026-08-29 19:00:00,2434.87,2435.54,2434.59,2435.54,1810.122
2026-08-29 19:05:00,2435.53,2435.6,2434.52,2434.52,971.036
2026-08-29 19:10:00,2434.53,2435.57,2434.14,2435.56,1671.797
2026-08-29 19:15:00,2435.57,2438.0,2435.56,2437.32,4144.937
2026-08-29 19:20:00,2437.32,2438.1,2432.76,2433.35,7268.348
2026-08-29 19:25:00,2433.35,2434.8,2432.71,2434.8,2412.699
2026-08-29 19:30:00,2434.8,2435.11,2433.18,2433.19,1637.559
2026-08-29 19:35:00,2433.19,2434.32,2433.18,2434.07,912.783
2026-08-29 19:40:00,2434.06,2434.26,2433.68,2433.68,744.916
2026-08-29 19:45:00,2433.69,2434.43,2433.39,2434.42,1495.843
2026-08-29 19:50:00,2434.42,2434.42,2432.09,2432.83,2848.589
2026-08-29 19:55:00,2432.83,2433.53,2432.83,2433.52,986.85
2026-08-29 20:00:00,2433.53,2434.08,2433.12,2433.13,1743.025
2026-08-29 20:05:00,2433.13,2433.73,2432.69,2432.69,1930.601
2026-08-29 20:10:00,2432.69,2433.52,2432.28,2433.36,2726.814
2026-08-29 20:15:00,2433.37,2435.06,2431.2,2431.2,5142.935
2026-08-29 20:20:00,2431.2,2433.85,2431.2,2433.84,1810.662
2026-08-29 20:25:00,2433.85,2434.91,2432.05,2433.27,5172.063
2026-08-29 20:30:00,2433.27,2433.28,2432.6,2432.7,1639.685
2026-08-29 20:35:00,2432.7,2435.08,2432.7,2433.2,1648.932
2026-08-29 20:40:00,2433.21,2433.45,2433.2,2433.44,328.251
2026-08-29 20:45:00,2433.45,2435.17,2433.22,2434.72,1172.36
2026-08-29 20:50:00,2434.73,2435.44,2434.53,2435.18,1160.733
2026-08-29 20:55:00,2435.18,2435.59,2434.59,2434.59,1979.473
2026-08-29 21:00:00,2434.59,2435.21,2434.0,2434.48,1613.257
2026-08-29 21:05:00,2434.49,2435.97,2434.49,2435.14,1974.717
2026-08-29 21:10:00,2435.14,2435.55,2434.18,2435.0,1405.334
2026-08-29 21:15:00,2435.01,2435.78,2434.35,2434.35,2022.236
2026-08-29 21:20:00,2434.35,2436.24,2434.35,2436.06,2073.861
2026-08-29 21:25:00,2436.05,2436.3,2434.67,2434.88,1941.675
2026-08-29 21:30:00,2434.88,2435.6,2434.73,2435.08,1478.108
2026-08-29 21:35:00,2435.07,2436.64,2435.07,2436.63,2207.373
2026-08-29 21:40:00,2436.64,2447.88,2436.63,2443.5,66788.499
2026-08-29 21:45:00,2443.5,2452.0,2443.5,2446.44,27919.295
2026-08-29 21:50:00,2446.43,2447.47,2445.01,2446.02,11482.103
2026-08-29 21:55:00,2446.03,2448.61,2445.74,2447.34,6840.172
2026-08-29 22:00:00,2447.35,2448.02,2439.94,2442.83,16831.215
2026-08-29 22:05:00,2442.83,2443.62,2440.68,2442.89,7681.229
2026-08-29 22:10:00,2442.89,2444.14,2442.88,2443.83,3053.297
2026-08-29 22:15:00,2443.84,2444.79,2440.0,2443.4,7334.138
2026-08-29 22:20:00,2443.4,2445.79,2443.4,2444.88,4815.053
2026-08-29 22:25:00,2444.89,2445.06,2443.54,2443.63,2737.833
2026-08-29 22:30:00,2443.63,2443.63,2441.15,2442.13,4063.736
2026-08-29 22:35:00,2442.14,2443.87,2441.96,2443.8,4252.848
2026-08-29 22:40:00,2443.8,2445.25,2442.74,2442.75,4612.706
2026-08-29 22:45:00,2442.75,2445.87,2442.39,2445.76,3416.138
2026-08-29 22:50:00,2445.76,2445.76,2442.96,2443.53,2747.828
2026-08-29 22:55:00,2443.52,2443.53,2441.5,2443.51,2309.608
2026-08-29 23:00:00,2443.51,2445.5,2443.5,2444.21,5460.78
2026-08-29 23:05:00,2444.21,2446.33,2443.6,2445.93,3744.818
2026-08-29 23:10:00,2445.92,2447.49,2445.5,2447.43,5717.657
2026-08-29 23:15:00,2447.42,2458.64,2447.42,2449.33,41230.678
2026-08-29 23:20:00,2449.33,2450.27,2446.07,2447.48,8720.448
2026-08-29 23:25:00,2447.48,2447.49,2444.61,2447.09,5054.21
2026-08-29 23:30:00,2447.1,2449.8,2444.86,2447.46,5839.534
2026-08-29 23:35:00,2447.46,2448.79,2446.12,2448.23,4327.02
2026-08-29 23:40:00,2448.24,2450.85,2448.16,2449.59,6462.283
2026-08-29 23:45:00,2449.59,2451.65,2448.48,2451.65,4295.137
2026-08-29 23:50:00,2451.65,2453.77,2450.0,2450.0,13353.104
2026-08-29 23:55:00,2450.0,2450.56,2449.0,2449.7,3199.448
2026-08-30 00:00:00,2449.71,2452.73,2449.71,2452.31,4984.271
2026-08-30 00:05:00,2452.3,2452.6,2450.0,2450.84,3101.738
2026-08-30 00:10:00,2450.84,2452.85,2450.84,2451.8,2632.372
2026-08-30 00:15:00,2451.8,2454.29,2450.13,2451.29,7832.186
2026-08-30 00:20:00,2451.3,2451.3,2447.97,2449.98,6073.779
2026-08-30 00:25:00,2449.98,2449.99,2446.68,2447.3,4987.925
2026-08-30 00:30:00,2447.3,2448.43,2445.0,2445.4,3561.966
2026-08-30 00:35:00,2445.4,2448.34,2444.33,2447.31,4314.862
2026-08-30 00:40:00,2447.31,2448.9,2447.31,2447.98,2851.33
2026-08-30 00:45:00,2447.97,2449.38,2447.97,2449.0,1414.354
2026-08-30 00:50:00,2449.01,2449.38,2446.82,2446.91,5787.858
2026-08-30 00:55:00,2446.9,2449.34,2446.48,2449.34,1514.233
2026-08-30 01:00:00,2449.34,2450.7,2447.35,2447.35,3395.431
2026-08-30 01:05:00,2447.36,2448.29,2447.1,2447.13,1792.344
2026-08-30 01:10:00,2447.14,2447.4,2447.01,2447.1,1181.075
2026-08-30 01:15:00,2447.09,2447.36,2445.43,2445.68,2721.289
2026-08-30 01:20:00,2445.68,2448.1,2444.39,2447.52,3721.661
2026-08-30 01:25:00,2447.51,2447.52,2445.79,2445.79,1349.936
2026-08-30 01:30:00,2445.79,2446.98,2444.35,2446.38,2422.628
2026-08-30 01:35:00,2446.38,2451.68,2446.37,2450.69,6047.115
2026-08-30 01:40:00,2450.69,2453.76,2450.5,2451.66,8614.22
2026-08-30 01:45:00,2451.66,2454.4,2451.25,2453.53,4492.744
2026-08-30 01:50:00,2453.53,2454.0,2452.41,2452.5,3027.672
2026-08-30 01:55:00,2452.5,2452.51,2450.63,2451.12,2411.01
2026-08-30 02:00:00,2451.13,2452.78,2451.12,2452.25,2025.243
2026-08-30 02:05:00,2452.24,2453.44,2451.61,2452.56,1617.707
2026-08-30 02:10:00,2452.55,2455.92,2452.55,2455.92,5133.033
2026-08-30 02:15:00,2455.91,2457.16,2454.52,2456.38,10176.322
2026-08-30 02:20:00,2456.38,2457.45,2455.77,2457.44,6930.343
2026-08-30 02:25:00,2457.44,2457.44,2455.67,2456.29,2622.195
2026-08-30 02:30:00,2456.28,2457.51,2454.43,2454.7,3824.236
2026-08-30 02:35:00,2454.7,2457.87,2452.9,2453.64,13064.927
2026-08-30 02:40:00,2453.63,2455.94,2453.05,2454.49,2602.949
2026-08-30 02:45:00,2454.49,2454.5,2453.59,2453.7,1534.885
2026-08-30 02:50:00,2453.7,2453.7,2452.11,2452.11,2611.705
2026-08-30 02:55:00,2452.11,2452.3,2450.28,2452.16,3352.172
2026-08-30 03:00:00,2452.16,2453.8,2451.0,2452.67,3559.089
2026-08-30 03:05:00,2452.68,2454.68,2452.53,2454.62,2488.136
2026-08-30 03:10:00,2454.62,2455.32,2454.16,2455.24,2714.99
2026-08-30 03:15:00,2455.23,2457.23,2454.49,2456.26,3450.355
2026-08-30 03:20:00,2456.27,2456.51,2453.53,2453.6,1987.203
2026-08-30 03:25:00,2453.6,2453.6,2451.94,2451.95,3359.582
2026-08-30 03:30:00,2451.94,2451.95,2450.4,2450.87,3261.1
2026-08-30 03:35:00,2450.87,2452.56,2450.73,2451.54,2577.418
2026-08-30 03:40:00,2451.55,2452.5,2451.32,2452.18,1011.392
2026-08-30 03:45:00,2452.18,2452.37,2451.12,2452.37,1748.885
2026-08-30 03:50:00,2452.36,2452.56,2451.57,2452.01,1398.191
2026-08-30 03:55:00,2452.0,2452.16,2451.53,2451.54,647.05
2026-08-30 04:00:00,2451.53,2451.57,2447.57,2448.72,6398.327
2026-08-30 04:05:00,2448.72,2452.56,2448.71,2451.08,2906.1
2026-08-30 04:10:00,2451.07,2452.75,2450.64,2450.65,1487.779
2026-08-30 04:15:00,2450.64,2451.54,2450.29,2451.38,1319.561
2026-08-30 04:20:00,2451.37,2451.38,2450.3,2450.51,631.223
2026-08-30 04:25:00,2450.5,2450.5,2449.03,2449.03,1558.916
2026-08-30 04:30:00,2449.04,2449.91,2449.03,2449.56,1006.765
2026-08-30 04:35:00,2449.56,2450.0,2448.91,2449.84,2282.594
2026-08-30 04:40:00,2449.83,2450.39,2448.91,2450.26,1088.834
2026-08-30 04:45:00,2450.25,2451.5,2449.63,2450.62,2695.918
2026-08-30 04:50:00,2450.61,2451.65,2450.39,2451.22,1254.56
2026-08-30 04:55:00,2451.21,2451.61,2449.67,2450.34,1500.637
2026-08-30 05:00:00,2450.33,2451.0,2449.02,2450.23,2207.714
2026-08-30 05:05:00,2450.23,2451.65,2449.62,2451.42,1310.594
2026-08-30 05:10:00,2451.43,2451.95,2449.62,2449.93,1488.154
2026-08-30 05:15:00,2449.93,2450.41,2448.35,2448.35,1708.569
2026-08-30 05:20:00,2448.35,2448.95,2448.22,2448.94,886.035
2026-08-30 05:25:00,2448.95,2449.94,2448.5,2449.75,1773.785
2026-08-30 05:30:00,2449.75,2450.37,2449.72,2450.11,1452.862
2026-08-30 05:35:00,2450.12,2450.16,2449.89,2449.95,843.518
2026-08-30 05:40:00,2449.95,2450.27,2449.94,2450.27,366.28
2026-08-30 05:45:00,2450.26,2451.33,2450.26,2451.0,1594.0
2026-08-30 05:50:00,2451.0,2451.62,2451.0,2451.62,798.345
2026-08-30 05:55:00,2451.61,2452.19,2451.47,2451.48,1439.319
2026-08-30 06:00:00,2451.47,2454.5,2451.47,2453.01,5564.006
2026-08-30 06:05:00,2453.0,2454.99,2452.73,2453.52,2533.597
2026-08-30 06:10:00,2453.52,2455.6,2453.4,2454.49,4792.156
2026-08-30 06:15:00,2454.49,2455.33,2453.93,2454.31,1272.888
2026-08-30 06:20:00,2454.31,2454.32,2451.79,2452.18,3720.783
2026-08-30 06:25:00,2452.18,2454.0,2451.79,2453.98,2717.757
2026-08-30 06:30:00,2453.98,2454.43,2452.22,2452.74,2477.442
2026-08-30 06:35:00,2452.73,2455.36,2452.64,2455.35,1773.003
2026-08-30 06:40:00,2455.36,2456.63,2455.35,2455.35,3269.496
2026-08-30 06:45:00,2455.36,2458.75,2455.36,2458.4,4840.293
2026-08-30 06:50:00,2458.4,2458.74,2456.69,2457.1,3370.931
2026-08-30 06:55:00,2457.1,2457.1,2456.08,2456.5,1640.492
2026-08-30 07:00:00,2456.5,2456.5,2455.14,2455.29,2771.31
2026-08-30 07:05:00,2455.29,2455.36,2454.27,2454.56,2588.454
2026-08-30 07:10:00,2454.56,2455.01,2453.29,2455.01,2239.959
2026-08-30 07:15:00,2455.01,2466.95,2455.01,2463.13,38511.474
2026-08-30 07:20:00,2463.13,2463.13,2459.48,2460.7,7537.199
2026-08-30 07:25:00,2460.7,2461.65,2460.3,2461.65,2841.875
2026-08-30 07:30:00,2461.64,2461.72,2458.91,2459.29,6537.484
2026-08-30 07:35:00,2459.29,2464.3,2459.12,2461.14,4660.3
2026-08-30 07:40:00,2461.15,2463.25,2459.24,2459.76,4388.959
2026-08-30 07:45:00,2459.75,2462.06,2459.19,2461.94,3004.495
2026-08-30 07:50:00,2461.94,2462.47,2459.46,2460.32,3429.485
2026-08-30 07:55:00,2460.33,2460.33,2457.43,2457.81,2810.032
2026-08-30 08:00:00,2457.81,2459.6,2456.42,2459.6,3476.259
2026-08-30 08:05:00,2459.59,2459.59,2455.71,2456.4,2594.068
2026-08-30 08:10:00,2456.4,2456.93,2455.19,2455.33,2613.579
2026-08-30 08:15:00,2455.33,2455.74,2451.5,2454.88,12500.262
2026-08-30 08:20:00,2454.87,2455.96,2454.44,2454.44,2325.666
2026-08-30 08:25:00,2454.45,2454.45,2452.07,2453.21,3732.043
2026-08-30 08:30:00,2453.21,2454.48,2452.28,2454.13,2532.408
2026-08-30 08:35:00,2454.12,2457.05,2454.12,2456.08,4254.707
2026-08-30 08:40:00,2456.08,2456.08,2454.79,2455.13,2952.654
2026-08-30 08:45:00,2455.13,2458.13,2455.12,2458.04,3368.617
2026-08-30 08:50:00,2458.03,2458.35,2455.0,2455.68,6136.927
2026-08-30 08:55:00,2455.67,2455.88,2453.89,2455.44,3325.298
2026-08-30 09:00:00,2455.43,2457.06,2453.91,2457.06,3130.226
2026-08-30 09:05:00,2457.05,2457.55,2455.0,2456.12,2804.757
2026-08-30 09:10:00,2456.12,2457.32,2455.31,2457.11,1523.906
2026-08-30 09:15:00,2457.11,2457.54,2456.0,2456.58,1168.809
2026-08-30 09:20:00,2456.57,2457.0,2453.77,2454.33,5039.254
2026-08-30 09:25:00,2454.32,2455.8,2452.83,2454.43,3281.224
2026-08-30 09:30:00,2454.43,2455.01,2452.55,2453.93,6177.862
2026-08-30 09:35:00,2453.93,2455.0,2452.78,2454.99,2501.567
2026-08-30 09:40:00,2454.99,2456.79,2454.45,2454.86,2678.081
2026-08-30 09:45:00,2454.86,2454.99,2453.63,2454.95,4731.32
2026-08-30 09:50:00,2454.94,2457.79,2454.89,2456.88,5199.912
2026-08-30 09:55:00,2456.88,2456.88,2453.42,2453.69,4266.728
2026-08-30 10:00:00,2453.68,2454.73,2452.54,2453.53,4958.776
2026-08-30 10:05:00,2453.54,2454.43,2452.95,2454.43,2485.385
2026-08-30 10:10:00,2454.42,2454.96,2454.33,2454.86,1556.245
2026-08-30 10:15:00,2454.85,2455.64,2454.44,2455.33,720.641
2026-08-30 10:20:00,2455.32,2456.07,2454.01,2456.07,2774.706
2026-08-30 10:25:00,2456.07,2457.91,2455.83,2457.91,2022.098
2026-08-30 10:30:00,2457.91,2459.44,2456.88,2459.29,4633.998
2026-08-30 10:35:00,2459.28,2459.28,2457.42,2457.64,1989.785
2026-08-30 10:40:00,2457.65,2459.44,2456.78,2457.34,3434.735
2026-08-30 10:45:00,2457.33,2457.34,2456.44,2456.81,1261.418
2026-08-30 10:50:00,2456.81,2456.82,2455.69,2455.99,1111.944
2026-08-30 10:55:00,2456.0,2456.35,2455.38,2456.0,2100.306
2026-08-30 11:00:00,2456.0,2457.43,2455.75,2457.21,2285.464
2026-08-30 11:05:00,2457.21,2457.8,2455.26,2455.7,1184.504
2026-08-30 11:10:00,2455.7,2455.86,2455.7,2455.86,461.973
2026-08-30 11:15:00,2455.86,2457.47,2455.85,2455.94,1439.591
2026-08-30 11:20:00,2455.93,2456.13,2453.22,2454.16,5265.249
2026-08-30 11:25:00,2454.16,2455.35,2454.15,2454.4,2037.631
2026-08-30 11:30:00,2454.4,2454.68,2453.3,2453.3,1695.355
2026-08-30 11:35:00,2453.3,2455.06,2451.63,2452.35,7518.977
2026-08-30 11:40:00,2452.34,2454.57,2452.09,2452.09,3416.499
2026-08-30 11:45:00,2452.1,2453.16,2450.36,2451.31,7816.727
2026-08-30 11:50:00,2451.31,2452.88,2451.12,2452.57,4902.481
2026-08-30 11:55:00,2452.57,2454.8,2452.39,2454.8,2210.084
2026-08-30 12:00:00,2454.79,2458.69,2454.43,2458.69,6205.81
2026-08-30 12:05:00,2458.69,2459.05,2456.23,2456.91,4775.815
2026-08-30 12:10:00,2456.9,2456.91,2455.68,2455.96,1759.067
2026-08-30 12:15:00,2455.96,2455.96,2454.66,2454.79,1838.918
2026-08-30 12:20:00,2454.79,2455.07,2454.78,2454.81,643.221
2026-08-30 12:25:00,2454.8,2454.99,2454.6,2454.99,713.247
2026-08-30 12:30:00,2454.99,2454.99,2454.5,2454.5,622.119
2026-08-30 12:35:00,2454.51,2454.78,2454.1,2454.78,1275.248
2026-08-30 12:40:00,2454.77,2455.95,2454.77,2454.8,3104.137
2026-08-30 12:45:00,2454.8,2455.27,2454.5,2455.26,1725.429
2026-08-30 12:50:00,2455.27,2455.27,2454.18,2454.44,1158.669
2026-08-30 12:55:00,2454.44,2455.0,2454.44,2454.99,811.129
2026-08-30 13:00:00,2455.0,2455.25,2453.97,2455.16,2369.333
2026-08-30 13:05:00,2455.16,2455.17,2454.22,2454.35,568.521
2026-08-30 13:10:00,2454.36,2454.67,2454.21,2454.67,826.265
2026-08-30 13:15:00,2454.67,2455.34,2454.66,2455.34,714.063
2026-08-30 13:20:00,2455.34,2456.57,2455.33,2456.56,1489.707
2026-08-30 13:25:00,2456.55,2456.73,2455.57,2455.59,1199.837
2026-08-30 13:30:00,2455.59,2456.32,2455.58,2456.32,850.226
2026-08-30 13:35:00,2456.31,2458.11,2456.31,2457.44,3565.853
2026-08-30 13:40:00,2457.44,2459.15,2457.01,2458.45,7185.48
2026-08-30 13:45:00,2458.44,2460.53,2458.03,2459.08,4725.834
2026-08-30 13:50:00,2459.07,2459.64,2458.0,2458.98,4531.747
2026-08-30 13:55:00,2458.99,2460.1,2458.6,2460.1,2126.83
2026-08-30 14:00:00,2460.1,2460.12,2457.47,2458.34,3862.916
2026-08-30 14:05:00,2458.34,2458.39,2457.63,2457.63,1521.942
2026-08-30 14:10:00,2457.63,2458.41,2457.61,2458.32,1260.531
2026-08-30 14:15:00,2458.32,2458.32,2456.76,2457.0,1760.532
2026-08-30 14:20:00,2456.99,2457.26,2456.66,2456.67,620.538
2026-08-30 14:25:00,2456.67,2456.88,2456.66,2456.67,984.163
2026-08-30 14:30:00,2456.67,2457.34,2455.68,2455.8,2722.587
2026-08-30 14:35:00,2455.8,2457.73,2455.38,2455.91,5918.986
2026-08-30 14:40:00,2455.92,2456.14,2455.0,2455.08,1860.949
2026-08-30 14:45:00,2455.07,2455.08,2453.61,2454.89,4984.162
2026-08-30 14:50:00,2454.88,2456.28,2454.75,2456.24,2473.439
2026-08-30 14:55:00,2456.23,2456.24,2454.18,2454.19,1960.477
2026-08-30 15:00:00,2454.19,2456.39,2454.19,2456.37,2810.831
2026-08-30 15:05:00,2456.37,2457.93,2456.18,2457.71,3044.814
2026-08-30 15:10:00,2457.72,2457.72,2455.32,2455.33,2131.983
2026-08-30 15:15:00,2455.32,2458.15,2455.32,2458.15,1850.005
2026-08-30 15:20:00,2458.15,2458.8,2456.4,2456.93,2152.403
2026-08-30 15:25:00,2456.93,2457.82,2456.92,2457.46,1308.419
2026-08-30 15:30:00,2457.46,2457.65,2456.9,2457.13,1154.371
2026-08-30 15:35:00,2457.12,2457.13,2454.39,2454.39,2116.034
2026-08-30 15:40:00,2454.39,2455.14,2453.77,2455.14,2923.164
2026-08-30 15:45:00,2455.13,2455.14,2453.58,2454.45,3834.281
2026-08-30 15:50:00,2454.44,2454.71,2453.99,2454.66,3366.159
2026-08-30 15:55:00,2454.66,2456.11,2454.66,2455.86,3144.065
2026-08-30 16:00:00,2455.86,2456.57,2455.17,2456.45,1823.803
2026-08-30 16:05:00,2456.45,2456.46,2455.46,2455.46,1274.571
2026-08-30 16:10:00,2455.46,2455.98,2455.46,2455.98,700.692
2026-08-30 16:15:00,2455.97,2456.03,2455.03,2455.65,1605.95
2026-08-30 16:20:00,2455.66,2457.2,2453.52,2454.26,3603.309
2026-08-30 16:25:00,2454.25,2454.64,2452.0,2452.43,5167.376
2026-08-30 16:30:00,2452.44,2454.67,2452.44,2452.99,4403.243
2026-08-30 16:35:00,2452.99,2453.37,2451.26,2451.87,10329.147
2026-08-30 16:40:00,2451.87,2454.17,2450.5,2453.2,8038.743
2026-08-30 16:45:00,2453.19,2454.64,2452.21,2452.21,4327.082
2026-08-30 16:50:00,2452.21,2453.04,2451.73,2452.47,2030.389
2026-08-30 16:55:00,2452.47,2452.86,2452.4,2452.61,1602.479
2026-08-30 17:00:00,2452.61,2452.61,2451.4,2451.63,2178.709
2026-08-30 17:05:00,2451.63,2453.98,2451.63,2453.94,2250.282
2026-08-30 17:10:00,2453.94,2454.76,2452.63,2452.63,2236.647
2026-08-30 17:15:00,2452.63,2453.0,2451.53,2452.76,2200.66
2026-08-30 17:20:00,2452.75,2454.77,2452.75,2454.77,2411.164
2026-08-30 17:25:00,2454.77,2457.93,2453.81,2454.67,6264.588
2026-08-30 17:30:00,2454.68,2456.2,2454.31,2455.2,2144.534
2026-08-30 17:35:00,2455.2,2456.02,2455.2,2455.54,1695.402
2026-08-30 17:40:00,2455.54,2457.5,2455.54,2457.01,4789.876
2026-08-30 17:45:00,2457.01,2458.43,2457.0,2458.15,3142.972
2026-08-30 17:50:00,2458.14,2459.11,2457.47,2458.22,3254.522
2026-08-30 17:55:00,2458.22,2458.7,2458.22,2458.65,2028.875
2026-08-30 18:00:00,2458.65,2458.84,2456.97,2457.12,3166.53
2026-08-30 18:05:00,2457.12,2459.0,2457.12,2459.0,1827.934
2026-08-30 18:10:00,2459.0,2459.36,2456.94,2457.95,3384.091
2026-08-30 18:15:00,2457.94,2458.34,2457.04,2458.33,1002.128
2026-08-30 18:20:00,2458.34,2459.07,2457.87,2459.07,1757.368
2026-08-30 18:25:00,2459.06,2460.98,2458.54,2460.46,6476.095
2026-08-30 18:30:00,2460.46,2460.46,2458.49,2459.0,4698.013
2026-08-30 18:35:00,2458.99,2458.99,2456.81,2457.9,4528.222
2026-08-30 18:40:00,2457.9,2459.87,2457.89,2458.66,3170.513
2026-08-30 18:45:00,2458.66,2459.07,2457.54,2457.54,1730.634
2026-08-30 18:50:00,2457.54,2457.55,2455.55,2456.97,3702.801
2026-08-30 18:55:00,2456.98,2459.11,2456.97,2459.11,1888.354
2026-08-30 19:00:00,2459.11,2462.83,2459.03,2462.83,11359.619
2026-08-30 19:05:00,2462.82,2469.88,2462.82,2468.99,36239.635
2026-08-30 19:10:00,2468.98,2472.99,2466.81,2469.25,29240.155
2026-08-30 19:15:00,2469.24,2469.25,2463.98,2464.46,10613.502
2026-08-30 19:20:00,2464.47,2466.6,2463.24,2464.0,10750.3
2026-08-30 19:25:00,2464.0,2465.43,2461.5,2465.42,7621.468
2026-08-30 19:30:00,2465.43,2466.33,2456.81,2459.25,22914.383
2026-08-30 19:35:00,2459.25,2462.63,2457.11,2462.51,13391.944
2026-08-30 19:40:00,2462.52,2465.38,2461.08,2463.26,5590.139
2026-08-30 19:45:00,2463.25,2464.4,2462.0,2463.58,4108.499
2026-08-30 19:50:00,2463.57,2464.76,2461.59,2463.52,3973.484
2026-08-30 19:55:00,2463.53,2468.34,2463.26,2467.99,10818.166
2026-08-30 20:00:00,2467.98,2469.69,2465.11,2467.82,13355.488
2026-08-30 20:05:00,2467.83,2467.83,2462.96,2463.12,8293.185
2026-08-30 20:10:00,2463.12,2464.0,2460.68,2460.81,8742.459
2026-08-30 20:15:00,2460.8,2463.12,2459.35,2463.11,6964.287
2026-08-30 20:20:00,2463.12,2465.77,2462.88,2465.76,3936.94
2026-08-30 20:25:00,2465.76,2465.77,2464.41,2465.29,2934.672
2026-08-30 20:30:00,2465.28,2466.72,2463.94,2466.11,4990.043
2026-08-30 20:35:00,2466.12,2467.78,2464.9,2466.94,7694.934
2026-08-30 20:40:00,2466.93,2470.54,2466.26,2468.59,10146.454
2026-08-30 20:45:00,2468.6,2477.99,2468.59,2474.29,40128.146
2026-08-30 20:50:00,2474.29,2474.72,2470.97,2473.46,19205.683
2026-08-30 20:55:00,2473.47,2476.75,2472.44,2474.16,12206.888
2026-08-30 21:00:00,2474.17,2475.0,2471.61,2472.67,12003.996
2026-08-30 21:05:00,2472.66,2474.31,2469.35,2474.11,11281.157
2026-08-30 21:10:00,2474.1,2478.64,2473.46,2477.36,13850.901
2026-08-30 21:15:00,2477.36,2478.25,2473.56,2473.56,10461.341
2026-08-30 21:20:00,2473.56,2475.55,2473.56,2475.55,4933.703
2026-08-30 21:25:00,2475.55,2476.81,2474.15,2475.43,5371.473
2026-08-30 21:30:00,2475.42,2478.6,2475.0,2475.0,9583.292
2026-08-30 21:35:00,2475.0,2475.24,2471.88,2473.25,7770.633
2026-08-30 21:40:00,2473.24,2474.97,2473.24,2474.04,3013.765
2026-08-30 21:45:00,2474.04,2475.79,2472.59,2474.48,5016.55
2026-08-30 21:50:00,2474.48,2477.0,2474.14,2477.0,3810.053
2026-08-30 21:55:00,2477.0,2477.15,2474.7,2475.76,5036.164
2026-08-30 22:00:00,2475.77,2476.62,2473.38,2473.72,7207.673
2026-08-30 22:05:00,2473.73,2481.37,2473.72,2475.9,15486.029
2026-08-30 22:10:00,2475.91,2476.62,2471.32,2472.33,9499.242
2026-08-30 22:15:00,2472.33,2476.95,2469.72,2474.4,14210.508
2026-08-30 22:20:00,2474.4,2476.8,2474.4,2476.8,4972.58
2026-08-30 22:25:00,2476.8,2479.0,2475.46,2476.4,10503.313
2026-08-30 22:30:00,2476.41,2478.5,2476.4,2476.59,4081.717
2026-08-30 22:35:00,2476.58,2476.99,2475.11,2476.71,2352.221
2026-08-30 22:40:00,2476.71,2478.64,2476.63,2478.63,4721.266
2026-08-30 22:45:00,2478.64,2483.52,2477.5,2477.83,10594.609
2026-08-30 22:50:00,2477.83,2479.91,2477.03,2478.09,6397.624
2026-08-30 22:55:00,2478.08,2479.92,2477.5,2479.91,2858.321
2026-08-30 23:00:00,2479.92,2488.53,2477.87,2485.58,22852.362
2026-08-30 23:05:00,2485.58,2487.29,2482.48,2482.95,15106.19
2026-08-30 23:10:00,2482.95,2514.98,2481.84,2509.53,127324.561
2026-08-30 23:15:00,2509.54,2519.1,2506.01,2516.5,91321.66
2026-08-30 23:20:00,2516.49,2516.5,2508.56,2515.57,42108.868
2026-08-30 23:25:00,2515.57,2516.99,2512.05,2512.56,26565.484
2026-08-30 23:30:00,2512.57,2516.99,2511.42,2516.63,19292.862
2026-08-30 23:35:00,2516.63,2526.24,2516.4,2520.82,70788.677
2026-08-30 23:40:00,2520.83,2534.22,2520.82,2528.22,72933.159
2026-08-30 23:45:00,2528.21,2530.2,2525.22,2525.48,18282.03
2026-08-30 23:50:00,2525.48,2527.57,2520.3,2521.36,23404.898
2026-08-30 23:55:00,2521.36,2529.28,2520.17,2528.29,23608.808
2026-08-31 00:00:00,2528.28,2528.28,2520.86,2522.72,15234.946
2026-08-31 00:05:00,2522.72,2523.55,2518.91,2521.05,21949.142
2026-08-31 00:10:00,2521.04,2523.53,2519.33,2520.08,14257.386
2026-08-31 00:15:00,2520.09,2520.32,2505.4,2509.24,74175.453
2026-08-31 00:20:00,2509.25,2509.25,2495.0,2500.7,50995.674
2026-08-31 00:25:00,2500.7,2500.89,2492.68,2497.02,52792.66
2026-08-31 00:30:00,2497.03,2502.89,2493.55,2502.89,20223.496
2026-08-31 00:35:00,2502.89,2505.92,2502.16,2504.0,14796.106
2026-08-31 00:40:00,2504.0,2506.86,2502.52,2506.19,13811.535
2026-08-31 00:45:00,2506.18,2508.67,2504.05,2505.59,10603.485
2026-08-31 00:50:00,2505.58,2506.85,2500.34,2503.8,9021.284
2026-08-31 00:55:00,2503.79,2505.15,2501.31,2504.62,4185.146
2026-08-31 01:00:00,2504.62,2507.58,2503.54,2505.24,8836.929
2026-08-31 01:05:00,2505.23,2505.24,2498.34,2498.56,9340.041
2026-08-31 01:10:00,2498.56,2499.01,2494.68,2498.49,13181.03
2026-08-31 01:15:00,2498.5,2502.72,2497.56,2502.18,9781.342
2026-08-31 01:20:00,2502.17,2502.45,2500.78,2502.44,3465.157
2026-08-31 01:25:00,2502.44,2512.0,2501.88,2510.89,16269.002
2026-08-31 01:30:00,2510.88,2514.79,2509.53,2514.29,17352.768
2026-08-31 01:35:00,2514.28,2516.66,2513.01,2514.07,12217.89
2026-08-31 01:40:00,2514.07,2514.42,2511.26,2513.34,4600.747
2026-08-31 01:45:00,2513.35,2513.6,2510.68,2512.44,4067.868
2026-08-31 01:50:00,2512.44,2512.82,2508.67,2509.08,6426.404
2026-08-31 01:55:00,2509.08,2511.32,2508.43,2509.86,3498.524
2026-08-31 02:00:00,2509.87,2509.99,2505.64,2508.08,5946.129
2026-08-31 02:05:00,2508.08,2510.0,2505.16,2507.29,5681.999
2026-08-31 02:10:00,2507.28,2511.33,2507.0,2511.21,3086.603
2026-08-31 02:15:00,2511.2,2512.41,2507.74,2508.7,5364.12
2026-08-31 02:20:00,2508.69,2508.69,2504.97,2505.45,5708.185
2026-08-31 02:25:00,2505.46,2506.42,2505.07,2505.17,2393.036
2026-08-31 02:30:00,2505.18,2506.42,2503.54,2504.71,5633.225
2026-08-31 02:35:00,2504.72,2504.72,2498.94,2499.62,8772.468
2026-08-31 02:40:00,2499.62,2501.99,2498.21,2498.3,4917.464
2026-08-31 02:45:00,2498.3,2500.8,2495.22,2497.88,10995.241
2026-08-31 02:50:00,2497.88,2499.56,2497.57,2498.81,3911.542
2026-08-31 02:55:00,2498.8,2503.58,2498.8,2502.76,9253.427
2026-08-31 03:00:00,2502.76,2507.32,2502.76,2503.93,11372.436
2026-08-31 03:05:00,2503.94,2505.57,2503.28,2505.26,2830.398
2026-08-31 03:10:00,2505.26,2506.83,2503.69,2503.76,2200.497
2026-08-31 03:15:00,2503.76,2504.75,2501.89,2504.23,2498.498
2026-08-31 03:20:00,2504.23,2507.0,2503.87,2506.99,2205.362
2026-08-31 03:25:00,2507.0,2507.73,2502.47,2502.51,4788.096
2026-08-31 03:30:00,2502.51,2502.51,2495.34,2499.98,12881.977
2026-08-31 03:35:00,2499.99,2503.5,2496.08,2496.69,5472.494
2026-08-31 03:40:00,2496.69,2496.69,2483.0,2487.15,43540.965
2026-08-31 03:45:00,2487.16,2493.83,2485.97,2493.09,14505.405
2026-08-31 03:50:00,2493.08,2498.98,2493.08,2495.27,10375.26
2026-08-31 03:55:00,2495.28,2495.52,2488.69,2489.59,14210.826
2026-08-31 04:00:00,2489.59,2489.6,2458.17,2472.03,129625.375
2026-08-31 04:05:00,2472.03,2474.72,2469.51,2473.69,21609.906
2026-08-31 04:10:00,2473.7,2474.77,2464.46,2473.04,21489.067
2026-08-31 04:15:00,2473.03,2477.92,2472.54,2475.6,10298.289
2026-08-31 04:20:00,2475.59,2477.5,2470.14,2475.89,10724.479
2026-08-31 04:25:00,2475.88,2478.0,2474.14,2476.33,5917.765
2026-08-31 04:30:00,2476.33,2481.3,2475.31,2481.0,12502.03
2026-08-31 04:35:00,2481.0,2482.97,2476.33,2478.08,7950.846
2026-08-31 04:40:00,2478.09,2479.12,2476.64,2479.11,5056.135
2026-08-31 04:45:00,2479.11,2479.11,2473.53,2474.57,11461.28
2026-08-31 04:50:00,2474.57,2478.08,2473.62,2477.03,4331.892
2026-08-31 04:55:00,2477.04,2482.18,2477.04,2480.64,6612.15
2026-08-31 05:00:00,2480.63,2488.08,2475.76,2483.25,19940.289
2026-08-31 05:05:00,2483.25,2484.54,2478.63,2478.99,6930.385
2026-08-31 05:10:00,2478.99,2478.99,2473.09,2473.26,9447.214
2026-08-31 05:15:00,2473.26,2474.99,2467.28,2473.83,18680.277
2026-08-31 05:20:00,2473.83,2474.41,2466.55,2467.04,8254.454
2026-08-31 05:25:00,2467.03,2467.65,2463.55,2466.21,17147.912
2026-08-31 05:30:00,2466.21,2466.75,2458.56,2463.56,19422.274
2026-08-31 05:35:00,2463.59,2470.81,2463.42,2470.81,9933.787
2026-08-31 05:40:00,2470.81,2474.4,2469.24,2470.25,9333.473
2026-08-31 05:45:00,2470.25,2471.97,2466.69,2468.13,10126.867
2026-08-31 05:50:00,2468.13,2468.53,2464.56,2467.29,8691.241
2026-08-31 05:55:00,2467.3,2471.82,2465.66,2469.51,10195.515
2026-08-31 06:00:00,2469.52,2469.52,2463.06,2463.07,9640.439
2026-08-31 06:05:00,2463.06,2466.62,2463.06,2465.32,5741.271
2026-08-31 06:10:00,2465.33,2467.81,2462.64,2463.71,7562.254
2026-08-31 06:15:00,2463.71,2464.66,2450.29,2461.2,40362.729
2026-08-31 06:20:00,2461.2,2462.58,2433.67,2437.98,91929.762
2026-08-31 06:25:00,2437.99,2441.3,2420.63,2425.43,74878.6
2026-08-31 06:30:00,2425.43,2434.82,2419.24,2423.29,93437.841
2026-08-31 06:35:00,2423.29,2423.29,2405.57,2409.69,100957.513
2026-08-31 06:40:00,2409.68,2414.12,2401.43,2410.58,60448.295
2026-08-31 06:45:00,2410.57,2412.63,2384.2,2401.04,120306.492
2026-08-31 06:50:00,2401.03,2415.83,2400.55,2412.54,53240.665
2026-08-31 06:55:00,2412.55,2419.0,2411.77,2415.55,33600.348
2026-08-31 07:00:00,2415.57,2420.57,2408.69,2419.59,42704.84
2026-08-31 07:05:00,2419.59,2420.05,2403.95,2407.08,36448.725
2026-08-31 07:10:00,2407.08,2420.33,2406.93,2419.27,19622.265
2026-08-31 07:15:00,2419.27,2429.33,2417.49,2426.53,44931.268
2026-08-31 07:20:00,2426.53,2431.68,2426.0,2431.0,26736.479
2026-08-31 07:25:00,2430.99,2430.99,2427.07,2429.42,12329.866
2026-08-31 07:30:00,2429.42,2431.26,2427.56,2431.23,9761.874
2026-08-31 07:35:00,2431.24,2438.97,2430.55,2431.79,33959.254
2026-08-31 07:40:00,2431.8,2432.92,2430.66,2431.11,7520.132
2026-08-31 07:45:00,2431.12,2431.12,2427.21,2428.13,14754.371
2026-08-31 07:50:00,2428.14,2432.4,2428.13,2431.63,6673.664
2026-08-31 07:55:00,2431.63,2432.39,2424.59,2427.14,10363.149
2026-08-31 08:00:00,2427.13,2429.56,2418.7,2419.31,20967.9
2026-08-31 08:05:00,2419.32,2420.68,2413.43,2415.01,25199.829
2026-08-31 08:10:00,2415.0,2418.88,2412.55,2416.71,12161.507
2026-08-31 08:15:00,2416.72,2420.72,2414.01,2420.57,10482.481
2026-08-31 08:20:00,2420.57,2422.38,2415.54,2421.99,10769.342
2026-08-31 08:25:00,2422.0,2422.22,2418.26,2419.2,9122.864
2026-08-31 08:30:00,2419.2,2420.08,2413.83,2416.1,11480.053
2026-08-31 08:35:00,2416.1,2426.0,2415.0,2420.99,14921.84
2026-08-31 08:40:00,2420.99,2422.52,2416.12,2417.37,9560.714
2026-08-31 08:45:00,2417.38,2420.8,2415.6,2418.51,8686.498
2026-08-31 08:50:00,2418.51,2419.18,2414.53,2414.53,7383.639
2026-08-31 08:55:00,2414.54,2416.93,2406.46,2412.17,19891.1
2026-08-31 09:00:00,2412.16,2413.92,2407.07,2413.92,21309.454
2026-08-31 09:05:00,2413.91,2417.47,2412.92,2416.44,14211.679
2026-08-31 09:10:00,2416.43,2424.31,2416.36,2421.66,16270.447
2026-08-31 09:15:00,2421.67,2422.33,2416.56,2417.69,11153.054
2026-08-31 09:20:00,2417.7,2418.57,2412.53,2414.11,15982.459
2026-08-31 09:25:00,2414.12,2416.14,2414.03,2415.7,5592.842
2026-08-31 09:30:00,2415.7,2417.88,2414.5,2414.73,7165.373
2026-08-31 09:35:00,2414.73,2415.27,2412.09,2413.49,8033.593
2026-08-31 09:40:00,2413.5,2414.13,2411.6,2412.24,6017.475
2026-08-31 09:45:00,2412.24,2413.22,2405.64,2407.92,13958.619
2026-08-31 09:50:00,2407.92,2408.92,2401.29,2401.98,24989.829
2026-08-31 09:55:00,2401.99,2407.3,2400.19,2406.99,18922.233
2026-08-31 10:00:00,2406.99,2411.46,2403.57,2409.38,15179.488
2026-08-31 10:05:00,2409.38,2414.0,2408.03,2414.0,10993.132
2026-08-31 10:10:00,2413.99,2416.0,2413.0,2414.37,10595.687
2026-08-31 10:15:00,2414.36,2416.3,2412.6,2413.57,5527.845
2026-08-31 10:20:00,2413.56,2421.86,2413.56,2420.79,13221.276
2026-08-31 10:25:00,2420.8,2420.8,2418.0,2419.05,6383.22
2026-08-31 10:30:00,2419.06,2419.4,2417.25,2417.63,5135.141
2026-08-31 10:35:00,2417.64,2422.32,2417.59,2421.01,9755.643
2026-08-31 10:40:00,2421.01,2422.98,2419.29,2422.21,6582.646
2026-08-31 10:45:00,2422.22,2423.77,2421.64,2421.64,8337.689
2026-08-31 10:50:00,2421.64,2422.03,2419.93,2420.5,6352.481
2026-08-31 10:55:00,2420.5,2421.11,2419.48,2419.95,5622.546
2026-08-31 11:00:00,2419.95,2420.38,2412.92,2413.38,18123.75
2026-08-31 11:05:00,2413.38,2417.27,2412.73,2413.9,7235.052
2026-08-31 11:10:00,2413.9,2414.45,2412.1,2413.7,4429.27
2026-08-31 11:15:00,2413.7,2414.07,2411.0,2411.49,9253.106
2026-08-31 11:20:00,2411.5,2413.27,2410.2,2411.84,7487.279
2026-08-31 11:25:00,2411.84,2413.24,2410.2,2411.49,7990.657
2026-08-31 11:30:00,2411.5,2413.37,2411.32,2412.33,6755.872
2026-08-31 11:35:00,2412.33,2414.5,2411.0,2414.14,6510.269
2026-08-31 11:40:00,2414.13,2415.0,2411.73,2414.16,5667.95
2026-08-31 11:45:00,2414.17,2414.49,2410.17,2410.49,6468.305
2026-08-31 11:50:00,2410.48,2416.41,2410.15,2416.41,4646.718
2026-08-31 11:55:00,2416.4,2417.58,2415.07,2416.36,8099.33
2026-08-31 12:00:00,2416.36,2418.99,2413.0,2418.76,10359.198
2026-08-31 12:05:00,2418.77,2421.12,2417.92,2419.36,9246.626
2026-08-31 12:10:00,2419.36,2422.74,2418.14,2421.23,9185.981
2026-08-31 12:15:00,2421.23,2430.74,2421.22,2430.23,26758.593
2026-08-31 12:20:00,2430.23,2436.5,2427.02,2435.73,40786.001
2026-08-31 12:25:00,2435.73,2442.0,2431.53,2434.35,38550.529
2026-08-31 12:30:00,2434.34,2436.6,2432.43,2435.5,12700.337
2026-08-31 12:35:00,2435.51,2435.7,2427.71,2429.75,15930.662
2026-08-31 12:40:00,2429.76,2435.96,2429.75,2434.87,22643.506
2026-08-31 12:45:00,2434.87,2437.04,2434.39,2436.44,8360.97
2026-08-31 12:50:00,2436.44,2437.8,2434.78,2434.79,8536.927
2026-08-31 12:55:00,2434.79,2436.4,2432.41,2434.91,8518.537
2026-08-31 13:00:00,2434.92,2436.72,2433.37,2435.03,6007.826
2026-08-31 13:05:00,2435.03,2435.04,2430.06,2434.05,11945.261
2026-08-31 13:10:00,2434.04,2436.23,2433.24,2435.29,6691.322
2026-08-31 13:15:00,2435.3,2444.63,2435.29,2440.2,22355.502
2026-08-31 13:20:00,2440.21,2440.21,2434.84,2437.12,8658.412
2026-08-31 13:25:00,2437.12,2443.96,2437.0,2440.35,14699.125
2026-08-31 13:30:00,2440.35,2440.48,2436.0,2438.43,14363.57
2026-08-31 13:35:00,2438.43,2443.3,2436.61,2441.88,26380.335
2026-08-31 13:40:00,2441.88,2443.4,2440.68,2441.11,11208.339
2026-08-31 13:45:00,2441.1,2442.75,2440.15,2441.02,7813.873
2026-08-31 13:50:00,2441.02,2441.03,2438.56,2439.21,7775.336
2026-08-31 13:55:00,2439.22,2440.39,2436.89,2437.55,7955.214
2026-08-31 14:00:00,2437.54,2439.49,2435.22,2436.4,8024.772
2026-08-31 14:05:00,2436.4,2438.22,2434.77,2437.8,5649.781
2026-08-31 14:10:00,2437.8,2440.81,2437.33,2438.62,5498.958
2026-08-31 14:15:00,2438.62,2443.03,2438.61,2440.51,5529.718
2026-08-31 14:20:00,2440.51,2443.88,2440.01,2443.87,6860.235
2026-08-31 14:25:00,2443.87,2445.96,2441.56,2441.66,11112.217
2026-08-31 14:30:00,2441.65,2441.99,2437.59,2440.0,7031.416
2026-08-31 14:35:00,2440.0,2441.68,2439.0,2441.5,2753.809
2026-08-31 14:40:00,2441.5,2441.64,2437.33,2440.02,8170.288
2026-08-31 14:45:00,2440.02,2440.18,2437.42,2437.96,4576.712
2026-08-31 14:50:00,2437.95,2439.13,2437.73,2438.28,2770.742
2026-08-31 14:55:00,2438.29,2439.62,2437.77,2439.02,4638.989
2026-08-31 15:00:00,2439.02,2440.97,2435.52,2435.94,7587.33
2026-08-31 15:05:00,2435.93,2437.89,2432.65,2437.8,11043.616
2026-08-31 15:10:00,2437.79,2445.0,2437.3,2439.45,11935.479
2026-08-31 15:15:00,2439.45,2439.49,2435.61,2435.65,4353.846
2026-08-31 15:20:00,2435.64,2435.65,2432.5,2434.07,10447.706
2026-08-31 15:25:00,2434.07,2435.84,2432.35,2434.99,8355.23
2026-08-31 15:30:00,2434.99,2437.89,2434.38,2436.37,6571.545
2026-08-31 15:35:00,2436.37,2437.63,2435.5,2437.28,3459.073
2026-08-31 15:40:00,2437.28,2448.87,2436.11,2442.0,21081.18
2026-08-31 15:45:00,2442.0,2444.89,2441.38,2443.86,6635.009
2026-08-31 15:50:00,2443.86,2447.78,2442.09,2445.54,11451.366
2026-08-31 15:55:00,2445.54,2446.6,2444.53,2445.0,4711.983
2026-08-31 16:00:00,2444.99,2445.59,2442.83,2443.02,7802.303
2026-08-31 16:05:00,2443.01,2452.5,2442.02,2449.88,19419.991
2026-08-31 16:10:00,2449.87,2449.88,2443.34,2444.28,7586.78
2026-08-31 16:15:00,2444.28,2447.71,2443.0,2446.92,7222.135
2026-08-31 16:20:00,2446.91,2451.4,2446.09,2449.46,13109.807
2026-08-31 16:25:00,2449.45,2450.63,2445.6,2445.85,6897.968
2026-08-31 16:30:00,2445.84,2448.0,2445.36,2446.45,3381.992
2026-08-31 16:35:00,2446.44,2447.0,2444.88,2446.51,3141.951
2026-08-31 16:40:00,2446.51,2448.78,2445.04,2448.27,4982.235
2026-08-31 16:45:00,2448.27,2456.37,2448.27,2449.98,26647.83
2026-08-31 16:50:00,2449.97,2449.97,2445.8,2446.99,6947.23
2026-08-31 16:55:00,2446.99,2446.99,2445.01,2445.47,6324.132
2026-08-31 17:00:00,2445.48,2446.0,2441.21,2443.0,13727.815
2026-08-31 17:05:00,2443.0,2443.22,2439.72,2442.76,13182.621
2026-08-31 17:10:00,2442.76,2448.54,2441.3,2448.21,7945.971
2026-08-31 17:15:00,2448.21,2448.21,2444.18,2446.18,6268.583
2026-08-31 17:20:00,2446.18,2447.36,2444.97,2446.54,2554.972
2026-08-31 17:25:00,2446.53,2448.83,2445.2,2447.82,3319.687
2026-08-31 17:30:00,2447.82,2447.82,2444.71,2445.92,3927.579
2026-08-31 17:35:00,2445.93,2450.17,2445.92,2449.24,4706.596
2026-08-31 17:40:00,2449.24,2450.82,2448.01,2449.8,5547.355
2026-08-31 17:45:00,2449.79,2450.58,2448.83,2449.52,4773.396
2026-08-31 17:50:00,2449.52,2455.92,2448.96,2453.63,18288.393
2026-08-31 17:55:00,2453.63,2455.36,2453.48,2454.37,8790.478
2026-08-31 18:00:00,2454.37,2456.75,2451.73,2452.72,16009.51
2026-08-31 18:05:00,2452.72,2456.98,2451.32,2451.92,7641.284
2026-08-31 18:10:00,2451.92,2455.28,2451.92,2453.47,3761.27
2026-08-31 18:15:00,2453.48,2455.75,2451.5,2455.23,6283.086
2026-08-31 18:20:00,2455.24,2455.6,2452.7,2453.8,2408.125
2026-08-31 18:25:00,2453.8,2454.0,2449.73,2451.15,5376.552
2026-08-31 18:30:00,2451.16,2451.22,2447.62,2447.62,6387.3
2026-08-31 18:35:00,2447.62,2448.65,2446.21,2447.84,6699.401
2026-08-31 18:40:00,2447.84,2448.96,2445.24,2446.16,7009.148
2026-08-31 18:45:00,2446.16,2447.17,2444.91,2445.03,4882.117
2026-08-31 18:50:00,2445.03,2446.2,2443.01,2443.78,4678.82
2026-08-31 18:55:00,2443.77,2445.67,2443.42,2445.1,3916.181
2026-08-31 19:00:00,2445.11,2455.88,2443.69,2455.45,20067.393
2026-08-31 19:05:00,2455.45,2456.48,2450.42,2454.66,17031.062
2026-08-31 19:10:00,2454.66,2455.36,2451.38,2452.25,6137.913
2026-08-31 19:15:00,2452.25,2463.48,2451.01,2461.51,28740.737
2026-08-31 19:20:00,2461.52,2461.6,2454.19,2455.6,25459.98
2026-08-31 19:25:00,2455.6,2456.62,2446.16,2453.63,33864.55
2026-08-31 19:30:00,2453.64,2455.79,2448.55,2455.67,27029.338
2026-08-31 19:35:00,2455.66,2458.29,2449.0,2449.0,17786.472
2026-08-31 19:40:00,2449.0,2450.63,2442.56,2450.0,34880.303
2026-08-31 19:45:00,2449.99,2450.5,2445.87,2445.87,11177.863
2026-08-31 19:50:00,2445.87,2451.24,2445.87,2446.8,12555.993
2026-08-31 19:55:00,2446.8,2450.88,2445.46,2450.61,5578.439
2026-08-31 20:00:00,2450.6,2458.55,2450.28,2452.87,16211.991
2026-08-31 20:05:00,2452.87,2454.74,2451.72,2451.88,5179.98
2026-08-31 20:10:00,2451.88,2453.95,2451.28,2452.64,3381.912
2026-08-31 20:15:00,2452.64,2454.0,2448.26,2448.27,6311.104
2026-08-31 20:20:00,2448.26,2452.84,2448.0,2450.75,6553.538
2026-08-31 20:25:00,2450.74,2450.74,2443.66,2449.7,17488.102
2026-08-31 20:30:00,2449.71,2457.8,2446.21,2449.82,20440.419
2026-08-31 20:35:00,2449.83,2453.16,2444.0,2451.17,19393.643
2026-08-31 20:40:00,2451.16,2455.42,2446.56,2446.57,9985.255
2026-08-31 20:45:00,2446.57,2448.59,2440.26,2444.02,22514.851
2026-08-31 20:50:00,2444.01,2444.81,2436.05,2440.33,32501.999
2026-08-31 20:55:00,2440.33,2445.35,2437.6,2439.53,14839.906
2026-08-31 21:00:00,2439.54,2446.2,2437.21,2443.56,13783.801
2026-08-31 21:05:00,2443.57,2446.97,2437.47,2444.15,11063.023
2026-08-31 21:10:00,2444.15,2445.13,2438.0,2439.37,7393.195
2026-08-31 21:15:00,2439.36,2445.79,2436.48,2445.51,11088.737
2026-08-31 21:20:00,2445.51,2448.25,2438.11,2438.11,11816.607
2026-08-31 21:25:00,2438.12,2445.0,2436.59,2444.65,9981.729
2026-08-31 21:30:00,2444.64,2449.62,2442.85,2443.74,15997.098
2026-08-31 21:35:00,2443.75,2455.41,2443.75,2453.34,23908.353
2026-08-31 21:40:00,2453.34,2474.78,2453.33,2464.51,97248.76
2026-08-31 21:45:00,2464.5,2469.63,2460.11,2462.3,36749.325
2026-08-31 21:50:00,2462.3,2465.59,2459.61,2462.51,14792.473
2026-08-31 21:55:00,2462.51,2469.82,2461.0,2466.78,17452.606
2026-08-31 22:00:00,2466.79,2469.88,2463.5,2463.98,12270.072
2026-08-31 22:05:00,2463.98,2467.45,2461.22,2465.01,11276.712
2026-08-31 22:10:00,2465.0,2465.0,2457.55,2458.47,14988.988
2026-08-31 22:15:00,2458.47,2462.76,2456.82,2459.82,11957.821
2026-08-31 22:20:00,2459.83,2466.44,2458.73,2465.23,10267.568
2026-08-31 22:25:00,2465.22,2469.65,2462.6,2467.56,10991.885
2026-08-31 22:30:00,2467.57,2473.8,2464.5,2469.48,20773.211
2026-08-31 22:35:00,2469.48,2470.68,2465.88,2467.68,9086.166
2026-08-31 22:40:00,2467.68,2477.68,2466.94,2475.32,26259.849
2026-08-31 22:45:00,2475.32,2476.93,2469.92,2471.55,10787.688
2026-08-31 22:50:00,2471.55,2473.24,2468.5,2470.43,8719.424
2026-08-31 22:55:00,2470.43,2471.01,2465.63,2466.4,10672.758
2026-08-31 23:00:00,2466.41,2471.4,2463.58,2468.77,15907.686
2026-08-31 23:05:00,2468.77,2470.56,2463.48,2465.83,9955.932
2026-08-31 23:10:00,2465.83,2470.49,2463.38,2464.35,9654.752
2026-08-31 23:15:00,2464.35,2470.34,2460.64,2467.48,17882.927
2026-08-31 23:20:00,2467.49,2467.49,2462.76,2463.8,6601.462
2026-08-31 23:25:00,2463.81,2466.06,2461.22,2463.75,11276.992
2026-08-31 23:30:00,2463.76,2466.12,2462.8,2465.06,7414.961
2026-08-31 23:35:00,2465.07,2467.44,2463.84,2465.07,4991.995
2026-08-31 23:40:00,2465.07,2471.81,2465.0,2470.53,11329.246
2026-08-31 23:45:00,2470.53,2471.81,2467.2,2469.88,5326.42
2026-08-31 23:50:00,2469.88,2472.15,2468.16,2471.23,9529.326
2026-08-31 23:55:00,2471.24,2475.99,2467.81,2468.0,13053.505
2026-09-01 00:00:00,2468.01,2470.57,2466.95,2468.36,5405.696
2026-09-01 00:05:00,2468.37,2470.27,2468.0,2470.27,3832.771
2026-09-01 00:10:00,2470.26,2472.76,2468.32,2470.48,5613.787
2026-09-01 00:15:00,2470.49,2470.85,2462.67,2466.78,13556.051
2026-09-01 00:20:00,2466.78,2469.49,2466.05,2466.38,6013.241
2026-09-01 00:25:00,2466.37,2466.38,2459.5,2462.51,19617.651
2026-09-01 00:30:00,2462.52,2464.34,2461.08,2462.92,6949.519
2026-09-01 00:35:00,2462.91,2467.96,2461.08,2467.96,6847.6
2026-09-01 00:40:00,2467.97,2474.07,2467.7,2470.17,16453.842
2026-09-01 00:45:00,2470.16,2473.84,2468.46,2471.25,10271.266
2026-09-01 00:50:00,2471.25,2476.66,2471.25,2474.96,14722.45
2026-09-01 00:55:00,2474.96,2475.38,2473.15,2474.17,5342.364
2026-09-01 01:00:00,2474.17,2474.19,2469.24,2470.15,8221.813
2026-09-01 01:05:00,2470.16,2471.35,2468.61,2470.7,3847.086
2026-09-01 01:10:00,2470.7,2472.94,2468.85,2472.33,5168.872
2026-09-01 01:15:00,2472.33,2479.67,2471.86,2477.44,29757.027
2026-09-01 01:20:00,2477.44,2477.57,2469.32,2469.33,11496.068
2026-09-01 01:25:00,2469.32,2471.45,2467.83,2470.02,7906.835
2026-09-01 01:30:00,2470.01,2471.6,2469.0,2469.9,2632.668
2026-09-01 01:35:00,2469.91,2475.69,2469.8,2473.78,5520.593
2026-09-01 01:40:00,2473.77,2489.18,2472.8,2486.65,43708.389
2026-09-01 01:45:00,2486.65,2486.66,2477.58,2479.48,22965.42
2026-09-01 01:50:00,2479.48,2479.81,2475.21,2476.31,12840.235
2026-09-01 01:55:00,2476.31,2478.42,2475.41,2476.57,4341.252
2026-09-01 02:00:00,2476.58,2480.17,2476.57,2479.53,5832.21
2026-09-01 02:05:00,2479.52,2486.77,2478.91,2485.29,17375.263
2026-09-01 02:10:00,2485.3,2490.24,2484.68,2485.3,17579.528
2026-09-01 02:15:00,2485.29,2485.29,2480.49,2481.82,6859.443
2026-09-01 02:20:00,2481.81,2485.01,2480.59,2484.4,8203.147
2026-09-01 02:25:00,2484.4,2484.85,2481.4,2484.24,3024.7
2026-09-01 02:30:00,2484.24,2484.72,2480.66,2483.0,4735.989
2026-09-01 02:35:00,2483.0,2484.0,2481.51,2481.52,3889.441
2026-09-01 02:40:00,2481.51,2481.52,2477.0,2479.08,8105.981
2026-09-01 02:45:00,2479.08,2482.44,2478.27,2482.43,3719.833
2026-09-01 02:50:00,2482.44,2484.26,2478.73,2479.43,7815.399
2026-09-01 02:55:00,2479.43,2482.92,2476.22,2480.77,10738.164
2026-09-01 03:00:00,2480.77,2482.34,2477.5,2478.32,7090.957
2026-09-01 03:05:00,2478.33,2479.99,2477.19,2478.63,3469.453
2026-09-01 03:10:00,2478.63,2478.83,2476.85,2478.82,1777.457
2026-09-01 03:15:00,2478.83,2483.48,2478.38,2483.02,4774.323
2026-09-01 03:20:00,2483.03,2485.93,2479.79,2480.2,5707.769
2026-09-01 03:25:00,2480.19,2480.19,2473.32,2475.12,8432.689
2026-09-01 03:30:00,2475.12,2476.88,2471.65,2471.87,8759.016
2026-09-01 03:35:00,2471.88,2472.86,2468.55,2470.18,13127.36
2026-09-01 03:40:00,2470.18,2474.35,2470.18,2472.77,6014.131
2026-09-01 03:45:00,2472.77,2473.79,2469.82,2470.43,4251.096
2026-09-01 03:50:00,2470.43,2473.4,2469.94,2472.72,4895.786
2026-09-01 03:55:00,2472.72,2473.73,2470.31,2471.8,3845.351
2026-09-01 04:00:00,2471.81,2472.14,2467.18,2470.09,6597.109
2026-09-01 04:05:00,2470.08,2475.37,2466.1,2475.27,14609.81
2026-09-01 04:10:00,2475.27,2475.27,2471.0,2471.67,3872.413
2026-09-01 04:15:00,2471.67,2472.33,2469.52,2469.52,3201.925
2026-09-01 04:20:00,2469.52,2472.97,2469.52,2472.73,3928.818
2026-09-01 04:25:00,2472.73,2477.69,2471.51,2477.68,5726.337
2026-09-01 04:30:00,2477.68,2481.19,2476.84,2479.02,7424.544
2026-09-01 04:35:00,2479.01,2482.46,2478.34,2478.62,7702.603
2026-09-01 04:40:00,2478.63,2480.64,2478.54,2480.31,3472.91
2026-09-01 04:45:00,2480.3,2482.0,2478.62,2479.4,3029.342
2026-09-01 04:50:00,2479.4,2479.91,2477.65,2478.19,3595.366
2026-09-01 04:55:00,2478.19,2478.85,2477.09,2477.35,1515.185
2026-09-01 05:00:00,2477.35,2479.88,2473.73,2474.44,5768.023
2026-09-01 05:05:00,2474.43,2476.83,2474.43,2476.21,1395.957
2026-09-01 05:10:00,2476.21,2476.82,2473.21,2473.57,3863.795
2026-09-01 05:15:00,2473.57,2473.98,2471.18,2471.25,5651.732
2026-09-01 05:20:00,2471.24,2471.47,2469.46,2469.68,7526.94
2026-09-01 05:25:00,2469.68,2470.22,2469.44,2470.07,2171.491
2026-09-01 05:30:00,2470.07,2471.05,2468.44,2470.08,3240.932
2026-09-01 05:35:00,2470.07,2470.08,2467.92,2468.87,3783.772
2026-09-01 05:40:00,2468.87,2468.9,2466.58,2467.61,7578.724
2026-09-01 05:45:00,2467.62,2467.86,2466.56,2467.34,1989.229
2026-09-01 05:50:00,2467.33,2469.74,2467.33,2469.33,3059.281
2026-09-01 05:55:00,2469.33,2469.46,2468.0,2468.23,2298.213
2026-09-01 06:00:00,2468.22,2468.23,2460.38,2461.59,20783.635
2026-09-01 06:05:00,2461.6,2466.05,2461.6,2466.04,4313.212
2026-09-01 06:10:00,2466.05,2466.05,2463.18,2463.33,3236.716
2026-09-01 06:15:00,2463.33,2464.78,2462.3,2464.78,3699.213
2026-09-01 06:20:00,2464.78,2465.31,2464.0,2464.71,2542.031
2026-09-01 06:25:00,2464.71,2465.94,2464.56,2465.35,2414.309
2026-09-01 06:30:00,2465.34,2465.96,2464.41,2465.24,1411.755
2026-09-01 06:35:00,2465.23,2465.78,2463.29,2465.21,2095.926
2026-09-01 06:40:00,2465.21,2467.15,2465.11,2466.39,2230.516
2026-09-01 06:45:00,2466.39,2466.48,2465.53,2465.92,1435.522
2026-09-01 06:50:00,2465.92,2466.78,2465.38,2465.76,3151.572
2026-09-01 06:55:00,2465.76,2467.23,2464.71,2466.53,2847.644
2026-09-01 07:00:00,2466.52,2466.52,2464.32,2466.49,4642.91
2026-09-01 07:05:00,2466.49,2472.37,2466.4,2471.29,9104.351
2026-09-01 07:10:00,2471.3,2472.72,2470.24,2471.18,6106.221
2026-09-01 07:15:00,2471.18,2474.29,2470.41,2473.91,6592.677
2026-09-01 07:20:00,2473.9,2476.44,2473.45,2474.99,6495.313
2026-09-01 07:25:00,2475.0,2476.0,2473.81,2474.26,3859.607
2026-09-01 07:30:00,2474.26,2475.87,2469.84,2473.14,8556.799
2026-09-01 07:35:00,2473.14,2474.8,2470.19,2470.19,3583.599
2026-09-01 07:40:00,2470.2,2472.28,2469.84,2470.95,3269.276
2026-09-01 07:45:00,2470.94,2474.8,2470.94,2474.79,2416.328
2026-09-01 07:50:00,2474.8,2474.88,2470.12,2470.12,3522.97
2026-09-01 07:55:00,2470.12,2471.01,2467.93,2470.75,5284.774
2026-09-01 08:00:00,2470.75,2473.07,2468.87,2471.71,4305.877
2026-09-01 08:05:00,2471.71,2475.19,2470.29,2471.03,5922.73
2026-09-01 08:10:00,2471.03,2471.04,2466.0,2466.94,3535.312
2026-09-01 08:15:00,2466.93,2469.12,2464.39,2468.47,6776.481
2026-09-01 08:20:00,2468.46,2468.71,2466.18,2466.55,2645.922
2026-09-01 08:25:00,2466.54,2466.54,2454.8,2460.09,28239.551
2026-09-01 08:30:00,2460.09,2461.19,2457.0,2461.13,12373.593
2026-09-01 08:35:00,2461.14,2465.68,2460.76,2464.89,7390.738
2026-09-01 08:40:00,2464.89,2467.18,2464.88,2466.58,3699.736
2026-09-01 08:45:00,2466.57,2466.83,2463.47,2464.18,2654.533
2026-09-01 08:50:00,2464.17,2464.8,2461.33,2461.89,3041.117
2026-09-01 08:55:00,2461.88,2462.54,2460.18,2461.77,4231.614
2026-09-01 09:00:00,2461.76,2461.76,2455.78,2459.13,15623.152
2026-09-01 09:05:00,2459.12,2460.98,2457.19,2458.21,5946.66
2026-09-01 09:10:00,2458.2,2458.5,2453.03,2457.14,14034.776
2026-09-01 09:15:00,2457.13,2457.27,2454.0,2456.81,6385.29
2026-09-01 09:20:00,2456.8,2459.62,2456.15,2459.61,5848.32
2026-09-01 09:25:00,2459.61,2462.91,2457.29,2457.65,16631.37
2026-09-01 09:30:00,2457.65,2462.58,2457.64,2461.01,7377.128
2026-09-01 09:35:00,2461.01,2461.39,2458.5,2459.18,2869.148
2026-09-01 09:40:00,2459.19,2460.89,2458.88,2459.57,2019.413
2026-09-01 09:45:00,2459.56,2462.43,2458.88,2461.34,2577.152
2026-09-01 09:50:00,2461.34,2462.38,2460.91,2461.38,2450.64
2026-09-01 09:55:00,2461.39,2464.59,2461.38,2463.83,4194.211
2026-09-01 10:00:00,2463.84,2465.27,2463.68,2465.27,2790.526
2026-09-01 10:05:00,2465.27,2466.45,2462.79,2464.63,6362.233
2026-09-01 10:10:00,2464.63,2466.58,2463.59,2464.98,5423.312
2026-09-01 10:15:00,2464.98,2466.09,2463.52,2466.08,2505.987
2026-09-01 10:20:00,2466.09,2466.09,2463.0,2463.57,4104.249
2026-09-01 10:25:00,2463.57,2466.0,2462.18,2465.78,4607.785
2026-09-01 10:30:00,2465.77,2477.73,2465.23,2476.26,22428.712
2026-09-01 10:35:00,2476.26,2481.95,2475.86,2479.12,28575.061
2026-09-01 10:40:00,2479.12,2479.93,2475.07,2475.69,11215.147
2026-09-01 10:45:00,2475.69,2475.69,2472.45,2473.99,8343.767
2026-09-01 10:50:00,2474.0,2474.0,2471.6,2472.43,3787.347
2026-09-01 10:55:00,2472.43,2472.43,2470.19,2471.39,2493.755
2026-09-01 11:00:00,2471.4,2473.35,2470.22,2471.14,5390.578
2026-09-01 11:05:00,2471.14,2473.0,2469.17,2472.79,4260.175
2026-09-01 11:10:00,2472.8,2474.31,2470.72,2472.05,5189.105
2026-09-01 11:15:00,2472.05,2475.88,2472.04,2473.86,5503.222
2026-09-01 11:20:00,2473.85,2475.17,2473.67,2474.44,3520.799
2026-09-01 11:25:00,2474.44,2477.61,2474.44,2475.13,5554.989
2026-09-01 11:30:00,2475.12,2476.1,2472.27,2472.44,3211.903
2026-09-01 11:35:00,2472.44,2473.49,2471.63,2471.99,2372.911
2026-09-01 11:40:00,2471.99,2472.38,2470.21,2470.23,1885.083
2026-09-01 11:45:00,2470.22,2471.42,2469.4,2471.2,5867.013
2026-09-01 11:50:00,2471.2,2471.59,2468.33,2469.5,5578.768
2026-09-01 11:55:00,2469.5,2470.0,2467.33,2468.94,8127.735
2026-09-01 12:00:00,2468.94,2473.58,2467.86,2473.58,3929.095
2026-09-01 12:05:00,2473.58,2476.0,2473.2,2474.44,7016.937
2026-09-01 12:10:00,2474.44,2474.44,2472.0,2472.0,2766.948
2026-09-01 12:15:00,2472.01,2473.73,2471.04,2471.31,7581.845
2026-09-01 12:20:00,2471.3,2471.4,2469.44,2469.77,4078.838
2026-09-01 12:25:00,2469.77,2474.84,2469.52,2474.64,3434.068
2026-09-01 12:30:00,2474.64,2477.5,2474.35,2477.2,7730.66
2026-09-01 12:35:00,2477.2,2480.08,2476.64,2478.48,11089.709
2026-09-01 12:40:00,2478.48,2481.48,2476.95,2481.12,8673.203
2026-09-01 12:45:00,2481.12,2484.36,2478.34,2483.17,10348.283
2026-09-01 12:50:00,2483.17,2484.6,2481.01,2483.46,9603.798
2026-09-01 12:55:00,2483.47,2484.3,2482.25,2483.51,6710.087
2026-09-01 13:00:00,2483.51,2483.51,2481.25,2482.88,6032.768
2026-09-01 13:05:00,2482.88,2482.88,2477.91,2478.13,7540.483
2026-09-01 13:10:00,2478.13,2479.17,2477.46,2478.51,4727.191
2026-09-01 13:15:00,2478.51,2478.51,2474.34,2475.04,7153.91
2026-09-01 13:20:00,2475.03,2475.94,2472.51,2473.0,7003.343
2026-09-01 13:25:00,2473.0,2476.16,2472.62,2474.63,8589.446
2026-09-01 13:30:00,2474.62,2476.57,2474.62,2475.9,4018.137
2026-09-01 13:35:00,2475.9,2476.68,2474.15,2476.41,4241.167
2026-09-01 13:40:00,2476.41,2476.68,2475.03,2475.6,1770.028
2026-09-01 13:45:00,2475.6,2475.6,2473.0,2474.23,2756.347
2026-09-01 13:50:00,2474.23,2474.97,2471.88,2472.52,4133.35
2026-09-01 13:55:00,2472.52,2472.52,2470.68,2470.69,4478.43
2026-09-01 14:00:00,2470.68,2474.01,2470.01,2472.65,7860.013
2026-09-01 14:05:00,2472.64,2474.18,2470.8,2472.9,4104.706
2026-09-01 14:10:00,2472.91,2473.5,2471.49,2472.77,2697.132
2026-09-01 14:15:00,2472.77,2475.32,2472.51,2474.06,5290.128
2026-09-01 14:20:00,2474.06,2475.38,2472.86,2474.28,3263.354
2026-09-01 14:25:00,2474.27,2476.46,2472.22,2474.13,5506.231
2026-09-01 14:30:00,2474.14,2474.7,2473.05,2474.69,3625.793
2026-09-01 14:35:00,2474.68,2474.94,2465.37,2467.28,19004.744
2026-09-01 14:40:00,2467.29,2469.56,2465.87,2469.53,7156.028
2026-09-01 14:45:00,2469.53,2471.46,2467.58,2471.32,4506.635
2026-09-01 14:50:00,2471.32,2472.88,2470.19,2471.18,5001.886
2026-09-01 14:55:00,2471.17,2472.18,2470.23,2471.44,2366.274
2026-09-01 15:00:00,2471.44,2472.36,2469.03,2470.38,6019.526
2026-09-01 15:05:00,2470.39,2472.54,2460.0,2461.1,27327.469
2026-09-01 15:10:00,2461.1,2465.06,2460.81,2462.9,13941.077
2026-09-01 15:15:00,2462.91,2463.93,2455.58,2460.5,20925.193
2026-09-01 15:20:00,2460.49,2462.63,2456.95,2457.22,11748.416
2026-09-01 15:25:00,2457.21,2458.63,2446.43,2446.84,51987.258
2026-09-01 15:30:00,2446.83,2451.23,2443.55,2450.4,37060.947
2026-09-01 15:35:00,2450.4,2454.88,2449.68,2451.17,19166.716
2026-09-01 15:40:00,2451.18,2451.18,2445.72,2450.54,13191.334
2026-09-01 15:45:00,2450.54,2453.23,2447.6,2449.91,13495.08
2026-09-01 15:50:00,2449.92,2450.51,2446.0,2448.8,12555.922
2026-09-01 15:55:00,2448.79,2450.63,2446.63,2447.09,4986.394
2026-09-01 16:00:00,2447.08,2448.84,2443.16,2447.4,14748.807
2026-09-01 16:05:00,2447.39,2447.72,2442.12,2444.82,13914.914
2026-09-01 16:10:00,2444.83,2446.65,2443.26,2443.71,7805.247
2026-09-01 16:15:00,2443.71,2444.96,2443.06,2444.0,7672.819
2026-09-01 16:20:00,2444.0,2449.85,2443.99,2449.71,12674.273
2026-09-01 16:25:00,2449.71,2452.48,2448.17,2450.27,17470.076
2026-09-01 16:30:00,2450.28,2451.81,2449.12,2451.3,7610.035
2026-09-01 16:35:00,2451.3,2451.31,2448.0,2449.53,6961.504
2026-09-01 16:40:00,2449.53,2454.14,2449.38,2453.42,11264.521
2026-09-01 16:45:00,2453.42,2453.78,2450.77,2451.25,5886.136
2026-09-01 16:50:00,2451.25,2453.08,2450.73,2451.45,4468.691
2026-09-01 16:55:00,2451.45,2452.55,2450.57,2451.1,4544.999
2026-09-01 17:00:00,2451.1,2453.59,2450.6,2450.61,4699.468
2026-09-01 17:05:00,2450.61,2452.13,2449.98,2449.98,4863.45
2026-09-01 17:10:00,2449.98,2453.92,2448.0,2451.01,6537.425
2026-09-01 17:15:00,2451.0,2452.0,2447.2,2452.0,7363.36
2026-09-01 17:20:00,2452.0,2456.88,2451.93,2456.57,12617.691
2026-09-01 17:25:00,2456.57,2458.55,2454.61,2456.65,8180.182
2026-09-01 17:30:00,2456.65,2462.49,2456.65,2460.0,15988.504
2026-09-01 17:35:00,2460.0,2462.55,2458.21,2462.14,7044.981
2026-09-01 17:40:00,2462.15,2462.55,2459.17,2459.17,6344.151
2026-09-01 17:45:00,2459.17,2461.4,2458.13,2458.15,5152.009
2026-09-01 17:50:00,2458.15,2458.67,2454.41,2455.51,8357.127
2026-09-01 17:55:00,2455.51,2456.39,2454.8,2455.78,3254.853
2026-09-01 18:00:00,2455.79,2455.94,2452.28,2455.31,9782.171
2026-09-01 18:05:00,2455.32,2455.73,2452.12,2453.73,6594.226
2026-09-01 18:10:00,2453.73,2454.21,2452.92,2453.61,1871.691
2026-09-01 18:15:00,2453.61,2455.26,2453.4,2454.51,2297.036
2026-09-01 18:20:00,2454.5,2455.2,2451.05,2454.99,5016.15
2026-09-01 18:25:00,2455.0,2455.89,2453.14,2455.26,2175.188
2026-09-01 18:30:00,2455.26,2458.68,2453.55,2458.36,8102.249
2026-09-01 18:35:00,2458.36,2462.09,2458.35,2461.58,9881.833
2026-09-01 18:40:00,2461.59,2462.48,2458.33,2458.88,8806.089
2026-09-01 18:45:00,2458.88,2461.2,2458.21,2458.21,5995.352
2026-09-01 18:50:00,2458.22,2462.78,2458.21,2461.08,8230.236
2026-09-01 18:55:00,2461.09,2461.34,2456.09,2457.87,8896.804
2026-09-01 19:00:00,2457.88,2458.09,2452.07,2455.46,12583.065
2026-09-01 19:05:00,2455.45,2458.07,2453.85,2455.09,10003.974
2026-09-01 19:10:00,2455.09,2456.62,2453.01,2454.38,4337.989
2026-09-01 19:15:00,2454.37,2457.52,2452.3,2452.59,4386.722
2026-09-01 19:20:00,2452.59,2455.07,2450.49,2452.7,6426.391
2026-09-01 19:25:00,2452.7,2456.12,2452.7,2454.28,3371.468
2026-09-01 19:30:00,2454.28,2454.28,2447.63,2447.7,14438.743
2026-09-01 19:35:00,2447.7,2447.7,2440.22,2442.84,34417.704
2026-09-01 19:40:00,2442.85,2446.01,2435.45,2445.0,40628.304
2026-09-01 19:45:00,2445.0,2448.28,2443.47,2444.48,13012.294
2026-09-01 19:50:00,2444.47,2447.04,2444.12,2445.82,11782.917
2026-09-01 19:55:00,2445.82,2446.91,2444.57,2445.22,7715.366
2026-09-01 20:00:00,2445.21,2446.33,2437.79,2440.16,20297.059
2026-09-01 20:05:00,2440.16,2442.16,2421.0,2436.38,83022.3
2026-09-01 20:10:00,2436.38,2442.26,2436.11,2440.27,15484.357
2026-09-01 20:15:00,2440.27,2443.4,2437.39,2439.66,11976.062
2026-09-01 20:20:00,2439.67,2440.37,2438.15,2439.22,4625.973
2026-09-01 20:25:00,2439.21,2443.97,2438.23,2443.05,12533.121
2026-09-01 20:30:00,2443.05,2448.93,2441.24,2442.3,27590.333
2026-09-01 20:35:00,2442.29,2443.6,2432.6,2435.65,29515.765
2026-09-01 20:40:00,2435.65,2443.07,2430.08,2441.28,35875.786
2026-09-01 20:45:00,2441.28,2448.48,2439.01,2443.84,39295.922
2026-09-01 20:50:00,2443.84,2447.27,2440.0,2441.71,30136.346
2026-09-01 20:55:00,2441.71,2443.0,2438.85,2442.99,11555.148
2026-09-01 21:00:00,2443.0,2451.21,2440.94,2446.94,48799.561
2026-09-01 21:05:00,2446.94,2455.74,2446.52,2451.83,45813.947
2026-09-01 21:10:00,2451.83,2454.96,2448.96,2449.84,32557.798
2026-09-01 21:15:00,2449.85,2453.5,2445.2,2446.66,22031.008
2026-09-01 21:20:00,2446.65,2449.44,2445.35,2448.64,7252.9
2026-09-01 21:25:00,2448.63,2453.96,2448.63,2450.0,20794.656
2026-09-01 21:30:00,2450.0,2453.62,2448.68,2453.0,12458.457
2026-09-01 21:35:00,2453.01,2454.74,2451.56,2452.49,8110.443
2026-09-01 21:40:00,2452.5,2453.89,2450.07,2453.87,14627.694
2026-09-01 21:45:00,2453.88,2456.49,2452.48,2452.49,13226.116
2026-09-01 21:50:00,2452.49,2453.33,2449.46,2450.88,7876.019
2026-09-01 21:55:00,2450.89,2451.13,2445.9,2448.24,11194.548
2026-09-01 22:00:00,2448.23,2448.49,2435.96,2439.0,39646.839
2026-09-01 22:05:00,2438.99,2440.19,2432.68,2434.9,24638.678
2026-09-01 22:10:00,2434.89,2438.09,2433.99,2436.52,13579.172
2026-09-01 22:15:00,2436.52,2439.02,2434.13,2436.67,14650.703
2026-09-01 22:20:00,2436.67,2439.8,2436.4,2439.64,9318.025
2026-09-01 22:25:00,2439.64,2442.38,2437.82,2442.37,7810.343
2026-09-01 22:30:00,2442.37,2445.42,2440.03,2444.42,7832.625
2026-09-01 22:35:00,2444.41,2446.21,2443.26,2443.44,5977.575
2026-09-01 22:40:00,2443.45,2448.86,2443.44,2447.95,8316.321
2026-09-01 22:45:00,2447.94,2450.72,2446.87,2450.13,11622.674
2026-09-01 22:50:00,2450.12,2453.84,2449.19,2450.0,16208.713
2026-09-01 22:55:00,2449.99,2451.4,2447.38,2447.9,7102.249
2026-09-01 23:00:00,2447.9,2448.64,2442.4,2444.88,26195.738
2026-09-01 23:05:00,2444.87,2447.04,2438.15,2439.41,15864.464
2026-09-01 23:10:00,2439.42,2440.68,2432.05,2433.43,24039.317
2026-09-01 23:15:00,2433.42,2437.7,2431.57,2431.92,23171.642
2026-09-01 23:20:00,2431.92,2432.39,2423.25,2428.29,40337.083
2026-09-01 23:25:00,2428.28,2433.98,2427.91,2432.48,15295.988
2026-09-01 23:30:00,2432.47,2432.85,2427.09,2428.42,12379.386
2026-09-01 23:35:00,2428.43,2432.39,2416.41,2432.21,61050.569
2026-09-01 23:40:00,2432.2,2434.5,2426.7,2428.19,16884.895
2026-09-01 23:45:00,2428.19,2431.9,2427.02,2431.0,9680.903
2026-09-01 23:50:00,2430.99,2433.92,2430.13,2433.73,7998.983
2026-09-01 23:55:00,2433.74,2434.46,2431.6,2431.68,6666.564
2026-09-02 00:00:00,2431.68,2433.85,2430.52,2430.87,6105.446
2026-09-02 00:05:00,2430.87,2432.9,2429.74,2432.9,6709.667
2026-09-02 00:10:00,2432.9,2433.5,2431.55,2431.82,15752.908
2026-09-02 00:15:00,2431.82,2433.12,2426.95,2432.36,10405.409
2026-09-02 00:20:00,2432.36,2436.0,2431.94,2434.34,12631.229
2026-09-02 00:25:00,2434.34,2434.67,2430.49,2432.07,7230.744
2026-09-02 00:30:00,2432.07,2438.68,2431.25,2436.31,9519.74
2026-09-02 00:35:00,2436.31,2436.74,2433.26,2433.76,5621.129
2026-09-02 00:40:00,2433.76,2436.0,2432.01,2432.35,5385.668
2026-09-02 00:45:00,2432.35,2432.35,2423.5,2427.04,31649.805
2026-09-02 00:50:00,2427.05,2428.24,2420.01,2421.85,22074.9
2026-09-02 00:55:00,2421.85,2423.04,2413.77,2417.3,39880.592
2026-09-02 01:00:00,2417.3,2421.04,2413.36,2415.53,55376.481
2026-09-02 01:05:00,2415.53,2415.95,2406.0,2409.19,68935.488
2026-09-02 01:10:00,2409.2,2416.16,2408.18,2415.69,24614.033
2026-09-02 01:15:00,2415.7,2417.27,2410.68,2412.72,17781.011
2026-09-02 01:20:00,2412.73,2415.92,2411.7,2415.51,8845.326
2026-09-02 01:25:00,2415.51,2415.51,2400.37,2413.33,54147.495
2026-09-02 01:30:00,2413.33,2416.11,2407.09,2408.28,26398.078
2026-09-02 01:35:00,2408.27,2408.84,2386.8,2393.2,98046.12
2026-09-02 01:40:00,2393.19,2395.99,2387.79,2388.46,29776.691
2026-09-02 01:45:00,2388.45,2397.62,2381.7,2397.18,63024.844
2026-09-02 01:50:00,2397.19,2408.74,2396.77,2405.22,50917.264
2026-09-02 01:55:00,2405.21,2412.68,2403.71,2411.8,34461.917
2026-09-02 02:00:00,2411.79,2419.19,2411.07,2418.8,44806.264
2026-09-02 02:05:00,2418.81,2419.33,2412.24,2413.77,14952.236
2026-09-02 02:10:00,2413.78,2415.93,2413.63,2414.24,9863.77
2026-09-02 02:15:00,2414.25,2420.76,2411.16,2414.95,31187.139
2026-09-02 02:20:00,2414.95,2423.58,2414.52,2418.73,18027.794
2026-09-02 02:25:00,2418.72,2423.62,2418.19,2419.51,12834.135
2026-09-02 02:30:00,2419.51,2420.99,2417.88,2418.15,7466.837
2026-09-02 02:35:00,2418.16,2419.33,2415.66,2415.66,5362.108
2026-09-02 02:40:00,2415.66,2417.94,2415.46,2416.34,4677.925
2026-09-02 02:45:00,2416.33,2417.65,2414.3,2415.8,7536.338
2026-09-02 02:50:00,2415.79,2415.79,2411.7,2412.42,7670.019
2026-09-02 02:55:00,2412.42,2418.24,2412.42,2417.99,11027.149
2026-09-02 03:00:00,2417.98,2418.56,2412.58,2414.77,9103.969
2026-09-02 03:05:00,2414.78,2418.22,2411.88,2412.64,6916.56
2026-09-02 03:10:00,2412.64,2419.5,2412.64,2419.2,7631.337
2026-09-02 03:15:00,2419.21,2420.01,2415.25,2419.91,7178.21
2026-09-02 03:20:00,2419.9,2421.25,2417.67,2417.89,7349.692
2026-09-02 03:25:00,2417.89,2419.18,2415.67,2419.18,7025.731
2026-09-02 03:30:00,2419.19,2420.12,2418.21,2419.25,4026.253
2026-09-02 03:35:00,2419.25,2421.83,2418.34,2420.76,11212.651
2026-09-02 03:40:00,2420.76,2420.76,2417.0,2418.14,3010.002
2026-09-02 03:45:00,2418.14,2418.33,2415.49,2415.79,2873.933
2026-09-02 03:50:00,2415.79,2419.24,2415.4,2419.02,3547.93
2026-09-02 03:55:00,2419.02,2420.64,2418.58,2420.23,4505.447
2026-09-02 04:00:00,2420.24,2422.46,2416.69,2417.68,9789.298
2026-09-02 04:05:00,2417.68,2417.79,2413.01,2413.01,12572.021
2026-09-02 04:10:00,2413.01,2413.02,2403.57,2407.48,26075.135
2026-09-02 04:15:00,2407.49,2408.45,2398.13,2404.6,32900.663
2026-09-02 04:20:00,2404.6,2415.3,2404.57,2414.73,19375.875
2026-09-02 04:25:00,2414.73,2416.37,2411.88,2413.59,5282.291
2026-09-02 04:30:00,2413.6,2413.6,2406.25,2406.86,13822.514
2026-09-02 04:35:00,2406.86,2411.52,2406.64,2411.52,5417.695
2026-09-02 04:40:00,2411.52,2412.17,2409.5,2411.36,5831.899
2026-09-02 04:45:00,2411.35,2413.9,2411.17,2413.9,4862.376
2026-09-02 04:50:00,2413.9,2416.2,2413.33,2415.09,4675.117
2026-09-02 04:55:00,2415.09,2416.65,2413.16,2414.27,4418.229
2026-09-02 05:00:00,2414.27,2417.69,2412.74,2415.62,7235.912
2026-09-02 05:05:00,2415.63,2416.09,2412.43,2415.53,3799.064
2026-09-02 05:10:00,2415.54,2416.5,2415.0,2415.25,1879.74
2026-09-02 05:15:00,2415.26,2415.26,2412.57,2413.5,5571.626
2026-09-02 05:20:00,2413.5,2413.78,2408.21,2409.09,12274.232
2026-09-02 05:25:00,2409.08,2410.24,2405.32,2406.15,7746.544
2026-09-02 05:30:00,2406.15,2408.26,2404.08,2406.35,9242.936
2026-09-02 05:35:00,2406.36,2408.8,2406.29,2406.3,7160.239
2026-09-02 05:40:00,2406.29,2406.94,2404.22,2406.57,8573.994
2026-09-02 05:45:00,2406.58,2413.64,2406.58,2413.63,5590.842
2026-09-02 05:50:00,2413.64,2414.7,2411.75,2411.75,7921.245
2026-09-02 05:55:00,2411.75,2413.14,2411.66,2411.85,3568.675
2026-09-02 06:00:00,2411.85,2412.89,2409.66,2409.71,5085.905
2026-09-02 06:05:00,2409.72,2413.73,2409.49,2413.09,3691.936
2026-09-02 06:10:00,2413.09,2413.24,2411.46,2411.82,2367.826
2026-09-02 06:15:00,2411.83,2413.91,2411.71,2413.91,2477.836
2026-09-02 06:20:00,2413.91,2413.93,2411.5,2413.38,3868.256
2026-09-02 06:25:00,2413.39,2416.14,2412.59,2416.13,5197.827
2026-09-02 06:30:00,2416.14,2419.5,2415.34,2418.75,8059.322
2026-09-02 06:35:00,2418.74,2427.0,2418.29,2422.0,28920.124
2026-09-02 06:40:00,2422.0,2424.24,2421.91,2422.09,7480.194
2026-09-02 06:45:00,2422.1,2424.47,2420.79,2422.78,6252.574
2026-09-02 06:50:00,2422.78,2423.63,2415.71,2418.23,22110.674
2026-09-02 06:55:00,2418.23,2418.23,2417.35,2417.46,2967.99
2026-09-02 07:00:00,2417.45,2419.95,2415.68,2417.09,6589.089
2026-09-02 07:05:00,2417.09,2419.28,2417.08,2418.42,4006.397
2026-09-02 07:10:00,2418.42,2419.21,2417.08,2419.07,2479.819
2026-09-02 07:15:00,2419.08,2421.09,2418.47,2418.69,4686.074
2026-09-02 07:20:00,2418.69,2419.86,2415.62,2417.42,6585.619
2026-09-02 07:25:00,2417.43,2417.5,2407.41,2411.02,17066.615
2026-09-02 07:30:00,2411.01,2414.44,2408.63,2410.75,10175.342
2026-09-02 07:35:00,2410.74,2412.48,2406.08,2408.36,8981.866
2026-09-02 07:40:00,2408.36,2410.1,2404.44,2407.96,21913.861
2026-09-02 07:45:00,2407.96,2409.66,2407.91,2409.59,5566.61
2026-09-02 07:50:00,2409.58,2409.58,2405.38,2406.7,6979.447
2026-09-02 07:55:00,2406.71,2410.64,2406.64,2407.68,4109.69
2026-09-02 08:00:00,2407.68,2409.3,2406.75,2407.83,5323.926
2026-09-02 08:05:00,2407.82,2408.58,2405.81,2408.58,4718.708
2026-09-02 08:10:00,2408.58,2413.96,2408.58,2411.98,8969.949
2026-09-02 08:15:00,2411.97,2413.59,2409.0,2412.49,6048.242
2026-09-02 08:20:00,2412.5,2413.98,2410.15,2413.79,3521.304
2026-09-02 08:25:00,2413.79,2413.84,2407.76,2407.9,5016.605
2026-09-02 08:30:00,2407.9,2410.5,2404.0,2404.99,10588.328
2026-09-02 08:35:00,2404.99,2405.0,2399.65,2399.66,15863.172
2026-09-02 08:40:00,2399.66,2400.24,2386.63,2394.04,53510.624
2026-09-02 08:45:00,2394.05,2397.14,2388.61,2391.14,29682.689
2026-09-02 08:50:00,2391.14,2391.85,2384.37,2390.5,31781.899
2026-09-02 08:55:00,2390.5,2399.84,2390.0,2398.01,17310.738
2026-09-02 09:00:00,2398.0,2399.87,2394.96,2395.37,10450.418
2026-09-02 09:05:00,2395.37,2405.0,2393.59,2399.06,20234.791
2026-09-02 09:10:00,2399.07,2403.89,2398.46,2400.85,9972.548
2026-09-02 09:15:00,2400.85,2405.0,2400.28,2403.41,9785.684
2026-09-02 09:20:00,2403.41,2406.98,2403.26,2406.82,11643.268
2026-09-02 09:25:00,2406.82,2410.22,2404.68,2408.88,24993.826
2026-09-02 09:30:00,2408.89,2408.95,2405.16,2408.24,9607.604
2026-09-02 09:35:00,2408.25,2409.96,2405.72,2406.35,8412.988
2026-09-02 09:40:00,2406.35,2407.27,2403.6,2405.95,7106.838
2026-09-02 09:45:00,2405.95,2406.87,2405.18,2406.87,2747.297
2026-09-02 09:50:00,2406.86,2407.42,2405.1,2406.73,2724.137
2026-09-02 09:55:00,2406.73,2408.96,2406.5,2408.96,7289.261
2026-09-02 10:00:00,2408.96,2411.43,2407.6,2410.66,8345.446
2026-09-02 10:05:00,2410.67,2413.85,2408.84,2411.05,11106.178
2026-09-02 10:10:00,2411.05,2419.52,2411.05,2414.74,17933.674
2026-09-02 10:15:00,2414.75,2418.82,2412.69,2415.14,9983.019
2026-09-02 10:20:00,2415.14,2418.61,2415.14,2416.76,7107.803
2026-09-02 10:25:00,2416.77,2423.61,2416.55,2418.86,29080.616
2026-09-02 10:30:00,2418.86,2419.63,2414.97,2415.77,9091.452
2026-09-02 10:35:00,2415.76,2418.59,2414.05,2418.58,7936.983
2026-09-02 10:40:00,2418.58,2418.66,2412.82,2413.8,7070.057
2026-09-02 10:45:00,2413.79,2416.29,2413.66,2415.89,5657.186
2026-09-02 10:50:00,2415.89,2415.9,2412.28,2413.63,5944.05
2026-09-02 10:55:00,2413.63,2413.9,2411.0,2413.34,5119.43
2026-09-02 11:00:00,2413.34,2414.38,2410.97,2413.6,5942.34
2026-09-02 11:05:00,2413.59,2413.93,2407.06,2408.23,9915.016
2026-09-02 11:10:00,2408.23,2408.41,2405.25,2407.3,10426.135
2026-09-02 11:15:00,2407.31,2409.31,2404.3,2409.26,9668.713
2026-09-02 11:20:00,2409.26,2411.17,2408.58,2411.1,5575.081
2026-09-02 11:25:00,2411.09,2412.26,2409.9,2411.54,5279.566
2026-09-02 11:30:00,2411.55,2414.76,2410.91,2414.33,9569.566
2026-09-02 11:35:00,2414.34,2414.99,2412.85,2414.91,3729.666
2026-09-02 11:40:00,2414.91,2415.42,2413.25,2414.79,2480.458
2026-09-02 11:45:00,2414.79,2415.34,2413.93,2414.8,2318.476
2026-09-02 11:50:00,2414.81,2415.16,2413.34,2413.77,3059.649
2026-09-02 11:55:00,2413.76,2415.01,2413.29,2414.15,4948.491
2026-09-02 12:00:00,2414.15,2415.23,2410.6,2410.67,4940.222
2026-09-02 12:05:00,2410.67,2411.18,2408.31,2409.68,6820.876
2026-09-02 12:10:00,2409.69,2414.28,2409.68,2414.12,5430.299
2026-09-02 12:15:00,2414.13,2421.46,2413.92,2417.4,22075.154
2026-09-02 12:20:00,2417.41,2420.72,2417.41,2420.34,9878.826
2026-09-02 12:25:00,2420.34,2422.72,2418.42,2421.32,7619.114
2026-09-02 12:30:00,2421.31,2422.08,2418.34,2418.57,7019.069
2026-09-02 12:35:00,2418.57,2420.29,2418.52,2419.19,2454.398
2026-09-02 12:40:00,2419.2,2421.49,2418.74,2419.76,4426.01
2026-09-02 12:45:00,2419.76,2424.97,2419.68,2422.51,10857.085
2026-09-02 12:50:00,2422.51,2422.93,2420.85,2421.72,5421.351
2026-09-02 12:55:00,2421.72,2422.28,2419.25,2421.31,7220.125
2026-09-02 13:00:00,2421.31,2423.8,2419.14,2420.32,10254.987
2026-09-02 13:05:00,2420.32,2421.58,2417.88,2419.36,11442.482
2026-09-02 13:10:00,2419.37,2421.48,2417.24,2417.45,6423.938
2026-09-02 13:15:00,2417.45,2418.88,2415.08,2415.25,6058.455
2026-09-02 13:20:00,2415.25,2417.33,2415.25,2417.33,4296.531
2026-09-02 13:25:00,2417.33,2421.47,2417.1,2417.1,8955.934
2026-09-02 13:30:00,2417.11,2417.19,2413.81,2416.74,14156.899
2026-09-02 13:35:00,2416.73,2419.39,2415.72,2419.39,3219.616
2026-09-02 13:40:00,2419.39,2424.56,2419.38,2421.49,10933.132
2026-09-02 13:45:00,2421.49,2421.8,2419.66,2419.66,3794.3
2026-09-02 13:50:00,2419.67,2420.7,2417.06,2417.36,3389.506
2026-09-02 13:55:00,2417.35,2419.69,2415.2,2419.55,5542.574
2026-09-02 14:00:00,2419.56,2421.27,2419.2,2419.94,3782.736
2026-09-02 14:05:00,2419.95,2421.15,2419.67,2421.15,2224.031
2026-09-02 14:10:00,2421.16,2429.33,2421.16,2425.39,25224.114
2026-09-02 14:15:00,2425.39,2425.39,2422.08,2422.67,5124.743
2026-09-02 14:20:00,2422.66,2424.74,2421.32,2421.63,3457.913
2026-09-02 14:25:00,2421.63,2421.96,2420.04,2420.72,2239.952
2026-09-02 14:30:00,2420.73,2422.54,2419.84,2420.99,2821.055
2026-09-02 14:35:00,2421.0,2422.0,2420.47,2421.84,2001.034
2026-09-02 14:40:00,2421.84,2423.11,2420.37,2420.37,2724.877
2026-09-02 14:45:00,2420.36,2421.72,2419.62,2420.15,3503.386
2026-09-02 14:50:00,2420.15,2421.42,2417.46,2418.68,9441.694
2026-09-02 14:55:00,2418.68,2420.0,2416.2,2416.65,8135.88
2026-09-02 15:00:00,2416.65,2418.06,2413.31,2418.06,6448.862
2026-09-02 15:05:00,2418.07,2419.49,2417.04,2418.0,5180.783
2026-09-02 15:10:00,2418.0,2418.71,2414.99,2416.38,4862.905
2026-09-02 15:15:00,2416.38,2418.0,2414.5,2414.5,3649.58
2026-09-02 15:20:00,2414.5,2414.5,2412.18,2413.52,5929.409
2026-09-02 15:25:00,2413.52,2415.0,2412.8,2412.8,2943.274
2026-09-02 15:30:00,2412.81,2412.81,2403.32,2405.99,23983.062
2026-09-02 15:35:00,2406.0,2407.31,2402.45,2404.32,13509.831
2026-09-02 15:40:00,2404.32,2404.32,2393.29,2394.65,45465.823
2026-09-02 15:45:00,2394.65,2399.33,2389.31,2393.38,44616.561
2026-09-02 15:50:00,2393.38,2394.11,2389.61,2390.92,18989.118
2026-09-02 15:55:00,2390.92,2393.57,2388.46,2392.11,18569.881
2026-09-02 16:00:00,2392.11,2399.16,2391.74,2396.74,30939.324
2026-09-02 16:05:00,2396.75,2398.89,2396.43,2397.83,11261.373
2026-09-02 16:10:00,2397.83,2397.83,2394.2,2394.55,8193.21
2026-09-02 16:15:00,2394.55,2394.9,2387.14,2390.78,28002.374
2026-09-02 16:20:00,2390.78,2392.32,2373.95,2382.31,88473.087
2026-09-02 16:25:00,2382.31,2387.24,2381.5,2387.24,26080.452
2026-09-02 16:30:00,2387.23,2387.76,2367.2,2374.53,101446.21
2026-09-02 16:35:00,2374.54,2375.04,2368.15,2371.18,27538.064
2026-09-02 16:40:00,2371.19,2373.29,2366.7,2368.55,22668.517
2026-09-02 16:45:00,2368.54,2376.34,2365.36,2371.81,39934.218
2026-09-02 16:50:00,2371.81,2376.09,2371.69,2372.88,18943.689
2026-09-02 16:55:00,2372.88,2376.0,2372.0,2375.43,7634.434
2026-09-02 17:00:00,2375.44,2375.98,2370.39,2370.84,14707.51
2026-09-02 17:05:00,2370.84,2372.64,2369.16,2370.64,11603.117
2026-09-02 17:10:00,2370.65,2372.13,2368.55,2372.1,8007.548
2026-09-02 17:15:00,2372.1,2374.98,2370.51,2374.61,8534.83
2026-09-02 17:20:00,2374.61,2374.91,2371.31,2371.36,12936.131
2026-09-02 17:25:00,2371.36,2371.95,2368.15,2368.8,8834.72
2026-09-02 17:30:00,2368.79,2369.63,2357.77,2362.74,62335.129
2026-09-02 17:35:00,2362.74,2366.79,2361.0,2361.58,16700.377
2026-09-02 17:40:00,2361.58,2365.24,2360.2,2365.01,11516.202
2026-09-02 17:45:00,2365.01,2365.01,2355.12,2360.25,24522.473
2026-09-02 17:50:00,2360.24,2367.12,2355.2,2364.79,42305.204
2026-09-02 17:55:00,2364.79,2372.17,2364.78,2371.5,35073.452
2026-09-02 18:00:00,2371.51,2374.29,2367.0,2367.24,24243.935
2026-09-02 18:05:00,2367.25,2376.01,2366.05,2374.4,16155.818
2026-09-02 18:10:00,2374.4,2376.18,2371.34,2375.42,16986.037
2026-09-02 18:15:00,2375.42,2376.52,2370.78,2371.16,17173.743
2026-09-02 18:20:00,2371.16,2371.71,2368.1,2369.51,13279.843
2026-09-02 18:25:00,2369.5,2373.6,2368.38,2373.38,8277.288
2026-09-02 18:30:00,2373.38,2378.0,2372.44,2377.83,10755.001
2026-09-02 18:35:00,2377.83,2382.25,2377.43,2379.47,25932.12
2026-09-02 18:40:00,2379.48,2380.42,2376.02,2376.92,11081.509
2026-09-02 18:45:00,2376.93,2378.69,2375.06,2377.06,7364.684
2026-09-02 18:50:00,2377.05,2379.0,2376.42,2377.63,4446.954
2026-09-02 18:55:00,2377.64,2381.36,2377.64,2380.58,8924.214
2026-09-02 19:00:00,2380.59,2381.12,2376.49,2377.45,10784.205
2026-09-02 19:05:00,2377.45,2380.48,2376.91,2378.26,7305.822
2026-09-02 19:10:00,2378.26,2382.25,2377.95,2381.43,11319.907
2026-09-02 19:15:00,2381.43,2386.63,2378.45,2383.81,32925.89
2026-09-02 19:20:00,2383.8,2389.45,2382.06,2385.71,27561.484
2026-09-02 19:25:00,2385.72,2387.32,2384.9,2385.29,11118.962
2026-09-02 19:30:00,2385.28,2385.99,2381.82,2383.37,11167.78
2026-09-02 19:35:00,2383.37,2384.06,2378.71,2380.97,11863.723
2026-09-02 19:40:00,2380.98,2382.14,2380.18,2381.25,6820.856
2026-09-02 19:45:00,2381.25,2381.25,2376.87,2378.67,11318.565
2026-09-02 19:50:00,2378.66,2378.98,2376.2,2377.1,12878.241
2026-09-02 19:55:00,2377.09,2377.59,2375.78,2376.55,12298.875
2026-09-02 20:00:00,2376.55,2383.94,2376.55,2382.27,15815.394
2026-09-02 20:05:00,2382.26,2384.57,2380.74,2381.99,10947.574
2026-09-02 20:10:00,2381.99,2383.0,2380.56,2380.57,4166.789
2026-09-02 20:15:00,2380.56,2385.77,2380.56,2384.93,9792.045
2026-09-02 20:20:00,2384.94,2386.01,2383.01,2386.01,9682.941
2026-09-02 20:25:00,2386.0,2389.0,2383.86,2386.91,13910.248
2026-09-02 20:30:00,2386.9,2387.58,2382.34,2384.54,15106.895
2026-09-02 20:35:00,2384.55,2384.63,2378.58,2381.81,11670.601
2026-09-02 20:40:00,2381.82,2416.57,2381.22,2416.12,131503.412
2026-09-02 20:45:00,2416.13,2419.2,2400.84,2402.22,101620.541
2026-09-02 20:50:00,2402.21,2408.23,2399.02,2401.4,41611.78
2026-09-02 20:55:00,2401.4,2402.3,2396.3,2402.3,23791.665
2026-09-02 21:00:00,2402.3,2403.54,2393.22,2399.22,25515.097
2026-09-02 21:05:00,2399.21,2407.48,2397.62,2402.49,20862.523
2026-09-02 21:10:00,2402.5,2405.91,2401.19,2405.72,12549.977
2026-09-02 21:15:00,2405.72,2407.8,2401.93,2404.99,10467.282
2026-09-02 21:20:00,2405.0,2410.2,2401.57,2401.65,15646.011
2026-09-02 21:25:00,2401.64,2404.25,2399.73,2403.24,9720.031
2026-09-02 21:30:00,2403.23,2403.35,2391.65,2396.97,23016.588
2026-09-02 21:35:00,2396.97,2397.8,2394.52,2396.76,7076.186
2026-09-02 21:40:00,2396.75,2403.72,2396.75,2402.82,10133.182
2026-09-02 21:45:00,2402.83,2403.76,2398.59,2400.4,6569.246
2026-09-02 21:50:00,2400.39,2400.49,2394.18,2395.56,9287.947
2026-09-02 21:55:00,2395.55,2398.0,2392.57,2393.39,18735.472
2026-09-02 22:00:00,2393.4,2396.75,2383.22,2392.28,60646.94
2026-09-02 22:05:00,2392.28,2395.79,2381.06,2384.44,24804.176
2026-09-02 22:10:00,2384.43,2384.6,2378.0,2384.0,32185.2
2026-09-02 22:15:00,2384.0,2392.85,2383.24,2390.7,24342.339
2026-09-02 22:20:00,2390.7,2391.99,2383.39,2385.1,13920.741
2026-09-02 22:25:00,2385.1,2390.15,2384.41,2387.6,9145.319
2026-09-02 22:30:00,2387.6,2395.55,2384.11,2394.34,26340.663
2026-09-02 22:35:00,2394.35,2395.89,2389.46,2389.92,12737.816
2026-09-02 22:40:00,2389.92,2398.6,2386.8,2396.52,44557.304
2026-09-02 22:45:00,2396.53,2396.82,2386.51,2387.45,15092.583
2026-09-02 22:50:00,2387.44,2388.0,2382.6,2385.67,13373.577
2026-09-02 22:55:00,2385.68,2390.4,2385.68,2390.15,8517.392
2026-09-02 23:00:00,2390.16,2390.45,2386.2,2390.08,14457.33
2026-09-02 23:05:00,2390.09,2392.76,2386.47,2392.2,12621.429
2026-09-02 23:10:00,2392.19,2396.0,2391.58,2393.33,25902.894
2026-09-02 23:15:00,2393.34,2398.17,2391.73,2397.93,19845.209
2026-09-02 23:20:00,2397.93,2404.39,2395.65,2403.23,25685.677
2026-09-02 23:25:00,2403.23,2403.51,2395.78,2397.46,20796.637
2026-09-02 23:30:00,2397.45,2401.89,2397.28,2399.96,7325.929
2026-09-02 23:35:00,2399.96,2399.96,2392.44,2394.01,34346.806
2026-09-02 23:40:00,2394.0,2394.01,2387.36,2387.37,20364.455
2026-09-02 23:45:00,2387.37,2391.0,2387.08,2389.43,13315.874
2026-09-02 23:50:00,2389.44,2389.44,2386.87,2387.2,7809.212
2026-09-02 23:55:00,2387.19,2388.3,2383.41,2385.27,27786.435
2026-09-03 00:00:00,2385.28,2387.2,2378.68,2381.4,48920.475
2026-09-03 00:05:00,2381.4,2383.0,2373.81,2376.45,35644.696
2026-09-03 00:10:00,2376.46,2381.1,2375.21,2379.11,15674.806
2026-09-03 00:15:00,2379.12,2380.45,2373.01,2375.06,15083.23
2026-09-03 00:20:00,2375.06,2377.86,2371.06,2376.0,14519.353
2026-09-03 00:25:00,2376.01,2378.74,2374.99,2378.73,6408.515
2026-09-03 00:30:00,2378.73,2384.16,2377.43,2383.14,9778.81
2026-09-03 00:35:00,2383.14,2385.32,2381.91,2383.2,7785.135
2026-09-03 00:40:00,2383.2,2388.45,2382.41,2388.45,7817.504
2026-09-03 00:45:00,2388.45,2393.34,2388.45,2391.95,18510.854
2026-09-03 00:50:00,2391.95,2393.03,2391.0,2391.32,6091.367
2026-09-03 00:55:00,2391.32,2392.98,2389.94,2392.58,4902.615
2026-09-03 01:00:00,2392.59,2394.09,2390.47,2392.46,6710.752
2026-09-03 01:05:00,2392.47,2395.84,2390.71,2395.05,9381.242
2026-09-03 01:10:00,2395.05,2396.03,2392.42,2394.53,7051.953
2026-09-03 01:15:00,2394.53,2398.97,2393.16,2395.23,15385.127
2026-09-03 01:20:00,2395.22,2396.81,2392.82,2395.44,8162.108
2026-09-03 01:25:00,2395.44,2397.49,2394.53,2395.46,4905.174
2026-09-03 01:30:00,2395.47,2396.81,2393.84,2394.61,6698.894
2026-09-03 01:35:00,2394.6,2395.32,2390.91,2390.91,10667.887
2026-09-03 01:40:00,2390.91,2392.82,2390.11,2391.17,5465.248
2026-09-03 01:45:00,2391.17,2394.84,2389.2,2394.2,4113.786
2026-09-03 01:50:00,2394.21,2394.72,2391.64,2393.66,5763.212
2026-09-03 01:55:00,2393.66,2394.76,2392.6,2394.05,2350.623
2026-09-03 02:00:00,2394.04,2394.71,2392.42,2394.14,4354.33
2026-09-03 02:05:00,2394.13,2395.68,2393.25,2395.54,2414.786
2026-09-03 02:10:00,2395.54,2395.88,2392.97,2395.01,4469.579
2026-09-03 02:15:00,2395.01,2395.82,2390.64,2391.99,3713.754
2026-09-03 02:20:00,2391.99,2392.44,2389.95,2390.44,4743.932
2026-09-03 02:25:00,2390.44,2390.83,2385.26,2385.77,8112.897
2026-09-03 02:30:00,2385.77,2386.2,2382.86,2383.17,15466.196
2026-09-03 02:35:00,2383.17,2384.62,2382.23,2384.62,7334.697
2026-09-03 02:40:00,2384.62,2387.23,2384.42,2385.81,3963.029
2026-09-03 02:45:00,2385.8,2387.71,2385.27,2386.36,2763.757
2026-09-03 02:50:00,2386.36,2388.91,2385.55,2386.56,6978.935
2026-09-03 02:55:00,2386.57,2392.31,2385.0,2392.15,10453.873
2026-09-03 03:00:00,2392.15,2396.92,2390.17,2396.49,13626.926
2026-09-03 03:05:00,2396.49,2399.0,2393.84,2393.84,9850.444
2026-09-03 03:10:00,2393.84,2394.5,2389.69,2392.06,5012.002
2026-09-03 03:15:00,2392.06,2392.06,2385.66,2388.12,6906.895
2026-09-03 03:20:00,2388.12,2396.26,2388.11,2395.03,8769.677
2026-09-03 03:25:00,2395.04,2395.04,2390.55,2390.55,2146.742
2026-09-03 03:30:00,2390.55,2394.25,2390.16,2394.14,4705.881
2026-09-03 03:35:00,2394.13,2394.71,2392.16,2393.07,3943.006
2026-09-03 03:40:00,2393.07,2393.07,2389.09,2389.75,4310.65
2026-09-03 03:45:00,2389.74,2392.2,2387.63,2390.4,3611.171
2026-09-03 03:50:00,2390.41,2394.57,2390.4,2391.77,3117.335
2026-09-03 03:55:00,2391.78,2393.95,2390.4,2392.65,2820.645
2026-09-03 04:00:00,2392.64,2392.65,2390.71,2391.35,1898.249
2026-09-03 04:05:00,2391.35,2392.63,2390.16,2390.84,3296.978
2026-09-03 04:10:00,2390.85,2393.77,2390.84,2391.71,2135.591
2026-09-03 04:15:00,2391.72,2392.2,2389.61,2390.85,2049.628
2026-09-03 04:20:00,2390.85,2392.2,2390.84,2392.1,1349.596
2026-09-03 04:25:00,2392.1,2392.1,2390.0,2390.0,1637.69
2026-09-03 04:30:00,2390.01,2390.67,2388.18,2388.49,3282.003
2026-09-03 04:35:00,2388.49,2393.29,2388.34,2392.91,2169.642
2026-09-03 04:40:00,2392.9,2394.37,2391.94,2393.15,3906.946
2026-09-03 04:45:00,2393.15,2393.15,2389.5,2389.5,3066.904
2026-09-03 04:50:00,2389.51,2391.58,2389.07,2390.44,2066.472
2026-09-03 04:55:00,2390.43,2391.89,2389.14,2389.18,1518.213
2026-09-03 05:00:00,2389.18,2389.18,2385.55,2385.87,5874.338
2026-09-03 05:05:00,2385.87,2385.87,2382.5,2382.5,6964.676
2026-09-03 05:10:00,2382.5,2384.9,2380.65,2383.83,5942.01
2026-09-03 05:15:00,2383.84,2385.0,2381.87,2382.68,3653.009
2026-09-03 05:20:00,2382.67,2382.67,2380.07,2381.33,4668.062
2026-09-03 05:25:00,2381.33,2381.5,2377.12,2377.92,14851.509
2026-09-03 05:30:00,2377.92,2380.2,2377.89,2380.13,6546.901
2026-09-03 05:35:00,2380.13,2384.33,2379.71,2382.85,8386.995
2026-09-03 05:40:00,2382.84,2384.52,2382.24,2382.28,6074.979
2026-09-03 05:45:00,2382.29,2382.83,2379.75,2380.47,2937.08
2026-09-03 05:50:00,2380.46,2381.15,2378.68,2379.22,4361.013
2026-09-03 05:55:00,2379.22,2379.45,2378.38,2378.79,3154.568
2026-09-03 06:00:00,2378.79,2382.86,2376.26,2382.56,6955.874
2026-09-03 06:05:00,2382.56,2385.34,2382.56,2384.88,5846.447
2026-09-03 06:10:00,2384.88,2386.02,2384.61,2386.0,2657.811
2026-09-03 06:15:00,2386.01,2386.04,2382.52,2383.43,5074.833
2026-09-03 06:20:00,2383.43,2383.89,2382.72,2383.21,1599.435
2026-09-03 06:25:00,2383.22,2385.16,2382.23,2385.15,2102.356
2026-09-03 06:30:00,2385.15,2387.67,2383.0,2383.29,4393.074
2026-09-03 06:35:00,2383.29,2383.93,2382.74,2383.04,2134.045
2026-09-03 06:40:00,2383.04,2383.39,2382.23,2383.38,964.484
2026-09-03 06:45:00,2383.39,2386.85,2383.39,2386.76,1886.13
2026-09-03 06:50:00,2386.76,2391.65,2386.75,2388.78,11109.316
2026-09-03 06:55:00,2388.79,2392.86,2388.7,2390.91,7287.518
2026-09-03 07:00:00,2390.91,2394.98,2390.19,2393.18,13516.39
2026-09-03 07:05:00,2393.18,2393.34,2387.01,2388.16,6597.42
2026-09-03 07:10:00,2388.16,2389.92,2386.64,2386.64,6947.484
2026-09-03 07:15:00,2386.64,2386.65,2384.23,2385.7,7074.706
2026-09-03 07:20:00,2385.69,2385.7,2382.01,2384.61,7836.206
2026-09-03 07:25:00,2384.61,2384.61,2379.8,2379.95,9191.001
2026-09-03 07:30:00,2379.95,2380.99,2378.12,2379.71,9367.502
2026-09-03 07:35:00,2379.71,2384.26,2378.62,2383.38,6178.264
2026-09-03 07:40:00,2383.38,2384.8,2382.08,2383.02,3579.607
2026-09-03 07:45:00,2383.03,2383.9,2381.51,2381.52,1903.931
2026-09-03 07:50:00,2381.52,2382.58,2379.43,2380.55,4347.52
2026-09-03 07:55:00,2380.56,2382.09,2378.45,2378.66,8087.686
2026-09-03 08:00:00,2378.66,2379.92,2367.85,2375.99,49796.647
2026-09-03 08:05:00,2376.0,2387.01,2376.0,2384.5,19428.856
2026-09-03 08:10:00,2384.51,2390.75,2383.09,2389.79,19245.84
2026-09-03 08:15:00,2389.78,2390.01,2385.81,2385.81,14507.37
2026-09-03 08:20:00,2385.81,2390.88,2385.16,2388.64,10305.47
2026-09-03 08:25:00,2388.64,2391.71,2387.59,2391.7,6444.802
2026-09-03 08:30:00,2391.7,2393.56,2389.92,2392.86,14922.219
2026-09-03 08:35:00,2392.85,2393.84,2386.13,2390.43,10768.805
2026-09-03 08:40:00,2390.43,2393.15,2388.0,2388.1,6705.933
2026-09-03 08:45:00,2388.1,2388.1,2384.63,2385.12,6813.928
2026-09-03 08:50:00,2385.13,2390.6,2383.54,2387.87,7658.484
2026-09-03 08:55:00,2387.86,2389.71,2385.6,2385.72,5534.19
2026-09-03 09:00:00,2385.71,2386.37,2383.0,2383.0,5783.59
2026-09-03 09:05:00,2383.0,2386.55,2381.18,2383.12,8035.615
2026-09-03 09:10:00,2383.12,2390.42,2383.11,2390.27,5563.171
2026-09-03 09:15:00,2390.27,2390.4,2388.0,2388.27,3794.321
2026-09-03 09:20:00,2388.28,2393.0,2388.27,2391.37,5954.194
2026-09-03 09:25:00,2391.36,2395.92,2390.46,2394.79,12576.103
2026-09-03 09:30:00,2394.79,2406.99,2393.22,2405.59,48766.188
2026-09-03 09:35:00,2405.59,2406.09,2399.01,2400.58,21176.012
2026-09-03 09:40:00,2400.58,2405.3,2400.17,2404.07,21212.088
2026-09-03 09:45:00,2404.07,2406.37,2401.69,2405.04,11781.387
2026-09-03 09:50:00,2405.03,2408.8,2404.21,2405.58,18515.382
2026-09-03 09:55:00,2405.58,2406.49,2403.79,2405.0,6090.512
2026-09-03 10:00:00,2404.99,2405.48,2402.72,2402.85,9472.867
2026-09-03 10:05:00,2402.85,2404.19,2402.38,2403.47,4400.092
2026-09-03 10:10:00,2403.47,2407.68,2402.0,2406.66,8145.364
2026-09-03 10:15:00,2406.66,2410.0,2403.76,2409.56,15424.26
2026-09-03 10:20:00,2409.56,2409.56,2403.03,2403.03,9294.728
2026-09-03 10:25:00,2403.04,2405.1,2402.88,2402.89,5881.453
2026-09-03 10:30:00,2402.88,2404.6,2401.29,2401.49,6260.268
2026-09-03 10:35:00,2401.48,2401.49,2399.39,2399.88,7414.973
2026-09-03 10:40:00,2399.88,2400.5,2398.62,2399.3,4973.899
2026-09-03 10:45:00,2399.3,2401.75,2398.6,2400.84,6551.681
2026-09-03 10:50:00,2400.84,2402.23,2400.74,2402.23,4286.098
2026-09-03 10:55:00,2402.23,2402.62,2401.24,2402.39,3334.702
2026-09-03 11:00:00,2402.39,2404.8,2402.38,2403.3,4660.63
2026-09-03 11:05:00,2403.29,2405.38,2402.91,2404.9,3658.63
2026-09-03 11:10:00,2404.89,2406.6,2400.22,2400.75,11204.271
2026-09-03 11:15:00,2400.76,2401.25,2396.77,2397.88,10975.873
2026-09-03 11:20:00,2397.87,2399.36,2395.24,2398.56,10691.434
2026-09-03 11:25:00,2398.55,2398.85,2396.87,2397.3,3989.019
2026-09-03 11:30:00,2397.3,2398.96,2397.3,2397.73,3256.071
2026-09-03 11:35:00,2397.73,2398.0,2397.01,2397.78,2463.523
2026-09-03 11:40:00,2397.77,2398.15,2396.36,2396.47,2076.185
2026-09-03 11:45:00,2396.48,2399.5,2396.48,2399.19,4375.322
2026-09-03 11:50:00,2399.19,2407.75,2399.18,2406.3,22722.908
2026-09-03 11:55:00,2406.3,2407.56,2402.96,2407.55,24920.966
2026-09-03 12:00:00,2407.56,2409.33,2406.52,2406.73,28531.157
2026-09-03 12:05:00,2406.73,2407.01,2402.23,2403.37,8845.098
2026-09-03 12:10:00,2403.38,2404.6,2399.6,2401.11,5830.688
2026-09-03 12:15:00,2401.1,2401.79,2395.44,2396.23,18612.11
2026-09-03 12:20:00,2396.23,2396.24,2377.44,2383.69,67986.982
2026-09-03 12:25:00,2383.69,2384.36,2378.0,2384.1,30560.309
2026-09-03 12:30:00,2384.11,2390.4,2383.0,2389.28,18343.453
2026-09-03 12:35:00,2389.27,2395.84,2389.27,2394.62,23910.98
2026-09-03 12:40:00,2394.63,2396.58,2392.83,2395.37,8221.614
2026-09-03 12:45:00,2395.38,2397.32,2392.75,2397.23,7652.911
2026-09-03 12:50:00,2397.24,2404.33,2397.11,2401.2,26705.922
2026-09-03 12:55:00,2401.2,2404.63,2401.18,2403.87,11905.602
2026-09-03 13:00:00,2403.86,2405.99,2400.22,2400.68,11482.216
2026-09-03 13:05:00,2400.68,2402.73,2399.51,2400.05,6544.836
2026-09-03 13:10:00,2400.06,2402.48,2399.95,2400.48,5089.234
2026-09-03 13:15:00,2400.48,2404.67,2399.88,2404.42,8737.51
2026-09-03 13:20:00,2404.41,2405.22,2402.54,2404.24,5987.316
2026-09-03 13:25:00,2404.23,2407.71,2403.85,2406.87,13599.064
2026-09-03 13:30:00,2406.86,2408.2,2404.8,2408.07,8683.454
2026-09-03 13:35:00,2408.06,2408.58,2406.5,2407.41,7200.027
2026-09-03 13:40:00,2407.41,2408.99,2406.24,2408.94,5129.678
2026-09-03 13:45:00,2408.94,2409.29,2406.59,2407.89,8423.314
2026-09-03 13:50:00,2407.88,2408.15,2405.85,2406.65,5893.382
2026-09-03 13:55:00,2406.64,2407.79,2406.64,2407.33,3468.022
2026-09-03 14:00:00,2407.32,2418.82,2406.55,2417.69,31715.222
2026-09-03 14:05:00,2417.69,2418.45,2410.54,2410.63,37470.298
2026-09-03 14:10:00,2410.63,2413.47,2408.08,2411.82,27270.671
2026-09-03 14:15:00,2411.82,2412.02,2408.0,2410.0,10722.922
2026-09-03 14:20:00,2410.0,2411.8,2407.08,2407.3,9593.6
2026-09-03 14:25:00,2407.3,2408.4,2403.85,2406.89,24593.547
2026-09-03 14:30:00,2406.89,2407.14,2402.53,2405.67,15239.809
2026-09-03 14:35:00,2405.66,2408.61,2404.76,2408.61,4709.092
2026-09-03 14:40:00,2408.61,2411.99,2406.63,2406.87,11729.276
2026-09-03 14:45:00,2406.87,2408.37,2401.24,2401.47,15414.322
2026-09-03 14:50:00,2401.46,2401.84,2397.95,2398.49,16691.396
2026-09-03 14:55:00,2398.5,2398.5,2394.07,2397.33,23437.635
2026-09-03 15:00:00,2397.33,2405.81,2397.33,2404.0,16557.126
2026-09-03 15:05:00,2404.0,2412.23,2404.0,2406.27,16618.32
2026-09-03 15:10:00,2406.28,2408.63,2402.8,2404.56,10101.562
2026-09-03 15:15:00,2404.55,2404.69,2401.26,2403.39,3938.51
2026-09-03 15:20:00,2403.4,2404.41,2399.27,2401.37,6256.577
2026-09-03 15:25:00,2401.36,2408.49,2400.45,2407.91,15514.354
2026-09-03 15:30:00,2407.9,2408.85,2405.33,2405.71,6088.132
2026-09-03 15:35:00,2405.7,2407.28,2405.14,2405.46,3503.059
2026-09-03 15:40:00,2405.45,2406.13,2404.12,2404.72,3307.446
2026-09-03 15:45:00,2404.73,2406.81,2402.65,2403.52,13454.747
2026-09-03 15:50:00,2403.52,2404.42,2399.89,2402.33,16040.159
2026-09-03 15:55:00,2402.33,2403.6,2402.32,2402.65,2306.556
2026-09-03 16:00:00,2402.65,2402.99,2401.0,2402.03,3380.278
2026-09-03 16:05:00,2402.02,2404.26,2400.21,2403.85,5086.314
2026-09-03 16:10:00,2403.85,2406.85,2402.88,2403.9,6756.69
2026-09-03 16:15:00,2403.9,2405.53,2400.8,2401.15,4155.763
2026-09-03 16:20:00,2401.16,2402.34,2399.94,2401.44,5248.996
2026-09-03 16:25:00,2401.45,2402.0,2397.81,2398.0,6102.722
2026-09-03 16:30:00,2397.99,2398.82,2396.83,2397.33,7043.655
2026-09-03 16:35:00,2397.33,2398.08,2395.36,2395.76,6427.006
2026-09-03 16:40:00,2395.75,2396.57,2392.49,2395.88,14870.994
2026-09-03 16:45:00,2395.88,2398.29,2393.6,2393.85,11514.375
2026-09-03 16:50:00,2393.85,2396.09,2393.35,2394.35,4614.613
2026-09-03 16:55:00,2394.35,2394.47,2392.28,2392.65,5158.344
2026-09-03 17:00:00,2392.65,2393.75,2391.01,2393.37,11666.808
2026-09-03 17:05:00,2393.36,2396.04,2390.4,2393.52,12739.027
2026-09-03 17:10:00,2393.52,2393.69,2389.27,2390.47,8238.513
2026-09-03 17:15:00,2390.47,2394.43,2388.79,2394.43,10354.86
2026-09-03 17:20:00,2394.43,2397.81,2394.42,2395.35,9258.538
2026-09-03 17:25:00,2395.36,2396.4,2393.72,2395.23,3568.051
2026-09-03 17:30:00,2395.23,2396.0,2391.32,2391.43,4354.06
2026-09-03 17:35:00,2391.44,2391.86,2389.13,2391.84,9907.705
2026-09-03 17:40:00,2391.83,2391.84,2388.37,2390.44,9297.129
2026-09-03 17:45:00,2390.44,2392.2,2390.0,2390.89,5633.897
2026-09-03 17:50:00,2390.88,2396.37,2390.88,2394.61,6288.046
2026-09-03 17:55:00,2394.61,2396.43,2394.51,2395.74,4507.276
2026-09-03 18:00:00,2395.73,2397.8,2394.5,2396.61,7909.979
2026-09-03 18:05:00,2396.61,2399.28,2395.39,2399.0,11437.183
2026-09-03 18:10:00,2399.01,2399.04,2396.54,2398.6,4165.001
2026-09-03 18:15:00,2398.61,2403.43,2398.6,2403.25,14976.395
2026-09-03 18:20:00,2403.26,2403.6,2400.14,2402.3,5436.022
2026-09-03 18:25:00,2402.3,2405.27,2401.88,2404.67,7462.108
2026-09-03 18:30:00,2404.68,2406.07,2401.31,2405.39,12884.629
2026-09-03 18:35:00,2405.4,2405.4,2403.38,2404.49,4189.398
2026-09-03 18:40:00,2404.49,2408.28,2403.93,2407.68,12655.49
2026-09-03 18:45:00,2407.68,2410.49,2404.67,2405.74,25914.076
2026-09-03 18:50:00,2405.74,2407.52,2404.46,2404.93,4952.108
2026-09-03 18:55:00,2404.93,2407.77,2404.77,2406.12,8492.64
2026-09-03 19:00:00,2406.12,2406.88,2404.35,2406.29,5717.602
2026-09-03 19:05:00,2406.3,2406.63,2404.53,2406.45,5218.999
2026-09-03 19:10:00,2406.44,2410.19,2406.05,2408.74,8416.514
2026-09-03 19:15:00,2408.75,2411.41,2405.72,2406.48,10825.4
2026-09-03 19:20:00,2406.47,2407.88,2404.6,2407.29,4985.001
2026-09-03 19:25:00,2407.28,2407.68,2406.37,2406.85,2237.092
2026-09-03 19:30:00,2406.85,2422.71,2406.85,2415.86,77839.902
2026-09-03 19:35:00,2415.86,2417.65,2412.33,2415.23,20281.524
2026-09-03 19:40:00,2415.24,2416.18,2410.7,2412.45,14943.101
2026-09-03 19:45:00,2412.44,2417.51,2412.0,2416.49,13461.215
2026-09-03 19:50:00,2416.49,2423.91,2414.88,2421.63,23322.441
2026-09-03 19:55:00,2421.63,2426.22,2421.41,2422.35,41115.287
2026-09-03 20:00:00,2422.35,2424.14,2417.88,2419.3,26778.864
2026-09-03 20:05:00,2419.3,2419.61,2415.84,2417.51,12775.531
2026-09-03 20:10:00,2417.52,2421.41,2417.0,2418.54,8922.662
2026-09-03 20:15:00,2418.54,2419.93,2416.19,2416.77,8905.787
2026-09-03 20:20:00,2416.76,2420.58,2414.88,2420.21,14518.418
2026-09-03 20:25:00,2420.21,2420.21,2416.99,2418.8,9759.783
2026-09-03 20:30:00,2418.8,2433.56,2417.05,2425.66,56323.112
2026-09-03 20:35:00,2425.66,2431.49,2421.12,2431.0,38456.98
2026-09-03 20:40:00,2431.0,2434.84,2429.4,2433.75,33314.564
2026-09-03 20:45:00,2433.75,2435.35,2426.46,2427.62,29184.966
2026-09-03 20:50:00,2427.62,2431.3,2425.26,2425.36,13134.23
2026-09-03 20:55:00,2425.36,2429.31,2423.22,2428.75,9805.447
2026-09-03 21:00:00,2428.75,2430.76,2424.27,2430.36,16035.264
2026-09-03 21:05:00,2430.37,2435.0,2428.88,2432.52,20215.214
2026-09-03 21:10:00,2432.52,2438.81,2429.58,2438.81,29748.435
2026-09-03 21:15:00,2438.81,2444.0,2437.0,2437.67,40262.859
2026-09-03 21:20:00,2437.68,2447.0,2437.46,2445.13,31017.019
2026-09-03 21:25:00,2445.13,2450.66,2445.12,2449.54,45268.704
2026-09-03 21:30:00,2449.54,2464.42,2447.0,2458.82,88975.335
2026-09-03 21:35:00,2458.82,2460.89,2453.47,2454.18,54202.553
2026-09-03 21:40:00,2454.19,2460.23,2450.43,2455.9,33089.519
2026-09-03 21:45:00,2455.89,2487.45,2455.28,2479.82,128095.997
2026-09-03 21:50:00,2479.83,2484.35,2472.9,2478.83,59834.225
2026-09-03 21:55:00,2478.83,2489.0,2472.68,2488.32,55045.643
2026-09-03 22:00:00,2488.33,2504.75,2486.65,2493.47,150546.691
2026-09-03 22:05:00,2493.47,2495.17,2488.12,2489.58,43471.877
2026-09-03 22:10:00,2489.58,2490.0,2478.44,2485.37,66758.399
2026-09-03 22:15:00,2485.37,2488.74,2482.77,2485.94,27014.406
2026-09-03 22:20:00,2485.94,2492.54,2481.17,2489.34,28479.782
2026-09-03 22:25:00,2489.33,2490.96,2485.8,2489.43,13587.378
2026-09-03 22:30:00,2489.42,2496.62,2487.3,2494.4,38775.332
2026-09-03 22:35:00,2494.4,2495.5,2490.9,2494.06,18045.817
2026-09-03 22:40:00,2494.07,2496.77,2491.52,2491.81,25254.327
2026-09-03 22:45:00,2491.81,2493.72,2486.0,2489.79,25803.984
2026-09-03 22:50:00,2489.78,2511.58,2489.68,2511.04,89543.963
2026-09-03 22:55:00,2511.04,2516.64,2505.85,2515.99,46898.052
2026-09-03 23:00:00,2516.0,2518.0,2496.11,2497.9,73600.479
2026-09-03 23:05:00,2497.91,2505.44,2495.38,2500.6,38729.978
2026-09-03 23:10:00,2500.6,2503.0,2498.0,2499.91,20626.056
2026-09-03 23:15:00,2499.91,2500.25,2492.27,2492.65,38676.533
2026-09-03 23:20:00,2492.66,2496.5,2490.74,2491.41,20114.946
2026-09-03 23:25:00,2491.41,2492.49,2487.3,2491.1,28379.455
2026-09-03 23:30:00,2491.11,2497.37,2491.11,2496.64,23974.312
2026-09-03 23:35:00,2496.64,2496.77,2491.07,2491.58,15344.339
2026-09-03 23:40:00,2491.57,2491.98,2487.64,2488.12,11313.699
2026-09-03 23:45:00,2488.11,2494.98,2487.53,2493.64,12312.449
2026-09-03 23:50:00,2493.65,2495.0,2492.0,2494.21,7708.232
2026-09-03 23:55:00,2494.2,2495.29,2491.79,2493.29,7431.823
2026-09-04 00:00:00,2493.3,2494.33,2490.8,2494.32,8328.283
2026-09-04 00:05:00,2494.32,2496.24,2491.01,2494.48,9764.785
2026-09-04 00:10:00,2494.48,2498.72,2494.34,2498.28,12394.864
2026-09-04 00:15:00,2498.29,2500.72,2496.0,2496.14,20716.782
2026-09-04 00:20:00,2496.14,2498.54,2495.1,2497.75,8279.616
2026-09-04 00:25:00,2497.75,2502.82,2496.67,2498.75,13964.693
2026-09-04 00:30:00,2498.76,2503.0,2497.68,2503.0,8788.876
2026-09-04 00:35:00,2502.99,2504.5,2500.48,2504.49,10392.97
2026-09-04 00:40:00,2504.5,2505.73,2501.04,2501.04,9713.096
2026-09-04 00:45:00,2501.05,2504.73,2500.42,2502.87,7165.843
2026-09-04 00:50:00,2502.87,2503.0,2498.38,2499.34,7121.422
2026-09-04 00:55:00,2499.35,2501.01,2499.07,2499.36,6243.556
2026-09-04 01:00:00,2499.37,2504.68,2499.06,2502.95,7446.229
2026-09-04 01:05:00,2502.94,2508.96,2501.4,2507.62,11445.353
2026-09-04 01:10:00,2507.61,2510.85,2503.15,2507.01,31447.609
2026-09-04 01:15:00,2507.01,2508.25,2503.64,2504.19,6663.377
2026-09-04 01:20:00,2504.19,2505.73,2501.76,2503.98,9639.198
2026-09-04 01:25:00,2503.97,2503.97,2498.39,2499.57,14927.817
2026-09-04 01:30:00,2499.57,2502.33,2498.42,2500.43,8193.357
2026-09-04 01:35:00,2500.43,2501.08,2498.5,2500.27,4822.427
2026-09-04 01:40:00,2500.26,2500.26,2497.31,2498.16,6363.1
2026-09-04 01:45:00,2498.15,2504.61,2497.93,2504.26,4939.194
2026-09-04 01:50:00,2504.25,2509.89,2504.23,2507.28,11232.847
2026-09-04 01:55:00,2507.28,2514.44,2507.28,2511.92,12721.175
2026-09-04 02:00:00,2511.93,2524.8,2511.08,2524.8,52462.948
2026-09-04 02:05:00,2524.8,2528.31,2509.61,2510.99,61499.293
2026-09-04 02:10:00,2511.0,2511.98,2507.68,2508.19,17163.809
2026-09-04 02:15:00,2508.18,2512.68,2506.22,2512.68,13616.098
2026-09-04 02:20:00,2512.68,2518.56,2511.92,2515.06,20802.525
2026-09-04 02:25:00,2515.07,2515.4,2510.37,2513.66,11034.781
2026-09-04 02:30:00,2513.67,2513.8,2506.98,2510.51,11311.012
2026-09-04 02:35:00,2510.52,2512.67,2508.32,2512.25,5113.55
2026-09-04 02:40:00,2512.24,2516.81,2511.56,2514.78,10306.642
2026-09-04 02:45:00,2514.78,2515.91,2508.9,2510.05,9444.385
2026-09-04 02:50:00,2510.06,2516.53,2510.06,2514.18,11047.897
2026-09-04 02:55:00,2514.18,2517.44,2513.06,2517.03,17932.255
2026-09-04 03:00:00,2517.02,2517.34,2504.7,2513.17,29993.581
2026-09-04 03:05:00,2513.17,2517.2,2511.4,2514.47,6836.862
2026-09-04 03:10:00,2514.47,2514.47,2509.3,2510.0,7144.621
2026-09-04 03:15:00,2510.0,2513.42,2509.1,2509.31,7563.481
2026-09-04 03:20:00,2509.31,2509.64,2505.53,2506.6,6097.367
2026-09-04 03:25:00,2506.6,2510.84,2505.5,2509.19,6276.924
2026-09-04 03:30:00,2509.2,2510.46,2504.0,2504.48,9824.608
2026-09-04 03:35:00,2504.48,2507.24,2501.11,2506.41,12689.288
2026-09-04 03:40:00,2506.41,2506.41,2502.5,2502.51,4192.107
2026-09-04 03:45:00,2502.51,2506.58,2502.17,2506.08,5701.656
2026-09-04 03:50:00,2506.08,2507.76,2503.67,2504.43,4260.486
2026-09-04 03:55:00,2504.44,2504.9,2502.65,2503.82,4798.997
2026-09-04 04:00:00,2503.82,2505.47,2499.09,2500.39,13146.24
2026-09-04 04:05:00,2500.39,2503.99,2499.57,2503.63,5084.032
2026-09-04 04:10:00,2503.64,2511.29,2503.64,2510.66,11801.629
2026-09-04 04:15:00,2510.67,2512.49,2508.72,2509.26,8518.106
2026-09-04 04:20:00,2509.27,2510.36,2506.17,2506.44,4724.587
2026-09-04 04:25:00,2506.45,2512.37,2506.17,2512.36,7949.0
2026-09-04 04:30:00,2512.36,2525.75,2512.21,2521.9,42091.71
2026-09-04 04:35:00,2521.9,2521.9,2509.57,2510.87,20940.164
2026-09-04 04:40:00,2510.88,2511.72,2507.57,2507.72,8280.787
2026-09-04 04:45:00,2507.71,2511.98,2505.13,2511.97,13935.341
2026-09-04 04:50:00,2511.97,2515.52,2511.51,2514.56,7487.165
2026-09-04 04:55:00,2514.56,2514.57,2509.49,2510.13,5762.19
2026-09-04 05:00:00,2510.14,2511.57,2504.52,2509.82,14270.285
2026-09-04 05:05:00,2509.81,2511.2,2504.61,2505.61,4567.336
2026-09-04 05:10:00,2505.6,2506.2,2500.32,2503.06,12107.174
2026-09-04 05:15:00,2503.07,2504.97,2502.37,2502.48,6608.745
2026-09-04 05:20:00,2502.48,2504.33,2500.8,2500.8,5330.732
2026-09-04 05:25:00,2500.81,2500.81,2493.01,2493.76,28490.496
2026-09-04 05:30:00,2493.76,2495.7,2488.55,2491.77,26962.187
2026-09-04 05:35:00,2491.76,2495.87,2490.7,2491.69,9582.062
2026-09-04 05:40:00,2491.7,2496.17,2491.69,2496.08,9885.194
2026-09-04 05:45:00,2496.09,2499.62,2495.9,2498.16,9880.776
2026-09-04 05:50:00,2498.16,2500.44,2496.99,2497.55,8569.262
2026-09-04 05:55:00,2497.56,2497.59,2495.05,2495.52,4266.494
2026-09-04 06:00:00,2495.53,2496.27,2494.14,2495.54,4601.604
2026-09-04 06:05:00,2495.53,2498.33,2495.38,2498.16,11607.089
2026-09-04 06:10:00,2498.15,2498.18,2494.22,2495.85,10149.301
2026-09-04 06:15:00,2495.85,2498.22,2495.54,2496.91,5498.022
2026-09-04 06:20:00,2496.91,2498.0,2495.52,2495.69,6768.745
2026-09-04 06:25:00,2495.7,2501.2,2494.57,2501.1,5737.411
2026-09-04 06:30:00,2501.11,2501.17,2496.69,2500.1,6993.968
2026-09-04 06:35:00,2500.11,2506.27,2500.0,2505.17,11738.291
2026-09-04 06:40:00,2505.17,2507.24,2503.53,2505.68,15975.06
2026-09-04 06:45:00,2505.69,2507.4,2502.14,2504.89,13323.232
2026-09-04 06:50:00,2504.9,2508.16,2504.29,2507.44,9616.467
2026-09-04 06:55:00,2507.44,2508.22,2505.35,2506.42,4852.085
2026-09-04 07:00:00,2506.42,2506.73,2502.76,2504.01,10046.741
2026-09-04 07:05:00,2504.02,2506.54,2501.96,2505.8,10011.003
2026-09-04 07:10:00,2505.8,2508.8,2503.3,2506.83,11244.716
2026-09-04 07:15:00,2506.84,2511.21,2504.59,2505.9,11722.571
2026-09-04 07:20:00,2505.9,2509.23,2505.15,2507.95,9688.917
2026-09-04 07:25:00,2507.95,2507.96,2503.94,2505.4,8397.089
2026-09-04 07:30:00,2505.39,2511.77,2503.66,2511.4,10878.305
2026-09-04 07:35:00,2511.41,2513.98,2510.41,2513.04,10842.226
2026-09-04 07:40:00,2513.05,2514.95,2504.01,2505.56,34044.267
2026-09-04 07:45:00,2505.55,2507.07,2502.21,2503.12,16461.67
2026-09-04 07:50:00,2503.13,2506.64,2500.45,2504.15,15190.148
2026-09-04 07:55:00,2504.14,2504.5,2499.69,2500.49,16515.196
2026-09-04 08:00:00,2500.5,2504.08,2497.35,2497.35,15043.544
2026-09-04 08:05:00,2497.36,2505.46,2496.05,2504.45,10025.694
2026-09-04 08:10:00,2504.45,2506.98,2502.25,2503.19,3951.916
2026-09-04 08:15:00,2503.19,2507.18,2503.19,2505.22,5626.974
2026-09-04 08:20:00,2505.23,2508.87,2501.17,2502.06,10247.782
2026-09-04 08:25:00,2502.06,2506.4,2501.46,2503.54,6507.486
2026-09-04 08:30:00,2503.54,2507.62,2500.23,2500.62,12606.702
2026-09-04 08:35:00,2500.62,2503.0,2499.2,2499.21,8040.343
2026-09-04 08:40:00,2499.2,2499.66,2497.32,2498.59,5633.293
2026-09-04 08:45:00,2498.59,2501.9,2497.33,2500.57,5446.199
2026-09-04 08:50:00,2500.57,2505.73,2500.14,2505.5,3147.164
2026-09-04 08:55:00,2505.5,2507.47,2504.08,2505.88,4551.839
2026-09-04 09:00:00,2505.88,2505.88,2499.24,2499.24,4411.166
2026-09-04 09:05:00,2499.24,2501.46,2499.0,2499.94,2853.916
2026-09-04 09:10:00,2499.94,2501.91,2499.94,2501.82,2910.73
2026-09-04 09:15:00,2501.83,2504.55,2500.0,2500.65,3933.415
2026-09-04 09:20:00,2500.66,2501.39,2498.7,2498.7,6479.313
2026-09-04 09:25:00,2498.7,2499.81,2497.55,2498.3,7450.297
2026-09-04 09:30:00,2498.29,2501.62,2498.29,2499.71,3722.068
2026-09-04 09:35:00,2499.71,2504.0,2497.14,2503.66,6913.498
2026-09-04 09:40:00,2503.67,2503.84,2499.53,2499.71,3218.971
2026-09-04 09:45:00,2499.71,2499.72,2498.69,2498.89,3675.119
2026-09-04 09:50:00,2498.88,2503.48,2498.88,2503.47,3817.84
2026-09-04 09:55:00,2503.48,2507.0,2503.4,2506.99,9273.123
2026-09-04 10:00:00,2507.0,2512.49,2506.62,2510.05,28191.605
2026-09-04 10:05:00,2510.06,2516.52,2510.0,2512.87,30981.72
2026-09-04 10:10:00,2512.88,2513.16,2509.39,2510.2,7105.827
2026-09-04 10:15:00,2510.2,2510.73,2508.3,2510.02,7214.183
2026-09-04 10:20:00,2510.02,2511.0,2509.44,2509.59,3663.005
2026-09-04 10:25:00,2509.59,2509.6,2506.25,2506.37,4639.007
2026-09-04 10:30:00,2506.37,2508.25,2504.67,2504.9,4595.243
2026-09-04 10:35:00,2504.9,2506.72,2504.32,2505.27,4919.053
2026-09-04 10:40:00,2505.27,2505.7,2503.95,2505.7,5570.2
2026-09-04 10:45:00,2505.69,2507.22,2504.08,2505.44,4617.941
2026-09-04 10:50:00,2505.43,2506.1,2504.19,2505.04,1779.809
2026-09-04 10:55:00,2505.05,2505.5,2503.52,2503.73,2726.807
2026-09-04 11:00:00,2503.74,2503.81,2501.12,2502.53,9532.036
2026-09-04 11:05:00,2502.53,2503.47,2501.81,2502.1,3688.398
2026-09-04 11:10:00,2502.09,2506.75,2501.85,2506.5,9718.63
2026-09-04 11:15:00,2506.49,2511.0,2505.9,2509.63,9031.55
2026-09-04 11:20:00,2509.64,2516.88,2509.63,2516.87,26829.328
2026-09-04 11:25:00,2516.88,2523.57,2514.04,2522.74,57554.953
2026-09-04 11:30:00,2522.74,2524.63,2517.22,2520.41,36358.253
2026-09-04 11:35:00,2520.42,2520.62,2515.87,2516.35,13807.207
2026-09-04 11:40:00,2516.34,2516.8,2510.87,2511.44,15734.791
2026-09-04 11:45:00,2511.45,2512.76,2508.62,2508.67,10453.039
2026-09-04 11:50:00,2508.68,2509.13,2507.26,2507.39,8846.268
2026-09-04 11:55:00,2507.39,2509.89,2507.38,2508.48,3722.365
2026-09-04 12:00:00,2508.48,2508.49,2505.42,2506.85,8464.619
2026-09-04 12:05:00,2506.86,2513.3,2506.13,2511.53,12914.056
2026-09-04 12:10:00,2511.53,2513.51,2509.47,2510.38,8867.45
2026-09-04 12:15:00,2510.37,2514.96,2509.64,2514.22,7091.185
2026-09-04 12:20:00,2514.22,2515.43,2511.15,2514.97,5444.259
2026-09-04 12:25:00,2514.98,2515.61,2509.75,2509.75,6719.629
2026-09-04 12:30:00,2509.75,2510.64,2506.0,2509.66,11999.613
2026-09-04 12:35:00,2509.65,2511.04,2507.37,2507.55,5746.867
2026-09-04 12:40:00,2507.55,2511.6,2507.54,2511.09,5701.289
2026-09-04 12:45:00,2511.1,2513.0,2506.42,2506.43,10792.904
2026-09-04 12:50:00,2506.43,2506.79,2503.19,2503.63,15108.839
2026-09-04 12:55:00,2503.63,2509.0,2503.44,2507.94,7679.692
2026-09-04 13:00:00,2507.94,2507.94,2505.77,2507.54,4369.172
2026-09-04 13:05:00,2507.53,2509.32,2505.89,2508.98,5396.458
2026-09-04 13:10:00,2508.98,2518.0,2508.98,2513.83,45783.499
2026-09-04 13:15:00,2513.83,2513.84,2510.75,2511.53,4276.275
2026-09-04 13:20:00,2511.52,2511.53,2507.3,2507.49,5716.348
2026-09-04 13:25:00,2507.49,2507.92,2503.4,2504.42,15113.709
2026-09-04 13:30:00,2504.42,2505.69,2503.52,2503.66,9884.717
2026-09-04 13:35:00,2503.65,2505.68,2498.2,2505.17,28445.635
2026-09-04 13:40:00,2505.16,2507.66,2505.16,2507.66,7462.748
2026-09-04 13:45:00,2507.65,2507.99,2504.08,2504.79,5087.47
2026-09-04 13:50:00,2504.79,2506.03,2503.01,2506.03,3158.623
2026-09-04 13:55:00,2506.02,2507.13,2505.3,2506.65,3710.31
2026-09-04 14:00:00,2506.66,2512.34,2506.32,2512.34,11196.964
2026-09-04 14:05:00,2512.33,2513.98,2511.39,2513.92,12504.834
2026-09-04 14:10:00,2513.91,2515.24,2512.76,2514.02,11978.763
2026-09-04 14:15:00,2514.02,2514.09,2511.35,2513.53,10323.405
2026-09-04 14:20:00,2513.52,2514.66,2508.72,2509.36,7396.431
2026-09-04 14:25:00,2509.36,2512.11,2509.36,2510.3,3197.765
2026-09-04 14:30:00,2510.31,2511.8,2508.11,2508.61,7212.931
2026-09-04 14:35:00,2508.6,2508.74,2504.2,2505.58,11980.276
2026-09-04 14:40:00,2505.58,2506.78,2504.79,2506.18,11285.911
2026-09-04 14:45:00,2506.18,2507.96,2503.77,2506.64,9077.265
2026-09-04 14:50:00,2506.64,2506.8,2503.58,2503.62,9345.019
2026-09-04 14:55:00,2503.62,2504.64,2503.1,2503.53,10495.505
2026-09-04 15:00:00,2503.53,2505.46,2502.24,2504.87,14093.629
2026-09-04 15:05:00,2504.86,2508.93,2502.35,2508.48,12878.055
2026-09-04 15:10:00,2508.48,2512.62,2508.37,2512.0,9833.492
2026-09-04 15:15:00,2511.99,2515.0,2510.3,2514.72,18819.182
2026-09-04 15:20:00,2514.71,2515.0,2512.18,2514.23,9835.932
2026-09-04 15:25:00,2514.23,2516.39,2513.83,2515.8,11494.689
2026-09-04 15:30:00,2515.81,2519.26,2513.32,2518.5,29337.783
2026-09-04 15:35:00,2518.5,2520.05,2516.57,2518.83,25766.775
2026-09-04 15:40:00,2518.82,2521.16,2516.66,2518.2,14797.874
2026-09-04 15:45:00,2518.19,2536.0,2515.13,2524.33,112151.61
2026-09-04 15:50:00,2524.33,2532.05,2521.62,2528.57,32008.024
2026-09-04 15:55:00,2528.57,2528.57,2523.1,2526.43,16185.182
2026-09-04 16:00:00,2526.44,2532.49,2524.62,2529.92,24199.461
2026-09-04 16:05:00,2529.93,2531.0,2526.4,2527.85,14226.06
2026-09-04 16:10:00,2527.85,2536.0,2526.42,2529.12,39093.409
2026-09-04 16:15:00,2529.12,2547.0,2529.12,2537.5,93555.921
2026-09-04 16:20:00,2537.51,2538.55,2521.26,2521.61,49930.748
2026-09-04 16:25:00,2521.6,2524.14,2517.87,2521.45,22463.829
2026-09-04 16:30:00,2521.44,2527.64,2518.69,2526.09,18354.435
2026-09-04 16:35:00,2526.09,2532.48,2523.79,2529.47,18077.971
2026-09-04 16:40:00,2529.47,2531.28,2527.65,2528.5,6629.598
2026-09-04 16:45:00,2528.5,2530.1,2521.62,2523.51,16028.626
2026-09-04 16:50:00,2523.51,2523.57,2518.96,2523.01,18180.118
2026-09-04 16:55:00,2523.01,2525.31,2519.56,2520.0,7873.875
2026-09-04 17:00:00,2520.01,2523.78,2517.16,2523.65,10609.559
2026-09-04 17:05:00,2523.64,2523.65,2516.28,2517.38,9333.279
2026-09-04 17:10:00,2517.39,2520.35,2515.53,2518.97,8102.978
2026-09-04 17:15:00,2518.97,2519.19,2513.58,2515.47,16227.934
2026-09-04 17:20:00,2515.48,2517.87,2514.8,2515.91,5473.176
2026-09-04 17:25:00,2515.9,2521.25,2514.91,2519.99,9975.226
2026-09-04 17:30:00,2519.99,2524.5,2518.5,2521.25,8412.833
2026-09-04 17:35:00,2521.24,2526.64,2521.21,2526.31,9599.562
2026-09-04 17:40:00,2526.31,2527.23,2524.25,2526.76,7750.102
2026-09-04 17:45:00,2526.77,2527.2,2524.45,2524.45,4822.788
2026-09-04 17:50:00,2524.45,2524.88,2521.56,2523.79,6475.491
2026-09-04 17:55:00,2523.78,2525.44,2523.6,2525.0,3830.126
2026-09-04 18:00:00,2525.0,2525.29,2519.0,2520.68,6427.751
2026-09-04 18:05:00,2520.69,2523.88,2520.68,2522.26,5805.072
2026-09-04 18:10:00,2522.27,2523.39,2520.82,2521.36,4412.48
2026-09-04 18:15:00,2521.36,2523.87,2520.43,2521.41,5019.277
2026-09-04 18:20:00,2521.41,2524.49,2520.49,2523.41,9514.392
2026-09-04 18:25:00,2523.41,2525.79,2522.77,2524.27,7540.461
2026-09-04 18:30:00,2524.27,2524.27,2521.65,2521.9,6761.431
2026-09-04 18:35:00,2521.9,2526.86,2521.9,2525.37,5865.91
2026-09-04 18:40:00,2525.37,2525.37,2521.69,2524.12,6660.449
2026-09-04 18:45:00,2524.11,2525.1,2523.15,2524.21,2388.2
2026-09-04 18:50:00,2524.22,2526.76,2522.71,2523.37,3889.565
2026-09-04 18:55:00,2523.36,2524.5,2520.68,2521.89,4289.652
2026-09-04 19:00:00,2521.88,2523.75,2519.68,2522.53,9814.576
2026-09-04 19:05:00,2522.53,2524.49,2519.44,2523.15,7705.988
2026-09-04 19:10:00,2523.15,2524.06,2519.52,2523.4,7355.146
2026-09-04 19:15:00,2523.39,2523.4,2518.28,2520.12,7950.314
2026-09-04 19:20:00,2520.12,2521.32,2518.01,2520.92,7308.316
2026-09-04 19:25:00,2520.93,2531.4,2520.17,2528.8,21654.224
2026-09-04 19:30:00,2528.8,2528.8,2431.93,2457.26,515461.094
2026-09-04 19:35:00,2457.26,2461.53,2437.7,2459.37,137278.42
2026-09-04 19:40:00,2459.37,2467.55,2445.16,2449.94,97754.24
2026-09-04 19:45:00,2449.94,2450.04,2432.75,2447.31,123838.305
2026-09-04 19:50:00,2447.3,2457.14,2442.25,2456.17,56389.609
2026-09-04 19:55:00,2456.17,2456.42,2445.1,2450.12,35089.282
2026-09-04 20:00:00,2450.12,2453.26,2445.1,2446.84,43657.749
2026-09-04 20:05:00,2446.84,2452.31,2444.0,2447.0,32895.721
2026-09-04 20:10:00,2447.0,2448.24,2443.02,2444.66,20194.13
2026-09-04 20:15:00,2444.67,2453.34,2443.56,2450.0,22274.294
2026-09-04 20:20:00,2450.0,2453.62,2449.78,2451.15,17329.11
2026-09-04 20:25:00,2451.15,2454.54,2447.58,2448.88,13734.263
2026-09-04 20:30:00,2448.88,2455.71,2440.32,2444.52,35183.562
2026-09-04 20:35:00,2444.51,2449.77,2434.17,2447.17,50185.598
2026-09-04 20:40:00,2447.17,2450.91,2443.78,2449.51,30014.203
2026-09-04 20:45:00,2449.51,2462.97,2446.95,2459.97,67056.727
2026-09-04 20:50:00,2459.97,2461.0,2446.38,2449.01,34620.71
2026-09-04 20:55:00,2449.02,2455.91,2448.32,2451.02,16707.987
2026-09-04 21:00:00,2451.03,2457.52,2450.12,2453.11,14235.923
2026-09-04 21:05:00,2453.12,2455.65,2447.48,2449.27,11550.539
2026-09-04 21:10:00,2449.28,2454.02,2446.11,2452.84,16437.896
2026-09-04 21:15:00,2452.83,2455.0,2444.18,2444.19,12038.532
2026-09-04 21:20:00,2444.18,2453.5,2441.69,2451.61,21804.183
2026-09-04 21:25:00,2451.6,2454.57,2450.34,2452.47,10044.302
2026-09-04 21:30:00,2452.47,2454.89,2451.0,2454.32,9604.736
2026-09-04 21:35:00,2454.31,2457.4,2447.7,2450.84,18387.698
2026-09-04 21:40:00,2450.84,2450.99,2437.08,2442.85,33042.026
2026-09-04 21:45:00,2442.85,2446.53,2433.01,2433.74,31270.548
2026-09-04 21:50:00,2433.74,2441.2,2430.67,2436.83,42782.28
2026-09-04 21:55:00,2436.83,2442.28,2436.83,2438.84,15534.589
2026-09-04 22:00:00,2438.84,2442.0,2436.5,2441.5,12377.869
2026-09-04 22:05:00,2441.5,2447.1,2438.83,2446.98,22770.104
2026-09-04 22:10:00,2446.98,2447.76,2444.28,2447.75,9826.958
2026-09-04 22:15:00,2447.76,2450.41,2446.74,2448.77,11031.658
2026-09-04 22:20:00,2448.76,2452.0,2448.33,2452.0,10512.743
2026-09-04 22:25:00,2451.99,2455.52,2451.99,2453.56,20338.525
2026-09-04 22:30:00,2453.56,2455.28,2451.5,2451.9,12568.914
2026-09-04 22:35:00,2451.91,2455.92,2451.5,2455.92,7396.263
2026-09-04 22:40:00,2455.92,2458.24,2454.38,2454.71,11562.488
2026-09-04 22:45:00,2454.71,2455.36,2448.11,2450.68,12488.494
2026-09-04 22:50:00,2450.68,2454.31,2450.68,2452.69,4779.808
2026-09-04 22:55:00,2452.69,2454.73,2450.48,2450.95,5670.508
2026-09-04 23:00:00,2450.96,2451.69,2449.4,2449.6,8295.702
2026-09-04 23:05:00,2449.6,2453.23,2449.6,2451.0,4688.116
2026-09-04 23:10:00,2451.01,2452.19,2448.35,2449.33,11501.479
2026-09-04 23:15:00,2449.33,2451.66,2449.21,2450.24,5767.102
2026-09-04 23:20:00,2450.24,2452.92,2450.03,2450.55,5069.902
2026-09-04 23:25:00,2450.55,2453.21,2449.66,2453.2,5939.58
2026-09-04 23:30:00,2453.21,2461.0,2452.88,2457.84,26835.293
2026-09-04 23:35:00,2457.83,2459.05,2454.84,2455.76,10491.19
2026-09-04 23:40:00,2455.76,2460.0,2455.62,2459.83,10238.286
2026-09-04 23:45:00,2459.83,2460.5,2458.1,2459.79,12425.647
2026-09-04 23:50:00,2459.79,2463.9,2459.16,2459.97,16451.545
2026-09-04 23:55:00,2459.97,2461.56,2457.8,2459.15,10500.087
2026-09-05 00:00:00,2459.15,2459.64,2454.24,2455.54,13803.18
2026-09-05 00:05:00,2455.54,2456.82,2454.23,2454.35,6837.495
2026-09-05 00:10:00,2454.35,2455.06,2450.72,2450.79,8752.141
2026-09-05 00:15:00,2450.79,2450.8,2447.65,2449.34,14008.614
2026-09-05 00:20:00,2449.33,2450.96,2448.14,2448.94,7368.687
2026-09-05 00:25:00,2448.95,2449.64,2446.03,2446.48,6150.545
2026-09-05 00:30:00,2446.48,2449.05,2446.48,2447.72,5325.557
2026-09-05 00:35:00,2447.72,2448.54,2445.36,2447.53,6624.889
2026-09-05 00:40:00,2447.53,2447.54,2442.84,2445.86,10030.212
2026-09-05 00:45:00,2445.86,2446.03,2443.77,2443.96,5517.999
2026-09-05 00:50:00,2443.97,2445.47,2442.0,2445.47,8733.764
2026-09-05 00:55:00,2445.47,2445.8,2444.0,2444.07,4765.52
2026-09-05 01:00:00,2444.06,2448.5,2444.06,2447.51,10363.849
2026-09-05 01:05:00,2447.51,2449.08,2445.73,2447.46,7037.747
2026-09-05 01:10:00,2447.46,2447.46,2443.54,2444.06,5857.192
2026-09-05 01:15:00,2444.05,2448.0,2444.05,2447.22,6054.73
2026-09-05 01:20:00,2447.22,2448.48,2447.22,2447.52,2179.099
2026-09-05 01:25:00,2447.52,2448.1,2446.55,2447.0,2182.013
2026-09-05 01:30:00,2447.0,2450.0,2447.0,2450.0,4375.444
2026-09-05 01:35:00,2450.0,2450.0,2447.87,2449.68,2709.332
2026-09-05 01:40:00,2449.67,2451.0,2449.52,2450.1,3133.032
2026-09-05 01:45:00,2450.11,2450.53,2448.82,2448.83,2461.871
2026-09-05 01:50:00,2448.82,2449.55,2448.11,2449.18,1932.955
2026-09-05 01:55:00,2449.17,2450.15,2448.24,2449.47,2698.154
2026-09-05 02:00:00,2449.47,2453.95,2449.47,2452.95,9511.599
2026-09-05 02:05:00,2452.96,2454.32,2452.51,2453.0,7512.486
2026-09-05 02:10:00,2452.99,2453.23,2450.85,2453.23,3324.426
2026-09-05 02:15:00,2453.23,2455.97,2452.72,2454.99,5345.194
2026-09-05 02:20:00,2454.99,2455.96,2453.86,2455.95,2702.984
2026-09-05 02:25:00,2455.94,2456.82,2455.0,2456.3,3994.443
2026-09-05 02:30:00,2456.3,2456.3,2453.77,2455.77,3780.81
2026-09-05 02:35:00,2455.77,2455.77,2452.68,2453.31,4099.365
2026-09-05 02:40:00,2453.31,2455.0,2452.54,2453.63,3382.337
2026-09-05 02:45:00,2453.64,2455.82,2453.04,2455.61,2556.798
2026-09-05 02:50:00,2455.61,2456.0,2452.65,2454.53,5684.839
2026-09-05 02:55:00,2454.53,2456.33,2453.61,2454.67,8575.232
2026-09-05 03:00:00,2454.71,2457.68,2453.98,2455.79,5598.975
2026-09-05 03:05:00,2455.79,2456.19,2452.26,2453.75,4840.417
2026-09-05 03:10:00,2453.75,2454.89,2451.7,2452.6,2254.893
2026-09-05 03:15:00,2452.6,2454.75,2452.07,2454.75,1927.459
2026-09-05 03:20:00,2454.75,2456.3,2451.85,2451.86,5170.326
2026-09-05 03:25:00,2451.85,2453.22,2451.11,2452.08,5408.971
2026-09-05 03:30:00,2452.08,2452.38,2450.71,2451.81,2559.142
2026-09-05 03:35:00,2451.81,2453.78,2451.69,2452.7,2473.822
2026-09-05 03:40:00,2452.7,2453.07,2451.17,2452.74,2869.319
2026-09-05 03:45:00,2452.75,2454.38,2452.21,2453.31,1695.155
2026-09-05 03:50:00,2453.32,2453.32,2449.4,2451.24,5436.893
2026-09-05 03:55:00,2451.25,2451.73,2449.5,2450.15,3162.449
2026-09-05 04:00:00,2450.16,2452.12,2449.19,2451.72,4217.75
2026-09-05 04:05:00,2451.72,2453.5,2451.3,2452.27,2980.718
2026-09-05 04:10:00,2452.27,2453.4,2452.21,2452.22,1796.767
2026-09-05 04:15:00,2452.21,2453.37,2452.02,2452.85,1001.397
2026-09-05 04:20:00,2452.84,2453.79,2452.33,2452.51,1678.001
2026-09-05 04:25:00,2452.51,2452.8,2451.03,2451.7,4380.466
2026-09-05 04:30:00,2451.7,2454.13,2451.47,2453.74,3835.687
2026-09-05 04:35:00,2453.74,2454.66,2453.61,2453.62,1925.678
2026-09-05 04:40:00,2453.62,2455.65,2453.62,2455.26,2927.809
2026-09-05 04:45:00,2455.26,2455.8,2453.01,2453.23,3750.914
2026-09-05 04:50:00,2453.23,2454.54,2448.29,2451.64,5720.771
2026-09-05 04:55:00,2451.63,2452.36,2449.78,2450.7,4509.769
2026-09-05 05:00:00,2450.7,2453.15,2450.64,2451.88,4346.465
2026-09-05 05:05:00,2451.87,2452.2,2450.97,2451.19,1253.566
2026-09-05 05:10:00,2451.2,2452.06,2450.11,2451.65,3496.88
2026-09-05 05:15:00,2451.66,2451.66,2449.73,2451.0,1925.194
2026-09-05 05:20:00,2451.01,2452.01,2449.88,2450.12,2304.967
2026-09-05 05:25:00,2450.13,2451.57,2450.12,2451.45,2272.022
2026-09-05 05:30:00,2451.44,2452.0,2451.35,2451.71,1365.276
2026-09-05 05:35:00,2451.71,2453.26,2451.7,2452.31,1484.101
2026-09-05 05:40:00,2452.31,2452.37,2450.88,2450.88,865.984
2026-09-05 05:45:00,2450.89,2451.06,2449.77,2450.43,2853.148
2026-09-05 05:50:00,2450.44,2451.31,2449.97,2450.15,1189.844
2026-09-05 05:55:00,2450.14,2450.47,2449.39,2449.99,1449.357
2026-09-05 06:00:00,2450.0,2450.32,2448.66,2450.32,2261.448
2026-09-05 06:05:00,2450.32,2450.72,2449.38,2449.56,1759.006
2026-09-05 06:10:00,2449.56,2449.95,2449.06,2449.35,1474.594
2026-09-05 06:15:00,2449.34,2450.0,2448.96,2449.76,2116.418
2026-09-05 06:20:00,2449.77,2453.16,2449.76,2452.72,3839.376
2026-09-05 06:25:00,2452.72,2454.1,2452.49,2452.56,2626.165
2026-09-05 06:30:00,2452.57,2452.57,2451.45,2451.76,1070.536
2026-09-05 06:35:00,2451.77,2452.6,2451.76,2452.33,876.443
2026-09-05 06:40:00,2452.34,2452.34,2452.01,2452.33,729.373
2026-09-05 06:45:00,2452.32,2453.24,2452.32,2453.1,1037.046
2026-09-05 06:50:00,2453.1,2453.95,2452.87,2453.48,2956.3
2026-09-05 06:55:00,2453.48,2454.72,2453.2,2454.57,1831.824
2026-09-05 07:00:00,2454.56,2454.57,2453.6,2453.8,1198.437
2026-09-05 07:05:00,2453.8,2453.8,2452.27,2453.63,1759.132
2026-09-05 07:10:00,2453.63,2455.36,2453.05,2453.37,2865.139
2026-09-05 07:15:00,2453.38,2453.38,2452.01,2452.08,902.578
2026-09-05 07:20:00,2452.08,2452.75,2451.82,2451.83,1823.425
2026-09-05 07:25:00,2451.82,2452.36,2451.32,2451.81,2103.927
2026-09-05 07:30:00,2451.8,2452.73,2450.72,2451.11,1747.692
2026-09-05 07:35:00,2451.12,2453.1,2451.11,2453.1,1764.479
2026-09-05 07:40:00,2453.1,2454.64,2452.94,2452.94,2510.175
2026-09-05 07:45:00,2452.95,2452.95,2450.6,2451.87,3666.163
2026-09-05 07:50:00,2451.88,2453.97,2451.87,2453.89,1948.725
2026-09-05 07:55:00,2453.9,2454.18,2450.36,2450.95,5437.156
2026-09-05 08:00:00,2450.96,2452.82,2450.37,2452.51,5129.21
2026-09-05 08:05:00,2452.51,2454.0,2452.34,2453.84,1783.576
2026-09-05 08:10:00,2453.85,2454.82,2452.34,2452.43,4331.291
2026-09-05 08:15:00,2452.43,2454.66,2452.43,2452.98,2109.365
2026-09-05 08:20:00,2452.97,2452.98,2451.69,2452.66,1332.107
2026-09-05 08:25:00,2452.66,2455.0,2451.26,2454.99,4487.885
2026-09-05 08:30:00,2455.0,2455.0,2453.75,2454.04,1958.438
2026-09-05 08:35:00,2454.04,2454.04,2452.05,2452.88,2218.276
2026-09-05 08:40:00,2452.88,2453.48,2452.19,2452.64,1565.506
2026-09-05 08:45:00,2452.65,2453.75,2451.34,2451.34,2974.175
2026-09-05 08:50:00,2451.34,2452.72,2450.83,2451.85,1419.562
2026-09-05 08:55:00,2451.85,2451.86,2450.71,2450.71,1090.777
2026-09-05 09:00:00,2450.72,2450.81,2448.47,2449.41,5498.333
2026-09-05 09:05:00,2449.42,2451.1,2449.41,2451.1,1805.636
2026-09-05 09:10:00,2451.1,2451.59,2450.71,2450.92,1642.256
2026-09-05 09:15:00,2450.92,2451.94,2450.92,2451.53,1387.174
2026-09-05 09:20:00,2451.53,2452.0,2451.0,2452.0,1392.456
2026-09-05 09:25:00,2451.99,2452.0,2449.47,2449.68,2070.364
2026-09-05 09:30:00,2449.68,2451.13,2449.16,2451.13,2303.151
2026-09-05 09:35:00,2451.12,2451.66,2450.17,2451.48,1054.317
2026-09-05 09:40:00,2451.48,2451.99,2451.48,2451.73,701.8
2026-09-05 09:45:00,2451.73,2451.73,2450.06,2450.68,1554.58
2026-09-05 09:50:00,2450.67,2451.5,2449.18,2451.03,2801.526
2026-09-05 09:55:00,2451.03,2452.3,2451.02,2452.27,959.697
2026-09-05 10:00:00,2452.27,2452.28,2451.0,2451.21,1743.22
2026-09-05 10:05:00,2451.21,2451.21,2450.0,2450.01,1368.621
2026-09-05 10:10:00,2450.0,2451.7,2450.0,2451.27,2359.886
2026-09-05 10:15:00,2451.27,2452.67,2451.1,2451.81,2414.31
2026-09-05 10:20:00,2451.8,2452.56,2451.02,2452.41,2052.576
2026-09-05 10:25:00,2452.42,2453.89,2451.75,2452.42,3931.855
2026-09-05 10:30:00,2452.42,2455.2,2452.42,2453.32,7537.035
2026-09-05 10:35:00,2453.31,2454.1,2453.31,2453.53,885.074
2026-09-05 10:40:00,2453.54,2453.54,2452.16,2453.1,1405.444
2026-09-05 10:45:00,2453.1,2453.49,2452.91,2453.48,771.938
2026-09-05 10:50:00,2453.48,2453.48,2452.16,2452.16,997.269
2026-09-05 10:55:00,2452.16,2452.17,2451.26,2451.57,1840.818
2026-09-05 11:00:00,2451.57,2451.83,2450.26,2451.41,3150.358
2026-09-05 11:05:00,2451.4,2451.99,2450.12,2450.2,2494.623
2026-09-05 11:10:00,2450.2,2450.47,2449.54,2450.05,2559.088
2026-09-05 11:15:00,2450.06,2451.51,2449.98,2451.0,1874.431
2026-09-05 11:20:00,2451.01,2451.27,2450.89,2451.12,929.188
2026-09-05 11:25:00,2451.12,2451.43,2450.53,2451.38,1335.543
2026-09-05 11:30:00,2451.37,2451.38,2450.99,2450.99,1998.275
2026-09-05 11:35:00,2451.0,2451.0,2449.43,2449.63,4129.825
2026-09-05 11:40:00,2449.63,2450.22,2449.63,2449.98,2354.947
2026-09-05 11:45:00,2449.99,2450.36,2447.28,2449.32,5249.129
2026-09-05 11:50:00,2449.33,2449.72,2448.11,2449.69,2666.526
2026-09-05 11:55:00,2449.69,2449.82,2447.4,2448.01,3053.932
2026-09-05 12:00:00,2448.02,2448.34,2444.57,2445.78,10862.009
2026-09-05 12:05:00,2445.78,2446.21,2443.69,2445.93,9458.433
2026-09-05 12:10:00,2445.93,2449.31,2445.93,2449.08,4786.654
2026-09-05 12:15:00,2449.08,2449.92,2447.82,2448.37,4089.555
2026-09-05 12:20:00,2448.38,2448.83,2447.53,2448.32,1351.374
2026-09-05 12:25:00,2448.31,2449.99,2448.14,2449.98,1620.184
2026-09-05 12:30:00,2449.99,2450.0,2449.3,2449.46,1485.708
2026-09-05 12:35:00,2449.47,2449.76,2449.0,2449.14,1088.148
2026-09-05 12:40:00,2449.14,2451.3,2448.87,2449.0,4563.583
2026-09-05 12:45:00,2449.0,2449.16,2447.73,2447.73,1656.736
2026-09-05 12:50:00,2447.73,2449.99,2447.73,2449.98,3433.195
2026-09-05 12:55:00,2449.99,2450.88,2449.33,2450.04,3585.949
2026-09-05 13:00:00,2450.05,2450.42,2449.34,2450.38,1344.444
2026-09-05 13:05:00,2450.38,2450.39,2449.69,2449.69,2055.946
2026-09-05 13:10:00,2449.68,2451.87,2449.59,2450.8,3805.486
2026-09-05 13:15:00,2450.81,2450.92,2450.07,2450.42,834.21
2026-09-05 13:20:00,2450.42,2451.0,2450.42,2451.0,628.443
2026-09-05 13:25:00,2451.0,2451.0,2450.0,2450.19,1608.996
2026-09-05 13:30:00,2450.19,2451.5,2450.17,2451.5,1436.232
2026-09-05 13:35:00,2451.5,2453.89,2451.06,2453.71,7260.359
2026-09-05 13:40:00,2453.72,2453.72,2451.66,2451.73,4752.179
2026-09-05 13:45:00,2451.73,2451.77,2451.56,2451.76,718.538
2026-09-05 13:50:00,2451.77,2452.33,2451.76,2451.78,1299.16
2026-09-05 13:55:00,2451.78,2452.87,2451.77,2452.47,1167.677
2026-09-05 14:00:00,2452.48,2453.28,2452.33,2453.28,2008.379
2026-09-05 14:05:00,2453.27,2453.74,2452.22,2452.23,4276.77
2026-09-05 14:10:00,2452.22,2454.12,2452.07,2454.11,3575.356
2026-09-05 14:15:00,2454.12,2454.23,2452.52,2452.53,1956.768
2026-09-05 14:20:00,2452.52,2454.11,2452.52,2454.11,1243.356
2026-09-05 14:25:00,2454.11,2457.7,2454.1,2455.81,8654.66
2026-09-05 14:30:00,2455.81,2458.08,2455.04,2458.07,6818.655
2026-09-05 14:35:00,2458.08,2458.31,2456.9,2457.85,6496.969
2026-09-05 14:40:00,2457.84,2457.86,2455.55,2457.14,5092.268
2026-09-05 14:45:00,2457.14,2458.0,2456.6,2456.63,4199.209
2026-09-05 14:50:00,2456.62,2456.95,2456.0,2456.45,3684.427
2026-09-05 14:55:00,2456.45,2457.01,2455.64,2456.23,3765.761
2026-09-05 15:00:00,2456.23,2456.5,2454.19,2454.64,6430.707
2026-09-05 15:05:00,2454.64,2454.92,2453.84,2454.02,2392.902
2026-09-05 15:10:00,2454.02,2455.94,2453.84,2454.0,3660.32
2026-09-05 15:15:00,2454.0,2456.19,2453.99,2454.25,3044.361
2026-09-05 15:20:00,2454.25,2454.85,2453.33,2453.37,1848.89
2026-09-05 15:25:00,2453.37,2454.36,2452.17,2454.22,3578.513
2026-09-05 15:30:00,2454.22,2454.23,2452.13,2452.13,2292.613
2026-09-05 15:35:00,2452.14,2454.46,2452.13,2454.28,1662.164
2026-09-05 15:40:00,2454.28,2454.55,2453.88,2454.28,1919.082
2026-09-05 15:45:00,2454.27,2454.42,2452.73,2452.95,2692.043
2026-09-05 15:50:00,2452.94,2454.38,2452.94,2454.28,1133.893
2026-09-05 15:55:00,2454.28,2455.91,2454.27,2455.64,1780.326
2026-09-05 16:00:00,2455.64,2457.53,2455.46,2457.52,3173.617
2026-09-05 16:05:00,2457.53,2457.63,2456.99,2457.11,2500.124
2026-09-05 16:10:00,2457.1,2459.12,2457.1,2458.09,5658.733
2026-09-05 16:15:00,2458.08,2458.09,2456.57,2456.71,7293.243
2026-09-05 16:20:00,2456.7,2457.58,2456.5,2456.7,2373.775
2026-09-05 16:25:00,2456.69,2457.1,2456.54,2457.1,1125.472
2026-09-05 16:30:00,2457.1,2458.0,2456.71,2457.7,3062.985
2026-09-05 16:35:00,2457.7,2458.42,2457.39,2458.0,3144.334
2026-09-05 16:40:00,2458.0,2459.11,2456.69,2459.1,3854.094
2026-09-05 16:45:00,2459.1,2459.27,2458.22,2458.71,3684.789
2026-09-05 16:50:00,2458.71,2459.26,2458.01,2458.01,2665.213
2026-09-05 16:55:00,2458.01,2458.51,2457.38,2457.56,1757.001
2026-09-05 17:00:00,2457.56,2457.64,2457.3,2457.63,1172.698
2026-09-05 17:05:00,2457.63,2457.63,2456.81,2456.97,1505.178
2026-09-05 17:10:00,2456.98,2457.26,2456.27,2456.27,2082.975
2026-09-05 17:15:00,2456.27,2456.7,2456.04,2456.17,1583.353
2026-09-05 17:20:00,2456.17,2456.17,2453.86,2454.96,7903.942
2026-09-05 17:25:00,2454.96,2455.56,2453.36,2453.51,3564.436
2026-09-05 17:30:00,2453.52,2455.65,2453.47,2455.65,2864.452
2026-09-05 17:35:00,2455.64,2455.65,2452.56,2453.21,5876.98
2026-09-05 17:40:00,2453.21,2454.41,2453.21,2454.27,1907.169
2026-09-05 17:45:00,2454.28,2454.28,2453.4,2453.4,1249.458
2026-09-05 17:50:00,2453.4,2454.43,2452.97,2454.29,1885.334
2026-09-05 17:55:00,2454.28,2454.58,2453.11,2453.11,3095.855
2026-09-05 18:00:00,2453.12,2453.6,2452.8,2453.58,2105.682
2026-09-05 18:05:00,2453.57,2454.14,2452.58,2453.22,3292.952
2026-09-05 18:10:00,2453.23,2454.38,2452.9,2453.2,3119.877
2026-09-05 18:15:00,2453.2,2453.39,2451.74,2452.14,3917.242
2026-09-05 18:20:00,2452.14,2452.14,2452.0,2452.0,889.09
2026-09-05 18:25:00,2452.0,2452.6,2452.0,2452.53,768.188
2026-09-05 18:30:00,2452.53,2452.99,2452.36,2452.99,1491.594
2026-09-05 18:35:00,2452.99,2452.99,2452.81,2452.82,878.602
2026-09-05 18:40:00,2452.82,2453.05,2452.03,2452.6,3216.036
2026-09-05 18:45:00,2452.59,2453.41,2452.1,2453.32,2874.579
2026-09-05 18:50:00,2453.31,2455.2,2452.97,2453.51,4779.718
2026-09-05 18:55:00,2453.52,2453.58,2452.3,2452.6,1657.512
2026-09-05 19:00:00,2452.59,2454.4,2452.59,2454.26,2058.474
2026-09-05 19:05:00,2454.25,2454.4,2454.1,2454.1,1617.326
2026-09-05 19:10:00,2454.1,2454.1,2453.88,2453.97,634.413
2026-09-05 19:15:00,2453.97,2453.97,2453.57,2453.57,1017.041
2026-09-05 19:20:00,2453.57,2453.97,2453.46,2453.96,1215.152
2026-09-05 19:25:00,2453.97,2454.45,2453.47,2453.51,2967.803
2026-09-05 19:30:00,2453.52,2455.58,2452.11,2455.58,5984.546
2026-09-05 19:35:00,2455.58,2457.69,2455.57,2457.26,10585.112
2026-09-05 19:40:00,2457.26,2458.8,2457.19,2458.11,7576.263
2026-09-05 19:45:00,2458.1,2460.99,2457.19,2457.99,14927.695
2026-09-05 19:50:00,2457.99,2458.44,2457.18,2458.43,2707.368
2026-09-05 19:55:00,2458.43,2460.0,2457.48,2457.71,6390.381
2026-09-05 20:00:00,2457.72,2459.32,2457.52,2459.32,3025.648
2026-09-05 20:05:00,2459.32,2460.21,2457.61,2457.62,3920.881
2026-09-05 20:10:00,2457.61,2458.49,2456.77,2458.42,4154.485
2026-09-05 20:15:00,2458.42,2458.69,2456.63,2456.89,3294.739
2026-09-05 20:20:00,2456.89,2461.01,2456.88,2460.12,9596.525
2026-09-05 20:25:00,2460.12,2460.12,2458.51,2458.71,1884.66
2026-09-05 20:30:00,2458.72,2459.47,2457.63,2458.58,3487.322
2026-09-05 20:35:00,2458.58,2458.97,2455.44,2455.79,6547.974
2026-09-05 20:40:00,2455.79,2459.07,2454.6,2455.75,11222.731
2026-09-05 20:45:00,2455.74,2456.52,2455.32,2456.36,2382.586
2026-09-05 20:50:00,2456.36,2456.36,2447.88,2452.2,32354.33
2026-09-05 20:55:00,2452.2,2453.0,2450.93,2452.91,3625.727
2026-09-05 21:00:00,2452.92,2455.08,2452.8,2453.52,5776.133
2026-09-05 21:05:00,2453.52,2454.99,2453.51,2454.71,1814.645
2026-09-05 21:10:00,2454.72,2454.72,2453.83,2453.86,1649.882
2026-09-05 21:15:00,2453.86,2454.19,2453.6,2453.6,1620.257
2026-09-05 21:20:00,2453.6,2454.01,2452.96,2454.0,2421.238
2026-09-05 21:25:00,2454.01,2455.91,2454.0,2455.9,1836.377
2026-09-05 21:30:00,2455.9,2456.82,2455.9,2456.65,1913.779
2026-09-05 21:35:00,2456.64,2456.75,2456.01,2456.7,1423.382
2026-09-05 21:40:00,2456.7,2456.83,2454.78,2455.13,3110.602
2026-09-05 21:45:00,2455.13,2456.08,2454.12,2455.29,2249.933
2026-09-05 21:50:00,2455.29,2457.36,2455.29,2457.12,1892.419
2026-09-05 21:55:00,2457.13,2457.7,2456.11,2456.11,2792.854
2026-09-05 22:00:00,2456.12,2456.72,2455.47,2456.34,2023.157
2026-09-05 22:05:00,2456.35,2458.35,2456.34,2456.56,3951.805
2026-09-05 22:10:00,2456.57,2458.68,2456.56,2458.01,3671.066
2026-09-05 22:15:00,2458.02,2458.02,2454.52,2454.77,6021.009
2026-09-05 22:20:00,2454.77,2458.42,2454.77,2457.77,6545.402
2026-09-05 22:25:00,2457.77,2458.92,2456.36,2456.37,3900.921
2026-09-05 22:30:00,2456.36,2457.84,2456.36,2457.7,994.699
2026-09-05 22:35:00,2457.71,2457.71,2456.84,2457.42,1924.611
2026-09-05 22:40:00,2457.41,2458.59,2457.29,2457.31,2212.577
2026-09-05 22:45:00,2457.32,2458.31,2457.12,2457.76,1436.782
2026-09-05 22:50:00,2457.76,2458.19,2457.02,2457.53,1654.561
2026-09-05 22:55:00,2457.53,2458.89,2457.52,2458.65,2186.984
2026-09-05 23:00:00,2458.66,2459.45,2458.23,2459.32,2773.746
2026-09-05 23:05:00,2459.33,2459.4,2457.7,2458.53,2444.505
2026-09-05 23:10:00,2458.52,2459.09,2457.84,2458.39,1906.14
2026-09-05 23:15:00,2458.38,2459.17,2458.38,2459.04,1641.437
2026-09-05 23:20:00,2459.03,2460.64,2459.03,2460.6,6530.823
2026-09-05 23:25:00,2460.6,2462.7,2460.42,2462.4,7909.366
2026-09-05 23:30:00,2462.41,2469.24,2462.41,2467.24,35626.131
2026-09-05 23:35:00,2467.24,2467.24,2464.94,2464.94,9324.471
2026-09-05 23:40:00,2464.94,2466.54,2464.8,2465.23,7317.935
2026-09-05 23:45:00,2465.23,2473.0,2465.2,2470.36,24199.129
2026-09-05 23:50:00,2470.36,2473.67,2468.51,2472.21,24891.493
2026-09-05 23:55:00,2472.22,2473.35,2468.63,2470.06,22364.412
2026-09-06 00:00:00,2470.06,2484.66,2469.8,2474.17,62962.345
2026-09-06 00:05:00,2474.18,2480.35,2473.73,2478.65,19885.995
2026-09-06 00:10:00,2478.65,2479.88,2476.94,2479.47,16230.424
2026-09-06 00:15:00,2479.47,2480.52,2476.0,2476.52,14342.096
2026-09-06 00:20:00,2476.52,2479.14,2476.48,2477.93,5313.191
2026-09-06 00:25:00,2477.92,2480.58,2475.0,2477.02,15078.074
2026-09-06 00:30:00,2477.03,2484.98,2477.02,2478.63,13155.163
2026-09-06 00:35:00,2478.62,2478.8,2474.08,2474.36,11229.266
2026-09-06 00:40:00,2474.35,2477.25,2474.3,2475.93,4851.258
2026-09-06 00:45:00,2475.93,2478.01,2475.56,2477.6,7312.567
2026-09-06 00:50:00,2477.6,2479.0,2477.3,2478.41,3439.841
2026-09-06 00:55:00,2478.42,2481.25,2477.26,2480.13,9948.49
2026-09-06 01:00:00,2480.13,2481.39,2477.5,2478.38,8654.754
2026-09-06 01:05:00,2478.38,2480.25,2477.29,2477.57,4394.393
2026-09-06 01:10:00,2477.57,2478.43,2476.58,2477.63,3658.381
2026-09-06 01:15:00,2477.63,2478.33,2475.84,2477.8,4469.379
2026-09-06 01:20:00,2477.8,2478.5,2476.96,2477.12,4108.411
2026-09-06 01:25:00,2477.12,2477.65,2475.34,2475.44,3441.931
2026-09-06 01:30:00,2475.45,2478.99,2475.44,2476.95,3992.654
2026-09-06 01:35:00,2476.94,2477.16,2475.9,2476.24,2056.227
2026-09-06 01:40:00,2476.23,2477.55,2475.06,2476.94,4090.505
2026-09-06 01:45:00,2476.94,2477.0,2475.69,2475.92,1915.873
2026-09-06 01:50:00,2475.91,2477.63,2475.12,2477.36,3711.447
2026-09-06 01:55:00,2477.36,2479.58,2477.08,2479.49,5902.056
2026-09-06 02:00:00,2479.49,2479.5,2474.92,2475.46,6294.874
2026-09-06 02:05:00,2475.47,2478.47,2475.46,2477.22,4219.627
2026-09-06 02:10:00,2477.21,2478.61,2477.05,2477.05,2168.825
2026-09-06 02:15:00,2477.06,2478.2,2477.05,2477.99,1505.027
2026-09-06 02:20:00,2477.99,2479.84,2476.31,2479.84,6266.808
2026-09-06 02:25:00,2479.84,2481.66,2478.77,2478.81,5934.875
2026-09-06 02:30:00,2478.82,2480.5,2476.01,2476.03,4276.615
2026-09-06 02:35:00,2476.03,2477.66,2472.38,2472.59,14710.689
2026-09-06 02:40:00,2472.59,2476.45,2472.59,2476.29,6041.564
2026-09-06 02:45:00,2476.3,2476.8,2472.6,2472.73,6597.643
2026-09-06 02:50:00,2472.74,2475.16,2471.69,2473.47,10790.524
2026-09-06 02:55:00,2473.48,2477.95,2473.47,2476.54,13968.705
2026-09-06 03:00:00,2476.55,2477.94,2474.38,2474.39,6139.707
2026-09-06 03:05:00,2474.38,2478.49,2474.38,2476.64,6255.689
2026-09-06 03:10:00,2476.63,2482.88,2476.63,2478.31,15526.768
2026-09-06 03:15:00,2478.31,2478.32,2474.01,2474.73,3418.025
2026-09-06 03:20:00,2474.73,2477.25,2474.32,2476.85,3150.455
2026-09-06 03:25:00,2476.85,2478.77,2475.65,2475.71,7399.623
2026-09-06 03:30:00,2475.71,2476.48,2474.21,2474.55,2939.493
2026-09-06 03:35:00,2474.55,2478.38,2474.01,2476.3,7991.491
2026-09-06 03:40:00,2476.31,2478.75,2476.07,2478.74,3965.416
2026-09-06 03:45:00,2478.74,2479.6,2478.22,2478.85,3554.963
2026-09-06 03:50:00,2478.86,2479.6,2475.52,2476.37,4693.166
2026-09-06 03:55:00,2476.37,2477.36,2475.89,2476.49,1970.212
2026-09-06 04:00:00,2476.5,2477.16,2476.08,2476.09,1892.681
2026-09-06 04:05:00,2476.1,2477.34,2475.49,2476.78,1308.62
2026-09-06 04:10:00,2476.78,2477.33,2475.91,2476.33,1470.23
2026-09-06 04:15:00,2476.34,2478.0,2475.89,2478.0,1456.051
2026-09-06 04:20:00,2478.01,2480.48,2478.01,2479.51,3541.615
2026-09-06 04:25:00,2479.5,2481.0,2479.18,2480.33,3220.079
2026-09-06 04:30:00,2480.32,2481.84,2479.92,2480.14,1850.895
2026-09-06 04:35:00,2480.14,2482.83,2479.71,2482.83,2862.238
2026-09-06 04:40:00,2482.82,2492.58,2481.79,2490.17,26268.551
2026-09-06 04:45:00,2490.16,2490.43,2487.52,2489.72,10561.725
2026-09-06 04:50:00,2489.73,2490.42,2487.44,2487.44,3967.297
2026-09-06 04:55:00,2487.45,2489.46,2487.02,2487.97,3840.347
2026-09-06 05:00:00,2487.98,2490.0,2486.11,2486.54,5542.287
2026-09-06 05:05:00,2486.55,2487.42,2482.83,2483.72,5163.133
2026-09-06 05:10:00,2483.72,2487.41,2483.72,2486.32,4251.866
2026-09-06 05:15:00,2486.32,2487.51,2484.83,2484.84,3428.25
2026-09-06 05:20:00,2484.83,2484.89,2481.72,2482.67,3731.534
2026-09-06 05:25:00,2482.68,2482.68,2477.75,2479.65,8474.507
2026-09-06 05:30:00,2479.65,2484.31,2479.65,2482.38,13620.461
2026-09-06 05:35:00,2482.37,2482.38,2481.12,2482.37,1462.543
2026-09-06 05:40:00,2482.36,2482.36,2480.67,2481.0,3785.915
2026-09-06 05:45:00,2481.0,2481.27,2479.02,2479.25,2306.867
2026-09-06 05:50:00,2479.25,2481.0,2478.98,2480.12,2451.986
2026-09-06 05:55:00,2480.12,2481.0,2479.55,2479.93,3299.941
2026-09-06 06:00:00,2479.92,2480.03,2478.38,2478.38,1544.587
2026-09-06 06:05:00,2478.38,2479.43,2477.03,2478.79,2664.935
2026-09-06 06:10:00,2478.79,2478.79,2477.55,2477.92,1534.001
2026-09-06 06:15:00,2477.92,2479.76,2477.11,2479.76,2169.545
2026-09-06 06:20:00,2479.77,2481.24,2478.19,2478.28,4110.8
2026-09-06 06:25:00,2478.29,2480.51,2478.27,2479.87,2900.942
2026-09-06 06:30:00,2479.87,2482.62,2479.87,2482.49,3712.61
2026-09-06 06:35:00,2482.48,2482.77,2476.37,2479.76,8666.055
2026-09-06 06:40:00,2479.76,2480.89,2478.16,2479.86,6223.708
2026-09-06 06:45:00,2479.86,2481.39,2478.7,2480.01,6435.153
2026-09-06 06:50:00,2480.0,2482.68,2479.66,2481.92,3745.114
2026-09-06 06:55:00,2481.92,2481.92,2478.12,2479.17,3999.749
2026-09-06 07:00:00,2479.18,2479.7,2478.13,2478.95,2372.143
2026-09-06 07:05:00,2478.96,2479.57,2478.28,2479.57,2310.531
2026-09-06 07:10:00,2479.56,2480.76,2479.2,2480.73,2612.279
2026-09-06 07:15:00,2480.72,2481.34,2480.47,2480.99,1810.233
2026-09-06 07:20:00,2481.0,2482.32,2480.99,2482.32,1957.502
2026-09-06 07:25:00,2482.32,2487.55,2482.31,2486.0,7049.585
2026-09-06 07:30:00,2486.0,2487.81,2484.28,2485.58,3975.487
2026-09-06 07:35:00,2485.59,2487.59,2484.63,2486.52,6643.523
2026-09-06 07:40:00,2486.51,2489.27,2485.79,2486.5,4536.535
2026-09-06 07:45:00,2486.5,2488.0,2485.64,2488.0,5999.556
2026-09-06 07:50:00,2487.99,2490.48,2486.62,2488.3,7249.068
2026-09-06 07:55:00,2488.31,2491.64,2488.3,2489.03,8171.707
2026-09-06 08:00:00,2489.02,2498.33,2488.01,2493.0,23702.461
2026-09-06 08:05:00,2493.0,2496.73,2491.41,2493.81,13210.333
2026-09-06 08:10:00,2493.8,2498.67,2493.0,2496.24,14775.144
2026-09-06 08:15:00,2496.23,2496.27,2492.68,2492.81,7936.176
2026-09-06 08:20:00,2492.81,2494.34,2490.0,2492.4,8656.581
2026-09-06 08:25:00,2492.4,2493.55,2491.29,2492.64,3201.475
2026-09-06 08:30:00,2492.63,2495.77,2492.51,2495.7,4858.282
2026-09-06 08:35:00,2495.7,2507.2,2495.69,2505.99,33588.223
2026-09-06 08:40:00,2505.99,2506.99,2499.8,2500.66,17151.269
2026-09-06 08:45:00,2500.66,2503.63,2499.45,2501.65,11726.102
2026-09-06 08:50:00,2501.65,2506.28,2501.04,2502.27,13076.769
2026-09-06 08:55:00,2502.27,2506.43,2501.81,2504.67,11175.039
2026-09-06 09:00:00,2504.66,2510.41,2500.17,2502.35,24321.128
2026-09-06 09:05:00,2502.34,2508.9,2502.34,2507.46,9915.96
2026-09-06 09:10:00,2507.47,2508.01,2505.0,2506.3,12761.308
2026-09-06 09:15:00,2506.3,2507.03,2501.53,2502.09,12580.985
2026-09-06 09:20:00,2502.09,2502.35,2500.3,2500.91,7741.65
2026-09-06 09:25:00,2500.9,2502.26,2500.32,2500.88,4417.101
2026-09-06 09:30:00,2500.88,2503.03,2500.76,2502.84,3761.665
2026-09-06 09:35:00,2502.83,2502.91,2499.17,2502.9,8415.414
2026-09-06 09:40:00,2502.9,2503.72,2500.64,2501.28,5101.85
2026-09-06 09:45:00,2501.27,2502.11,2500.39,2500.64,3466.607
2026-09-06 09:50:00,2500.65,2501.54,2500.0,2501.34,3774.502
2026-09-06 09:55:00,2501.34,2502.9,2500.97,2502.32,3629.393
2026-09-06 10:00:00,2502.31,2502.68,2500.29,2502.02,3594.413
2026-09-06 10:05:00,2502.02,2502.24,2501.27,2502.13,2331.419
2026-09-06 10:10:00,2502.13,2504.65,2502.13,2504.5,3318.935
2026-09-06 10:15:00,2504.51,2506.14,2504.0,2504.54,12038.858
2026-09-06 10:20:00,2504.55,2504.85,2503.0,2504.32,4175.481
2026-09-06 10:25:00,2504.32,2504.32,2499.04,2500.61,8940.443
2026-09-06 10:30:00,2500.6,2503.8,2500.6,2502.14,8962.911
2026-09-06 10:35:00,2502.15,2509.19,2502.05,2508.37,13295.128
2026-09-06 10:40:00,2508.37,2513.64,2508.28,2511.77,22973.085
2026-09-06 10:45:00,2511.77,2513.26,2506.38,2506.86,15048.559
2026-09-06 10:50:00,2506.86,2509.9,2506.0,2509.0,5944.96
2026-09-06 10:55:00,2509.0,2510.0,2507.8,2508.57,2780.771
2026-09-06 11:00:00,2508.57,2509.0,2506.81,2507.75,3752.675
2026-09-06 11:05:00,2507.75,2508.45,2505.48,2506.45,4199.207
2026-09-06 11:10:00,2506.44,2507.76,2505.88,2506.04,2431.337
2026-09-06 11:15:00,2506.05,2507.01,2504.3,2504.42,4767.552
2026-09-06 11:20:00,2504.42,2504.43,2496.99,2500.13,16741.599
2026-09-06 11:25:00,2500.14,2502.1,2499.11,2502.0,5937.809
2026-09-06 11:30:00,2502.0,2502.1,2500.36,2500.85,3630.835
2026-09-06 11:35:00,2500.86,2501.8,2500.22,2500.53,3509.955
2026-09-06 11:40:00,2500.54,2503.08,2500.54,2502.85,5006.624
2026-09-06 11:45:00,2502.85,2504.73,2502.84,2503.35,6100.397
2026-09-06 11:50:00,2503.36,2503.8,2501.01,2502.74,3997.995
2026-09-06 11:55:00,2502.74,2503.49,2502.19,2503.24,3413.661
2026-09-06 12:00:00,2503.24,2504.77,2501.89,2503.44,4720.98
2026-09-06 12:05:00,2503.43,2505.03,2503.43,2504.01,4596.707
2026-09-06 12:10:00,2504.0,2504.01,2500.83,2501.2,4354.898
2026-09-06 12:15:00,2501.21,2501.85,2500.0,2501.05,6074.14
2026-09-06 12:20:00,2501.05,2504.46,2500.47,2504.45,4201.287
2026-09-06 12:25:00,2504.45,2505.94,2502.4,2503.95,8976.438
2026-09-06 12:30:00,2503.96,2509.79,2503.96,2509.14,10647.284
2026-09-06 12:35:00,2509.14,2523.52,2509.14,2522.12,61656.44
2026-09-06 12:40:00,2522.11,2523.37,2512.67,2514.98,28100.375
2026-09-06 12:45:00,2514.99,2516.53,2512.08,2513.84,9509.362
2026-09-06 12:50:00,2513.85,2515.24,2512.88,2512.89,6011.241
2026-09-06 12:55:00,2512.89,2513.99,2509.7,2512.43,5938.958
2026-09-06 13:00:00,2512.43,2512.59,2509.7,2510.78,3374.482
2026-09-06 13:05:00,2510.78,2510.78,2509.37,2509.37,2195.993
2026-09-06 13:10:00,2509.37,2511.25,2508.2,2508.43,6598.015
2026-09-06 13:15:00,2508.43,2509.12,2506.55,2507.82,4122.574
2026-09-06 13:20:00,2507.82,2507.82,2504.55,2505.35,7815.553
2026-09-06 13:25:00,2505.34,2506.27,2504.88,2505.31,4846.593
2026-09-06 13:30:00,2505.32,2506.85,2503.89,2505.34,8210.304
2026-09-06 13:35:00,2505.35,2507.09,2505.2,2506.68,3658.481
2026-09-06 13:40:00,2506.68,2507.57,2505.08,2507.56,4957.207
2026-09-06 13:45:00,2507.55,2507.85,2502.0,2504.74,15641.287
2026-09-06 13:50:00,2504.73,2506.61,2503.94,2506.61,5437.598
2026-09-06 13:55:00,2506.61,2506.61,2504.2,2504.63,4232.666
2026-09-06 14:00:00,2504.62,2506.22,2504.0,2504.96,3593.481
2026-09-06 14:05:00,2504.97,2506.5,2502.5,2502.67,5733.461
2026-09-06 14:10:00,2502.67,2503.64,2477.77,2488.48,105593.954
2026-09-06 14:15:00,2488.48,2496.49,2488.48,2496.12,27456.266
2026-09-06 14:20:00,2496.11,2498.51,2493.69,2493.89,14906.799
2026-09-06 14:25:00,2493.9,2496.48,2493.57,2494.47,7777.464
2026-09-06 14:30:00,2494.47,2494.88,2491.51,2492.26,11513.242
2026-09-06 14:35:00,2492.25,2493.35,2491.0,2492.99,8363.507
2026-09-06 14:40:00,2492.99,2495.45,2492.84,2494.82,5205.166
2026-09-06 14:45:00,2494.83,2495.0,2494.04,2494.33,3099.886
2026-09-06 14:50:00,2494.34,2495.0,2493.53,2495.0,3164.679
2026-09-06 14:55:00,2494.99,2496.63,2494.99,2495.61,4872.199
2026-09-06 15:00:00,2495.6,2496.42,2493.74,2495.99,4529.981
2026-09-06 15:05:00,2496.0,2497.85,2495.5,2497.07,3982.341
2026-09-06 15:10:00,2497.07,2499.2,2496.12,2497.44,14018.207
2026-09-06 15:15:00,2497.43,2498.0,2495.77,2497.1,3132.981
2026-09-06 15:20:00,2497.1,2497.1,2494.21,2494.72,3106.585
2026-09-06 15:25:00,2494.73,2494.73,2493.67,2493.68,2504.031
2026-09-06 15:30:00,2493.68,2493.68,2492.57,2493.01,4561.925
2026-09-06 15:35:00,2493.01,2493.02,2491.55,2492.01,4261.467
2026-09-06 15:40:00,2492.01,2493.16,2491.16,2492.74,3067.973
2026-09-06 15:45:00,2492.74,2492.74,2490.6,2491.2,3927.104
2026-09-06 15:50:00,2491.2,2494.5,2490.82,2494.5,5032.287
2026-09-06 15:55:00,2494.5,2496.37,2493.24,2494.37,5011.869
2026-09-06 16:00:00,2494.37,2495.89,2492.7,2495.36,5884.847
2026-09-06 16:05:00,2495.37,2496.1,2495.0,2496.1,1547.794
2026-09-06 16:10:00,2496.1,2498.15,2494.85,2497.94,7898.843
2026-09-06 16:15:00,2497.94,2500.63,2497.0,2499.17,12879.752
2026-09-06 16:20:00,2499.17,2502.86,2499.16,2501.08,10605.878
2026-09-06 16:25:00,2501.07,2501.59,2499.67,2500.92,6226.075
2026-09-06 16:30:00,2500.91,2502.31,2500.21,2500.38,8570.27
2026-09-06 16:35:00,2500.37,2501.0,2495.4,2496.71,7518.603
2026-09-06 16:40:00,2496.72,2497.22,2492.29,2494.99,5974.115
2026-09-06 16:45:00,2494.99,2495.9,2494.43,2495.4,2701.548
2026-09-06 16:50:00,2495.41,2497.02,2495.26,2496.65,3371.3
2026-09-06 16:55:00,2496.64,2498.45,2496.44,2497.99,3782.213
2026-09-06 17:00:00,2497.99,2499.9,2497.58,2497.58,6498.654
2026-09-06 17:05:00,2497.58,2501.85,2497.58,2499.54,8301.723
2026-09-06 17:10:00,2499.53,2499.6,2497.41,2497.54,2741.407
2026-09-06 17:15:00,2497.53,2499.2,2497.39,2498.51,4088.57
2026-09-06 17:20:00,2498.5,2499.15,2497.14,2498.22,3565.354
2026-09-06 17:25:00,2498.21,2498.53,2496.7,2497.04,3118.463
2026-09-06 17:30:00,2497.04,2497.56,2496.36,2497.5,2579.941
2026-09-06 17:35:00,2497.49,2498.2,2496.64,2497.72,2583.75
2026-09-06 17:40:00,2497.71,2499.66,2497.54,2499.66,2832.992
2026-09-06 17:45:00,2499.65,2499.65,2498.73,2499.46,3648.936
2026-09-06 17:50:00,2499.46,2500.11,2498.06,2500.01,3604.966
2026-09-06 17:55:00,2500.0,2501.42,2499.48,2500.52,3936.881
2026-09-06 18:00:00,2500.52,2501.71,2498.96,2500.64,3463.645
2026-09-06 18:05:00,2500.63,2503.46,2500.16,2500.24,4253.539
2026-09-06 18:10:00,2500.25,2502.07,2498.33,2501.48,5060.989
2026-09-06 18:15:00,2501.48,2502.9,2501.03,2502.86,3252.679
2026-09-06 18:20:00,2502.86,2503.0,2500.27,2501.65,4284.639
2026-09-06 18:25:00,2501.65,2501.99,2499.22,2499.38,5939.555
2026-09-06 18:30:00,2499.37,2501.57,2498.66,2501.56,2184.701
2026-09-06 18:35:00,2501.56,2501.57,2498.77,2499.0,3861.946
2026-09-06 18:40:00,2499.01,2501.22,2498.76,2501.14,5006.543
2026-09-06 18:45:00,2501.15,2502.0,2499.25,2501.62,4399.242
2026-09-06 18:50:00,2501.61,2501.62,2499.95,2500.32,1467.788
2026-09-06 18:55:00,2500.32,2500.92,2499.95,2500.62,1191.312
2026-09-06 19:00:00,2500.62,2500.97,2499.23,2499.25,1429.555
2026-09-06 19:05:00,2499.25,2500.57,2498.38,2500.42,3204.695
2026-09-06 19:10:00,2500.41,2502.33,2498.39,2502.33,5233.063
2026-09-06 19:15:00,2502.33,2504.4,2501.64,2501.92,5740.887
2026-09-06 19:20:00,2501.92,2503.88,2501.16,2502.05,2781.865
2026-09-06 19:25:00,2502.06,2502.83,2500.16,2500.63,4059.78
2026-09-06 19:30:00,2500.62,2503.49,2500.62,2502.71,5392.351
2026-09-06 19:35:00,2502.72,2503.51,2500.56,2501.91,4002.66
2026-09-06 19:40:00,2501.92,2502.1,2498.55,2498.6,7950.163
2026-09-06 19:45:00,2498.6,2499.36,2496.06,2497.93,6748.781
2026-09-06 19:50:00,2497.92,2500.91,2497.68,2500.9,2309.694
2026-09-06 19:55:00,2500.91,2502.21,2498.64,2499.45,4299.693
2026-09-06 20:00:00,2499.45,2499.71,2495.23,2496.44,6703.154
2026-09-06 20:05:00,2496.44,2499.76,2496.17,2498.1,4919.068
2026-09-06 20:10:00,2498.1,2498.41,2496.04,2496.23,1964.744
2026-09-06 20:15:00,2496.23,2496.3,2492.28,2492.9,10021.352
2026-09-06 20:20:00,2492.9,2493.18,2491.2,2491.49,10263.745
2026-09-06 20:25:00,2491.49,2493.0,2490.32,2490.39,7983.122
2026-09-06 20:30:00,2490.4,2491.25,2482.46,2486.8,37919.991
2026-09-06 20:35:00,2486.8,2493.22,2486.34,2490.51,23573.816
2026-09-06 20:40:00,2490.5,2492.76,2490.33,2491.65,6119.566
2026-09-06 20:45:00,2491.65,2493.89,2490.94,2491.72,7312.226
2026-09-06 20:50:00,2491.72,2494.44,2491.71,2493.14,4805.997
2026-09-06 20:55:00,2493.13,2494.79,2492.62,2493.61,6194.23
2026-09-06 21:00:00,2493.6,2493.94,2491.0,2492.15,5144.071
2026-09-06 21:05:00,2492.14,2492.31,2488.61,2488.61,7041.609
2026-09-06 21:10:00,2488.62,2489.39,2486.4,2487.02,9526.723
2026-09-06 21:15:00,2487.02,2487.8,2470.84,2484.64,62475.755
2026-09-06 21:20:00,2484.64,2484.64,2476.02,2480.49,33430.053
2026-09-06 21:25:00,2480.48,2483.12,2480.1,2480.81,10708.387
2026-09-06 21:30:00,2480.81,2480.82,2459.0,2476.43,88876.137
2026-09-06 21:35:00,2476.44,2480.89,2475.86,2480.89,26999.153
2026-09-06 21:40:00,2480.89,2484.68,2480.27,2483.91,16528.424
2026-09-06 21:45:00,2483.91,2483.91,2476.28,2481.97,16867.112
2026-09-06 21:50:00,2481.98,2484.62,2481.82,2482.79,8912.586
2026-09-06 21:55:00,2482.78,2482.8,2476.71,2477.18,23338.673
2026-09-06 22:00:00,2477.18,2477.3,2468.51,2476.29,27084.536
2026-09-06 22:05:00,2476.29,2477.77,2473.5,2474.77,10294.971
2026-09-06 22:10:00,2474.78,2477.07,2473.82,2475.8,3847.466
2026-09-06 22:15:00,2475.8,2478.55,2475.5,2477.48,10998.113
2026-09-06 22:20:00,2477.47,2479.95,2476.95,2478.1,5281.319
2026-09-06 22:25:00,2478.11,2478.48,2477.16,2477.83,3223.264
2026-09-06 22:30:00,2477.83,2478.6,2474.7,2477.23,4113.601
2026-09-06 22:35:00,2477.22,2480.8,2475.12,2479.32,5986.234
2026-09-06 22:40:00,2479.31,2480.5,2479.07,2479.87,4574.99
2026-09-06 22:45:00,2479.87,2480.44,2478.77,2478.91,7423.3
2026-09-06 22:50:00,2478.9,2481.51,2478.16,2478.16,6565.75
2026-09-06 22:55:00,2478.17,2478.99,2478.0,2478.43,2269.876
2026-09-06 23:00:00,2478.43,2479.27,2474.85,2474.85,7298.584
2026-09-06 23:05:00,2474.85,2477.97,2473.94,2476.2,8554.148
2026-09-06 23:10:00,2476.2,2482.46,2476.19,2481.49,9486.321
2026-09-06 23:15:00,2481.49,2482.21,2480.45,2481.25,3413.805
2026-09-06 23:20:00,2481.26,2481.26,2477.98,2477.98,4193.318
2026-09-06 23:25:00,2477.99,2481.89,2477.3,2481.82,6519.371
2026-09-06 23:30:00,2481.82,2486.88,2480.0,2485.28,13767.776
2026-09-06 23:35:00,2485.29,2485.58,2482.0,2483.99,6501.12
2026-09-06 23:40:00,2483.99,2484.96,2482.27,2482.86,3147.584
2026-09-06 23:45:00,2482.87,2482.87,2481.2,2481.2,1835.452
2026-09-06 23:50:00,2481.2,2482.98,2481.2,2481.78,2146.46
2026-09-06 23:55:00,2481.79,2483.76,2480.7,2483.33,3796.895
2026-09-07 00:00:00,2483.33,2483.86,2482.06,2482.29,3142.674
2026-09-07 00:05:00,2482.28,2484.9,2479.12,2481.48,9005.987
2026-09-07 00:10:00,2481.48,2484.6,2481.32,2484.25,6410.459
2026-09-07 00:15:00,2484.26,2487.67,2484.25,2487.67,6707.319
2026-09-07 00:20:00,2487.67,2492.37,2487.02,2490.48,23273.931
2026-09-07 00:25:00,2490.48,2493.96,2488.24,2488.29,8749.631
2026-09-07 00:30:00,2488.29,2491.9,2486.73,2489.29,8176.727
2026-09-07 00:35:00,2489.3,2493.36,2489.23,2492.14,5027.987
2026-09-07 00:40:00,2492.14,2492.15,2490.23,2491.68,5041.814
2026-09-07 00:45:00,2491.68,2492.0,2490.15,2491.58,4196.847
2026-09-07 00:50:00,2491.59,2491.94,2490.15,2490.27,3330.755
2026-09-07 00:55:00,2490.26,2492.74,2489.68,2490.16,7317.196
2026-09-07 01:00:00,2490.17,2492.73,2490.16,2492.12,2983.235
2026-09-07 01:05:00,2492.12,2493.9,2491.9,2492.44,3623.597
2026-09-07 01:10:00,2492.44,2493.62,2492.0,2492.58,1867.766
2026-09-07 01:15:00,2492.58,2493.85,2491.92,2492.62,2085.124
2026-09-07 01:20:00,2492.62,2494.58,2492.39,2493.48,3596.687
2026-09-07 01:25:00,2493.49,2496.87,2493.3,2494.63,7249.97
2026-09-07 01:30:00,2494.63,2499.5,2494.63,2495.88,10194.667
2026-09-07 01:35:00,2495.89,2497.49,2495.3,2496.19,2927.038
2026-09-07 01:40:00,2496.2,2498.42,2495.83,2496.74,6935.606
2026-09-07 01:45:00,2496.74,2496.75,2492.39,2493.96,9262.133
2026-09-07 01:50:00,2493.96,2495.0,2492.4,2493.08,2288.822
2026-09-07 01:55:00,2493.08,2494.18,2492.23,2493.14,6018.429
2026-09-07 02:00:00,2493.14,2493.45,2491.26,2491.54,2533.442
2026-09-07 02:05:00,2491.54,2492.0,2490.6,2490.69,3302.08
2026-09-07 02:10:00,2490.69,2491.42,2490.37,2490.5,2145.772
2026-09-07 02:15:00,2490.5,2491.27,2489.28,2489.52,3144.942
2026-09-07 02:20:00,2489.51,2491.42,2488.78,2491.42,6324.95
2026-09-07 02:25:00,2491.41,2492.33,2490.36,2491.11,3312.935
2026-09-07 02:30:00,2491.11,2491.32,2489.75,2490.07,1922.356
2026-09-07 02:35:00,2490.06,2490.1,2489.01,2489.02,1552.112
2026-09-07 02:40:00,2489.01,2489.69,2488.89,2489.48,2041.699
2026-09-07 02:45:00,2489.49,2490.0,2488.72,2489.48,1904.715
2026-09-07 02:50:00,2489.47,2489.88,2488.92,2489.52,1480.088
2026-09-07 02:55:00,2489.52,2489.68,2488.65,2489.64,2402.739
2026-09-07 03:00:00,2489.64,2490.17,2488.5,2488.84,2860.301
2026-09-07 03:05:00,2488.84,2489.68,2487.6,2487.94,4135.619
2026-09-07 03:10:00,2487.93,2492.04,2487.9,2491.47,5932.612
2026-09-07 03:15:00,2491.47,2491.87,2490.36,2491.49,4141.955
2026-09-07 03:20:00,2491.48,2495.92,2491.48,2494.57,9183.096
2026-09-07 03:25:00,2494.56,2496.63,2494.56,2495.12,3395.628
2026-09-07 03:30:00,2495.11,2496.44,2494.86,2495.29,3236.27
2026-09-07 03:35:00,2495.28,2496.37,2493.59,2495.21,3452.965
2026-09-07 03:40:00,2495.21,2496.0,2493.8,2496.0,2693.452
2026-09-07 03:45:00,2496.0,2498.64,2495.99,2498.19,7338.293
2026-09-07 03:50:00,2498.17,2499.32,2496.9,2497.47,7063.836
2026-09-07 03:55:00,2497.47,2498.52,2497.23,2498.52,1892.634
2026-09-07 04:00:00,2498.52,2503.78,2498.49,2503.62,14499.524
2026-09-07 04:05:00,2503.63,2512.5,2502.02,2510.92,35310.786
2026-09-07 04:10:00,2510.92,2512.91,2506.89,2510.04,11988.002
2026-09-07 04:15:00,2510.03,2514.9,2508.51,2512.85,12656.424
2026-09-07 04:20:00,2512.86,2513.9,2508.19,2509.92,8518.282
2026-09-07 04:25:00,2509.92,2510.76,2504.49,2505.05,8179.068
2026-09-07 04:30:00,2505.05,2505.88,2503.17,2504.37,4589.097
2026-09-07 04:35:00,2504.37,2508.11,2504.28,2505.96,3783.711
2026-09-07 04:40:00,2505.95,2509.77,2504.88,2506.21,3831.143
2026-09-07 04:45:00,2506.22,2511.13,2506.22,2508.4,3855.986
2026-09-07 04:50:00,2508.41,2508.99,2504.94,2506.44,6091.6
2026-09-07 04:55:00,2506.44,2507.46,2505.0,2507.2,7605.291
2026-09-07 05:00:00,2507.2,2507.43,2500.34,2501.79,8769.384
2026-09-07 05:05:00,2501.79,2504.61,2495.26,2495.8,15105.594
2026-09-07 05:10:00,2495.81,2498.36,2494.34,2496.84,11362.647
2026-09-07 05:15:00,2496.85,2498.15,2485.57,2491.26,20399.809
2026-09-07 05:20:00,2491.26,2495.85,2491.0,2495.28,6880.003
2026-09-07 05:25:00,2495.29,2499.03,2495.28,2497.89,7157.183
2026-09-07 05:30:00,2497.88,2504.25,2497.67,2504.25,8111.161
2026-09-07 05:35:00,2504.25,2506.63,2502.31,2503.77,10115.9
2026-09-07 05:40:00,2503.76,2505.97,2503.66,2505.53,5425.659
2026-09-07 05:45:00,2505.53,2507.33,2503.8,2505.87,5464.176
2026-09-07 05:50:00,2505.86,2507.34,2504.15,2507.2,5438.277
2026-09-07 05:55:00,2507.19,2509.81,2506.3,2506.97,6357.302
2026-09-07 06:00:00,2506.97,2515.78,2505.55,2510.6,18334.84
2026-09-07 06:05:00,2510.61,2511.71,2507.36,2509.91,7549.473
2026-09-07 06:10:00,2509.91,2510.73,2508.61,2509.31,5165.737
2026-09-07 06:15:00,2509.31,2514.13,2507.8,2512.52,7446.861
2026-09-07 06:20:00,2512.52,2512.8,2509.74,2510.35,5581.82
2026-09-07 06:25:00,2510.35,2512.92,2508.47,2511.6,4413.833
2026-09-07 06:30:00,2511.6,2515.66,2511.23,2515.66,8021.929
2026-09-07 06:35:00,2515.65,2521.47,2515.65,2519.79,29796.204
2026-09-07 06:40:00,2519.79,2521.93,2515.0,2519.27,23368.61
2026-09-07 06:45:00,2519.27,2525.77,2518.36,2520.03,31561.81
2026-09-07 06:50:00,2520.02,2521.09,2514.18,2514.29,14000.585
2026-09-07 06:55:00,2514.3,2515.02,2511.13,2513.47,11024.025
2026-09-07 07:00:00,2513.47,2514.24,2508.63,2510.58,16631.477
2026-09-07 07:05:00,2510.59,2516.48,2510.0,2514.84,11136.852
2026-09-07 07:10:00,2514.84,2517.02,2514.16,2514.6,5143.795
2026-09-07 07:15:00,2514.6,2514.61,2508.08,2509.63,10067.348
2026-09-07 07:20:00,2509.63,2515.59,2508.09,2513.29,6663.374
2026-09-07 07:25:00,2513.28,2517.37,2512.2,2516.9,6316.378
2026-09-07 07:30:00,2516.9,2521.63,2512.12,2513.33,12854.811
2026-09-07 07:35:00,2513.34,2515.4,2512.34,2513.86,4849.694
2026-09-07 07:40:00,2513.87,2515.17,2511.67,2514.03,6692.174
2026-09-07 07:45:00,2514.03,2515.89,2511.0,2514.5,6391.254
2026-09-07 07:50:00,2514.5,2516.0,2511.55,2512.35,5148.998
2026-09-07 07:55:00,2512.35,2513.0,2508.29,2512.0,7536.819
2026-09-07 08:00:00,2512.0,2514.87,2509.13,2514.8,6922.247
2026-09-07 08:05:00,2514.81,2515.4,2503.36,2503.47,14684.72
2026-09-07 08:10:00,2503.48,2508.46,2501.77,2506.02,14711.479
2026-09-07 08:15:00,2506.02,2508.59,2501.64,2504.6,10574.888
2026-09-07 08:20:00,2504.59,2505.49,2500.38,2503.31,11062.931
2026-09-07 08:25:00,2503.3,2504.3,2500.07,2503.57,8193.944
2026-09-07 08:30:00,2503.58,2506.98,2501.12,2506.16,6263.059
2026-09-07 08:35:00,2506.15,2506.16,2502.38,2503.23,5267.533
2026-09-07 08:40:00,2503.22,2503.4,2498.4,2499.61,10794.03
2026-09-07 08:45:00,2499.61,2501.06,2498.65,2499.4,6080.022
2026-09-07 08:50:00,2499.39,2502.59,2498.85,2502.24,4687.275
2026-09-07 08:55:00,2502.23,2504.31,2502.23,2502.83,3493.21
2026-09-07 09:00:00,2502.84,2503.53,2501.09,2501.09,4173.818
2026-09-07 09:05:00,2501.1,2501.37,2497.33,2498.5,7452.986
2026-09-07 09:10:00,2498.5,2500.4,2497.43,2499.85,5734.712
2026-09-07 09:15:00,2499.85,2504.53,2499.51,2503.95,6286.26
2026-09-07 09:20:00,2503.95,2505.18,2502.47,2504.89,6033.27
2026-09-07 09:25:00,2504.89,2510.89,2504.5,2509.96,11495.223
2026-09-07 09:30:00,2509.97,2512.11,2508.68,2509.71,8287.541
2026-09-07 09:35:00,2509.7,2534.88,2509.52,2533.32,75049.523
2026-09-07 09:40:00,2533.32,2536.0,2525.19,2526.26,40691.617
2026-09-07 09:45:00,2526.25,2527.01,2524.0,2525.37,17232.404
2026-09-07 09:50:00,2525.37,2525.37,2515.41,2515.75,16965.403
2026-09-07 09:55:00,2515.75,2518.02,2509.2,2510.81,23638.126
2026-09-07 10:00:00,2510.81,2515.51,2505.89,2514.53,29666.06
2026-09-07 10:05:00,2514.53,2514.54,2507.02,2508.0,11075.097
2026-09-07 10:10:00,2508.0,2508.43,2505.59,2506.25,11951.138
2026-09-07 10:15:00,2506.25,2507.97,2504.61,2507.08,8553.485
2026-09-07 10:20:00,2507.08,2510.05,2506.17,2506.6,9085.846
2026-09-07 10:25:00,2506.6,2507.2,2502.55,2503.26,10679.109
2026-09-07 10:30:00,2503.26,2505.33,2501.6,2502.36,9513.985
2026-09-07 10:35:00,2502.35,2502.71,2498.29,2498.8,13017.52
2026-09-07 10:40:00,2498.79,2499.57,2494.18,2496.56,21233.285
2026-09-07 10:45:00,2496.56,2498.88,2495.11,2496.96,15781.478
2026-09-07 10:50:00,2496.96,2498.8,2495.24,2498.68,6575.655
2026-09-07 10:55:00,2498.68,2499.42,2496.0,2496.01,7853.694
2026-09-07 11:00:00,2496.01,2497.26,2494.8,2497.26,7716.915
2026-09-07 11:05:00,2497.26,2497.68,2495.01,2497.66,4803.287
2026-09-07 11:10:00,2497.66,2497.67,2491.23,2497.07,15805.163
2026-09-07 11:15:00,2497.06,2497.4,2495.59,2497.2,6191.112
2026-09-07 11:20:00,2497.19,2498.0,2495.63,2496.91,7647.418
2026-09-07 11:25:00,2496.92,2498.56,2495.22,2495.22,8085.426
2026-09-07 11:30:00,2495.22,2496.34,2494.0,2495.29,6746.837
2026-09-07 11:35:00,2495.3,2497.12,2490.23,2494.4,12383.005
2026-09-07 11:40:00,2494.39,2496.31,2493.9,2496.18,5032.159
2026-09-07 11:45:00,2496.18,2497.85,2495.61,2495.62,5233.665
2026-09-07 11:50:00,2495.61,2495.87,2493.31,2493.36,3639.122
2026-09-07 11:55:00,2493.36,2496.91,2493.14,2496.83,4830.014
2026-09-07 12:00:00,2496.83,2501.79,2495.84,2501.79,12235.979
2026-09-07 12:05:00,2501.79,2504.25,2499.89,2502.13,11004.121
2026-09-07 12:10:00,2502.12,2502.63,2499.08,2502.63,7222.095
2026-09-07 12:15:00,2502.63,2508.62,2502.47,2506.57,14505.451
2026-09-07 12:20:00,2506.56,2511.61,2505.1,2510.49,12484.024
2026-09-07 12:25:00,2510.5,2512.96,2508.77,2511.49,15350.832
2026-09-07 12:30:00,2511.49,2512.5,2509.54,2510.37,6897.546
2026-09-07 12:35:00,2510.38,2511.13,2509.44,2509.49,5138.826
2026-09-07 12:40:00,2509.5,2510.6,2508.2,2510.6,6275.327
2026-09-07 12:45:00,2510.59,2510.63,2508.25,2508.31,4051.43
2026-09-07 12:50:00,2508.31,2508.32,2503.68,2503.75,9854.148
2026-09-07 12:55:00,2503.76,2504.31,2502.75,2503.42,4836.454
2026-09-07 13:00:00,2503.42,2505.73,2502.6,2505.73,3845.862
2026-09-07 13:05:00,2505.74,2506.91,2502.52,2506.91,5616.487
2026-09-07 13:10:00,2506.91,2509.16,2505.58,2508.76,5988.658
2026-09-07 13:15:00,2508.75,2508.76,2504.33,2504.58,2744.435
2026-09-07 13:20:00,2504.58,2504.91,2503.0,2504.55,3710.093
2026-09-07 13:25:00,2504.56,2506.28,2502.5,2502.65,4368.797
2026-09-07 13:30:00,2502.66,2503.84,2501.0,2502.35,6452.903
2026-09-07 13:35:00,2502.35,2502.47,2499.45,2499.92,5375.691
2026-09-07 13:40:00,2499.92,2501.24,2497.81,2498.15,4930.164
2026-09-07 13:45:00,2498.15,2499.58,2497.34,2498.46,4298.389
2026-09-07 13:50:00,2498.46,2499.14,2497.86,2498.34,3379.659
2026-09-07 13:55:00,2498.33,2499.24,2496.39,2496.86,7473.577
2026-09-07 14:00:00,2496.85,2497.2,2494.59,2494.83,9979.305
2026-09-07 14:05:00,2494.84,2499.7,2494.74,2499.27,5934.197
2026-09-07 14:10:00,2499.28,2501.09,2497.69,2498.66,8802.895
2026-09-07 14:15:00,2498.65,2499.97,2497.33,2497.6,4198.489
2026-09-07 14:20:00,2497.6,2498.19,2491.59,2492.27,11383.188
2026-09-07 14:25:00,2492.27,2495.39,2483.16,2487.47,35833.017
2026-09-07 14:30:00,2487.47,2491.86,2480.27,2486.07,36059.833
2026-09-07 14:35:00,2486.07,2487.34,2478.83,2479.33,23329.854
2026-09-07 14:40:00,2479.33,2484.76,2472.61,2484.05,47161.825
2026-09-07 14:45:00,2484.05,2487.86,2484.04,2487.75,12975.524
2026-09-07 14:50:00,2487.74,2487.88,2484.37,2484.39,12940.913
2026-09-07 14:55:00,2484.39,2488.21,2484.39,2488.0,9511.119
2026-09-07 15:00:00,2488.0,2490.01,2487.41,2488.55,13163.674
2026-09-07 15:05:00,2488.54,2490.0,2488.36,2489.85,7814.786
2026-09-07 15:10:00,2489.84,2490.11,2487.58,2487.74,5146.185
2026-09-07 15:15:00,2487.74,2491.33,2487.56,2491.25,5004.914
2026-09-07 15:20:00,2491.25,2491.63,2488.27,2489.41,9348.655
2026-09-07 15:25:00,2489.42,2490.71,2487.89,2489.56,6225.826
2026-09-07 15:30:00,2489.55,2492.34,2489.03,2491.65,7526.169
2026-09-07 15:35:00,2491.65,2491.66,2488.42,2488.84,4646.565
2026-09-07 15:40:00,2488.83,2491.72,2488.83,2491.71,3958.594
2026-09-07 15:45:00,2491.71,2492.7,2489.35,2490.41,6822.153
2026-09-07 15:50:00,2490.42,2491.2,2490.0,2490.4,2670.927
2026-09-07 15:55:00,2490.4,2491.0,2489.6,2490.15,2866.002
2026-09-07 16:00:00,2490.15,2491.81,2489.19,2490.7,4863.627
2026-09-07 16:05:00,2490.7,2493.41,2489.91,2493.31,5585.373
2026-09-07 16:10:00,2493.31,2495.96,2493.02,2494.93,9439.845
2026-09-07 16:15:00,2494.93,2496.3,2493.93,2494.49,9836.142
2026-09-07 16:20:00,2494.49,2494.49,2492.41,2492.9,6859.286
2026-09-07 16:25:00,2492.89,2494.49,2492.11,2493.58,7749.521
2026-09-07 16:30:00,2493.58,2493.69,2490.78,2490.79,3693.654
2026-09-07 16:35:00,2490.78,2490.79,2487.75,2489.41,6759.107
2026-09-07 16:40:00,2489.41,2490.76,2489.39,2489.39,2517.083
2026-09-07 16:45:00,2489.39,2490.86,2489.39,2489.99,7012.743
2026-09-07 16:50:00,2490.0,2492.12,2484.07,2485.62,12296.803
2026-09-07 16:55:00,2485.62,2486.52,2482.63,2483.38,12924.98
2026-09-07 17:00:00,2483.38,2487.24,2483.38,2486.6,13393.575
2026-09-07 17:05:00,2486.6,2488.24,2484.1,2486.5,13174.471
2026-09-07 17:10:00,2486.49,2487.53,2485.35,2486.39,3245.595
2026-09-07 17:15:00,2486.39,2488.88,2486.0,2488.87,2379.175
2026-09-07 17:20:00,2488.87,2488.88,2487.93,2488.07,2380.872
2026-09-07 17:25:00,2488.06,2488.92,2487.27,2488.51,2291.97
2026-09-07 17:30:00,2488.51,2489.0,2487.58,2487.89,1990.156
2026-09-07 17:35:00,2487.89,2488.82,2486.84,2488.2,3762.783
2026-09-07 17:40:00,2488.2,2490.69,2488.2,2490.28,4132.69
2026-09-07 17:45:00,2490.27,2490.97,2489.0,2489.48,5095.453
2026-09-07 17:50:00,2489.47,2491.26,2489.32,2490.01,4162.814
2026-09-07 17:55:00,2490.01,2490.11,2486.73,2487.76,7862.834
2026-09-07 18:00:00,2487.76,2488.88,2486.07,2486.72,6345.335
2026-09-07 18:05:00,2486.72,2487.56,2485.33,2485.67,9335.133
2026-09-07 18:10:00,2485.66,2489.35,2485.66,2489.35,3213.301
2026-09-07 18:15:00,2489.34,2490.88,2488.72,2490.69,2961.315
2026-09-07 18:20:00,2490.7,2492.32,2490.0,2490.72,4104.981
2026-09-07 18:25:00,2490.72,2491.51,2490.6,2491.04,2343.743
2026-09-07 18:30:00,2491.03,2492.37,2490.5,2491.3,3011.702
2026-09-07 18:35:00,2491.29,2491.3,2489.03,2489.39,2771.251
2026-09-07 18:40:00,2489.4,2490.38,2489.27,2489.27,1747.623
2026-09-07 18:45:00,2489.28,2490.14,2488.8,2489.29,3212.971
2026-09-07 18:50:00,2489.28,2490.11,2485.95,2488.9,7799.151
2026-09-07 18:55:00,2488.9,2489.13,2486.74,2487.97,5691.989
2026-09-07 19:00:00,2487.97,2489.49,2487.91,2488.25,4922.764
2026-09-07 19:05:00,2488.25,2491.79,2488.24,2490.0,3740.442
2026-09-07 19:10:00,2490.01,2490.01,2487.6,2487.6,3465.663
2026-09-07 19:15:00,2487.6,2490.97,2487.55,2490.97,3012.442
2026-09-07 19:20:00,2490.96,2492.88,2490.24,2490.99,5027.231
2026-09-07 19:25:00,2490.99,2492.78,2490.98,2492.41,2581.004
2026-09-07 19:30:00,2492.41,2493.36,2491.77,2492.27,5462.176
2026-09-07 19:35:00,2492.28,2493.56,2492.14,2492.2,4999.257
2026-09-07 19:40:00,2492.2,2493.01,2491.9,2493.0,2619.928
2026-09-07 19:45:00,2493.0,2499.08,2493.0,2497.23,14557.844
2026-09-07 19:50:00,2497.23,2504.36,2497.23,2503.66,21081.882
2026-09-07 19:55:00,2503.67,2506.77,2502.98,2504.38,17886.287
2026-09-07 20:00:00,2504.38,2506.49,2501.88,2505.79,12462.983
2026-09-07 20:05:00,2505.79,2505.88,2502.37,2505.78,8637.289
2026-09-07 20:10:00,2505.78,2509.65,2505.29,2509.36,15986.174
2026-09-07 20:15:00,2509.36,2510.76,2505.33,2507.41,10000.296
2026-09-07 20:20:00,2507.42,2509.13,2506.75,2507.62,6345.853
2026-09-07 20:25:00,2507.63,2508.09,2506.0,2507.67,4378.316
2026-09-07 20:30:00,2507.67,2507.94,2497.53,2498.88,23404.82
2026-09-07 20:35:00,2498.88,2500.0,2494.07,2498.92,21066.746
2026-09-07 20:40:00,2498.92,2499.71,2496.1,2497.33,8257.212
2026-09-07 20:45:00,2497.34,2498.28,2495.49,2496.41,7682.428
2026-09-07 20:50:00,2496.41,2501.61,2495.8,2500.83,7095.674
2026-09-07 20:55:00,2500.82,2500.83,2497.1,2497.86,4642.121
2026-09-07 21:00:00,2497.87,2498.64,2493.7,2494.24,6439.612
2026-09-07 21:05:00,2494.24,2494.92,2484.55,2485.31,40011.531
2026-09-07 21:10:00,2485.32,2489.22,2481.83,2486.14,22448.065
2026-09-07 21:15:00,2486.14,2489.19,2483.18,2484.76,15149.303
2026-09-07 21:20:00,2484.76,2484.79,2481.65,2483.05,17566.355
2026-09-07 21:25:00,2483.04,2485.62,2481.29,2481.81,13382.168
2026-09-07 21:30:00,2481.8,2483.21,2478.15,2480.76,20554.584
2026-09-07 21:35:00,2480.75,2481.88,2478.35,2478.87,14112.845
2026-09-07 21:40:00,2478.87,2480.84,2475.11,2480.27,19236.526
2026-09-07 21:45:00,2480.28,2484.18,2480.0,2483.8,18780.783
2026-09-07 21:50:00,2483.8,2490.62,2483.2,2489.25,22414.455
2026-09-07 21:55:00,2489.25,2490.0,2487.33,2489.08,10156.682
2026-09-07 22:00:00,2489.07,2489.08,2483.7,2483.71,12813.698
2026-09-07 22:05:00,2483.71,2484.68,2481.13,2484.09,7074.58
2026-09-07 22:10:00,2484.08,2484.82,2482.04,2482.04,3744.34
2026-09-07 22:15:00,2482.04,2487.73,2474.18,2487.0,20529.52
2026-09-07 22:20:00,2487.0,2487.41,2484.27,2485.35,6811.874
2026-09-07 22:25:00,2485.35,2485.6,2480.26,2480.76,4906.389
2026-09-07 22:30:00,2480.76,2481.26,2468.01,2472.73,42220.386
2026-09-07 22:35:00,2472.73,2475.53,2467.58,2469.02,30741.812
2026-09-07 22:40:00,2469.03,2470.56,2464.62,2468.89,34299.65
2026-09-07 22:45:00,2468.9,2473.63,2467.02,2472.75,30631.694
2026-09-07 22:50:00,2472.75,2473.0,2470.57,2471.73,9894.648
2026-09-07 22:55:00,2471.73,2472.48,2465.23,2468.99,18713.286
2026-09-07 23:00:00,2469.0,2475.0,2468.71,2472.68,18939.264
2026-09-07 23:05:00,2472.68,2474.42,2471.49,2473.47,6132.22
2026-09-07 23:10:00,2473.46,2474.84,2473.42,2473.84,4736.455
2026-09-07 23:15:00,2473.84,2474.54,2471.85,2474.05,5038.574
2026-09-07 23:20:00,2474.05,2474.06,2471.12,2471.2,6816.675
2026-09-07 23:25:00,2471.2,2472.19,2470.0,2470.0,6720.155
2026-09-07 23:30:00,2470.0,2474.36,2469.15,2474.06,6978.383
2026-09-07 23:35:00,2474.06,2481.0,2474.0,2479.78,26368.703
2026-09-07 23:40:00,2479.79,2480.59,2478.71,2479.77,10300.326
2026-09-07 23:45:00,2479.77,2480.32,2478.36,2479.01,4606.491
2026-09-07 23:50:00,2479.0,2481.51,2478.59,2480.1,4058.767
2026-09-07 23:55:00,2480.1,2482.01,2478.76,2481.76,6804.295
2026-09-08 00:00:00,2481.76,2483.07,2480.96,2481.24,7553.024
2026-09-08 00:05:00,2481.24,2486.53,2481.24,2485.69,14255.909
2026-09-08 00:10:00,2485.68,2489.6,2485.57,2488.77,13031.999
2026-09-08 00:15:00,2488.78,2490.21,2487.17,2489.82,13870.701
2026-09-08 00:20:00,2489.81,2490.49,2487.19,2487.44,9355.571
2026-09-08 00:25:00,2487.44,2488.99,2484.71,2487.31,9093.688
2026-09-08 00:30:00,2487.31,2487.9,2485.33,2486.19,3918.717
2026-09-08 00:35:00,2486.19,2487.82,2484.58,2487.16,5239.974
2026-09-08 00:40:00,2487.15,2493.47,2487.15,2492.0,9724.664
2026-09-08 00:45:00,2492.0,2494.28,2490.85,2493.81,4744.946
2026-09-08 00:50:00,2493.81,2499.24,2493.81,2494.34,19313.651
2026-09-08 00:55:00,2494.34,2495.35,2493.1,2494.31,4519.869
2026-09-08 01:00:00,2494.32,2496.19,2493.76,2494.35,4738.645
2026-09-08 01:05:00,2494.36,2496.36,2492.35,2493.88,5744.18
2026-09-08 01:10:00,2493.88,2495.74,2493.28,2493.53,3894.192
2026-09-08 01:15:00,2493.53,2494.08,2491.74,2493.73,4677.263
2026-09-08 01:20:00,2493.73,2494.27,2490.5,2490.87,19361.708
2026-09-08 01:25:00,2490.88,2492.58,2488.5,2489.38,20198.376
2026-09-08 01:30:00,2489.38,2489.38,2486.25,2487.26,5397.382
2026-09-08 01:35:00,2487.26,2488.22,2486.41,2487.11,3129.217
2026-09-08 01:40:00,2487.11,2488.44,2486.15,2488.18,3090.547
2026-09-08 01:45:00,2488.18,2489.43,2486.94,2489.42,2186.554
2026-09-08 01:50:00,2489.43,2493.67,2489.42,2492.54,14996.61
2026-09-08 01:55:00,2492.54,2492.99,2489.9,2490.69,2435.078
2026-09-08 02:00:00,2490.68,2491.0,2488.48,2490.2,1896.024
2026-09-08 02:05:00,2490.2,2490.88,2488.09,2488.69,1652.603
2026-09-08 02:10:00,2488.69,2489.96,2488.19,2489.96,1450.789
2026-09-08 02:15:00,2489.96,2490.69,2489.88,2490.05,2052.451
2026-09-08 02:20:00,2490.05,2492.34,2490.05,2492.33,2756.272
2026-09-08 02:25:00,2492.34,2492.5,2490.48,2491.28,1318.906
2026-09-08 02:30:00,2491.28,2495.79,2491.27,2495.2,6822.864
2026-09-08 02:35:00,2495.19,2496.73,2494.47,2495.06,4660.96
2026-09-08 02:40:00,2495.06,2495.67,2494.22,2495.08,2330.135
2026-09-08 02:45:00,2495.07,2495.88,2494.46,2495.05,2198.485
2026-09-08 02:50:00,2495.05,2495.4,2493.79,2493.8,3340.847
2026-09-08 02:55:00,2493.81,2494.88,2492.92,2494.68,4900.867
2026-09-08 03:00:00,2494.67,2496.15,2491.38,2493.16,7373.989
2026-09-08 03:05:00,2493.15,2493.15,2487.85,2490.24,7169.404
2026-09-08 03:10:00,2490.24,2490.25,2487.27,2488.35,5340.59
2026-09-08 03:15:00,2488.36,2488.95,2487.7,2488.95,1807.768
2026-09-08 03:20:00,2488.95,2488.98,2486.02,2487.02,5004.39
2026-09-08 03:25:00,2487.02,2488.62,2486.75,2488.53,1620.478
2026-09-08 03:30:00,2488.52,2490.4,2488.26,2490.0,2723.841
2026-09-08 03:35:00,2490.0,2491.0,2489.48,2490.88,2385.048
2026-09-08 03:40:00,2490.88,2491.61,2490.17,2490.91,2354.018
2026-09-08 03:45:00,2490.91,2493.73,2489.28,2493.31,12006.528
2026-09-08 03:50:00,2493.31,2495.5,2492.49,2493.53,4342.683
2026-09-08 03:55:00,2493.53,2495.22,2493.46,2494.15,2034.199
2026-09-08 04:00:00,2494.15,2495.11,2493.14,2493.15,2006.595
2026-09-08 04:05:00,2493.15,2493.49,2491.71,2491.72,3415.963
2026-09-08 04:10:00,2491.72,2495.21,2491.05,2495.2,6812.721
2026-09-08 04:15:00,2495.21,2495.89,2491.45,2493.33,5135.093
2026-09-08 04:20:00,2493.32,2494.32,2492.95,2493.09,1128.754
2026-09-08 04:25:00,2493.08,2493.57,2491.68,2491.69,1502.292
2026-09-08 04:30:00,2491.7,2492.81,2491.3,2492.02,975.395
2026-09-08 04:35:00,2492.01,2492.26,2490.3,2492.25,3136.582
2026-09-08 04:40:00,2492.25,2492.66,2490.9,2491.81,4057.542
2026-09-08 04:45:00,2491.8,2492.46,2489.28,2489.35,2834.345
2026-09-08 04:50:00,2489.35,2491.96,2489.34,2490.38,2420.902
2026-09-08 04:55:00,2490.38,2491.38,2490.01,2490.08,2033.094
2026-09-08 05:00:00,2490.07,2490.36,2483.52,2487.23,10514.184
2026-09-08 05:05:00,2487.24,2489.48,2485.81,2489.47,3606.159
2026-09-08 05:10:00,2489.47,2490.97,2487.61,2488.08,5012.699
2026-09-08 05:15:00,2488.09,2488.09,2481.05,2484.08,10984.677
2026-09-08 05:20:00,2484.08,2488.6,2482.63,2488.6,6901.748
2026-09-08 05:25:00,2488.59,2491.0,2485.46,2485.46,8272.557
2026-09-08 05:30:00,2485.47,2485.47,2480.71,2481.88,17944.226
2026-09-08 05:35:00,2481.87,2482.5,2476.25,2476.48,11721.528
2026-09-08 05:40:00,2476.48,2478.93,2474.44,2477.64,10968.624
2026-09-08 05:45:00,2477.64,2481.72,2477.52,2481.34,5316.992
2026-09-08 05:50:00,2481.33,2482.16,2480.59,2480.91,3916.958
2026-09-08 05:55:00,2480.92,2482.19,2479.67,2481.69,2798.518
2026-09-08 06:00:00,2481.69,2484.96,2481.09,2483.43,5137.562
2026-09-08 06:05:00,2483.43,2488.28,2482.13,2485.96,7755.025
2026-09-08 06:10:00,2485.97,2487.72,2485.21,2487.07,3954.626
2026-09-08 06:15:00,2487.08,2487.73,2484.04,2486.9,6864.767
2026-09-08 06:20:00,2486.89,2486.9,2481.08,2482.16,4227.514
2026-09-08 06:25:00,2482.16,2484.46,2482.16,2483.43,1494.745
2026-09-08 06:30:00,2483.43,2483.99,2482.07,2483.67,2698.211
2026-09-08 06:35:00,2483.67,2485.49,2483.44,2484.9,2268.036
2026-09-08 06:40:00,2484.89,2489.6,2484.89,2489.4,3660.245
2026-09-08 06:45:00,2489.4,2492.72,2489.1,2492.06,10766.559
2026-09-08 06:50:00,2492.06,2492.42,2490.5,2490.51,4814.635
2026-09-08 06:55:00,2490.52,2491.28,2488.45,2488.92,4793.755
2026-09-08 07:00:00,2488.91,2489.68,2485.57,2486.21,5913.861
2026-09-08 07:05:00,2486.22,2489.23,2483.31,2486.35,13859.563
2026-09-08 07:10:00,2486.35,2487.09,2484.23,2487.01,4281.562
2026-09-08 07:15:00,2487.01,2489.99,2484.87,2485.88,5208.311
2026-09-08 07:20:00,2485.88,2485.96,2482.01,2484.35,7451.358
2026-09-08 07:25:00,2484.35,2485.43,2482.44,2482.45,3015.722
2026-09-08 07:30:00,2482.45,2489.38,2482.25,2489.37,6186.978
2026-09-08 07:35:00,2489.37,2492.3,2489.37,2491.43,6207.051
2026-09-08 07:40:00,2491.42,2493.33,2488.64,2489.58,8587.049
2026-09-08 07:45:00,2489.57,2491.37,2488.85,2491.37,2596.014
2026-09-08 07:50:00,2491.37,2493.19,2490.65,2491.73,14872.02
2026-09-08 07:55:00,2491.73,2494.79,2491.58,2494.49,14863.61
2026-09-08 08:00:00,2494.49,2495.0,2492.11,2494.28,8103.399
2026-09-08 08:05:00,2494.29,2496.15,2492.34,2495.68,6054.586
2026-09-08 08:10:00,2495.69,2496.6,2494.05,2495.3,7105.417
2026-09-08 08:15:00,2495.31,2498.77,2494.59,2498.43,9435.875
2026-09-08 08:20:00,2498.43,2504.04,2496.77,2501.14,17866.491
2026-09-08 08:25:00,2501.15,2504.53,2501.07,2501.65,7216.891
2026-09-08 08:30:00,2501.65,2501.65,2498.44,2498.79,6974.326
2026-09-08 08:35:00,2498.8,2500.6,2497.9,2498.46,3912.492
2026-09-08 08:40:00,2498.46,2499.2,2497.94,2498.84,2261.076
2026-09-08 08:45:00,2498.85,2500.16,2498.02,2500.15,3518.357
2026-09-08 08:50:00,2500.16,2500.75,2498.01,2500.45,5470.957
2026-09-08 08:55:00,2500.45,2503.71,2500.44,2503.33,4335.375
2026-09-08 09:00:00,2503.33,2503.5,2500.12,2500.12,3539.022
2026-09-08 09:05:00,2500.13,2500.13,2497.3,2497.53,6407.012
2026-09-08 09:10:00,2497.53,2498.65,2493.43,2498.04,8624.232
2026-09-08 09:15:00,2498.05,2499.39,2497.0,2498.28,3361.227
2026-09-08 09:20:00,2498.28,2507.3,2496.49,2505.72,26043.76
2026-09-08 09:25:00,2505.71,2506.0,2494.92,2495.81,8374.906
2026-09-08 09:30:00,2495.81,2496.45,2491.73,2494.0,6492.92
2026-09-08 09:35:00,2493.99,2494.25,2490.08,2491.18,7674.148
2026-09-08 09:40:00,2491.18,2491.32,2488.38,2490.37,8090.575
2026-09-08 09:45:00,2490.38,2491.9,2488.88,2490.37,5113.731
2026-09-08 09:50:00,2490.36,2490.54,2485.14,2485.14,7334.639
2026-09-08 09:55:00,2485.14,2487.26,2483.35,2483.43,16444.836
2026-09-08 10:00:00,2483.42,2485.8,2481.14,2483.0,13647.794
2026-09-08 10:05:00,2483.0,2485.96,2482.31,2485.96,8738.714
2026-09-08 10:10:00,2485.96,2486.05,2481.72,2482.0,8980.051
2026-09-08 10:15:00,2482.0,2483.54,2480.17,2480.18,6887.891
2026-09-08 10:20:00,2480.19,2481.79,2476.61,2479.62,16660.373
2026-09-08 10:25:00,2479.62,2481.79,2478.46,2479.75,8022.988
2026-09-08 10:30:00,2479.74,2485.7,2479.26,2484.05,11780.058
2026-09-08 10:35:00,2484.06,2486.76,2483.84,2485.94,12519.256
2026-09-08 10:40:00,2485.93,2487.37,2484.68,2485.42,7320.111
2026-09-08 10:45:00,2485.42,2485.8,2483.0,2484.0,2942.659
2026-09-08 10:50:00,2484.0,2485.69,2483.02,2483.35,3546.123
2026-09-08 10:55:00,2483.35,2485.45,2483.24,2484.91,2582.189
2026-09-08 11:00:00,2484.91,2485.16,2482.86,2482.86,3142.616
2026-09-08 11:05:00,2482.87,2484.35,2482.13,2483.02,3556.156
2026-09-08 11:10:00,2483.02,2483.99,2480.59,2481.61,5952.088
2026-09-08 11:15:00,2481.6,2484.56,2480.36,2484.12,6113.784
2026-09-08 11:20:00,2484.12,2484.3,2479.68,2479.75,5420.477
2026-09-08 11:25:00,2479.75,2482.43,2479.06,2481.48,6168.508
2026-09-08 11:30:00,2481.48,2483.01,2480.73,2481.59,3506.822
2026-09-08 11:35:00,2481.59,2484.37,2480.27,2484.15,3354.134
2026-09-08 11:40:00,2484.14,2484.34,2480.35,2481.82,4417.414
2026-09-08 11:45:00,2481.82,2483.1,2481.43,2481.69,2631.878
2026-09-08 11:50:00,2481.69,2482.66,2478.55,2479.28,5179.523
2026-09-08 11:55:00,2479.27,2479.39,2477.27,2477.81,9829.081
2026-09-08 12:00:00,2477.8,2483.4,2474.01,2479.21,21001.833
2026-09-08 12:05:00,2479.2,2481.76,2476.38,2478.31,9739.829
2026-09-08 12:10:00,2478.3,2481.0,2476.69,2476.69,8602.888
2026-09-08 12:15:00,2476.7,2481.64,2475.21,2481.17,12251.483
2026-09-08 12:20:00,2481.18,2482.2,2479.41,2481.73,7191.895
2026-09-08 12:25:00,2481.72,2483.42,2480.29,2480.93,7016.386
2026-09-08 12:30:00,2480.94,2481.21,2475.63,2475.63,10056.433
2026-09-08 12:35:00,2475.63,2477.34,2472.59,2476.64,20447.847
2026-09-08 12:40:00,2476.64,2477.87,2471.8,2472.6,10452.28
2026-09-08 12:45:00,2472.6,2476.27,2472.6,2476.25,5714.6
2026-09-08 12:50:00,2476.25,2476.41,2472.67,2472.74,5248.358
2026-09-08 12:55:00,2472.74,2473.06,2471.38,2472.23,11175.552
2026-09-08 13:00:00,2472.24,2473.62,2469.4,2471.37,18361.424
2026-09-08 13:05:00,2471.37,2474.62,2469.0,2473.28,12991.201
2026-09-08 13:10:00,2473.27,2473.98,2470.07,2473.82,8127.836
2026-09-08 13:15:00,2473.81,2476.0,2467.08,2467.8,16074.405
2026-09-08 13:20:00,2467.79,2468.54,2461.24,2467.57,31892.839
2026-09-08 13:25:00,2467.57,2469.03,2464.76,2465.18,8156.584
2026-09-08 13:30:00,2465.18,2467.26,2463.83,2464.99,10553.844
2026-09-08 13:35:00,2464.98,2466.24,2462.29,2464.72,10694.81
2026-09-08 13:40:00,2464.71,2465.49,2462.25,2464.39,10624.399
2026-09-08 13:45:00,2464.38,2467.9,2463.77,2464.48,11835.788
2026-09-08 13:50:00,2464.49,2466.87,2462.34,2463.48,10261.411
2026-09-08 13:55:00,2463.47,2468.17,2463.2,2467.28,13908.571
2026-09-08 14:00:00,2467.28,2469.84,2466.66,2468.9,15450.945
2026-09-08 14:05:00,2468.91,2474.43,2468.72,2472.4,14230.174
2026-09-08 14:10:00,2472.39,2473.41,2472.06,2472.96,4207.991
2026-09-08 14:15:00,2472.97,2473.71,2471.84,2473.59,3745.617
2026-09-08 14:20:00,2473.59,2476.43,2473.59,2475.99,6067.936
2026-09-08 14:25:00,2476.0,2478.47,2475.52,2477.0,11032.147
2026-09-08 14:30:00,2477.0,2479.08,2476.69,2478.53,11062.203
2026-09-08 14:35:00,2478.52,2480.46,2478.0,2480.0,7292.136
2026-09-08 14:40:00,2479.99,2483.96,2477.12,2477.62,18661.329
2026-09-08 14:45:00,2477.62,2477.63,2473.36,2473.91,9740.072
2026-09-08 14:50:00,2473.92,2476.34,2470.3,2475.92,13657.023
2026-09-08 14:55:00,2475.91,2478.91,2475.91,2478.32,5726.103
2026-09-08 15:00:00,2478.33,2478.33,2469.72,2470.48,11324.968
2026-09-08 15:05:00,2470.49,2473.94,2468.19,2469.39,9282.395
2026-09-08 15:10:00,2469.4,2471.62,2467.75,2471.5,6677.623
2026-09-08 15:15:00,2471.5,2473.5,2469.34,2471.59,6685.347
2026-09-08 15:20:00,2471.58,2474.14,2469.57,2474.14,8341.091
2026-09-08 15:25:00,2474.14,2476.37,2471.53,2475.01,13735.841
2026-09-08 15:30:00,2475.01,2478.89,2473.5,2478.77,15162.113
2026-09-08 15:35:00,2478.76,2481.64,2478.66,2481.51,9066.938
2026-09-08 15:40:00,2481.52,2481.52,2479.09,2480.12,5893.039
2026-09-08 15:45:00,2480.11,2482.44,2478.46,2479.18,5831.525
2026-09-08 15:50:00,2479.18,2479.79,2475.78,2476.85,4595.935
2026-09-08 15:55:00,2476.86,2478.25,2475.22,2476.76,4186.387
2026-09-08 16:00:00,2476.75,2477.81,2474.53,2475.6,7123.829
2026-09-08 16:05:00,2475.61,2477.0,2474.23,2476.6,9972.605
2026-09-08 16:10:00,2476.6,2479.99,2475.17,2479.25,6354.859
2026-09-08 16:15:00,2479.26,2481.21,2478.58,2478.64,6061.906
2026-09-08 16:20:00,2478.64,2479.12,2475.35,2478.82,5390.438
2026-09-08 16:25:00,2478.83,2481.0,2478.74,2479.97,4183.238
2026-09-08 16:30:00,2479.97,2493.13,2479.52,2490.54,49855.994
2026-09-08 16:35:00,2490.55,2493.86,2488.41,2492.87,24394.776
2026-09-08 16:40:00,2492.87,2494.77,2491.67,2492.8,17566.975
2026-09-08 16:45:00,2492.8,2494.48,2491.82,2493.49,14025.22
2026-09-08 16:50:00,2493.49,2494.0,2490.18,2492.22,13731.015
2026-09-08 16:55:00,2492.23,2492.23,2489.98,2490.82,9437.646
2026-09-08 17:00:00,2490.82,2490.82,2486.58,2488.18,17803.175
2026-09-08 17:05:00,2488.17,2489.36,2486.0,2486.72,8302.408
2026-09-08 17:10:00,2486.72,2488.73,2485.96,2488.61,3814.265
2026-09-08 17:15:00,2488.6,2490.23,2488.0,2490.22,4499.938
2026-09-08 17:20:00,2490.23,2499.61,2490.22,2493.43,41965.262
2026-09-08 17:25:00,2493.44,2494.15,2490.47,2491.3,8939.822
2026-09-08 17:30:00,2491.3,2491.98,2486.0,2486.0,8138.542
2026-09-08 17:35:00,2486.0,2486.0,2483.25,2484.06,10671.976
2026-09-08 17:40:00,2484.05,2484.66,2481.59,2483.34,7159.349
2026-09-08 17:45:00,2483.33,2483.98,2482.88,2483.64,4138.721
2026-09-08 17:50:00,2483.65,2484.79,2482.01,2483.24,8876.407
2026-09-08 17:55:00,2483.24,2483.25,2479.56,2480.13,11957.188
2026-09-08 18:00:00,2480.14,2481.5,2477.48,2478.92,10651.152
2026-09-08 18:05:00,2478.93,2479.23,2474.47,2475.74,17856.47
2026-09-08 18:10:00,2475.74,2475.74,2470.21,2470.96,17295.731
2026-09-08 18:15:00,2470.96,2473.74,2470.92,2473.61,16216.895
2026-09-08 18:20:00,2473.6,2475.97,2473.35,2475.62,9769.621
2026-09-08 18:25:00,2475.63,2475.63,2473.47,2473.58,5475.632
2026-09-08 18:30:00,2473.58,2475.7,2473.2,2475.65,6693.859
2026-09-08 18:35:00,2475.65,2476.11,2474.0,2474.0,4278.539
2026-09-08 18:40:00,2474.01,2475.11,2472.48,2473.6,4886.236
2026-09-08 18:45:00,2473.6,2474.0,2471.26,2472.66,7008.876
2026-09-08 18:50:00,2472.65,2473.5,2470.33,2470.7,7483.811
2026-09-08 18:55:00,2470.7,2474.04,2470.7,2473.35,5350.304
2026-09-08 19:00:00,2473.36,2473.36,2466.0,2467.58,19050.869
2026-09-08 19:05:00,2467.58,2472.32,2467.57,2472.28,11969.668
2026-09-08 19:10:00,2472.29,2473.0,2468.01,2468.05,6520.82
2026-09-08 19:15:00,2468.05,2471.66,2468.04,2471.51,4567.059
2026-09-08 19:20:00,2471.5,2474.22,2470.89,2474.05,4729.501
2026-09-08 19:25:00,2474.05,2474.81,2472.28,2474.29,3875.975
2026-09-08 19:30:00,2474.29,2474.84,2470.52,2472.54,13611.693
2026-09-08 19:35:00,2472.54,2473.14,2471.14,2472.1,3654.153
2026-09-08 19:40:00,2472.09,2472.74,2469.0,2471.66,5600.373
2026-09-08 19:45:00,2471.66,2473.75,2470.61,2473.42,10147.097
2026-09-08 19:50:00,2473.43,2474.44,2470.35,2474.43,7361.007
2026-09-08 19:55:00,2474.44,2474.98,2471.0,2471.72,6311.014
2026-09-08 20:00:00,2471.72,2473.32,2469.31,2473.28,8743.123
2026-09-08 20:05:00,2473.28,2474.47,2470.97,2471.27,4808.365
2026-09-08 20:10:00,2471.27,2473.01,2470.67,2471.99,2879.859
2026-09-08 20:15:00,2471.99,2473.01,2469.54,2469.54,4071.566
2026-09-08 20:20:00,2469.55,2470.74,2465.0,2468.18,15488.445
2026-09-08 20:25:00,2468.17,2471.27,2467.48,2468.34,6859.53
2026-09-08 20:30:00,2468.35,2468.8,2453.01,2455.38,110584.566
2026-09-08 20:35:00,2455.38,2457.96,2444.69,2445.77,84131.7
2026-09-08 20:40:00,2445.77,2448.66,2440.22,2448.4,75428.294
2026-09-08 20:45:00,2448.39,2453.0,2445.53,2452.79,52052.296
2026-09-08 20:50:00,2452.79,2452.9,2444.65,2452.7,28283.136
2026-09-08 20:55:00,2452.7,2463.32,2452.06,2458.37,45370.065
2026-09-08 21:00:00,2458.36,2460.95,2455.69,2459.93,20165.386
2026-09-08 21:05:00,2459.94,2463.29,2458.52,2460.66,16960.229
2026-09-08 21:10:00,2460.66,2475.69,2460.0,2471.75,103978.714
2026-09-08 21:15:00,2471.76,2480.95,2471.76,2478.51,63119.244
2026-09-08 21:20:00,2478.5,2483.17,2476.61,2477.38,44919.541
2026-09-08 21:25:00,2477.38,2478.77,2473.34,2478.35,17401.428
2026-09-08 21:30:00,2478.36,2480.91,2474.84,2480.27,14282.437
2026-09-08 21:35:00,2480.26,2481.67,2476.02,2479.17,12869.097
2026-09-08 21:40:00,2479.17,2482.68,2477.1,2479.9,15085.94
2026-09-08 21:45:00,2479.9,2486.06,2479.06,2484.78,31465.675
2026-09-08 21:50:00,2484.78,2485.88,2480.58,2483.2,13878.156
2026-09-08 21:55:00,2483.19,2485.92,2482.5,2484.82,12463.964
2026-09-08 22:00:00,2484.82,2489.83,2484.13,2485.58,24777.604
2026-09-08 22:05:00,2485.59,2487.5,2482.86,2487.5,16185.666
2026-09-08 22:10:00,2487.5,2490.58,2485.19,2487.93,13126.466
2026-09-08 22:15:00,2487.93,2491.61,2486.18,2487.23,17678.264
2026-09-08 22:20:00,2487.23,2488.0,2479.22,2484.39,34881.206
2026-09-08 22:25:00,2484.38,2485.39,2481.0,2481.19,11621.054
2026-09-08 22:30:00,2481.19,2487.48,2481.19,2486.38,12051.204
2026-09-08 22:35:00,2486.38,2493.75,2486.38,2492.22,24629.27
2026-09-08 22:40:00,2492.22,2496.68,2490.15,2495.11,22136.33
2026-09-08 22:45:00,2495.12,2498.07,2492.74,2495.69,26123.319
2026-09-08 22:50:00,2495.69,2498.99,2493.61,2495.86,22679.031
2026-09-08 22:55:00,2495.86,2501.41,2495.31,2497.77,31593.662
2026-09-08 23:00:00,2497.77,2498.14,2494.56,2496.76,15700.013
2026-09-08 23:05:00,2496.76,2497.26,2493.02,2493.03,13414.87
2026-09-08 23:10:00,2493.03,2493.33,2487.75,2489.0,27960.882
2026-09-08 23:15:00,2489.0,2490.89,2485.8,2488.06,13387.804
2026-09-08 23:20:00,2488.05,2492.01,2486.73,2489.5,9438.562
2026-09-08 23:25:00,2489.5,2492.0,2488.28,2489.38,7032.289
2026-09-08 23:30:00,2489.38,2493.58,2488.69,2491.45,5672.677
2026-09-08 23:35:00,2491.44,2502.52,2490.77,2502.28,19726.038
2026-09-08 23:40:00,2502.27,2504.71,2495.47,2496.12,24272.741
2026-09-08 23:45:00,2496.12,2498.0,2493.26,2497.99,8592.626
2026-09-08 23:50:00,2498.0,2499.96,2493.65,2497.61,13168.898
2026-09-08 23:55:00,2497.61,2498.0,2492.64,2495.73,19801.542
2026-09-09 00:00:00,2495.72,2502.85,2495.69,2498.87,20844.948
2026-09-09 00:05:00,2498.87,2501.64,2493.88,2493.95,11873.684
2026-09-09 00:10:00,2493.95,2495.5,2492.53,2495.23,8600.843
2026-09-09 00:15:00,2495.22,2495.67,2492.61,2492.85,5270.023
2026-09-09 00:20:00,2492.84,2492.85,2490.35,2491.3,7049.462
2026-09-09 00:25:00,2491.29,2491.3,2487.59,2490.71,11488.915
2026-09-09 00:30:00,2490.7,2491.52,2488.85,2491.0,7089.447
2026-09-09 00:35:00,2491.0,2493.8,2490.77,2490.78,7833.429
2026-09-09 00:40:00,2490.77,2490.77,2486.42,2486.99,7978.808
2026-09-09 00:45:00,2487.0,2490.0,2486.7,2487.91,5732.903
2026-09-09 00:50:00,2487.91,2493.48,2487.91,2491.0,7974.182
2026-09-09 00:55:00,2491.0,2491.0,2487.21,2487.3,2573.221
2026-09-09 01:00:00,2487.31,2490.27,2487.0,2489.31,8245.772
2026-09-09 01:05:00,2489.31,2496.74,2489.31,2495.4,19342.774
2026-09-09 01:10:00,2495.41,2497.7,2495.02,2496.57,4737.004
2026-09-09 01:15:00,2496.58,2500.76,2496.57,2500.32,14924.74
2026-09-09 01:20:00,2500.33,2508.61,2499.39,2503.46,32710.391
2026-09-09 01:25:00,2503.46,2503.97,2498.28,2499.55,8489.509
2026-09-09 01:30:00,2499.54,2502.18,2499.06,2499.6,5917.762
2026-09-09 01:35:00,2499.6,2499.61,2494.02,2494.03,9563.649
2026-09-09 01:40:00,2494.03,2495.23,2493.35,2494.95,4856.199
2026-09-09 01:45:00,2494.95,2496.45,2478.16,2479.72,52541.148
2026-09-09 01:50:00,2479.72,2486.26,2473.21,2482.47,52213.758
2026-09-09 01:55:00,2482.47,2486.35,2480.88,2485.68,20875.599
2026-09-09 02:00:00,2485.68,2490.65,2483.21,2490.07,13739.968
2026-09-09 02:05:00,2490.06,2490.06,2485.04,2486.28,9162.474
2026-09-09 02:10:00,2486.28,2487.4,2483.18,2484.86,12998.919
2026-09-09 02:15:00,2484.87,2488.75,2484.0,2484.92,5542.76
2026-09-09 02:20:00,2484.92,2485.9,2480.96,2483.1,9657.878
2026-09-09 02:25:00,2483.1,2485.54,2481.03,2485.54,7578.207
2026-09-09 02:30:00,2485.55,2485.85,2478.0,2483.42,11500.567
2026-09-09 02:35:00,2483.43,2485.39,2481.27,2484.62,5978.662
2026-09-09 02:40:00,2484.62,2487.55,2480.6,2480.77,7521.551
2026-09-09 02:45:00,2480.78,2480.78,2475.0,2479.26,17297.413
2026-09-09 02:50:00,2479.26,2479.46,2475.37,2477.0,11916.451
2026-09-09 02:55:00,2477.01,2481.0,2475.23,2480.99,8051.569
2026-09-09 03:00:00,2480.99,2483.9,2479.19,2481.88,9703.778
2026-09-09 03:05:00,2481.89,2486.26,2480.88,2485.74,3772.562
2026-09-09 03:10:00,2485.74,2490.73,2485.73,2489.64,11634.153
2026-09-09 03:15:00,2489.64,2489.97,2484.37,2484.6,5686.105
2026-09-09 03:20:00,2484.59,2485.49,2481.66,2483.75,5962.086
2026-09-09 03:25:00,2483.75,2486.42,2483.74,2486.02,5196.587
2026-09-09 03:30:00,2486.03,2486.03,2479.38,2480.11,4323.55
2026-09-09 03:35:00,2480.12,2484.16,2479.55,2483.17,2107.176
2026-09-09 03:40:00,2483.17,2483.47,2480.54,2482.96,1932.73
2026-09-09 03:45:00,2482.96,2484.09,2481.81,2482.23,4432.493
2026-09-09 03:50:00,2482.24,2485.03,2482.24,2482.76,1327.635
2026-09-09 03:55:00,2482.76,2485.08,2481.62,2481.95,2871.019
2026-09-09 04:00:00,2481.96,2485.56,2481.41,2483.12,4156.046
2026-09-09 04:05:00,2483.12,2484.62,2482.71,2484.15,1614.761
2026-09-09 04:10:00,2484.15,2485.71,2484.01,2484.59,1522.602
2026-09-09 04:15:00,2484.59,2486.31,2483.34,2483.55,2232.434
2026-09-09 04:20:00,2483.55,2484.11,2481.24,2481.83,3982.194
2026-09-09 04:25:00,2481.83,2485.45,2481.65,2481.73,3605.631
2026-09-09 04:30:00,2481.73,2482.83,2479.23,2480.67,4308.517
2026-09-09 04:35:00,2480.66,2483.0,2479.11,2482.84,2819.009
2026-09-09 04:40:00,2482.84,2483.63,2479.17,2482.03,4882.654
2026-09-09 04:45:00,2482.03,2483.16,2481.28,2481.96,3066.183
2026-09-09 04:50:00,2481.96,2481.97,2477.47,2478.59,7851.777
2026-09-09 04:55:00,2478.59,2482.22,2478.49,2481.91,7728.136
2026-09-09 05:00:00,2481.9,2488.19,2481.01,2485.41,7312.304
2026-09-09 05:05:00,2485.41,2485.42,2481.11,2481.32,3009.522
2026-09-09 05:10:00,2481.32,2482.82,2480.55,2482.82,2246.01
2026-09-09 05:15:00,2482.82,2485.15,2482.5,2482.5,2893.316
2026-09-09 05:20:00,2482.51,2485.74,2482.25,2483.69,3973.265
2026-09-09 05:25:00,2483.7,2484.28,2482.73,2483.51,1255.953
2026-09-09 05:30:00,2483.51,2483.51,2482.17,2482.39,1253.188
2026-09-09 05:35:00,2482.39,2483.76,2481.5,2482.89,1395.285
2026-09-09 05:40:00,2482.89,2486.23,2482.8,2483.41,7129.441
2026-09-09 05:45:00,2483.4,2485.96,2483.4,2485.96,982.144
2026-09-09 05:50:00,2485.96,2486.88,2485.28,2485.81,1626.522
2026-09-09 05:55:00,2485.81,2489.28,2485.6,2488.07,7476.533
2026-09-09 06:00:00,2488.08,2489.53,2486.2,2486.37,6655.738
2026-09-09 06:05:00,2486.36,2486.51,2485.28,2485.75,2585.342
2026-09-09 06:10:00,2485.75,2485.75,2482.81,2484.24,5503.148
2026-09-09 06:15:00,2484.25,2484.25,2482.5,2483.04,2097.264
2026-09-09 06:20:00,2483.03,2483.83,2481.88,2482.68,3181.769
2026-09-09 06:25:00,2482.67,2483.61,2481.67,2483.43,2953.937
2026-09-09 06:30:00,2483.42,2484.21,2483.29,2483.83,2115.64
2026-09-09 06:35:00,2483.83,2484.81,2483.72,2484.19,2836.493
2026-09-09 06:40:00,2484.19,2484.76,2483.8,2484.32,1501.24
2026-09-09 06:45:00,2484.33,2484.79,2483.77,2483.78,2000.735
2026-09-09 06:50:00,2483.78,2485.42,2482.87,2482.87,2775.145
2026-09-09 06:55:00,2482.87,2484.57,2482.8,2483.87,1483.162
2026-09-09 07:00:00,2483.87,2488.5,2483.87,2488.0,3620.827
2026-09-09 07:05:00,2487.99,2492.8,2487.98,2490.96,11793.19
2026-09-09 07:10:00,2490.97,2494.32,2490.58,2493.81,5454.822
2026-09-09 07:15:00,2493.82,2493.96,2490.33,2492.33,3667.515
2026-09-09 07:20:00,2492.32,2493.87,2490.54,2490.99,2640.527
2026-09-09 07:25:00,2490.99,2491.0,2488.12,2489.99,3133.168
2026-09-09 07:30:00,2490.0,2490.6,2487.49,2489.17,3851.543
2026-09-09 07:35:00,2489.16,2490.82,2486.69,2490.82,2117.283
2026-09-09 07:40:00,2490.81,2492.49,2488.23,2492.36,2437.55
2026-09-09 07:45:00,2492.35,2495.49,2492.16,2495.34,7747.873
2026-09-09 07:50:00,2495.34,2496.74,2494.0,2496.11,3851.898
2026-09-09 07:55:00,2496.1,2496.33,2494.73,2495.54,3971.75
2026-09-09 08:00:00,2495.54,2496.16,2491.75,2491.75,3612.7
2026-09-09 08:05:00,2491.75,2495.92,2491.56,2495.92,4022.079
2026-09-09 08:10:00,2495.92,2498.26,2492.35,2493.5,8283.614
2026-09-09 08:15:00,2493.5,2494.25,2488.98,2489.18,8303.181
2026-09-09 08:20:00,2489.19,2490.98,2488.08,2490.97,5700.421
2026-09-09 08:25:00,2490.98,2492.8,2489.17,2491.29,3862.268
2026-09-09 08:30:00,2491.28,2492.51,2489.52,2492.0,1478.799
2026-09-09 08:35:00,2492.0,2498.0,2492.0,2496.4,6173.235
2026-09-09 08:40:00,2496.39,2498.3,2494.16,2495.69,4065.047
2026-09-09 08:45:00,2495.69,2498.94,2495.68,2496.26,7306.461
2026-09-09 08:50:00,2496.27,2498.58,2495.0,2497.26,12346.931
2026-09-09 08:55:00,2497.26,2497.5,2495.0,2496.73,5869.919
2026-09-09 09:00:00,2496.72,2497.96,2495.0,2496.42,6881.984
2026-09-09 09:05:00,2496.42,2497.91,2494.5,2497.75,4005.444
2026-09-09 09:10:00,2497.75,2499.5,2493.25,2493.43,9136.535
2026-09-09 09:15:00,2493.43,2494.2,2488.55,2492.34,10268.697
2026-09-09 09:20:00,2492.34,2496.78,2490.08,2496.59,6091.941
2026-09-09 09:25:00,2496.59,2496.59,2493.51,2496.0,4611.998
2026-09-09 09:30:00,2496.0,2496.6,2494.0,2494.98,3002.957
2026-09-09 09:35:00,2494.98,2495.55,2493.47,2494.27,1834.129
2026-09-09 09:40:00,2494.28,2496.54,2493.67,2496.05,1530.93
2026-09-09 09:45:00,2496.04,2496.35,2494.72,2495.04,2081.065
2026-09-09 09:50:00,2495.04,2496.35,2494.56,2494.7,1816.672
2026-09-09 09:55:00,2494.7,2494.71,2492.64,2492.64,1816.628
2026-09-09 10:00:00,2492.64,2492.82,2490.12,2490.38,3586.167
2026-09-09 10:05:00,2490.38,2492.45,2489.01,2489.31,4756.024
2026-09-09 10:10:00,2489.31,2489.71,2485.68,2486.43,13147.452
2026-09-09 10:15:00,2486.43,2488.95,2486.15,2486.61,5460.042
2026-09-09 10:20:00,2486.62,2487.89,2486.62,2487.01,2323.579
2026-09-09 10:25:00,2487.0,2487.19,2485.55,2486.53,2840.74
2026-09-09 10:30:00,2486.52,2488.02,2486.41,2487.44,4227.193
2026-09-09 10:35:00,2487.44,2488.35,2486.59,2488.35,2097.061
2026-09-09 10:40:00,2488.34,2490.86,2488.33,2489.58,3113.668
2026-09-09 10:45:00,2489.58,2491.29,2488.71,2489.28,4408.274
2026-09-09 10:50:00,2489.28,2489.29,2485.2,2487.27,10161.187
2026-09-09 10:55:00,2487.26,2489.16,2486.46,2487.79,2897.245
2026-09-09 11:00:00,2487.78,2502.14,2487.78,2502.04,37423.71
2026-09-09 11:05:00,2502.04,2502.28,2494.74,2494.74,16283.119
2026-09-09 11:10:00,2494.73,2498.23,2494.07,2495.9,9860.131
2026-09-09 11:15:00,2495.89,2496.6,2493.35,2494.66,6829.106
2026-09-09 11:20:00,2494.65,2498.62,2494.07,2498.35,5166.396
2026-09-09 11:25:00,2498.34,2498.54,2496.12,2496.12,4332.001
2026-09-09 11:30:00,2496.12,2497.43,2495.52,2497.27,3254.639
2026-09-09 11:35:00,2497.26,2498.81,2497.02,2497.26,4207.958
2026-09-09 11:40:00,2497.26,2513.0,2496.87,2511.42,57806.119
2026-09-09 11:45:00,2511.42,2513.2,2504.53,2506.9,23871.363
2026-09-09 11:50:00,2506.89,2511.0,2506.61,2509.01,14416.489
2026-09-09 11:55:00,2509.01,2511.0,2507.63,2508.68,11515.9
2026-09-09 12:00:00,2508.68,2509.4,2503.68,2503.89,15023.0
2026-09-09 12:05:00,2503.88,2505.45,2501.82,2504.38,11592.257
2026-09-09 12:10:00,2504.37,2508.46,2503.07,2507.09,6527.485
2026-09-09 12:15:00,2507.09,2510.68,2505.68,2507.43,14656.383
2026-09-09 12:20:00,2507.42,2507.43,2503.8,2504.66,6630.145
2026-09-09 12:25:00,2504.67,2505.49,2501.33,2501.74,8176.518
2026-09-09 12:30:00,2501.75,2502.69,2494.07,2496.51,26672.227
2026-09-09 12:35:00,2496.51,2497.82,2494.12,2494.52,13671.328
2026-09-09 12:40:00,2494.52,2495.58,2492.08,2494.64,14073.899
2026-09-09 12:45:00,2494.63,2494.64,2490.0,2491.22,21137.866
2026-09-09 12:50:00,2491.21,2495.18,2491.08,2495.18,7170.214
2026-09-09 12:55:00,2495.18,2495.92,2494.17,2495.45,6104.852
2026-09-09 13:00:00,2495.46,2496.28,2491.45,2492.98,8282.818
2026-09-09 13:05:00,2492.98,2496.57,2492.1,2495.14,4583.326
2026-09-09 13:10:00,2495.14,2500.64,2495.13,2499.8,7849.368
2026-09-09 13:15:00,2499.81,2501.62,2499.02,2501.25,6736.497
2026-09-09 13:20:00,2501.25,2504.73,2500.8,2501.3,8701.029
2026-09-09 13:25:00,2501.3,2502.04,2498.7,2498.89,4012.844
2026-09-09 13:30:00,2498.9,2500.56,2497.02,2498.67,6065.786
2026-09-09 13:35:00,2498.67,2501.0,2498.53,2500.1,4290.446
2026-09-09 13:40:00,2500.1,2500.57,2498.88,2499.68,2622.043
2026-09-09 13:45:00,2499.68,2500.0,2498.0,2498.42,1673.595
2026-09-09 13:50:00,2498.42,2499.52,2498.08,2498.23,2489.758
2026-09-09 13:55:00,2498.23,2500.79,2498.0,2500.05,5800.327
2026-09-09 14:00:00,2500.06,2502.78,2498.7,2502.78,7001.932
2026-09-09 14:05:00,2502.78,2517.03,2502.66,2512.63,59696.067
2026-09-09 14:10:00,2512.64,2515.9,2509.79,2510.2,21022.885
2026-09-09 14:15:00,2510.2,2512.18,2508.47,2509.43,10882.509
2026-09-09 14:20:00,2509.42,2513.04,2509.42,2513.03,8545.145
2026-09-09 14:25:00,2513.04,2514.23,2508.9,2514.23,11358.069
2026-09-09 14:30:00,2514.22,2515.26,2511.55,2512.04,10263.593
2026-09-09 14:35:00,2512.04,2512.99,2511.37,2511.53,4513.337
2026-09-09 14:40:00,2511.53,2512.0,2509.62,2510.65,10827.028
2026-09-09 14:45:00,2510.64,2511.4,2508.92,2509.42,7120.712
2026-09-09 14:50:00,2509.41,2510.0,2508.27,2508.38,6316.829
2026-09-09 14:55:00,2508.38,2509.5,2507.64,2509.49,6158.008
2026-09-09 15:00:00,2509.5,2515.74,2509.39,2514.6,22201.813
2026-09-09 15:05:00,2514.61,2517.98,2512.7,2514.9,15340.371
2026-09-09 15:10:00,2514.89,2517.78,2513.64,2513.64,14698.076
2026-09-09 15:15:00,2513.65,2516.57,2513.09,2516.57,9409.209
2026-09-09 15:20:00,2516.57,2519.76,2515.5,2517.0,13466.133
2026-09-09 15:25:00,2516.99,2520.84,2516.3,2520.03,15068.91
2026-09-09 15:30:00,2520.03,2521.56,2517.52,2520.14,17955.615
2026-09-09 15:35:00,2520.14,2522.75,2515.17,2516.68,14712.059
2026-09-09 15:40:00,2516.68,2519.0,2516.0,2516.36,5440.893
2026-09-09 15:45:00,2516.36,2517.98,2515.02,2515.1,7250.236
2026-09-09 15:50:00,2515.1,2520.55,2514.53,2519.88,15417.424
2026-09-09 15:55:00,2519.89,2520.12,2518.82,2519.0,4385.801
2026-09-09 16:00:00,2519.0,2519.55,2516.55,2517.09,6902.21
2026-09-09 16:05:00,2517.09,2517.36,2511.18,2511.23,18546.266
2026-09-09 16:10:00,2511.23,2512.65,2509.0,2511.62,14926.027
2026-09-09 16:15:00,2511.61,2512.35,2509.13,2509.69,5244.302
2026-09-09 16:20:00,2509.69,2509.76,2508.01,2508.02,6104.106
2026-09-09 16:25:00,2508.02,2508.94,2507.64,2507.66,5374.627
2026-09-09 16:30:00,2507.67,2508.23,2504.17,2505.77,15052.005
2026-09-09 16:35:00,2505.77,2506.45,2500.5,2500.95,18048.717
2026-09-09 16:40:00,2500.96,2500.96,2490.23,2494.02,54831.42
2026-09-09 16:45:00,2494.02,2496.32,2491.0,2492.47,23899.738
2026-09-09 16:50:00,2492.47,2495.0,2491.6,2491.66,16199.695
2026-09-09 16:55:00,2491.66,2492.03,2489.0,2491.72,12740.224
