datetime,open,high,low,close,volume
2026-08-05 23:40:00,74.31,74.36,74.28,74.32,32256.0
2026-08-05 23:45:00,74.31,74.32,74.22,74.23,45565.58
2026-08-05 23:50:00,74.22,74.23,74.15,74.2,35869.4
2026-08-05 23:55:00,74.21,74.29,74.18,74.25,35358.86
2026-08-06 00:00:00,74.25,74.39,74.25,74.31,50181.72
2026-08-06 00:05:00,74.31,74.31,74.18,74.18,25291.27
2026-08-06 00:10:00,74.19,74.25,74.15,74.18,30735.31
2026-08-06 00:15:00,74.17,74.2,74.11,74.18,67232.81
2026-08-06 00:20:00,74.18,74.19,74.09,74.19,32984.66
2026-08-06 00:25:00,74.18,74.22,74.15,74.17,26222.48
2026-08-06 00:30:00,74.16,74.2,74.12,74.18,27930.01
2026-08-06 00:35:00,74.18,74.56,74.17,74.51,226906.6
2026-08-06 00:40:00,74.51,74.64,74.49,74.5,205280.73
2026-08-06 00:45:00,74.5,74.59,74.47,74.53,83584.99
2026-08-06 00:50:00,74.52,74.59,74.47,74.53,31989.86
2026-08-06 00:55:00,74.53,74.55,74.47,74.52,78460.21
2026-08-06 01:00:00,74.52,74.59,74.49,74.57,81454.98
2026-08-06 01:05:00,74.57,74.6,74.39,74.43,71777.14
2026-08-06 01:10:00,74.43,74.6,74.42,74.56,63884.17
2026-08-06 01:15:00,74.56,74.63,74.47,74.47,48308.57
2026-08-06 01:20:00,74.47,74.82,74.47,74.52,156086.73
2026-08-06 01:25:00,74.52,74.54,74.46,74.49,55115.89
2026-08-06 01:30:00,74.49,74.53,74.42,74.52,50595.26
2026-08-06 01:35:00,74.53,74.65,74.52,74.63,40396.89
2026-08-06 01:40:00,74.63,74.64,74.56,74.64,27014.19
2026-08-06 01:45:00,74.64,74.65,74.51,74.52,49294.24
2026-08-06 01:50:00,74.53,74.54,74.44,74.47,30777.62
2026-08-06 01:55:00,74.46,74.51,74.45,74.5,26014.36
2026-08-06 02:00:00,74.5,74.57,74.44,74.57,29876.31
2026-08-06 02:05:00,74.57,74.6,74.5,74.55,35841.66
2026-08-06 02:10:00,74.55,74.55,74.46,74.5,24897.77
2026-08-06 02:15:00,74.5,74.5,74.4,74.4,26421.06
2026-08-06 02:20:00,74.4,74.48,74.4,74.45,20875.11
2026-08-06 02:25:00,74.45,74.48,74.42,74.44,27531.33
2026-08-06 02:30:00,74.44,74.48,74.4,74.45,28228.16
2026-08-06 02:35:00,74.44,74.49,74.41,74.43,26220.82
2026-08-06 02:40:00,74.44,74.48,74.4,74.45,26027.7
2026-08-06 02:45:00,74.44,74.45,74.38,74.4,36147.64
2026-08-06 02:50:00,74.4,74.45,74.39,74.42,19472.16
2026-08-06 02:55:00,74.42,74.54,74.41,74.43,107644.14
2026-08-06 03:00:00,74.43,74.46,74.35,74.39,52334.72
2026-08-06 03:05:00,74.4,74.4,74.27,74.32,104049.06
2026-08-06 03:10:00,74.31,74.51,74.31,74.5,23388.94
2026-08-06 03:15:00,74.5,74.53,74.41,74.41,15261.9
2026-08-06 03:20:00,74.42,74.56,74.37,74.4,90644.88
2026-08-06 03:25:00,74.39,74.45,74.34,74.39,42724.55
2026-08-06 03:30:00,74.4,74.4,74.34,74.35,18836.38
2026-08-06 03:35:00,74.34,74.41,74.33,74.41,24107.29
2026-08-06 03:40:00,74.41,74.51,74.4,74.5,17702.81
2026-08-06 03:45:00,74.5,74.51,74.4,74.43,19125.39
2026-08-06 03:50:00,74.42,74.45,74.39,74.45,14014.38
2026-08-06 03:55:00,74.45,74.45,74.34,74.35,37082.2
2026-08-06 04:00:00,74.34,74.36,74.14,74.26,81360.09
2026-08-06 04:05:00,74.25,74.25,74.17,74.2,33958.9
2026-08-06 04:10:00,74.2,74.3,74.17,74.29,41288.24
2026-08-06 04:15:00,74.29,74.29,74.23,74.25,23530.85
2026-08-06 04:20:00,74.24,74.25,74.1,74.14,58987.89
2026-08-06 04:25:00,74.13,74.14,74.04,74.08,44232.43
2026-08-06 04:30:00,74.08,74.17,74.08,74.11,24691.06
2026-08-06 04:35:00,74.12,74.12,74.03,74.09,25786.75
2026-08-06 04:40:00,74.09,74.13,74.08,74.1,21473.28
2026-08-06 04:45:00,74.11,74.11,74.07,74.08,11612.46
2026-08-06 04:50:00,74.08,74.15,74.08,74.14,19448.15
2026-08-06 04:55:00,74.15,74.18,74.08,74.08,35110.45
2026-08-06 05:00:00,74.09,74.16,73.99,74.03,60720.64
2026-08-06 05:05:00,74.04,74.12,74.02,74.08,21889.48
2026-08-06 05:10:00,74.07,74.16,74.05,74.05,17898.69
2026-08-06 05:15:00,74.06,74.16,74.05,74.12,55246.2
2026-08-06 05:20:00,74.12,74.13,74.02,74.06,16000.34
2026-08-06 05:25:00,74.06,74.08,73.95,74.01,38261.17
2026-08-06 05:30:00,74.01,74.05,73.99,74.04,26067.19
2026-08-06 05:35:00,74.04,74.06,73.97,73.99,23655.25
2026-08-06 05:40:00,73.98,74.02,73.97,74.0,10342.44
2026-08-06 05:45:00,74.01,74.08,74.0,74.03,20435.21
2026-08-06 05:50:00,74.03,74.06,73.99,73.99,22509.28
2026-08-06 05:55:00,73.99,74.01,73.96,73.96,19576.5
2026-08-06 06:00:00,73.96,73.97,73.8,73.85,142668.58
2026-08-06 06:05:00,73.85,73.92,73.82,73.9,45117.78
2026-08-06 06:10:00,73.91,73.96,73.9,73.92,19280.27
2026-08-06 06:15:00,73.91,73.93,73.87,73.9,28181.86
2026-08-06 06:20:00,73.9,73.96,73.89,73.95,34095.68
2026-08-06 06:25:00,73.95,74.01,73.95,73.98,33524.16
2026-08-06 06:30:00,73.98,74.03,73.97,74.03,26062.4
2026-08-06 06:35:00,74.03,74.07,74.0,74.05,21664.53
2026-08-06 06:40:00,74.04,74.06,74.02,74.02,18991.04
2026-08-06 06:45:00,74.02,74.04,73.93,74.04,33120.59
2026-08-06 06:50:00,74.04,74.04,73.98,73.99,16564.17
2026-08-06 06:55:00,73.98,74.0,73.96,74.0,8942.38
2026-08-06 07:00:00,74.0,74.07,73.99,74.0,55937.68
2026-08-06 07:05:00,74.0,74.12,74.0,74.05,27995.74
2026-08-06 07:10:00,74.06,74.09,74.02,74.06,21785.77
2026-08-06 07:15:00,74.06,74.14,74.04,74.14,17921.89
2026-08-06 07:20:00,74.14,74.22,74.1,74.22,34566.51
2026-08-06 07:25:00,74.21,74.24,74.14,74.14,44866.39
2026-08-06 07:30:00,74.15,74.19,74.12,74.13,17965.11
2026-08-06 07:35:00,74.14,74.14,74.08,74.08,15625.98
2026-08-06 07:40:00,74.08,74.14,74.06,74.07,11627.38
2026-08-06 07:45:00,74.07,74.08,74.01,74.03,24097.03
2026-08-06 07:50:00,74.03,74.1,74.0,74.1,18264.17
2026-08-06 07:55:00,74.1,74.1,74.03,74.03,13224.03
2026-08-06 08:00:00,74.03,74.08,74.0,74.02,37438.2
2026-08-06 08:05:00,74.02,74.06,73.95,74.06,36597.07
2026-08-06 08:10:00,74.05,74.08,73.96,74.02,23539.38
2026-08-06 08:15:00,74.01,74.03,73.91,73.91,21554.83
2026-08-06 08:20:00,73.92,73.93,73.75,73.83,197845.21
2026-08-06 08:25:00,73.83,73.83,73.71,73.74,55089.62
2026-08-06 08:30:00,73.74,73.81,73.68,73.79,90115.28
2026-08-06 08:35:00,73.79,73.85,73.75,73.78,36962.59
2026-08-06 08:40:00,73.78,73.8,73.72,73.74,29191.86
2026-08-06 08:45:00,73.73,73.88,73.73,73.87,27622.36
2026-08-06 08:50:00,73.86,73.89,73.77,73.77,21806.92
2026-08-06 08:55:00,73.77,73.79,73.7,73.7,26940.74
2026-08-06 09:00:00,73.7,73.73,73.58,73.66,121182.42
2026-08-06 09:05:00,73.66,73.69,73.61,73.66,78556.47
2026-08-06 09:10:00,73.67,73.74,73.54,73.55,82030.18
2026-08-06 09:15:00,73.55,73.6,73.39,73.43,199350.84
2026-08-06 09:20:00,73.42,73.47,73.36,73.44,193693.06
2026-08-06 09:25:00,73.43,73.45,73.34,73.38,70004.73
2026-08-06 09:30:00,73.39,73.46,73.33,73.44,93580.39
2026-08-06 09:35:00,73.44,73.49,73.34,73.44,69008.45
2026-08-06 09:40:00,73.43,73.57,73.42,73.55,33624.89
2026-08-06 09:45:00,73.56,73.56,73.47,73.53,51093.49
2026-08-06 09:50:00,73.52,73.53,73.45,73.47,39159.05
2026-08-06 09:55:00,73.48,73.5,73.45,73.48,13867.86
2026-08-06 10:00:00,73.49,73.49,73.39,73.47,58035.8
2026-08-06 10:05:00,73.47,73.5,73.42,73.46,21545.29
2026-08-06 10:10:00,73.47,73.52,73.47,73.51,10434.87
2026-08-06 10:15:00,73.51,73.51,73.43,73.44,25019.65
2026-08-06 10:20:00,73.43,73.5,73.42,73.43,18312.11
2026-08-06 10:25:00,73.42,73.51,73.42,73.5,31252.38
2026-08-06 10:30:00,73.51,73.55,73.44,73.5,30693.98
2026-08-06 10:35:00,73.51,73.51,73.46,73.5,26830.4
2026-08-06 10:40:00,73.49,73.5,73.41,73.41,25143.35
2026-08-06 10:45:00,73.41,73.51,73.4,73.47,57329.79
2026-08-06 10:50:00,73.47,73.54,73.43,73.44,48416.92
2026-08-06 10:55:00,73.43,73.45,73.4,73.44,26506.47
2026-08-06 11:00:00,73.45,73.45,73.34,73.35,65360.52
2026-08-06 11:05:00,73.36,73.53,73.34,73.52,44660.57
2026-08-06 11:10:00,73.52,73.56,73.49,73.55,29499.32
2026-08-06 11:15:00,73.55,73.67,73.54,73.63,80902.72
2026-08-06 11:20:00,73.63,73.74,73.62,73.72,73711.89
2026-08-06 11:25:00,73.72,73.78,73.71,73.75,76532.44
2026-08-06 11:30:00,73.76,73.84,73.75,73.77,47496.35
2026-08-06 11:35:00,73.77,73.82,73.72,73.73,35482.2
2026-08-06 11:40:00,73.72,73.75,73.68,73.7,30616.4
2026-08-06 11:45:00,73.7,73.71,73.64,73.69,20300.96
2026-08-06 11:50:00,73.69,73.79,73.68,73.79,11884.73
2026-08-06 11:55:00,73.79,73.83,73.75,73.83,20843.56
2026-08-06 12:00:00,73.82,73.92,73.81,73.89,54142.79
2026-08-06 12:05:00,73.9,74.33,73.89,74.23,303427.68
2026-08-06 12:10:00,74.22,74.23,74.14,74.19,70874.43
2026-08-06 12:15:00,74.19,74.33,74.13,74.16,146606.36
2026-08-06 12:20:00,74.15,74.26,74.14,74.26,75657.78
2026-08-06 12:25:00,74.25,74.26,74.07,74.11,61345.05
2026-08-06 12:30:00,74.1,74.15,74.04,74.09,45996.31
2026-08-06 12:35:00,74.08,74.14,74.06,74.09,40706.49
2026-08-06 12:40:00,74.09,74.16,74.08,74.16,29533.95
2026-08-06 12:45:00,74.16,74.18,74.11,74.11,30304.81
2026-08-06 12:50:00,74.11,74.15,74.1,74.13,20032.85
2026-08-06 12:55:00,74.13,74.2,74.11,74.2,19725.38
2026-08-06 13:00:00,74.2,74.2,74.11,74.18,58868.88
2026-08-06 13:05:00,74.19,74.21,74.04,74.04,55417.57
2026-08-06 13:10:00,74.05,74.07,73.97,73.99,33431.93
2026-08-06 13:15:00,73.98,74.01,73.91,73.95,41040.87
2026-08-06 13:20:00,73.95,74.08,73.94,74.07,20237.41
2026-08-06 13:25:00,74.06,74.1,74.01,74.04,30351.69
2026-08-06 13:30:00,74.04,74.04,74.0,74.03,20709.33
2026-08-06 13:35:00,74.04,74.05,73.99,74.02,15052.78
2026-08-06 13:40:00,74.03,74.09,73.99,74.08,21641.67
2026-08-06 13:45:00,74.08,74.1,74.0,74.02,15609.38
2026-08-06 13:50:00,74.01,74.04,73.98,74.0,11627.36
2026-08-06 13:55:00,74.0,74.02,73.98,74.01,11915.04
2026-08-06 14:00:00,74.02,74.02,73.95,73.95,31193.26
2026-08-06 14:05:00,73.95,74.02,73.95,73.99,26370.68
2026-08-06 14:10:00,74.0,74.07,73.97,74.06,16691.22
2026-08-06 14:15:00,74.06,74.07,73.99,74.03,15896.06
2026-08-06 14:20:00,74.04,74.1,74.0,74.08,20430.6
2026-08-06 14:25:00,74.07,74.08,74.03,74.03,11038.56
2026-08-06 14:30:00,74.03,74.04,73.98,74.03,15549.24
2026-08-06 14:35:00,74.04,74.05,73.95,73.96,16196.11
2026-08-06 14:40:00,73.95,73.95,73.87,73.88,51380.16
2026-08-06 14:45:00,73.88,73.91,73.88,73.9,14616.47
2026-08-06 14:50:00,73.9,73.9,73.83,73.87,14941.02
2026-08-06 14:55:00,73.87,73.9,73.83,73.84,22780.35
2026-08-06 15:00:00,73.85,73.87,73.77,73.83,55570.65
2026-08-06 15:05:00,73.82,73.84,73.78,73.79,32326.82
2026-08-06 15:10:00,73.79,73.79,73.71,73.74,33530.53
2026-08-06 15:15:00,73.75,73.75,73.67,73.68,48895.52
2026-08-06 15:20:00,73.68,73.75,73.66,73.69,51668.44
2026-08-06 15:25:00,73.69,73.79,73.68,73.76,54739.65
2026-08-06 15:30:00,73.77,73.83,73.72,73.82,68745.34
2026-08-06 15:35:00,73.81,73.82,73.75,73.79,21047.21
2026-08-06 15:40:00,73.79,73.89,73.78,73.83,30225.87
2026-08-06 15:45:00,73.84,73.93,73.83,73.92,40236.74
2026-08-06 15:50:00,73.92,74.08,73.89,73.99,55218.31
2026-08-06 15:55:00,73.99,74.03,73.94,73.95,29529.15
2026-08-06 16:00:00,73.95,73.96,73.88,73.88,56766.04
2026-08-06 16:05:00,73.88,73.88,73.7,73.76,42888.09
2026-08-06 16:10:00,73.75,73.76,73.55,73.57,143836.77
2026-08-06 16:15:00,73.58,73.63,73.54,73.59,69715.46
2026-08-06 16:20:00,73.6,73.65,73.44,73.53,231062.26
2026-08-06 16:25:00,73.53,73.56,73.43,73.48,109513.39
2026-08-06 16:30:00,73.48,73.48,73.36,73.43,141736.67
2026-08-06 16:35:00,73.43,73.44,73.36,73.39,50406.97
2026-08-06 16:40:00,73.38,73.39,73.24,73.29,254609.35
2026-08-06 16:45:00,73.3,73.3,73.12,73.29,205523.52
2026-08-06 16:50:00,73.29,73.31,73.24,73.24,30312.25
2026-08-06 16:55:00,73.25,73.28,73.21,73.25,56473.75
2026-08-06 17:00:00,73.24,73.29,73.14,73.21,77803.2
2026-08-06 17:05:00,73.2,73.22,73.14,73.2,67286.35
2026-08-06 17:10:00,73.2,73.2,73.12,73.15,39650.17
2026-08-06 17:15:00,73.15,73.31,73.13,73.31,57508.66
2026-08-06 17:20:00,73.31,73.36,73.29,73.34,117874.52
2026-08-06 17:25:00,73.33,73.37,73.31,73.34,40256.17
2026-08-06 17:30:00,73.34,73.39,73.33,73.36,41221.68
2026-08-06 17:35:00,73.35,73.4,73.32,73.34,28110.37
2026-08-06 17:40:00,73.34,73.35,73.26,73.27,41790.61
2026-08-06 17:45:00,73.27,73.32,73.25,73.29,38354.44
2026-08-06 17:50:00,73.28,73.29,73.2,73.2,26271.48
2026-08-06 17:55:00,73.21,73.27,73.2,73.27,20177.85
2026-08-06 18:00:00,73.27,73.28,73.14,73.15,44657.34
2026-08-06 18:05:00,73.16,73.28,73.13,73.27,54110.75
2026-08-06 18:10:00,73.26,73.35,73.26,73.32,22554.98
2026-08-06 18:15:00,73.33,73.43,73.32,73.4,35203.08
2026-08-06 18:20:00,73.4,73.44,73.39,73.4,27906.83
2026-08-06 18:25:00,73.39,73.4,73.34,73.34,12814.69
2026-08-06 18:30:00,73.34,73.46,73.34,73.44,29191.9
2026-08-06 18:35:00,73.44,73.52,73.43,73.48,40120.01
2026-08-06 18:40:00,73.48,73.49,73.45,73.49,9725.43
2026-08-06 18:45:00,73.48,73.49,73.4,73.43,31930.92
2026-08-06 18:50:00,73.43,73.47,73.39,73.44,17207.86
2026-08-06 18:55:00,73.44,73.44,73.4,73.41,24395.33
2026-08-06 19:00:00,73.42,73.44,73.34,73.39,45010.67
2026-08-06 19:05:00,73.38,73.38,73.26,73.27,48885.72
2026-08-06 19:10:00,73.27,73.3,73.23,73.23,46381.77
2026-08-06 19:15:00,73.23,73.26,73.18,73.22,41248.06
2026-08-06 19:20:00,73.23,73.34,73.22,73.33,39686.7
2026-08-06 19:25:00,73.33,73.37,73.33,73.35,21471.99
2026-08-06 19:30:00,73.35,73.36,73.26,73.27,39403.14
2026-08-06 19:35:00,73.27,73.4,73.25,73.4,19878.5
2026-08-06 19:40:00,73.39,73.4,73.3,73.3,14126.99
2026-08-06 19:45:00,73.3,73.31,73.26,73.29,16273.52
2026-08-06 19:50:00,73.29,73.3,73.18,73.18,29183.07
2026-08-06 19:55:00,73.19,73.23,73.08,73.1,97301.79
2026-08-06 20:00:00,73.1,73.14,73.02,73.05,97659.37
2026-08-06 20:05:00,73.04,73.05,72.81,72.87,277841.21
2026-08-06 20:10:00,72.88,72.96,72.85,72.93,66333.63
2026-08-06 20:15:00,72.93,72.95,72.84,72.87,70108.2
2026-08-06 20:20:00,72.86,72.95,72.85,72.87,39453.17
2026-08-06 20:25:00,72.87,72.93,72.78,72.92,89773.78
2026-08-06 20:30:00,72.92,72.95,72.81,72.95,96577.01
2026-08-06 20:35:00,72.95,73.09,72.91,73.09,113941.32
2026-08-06 20:40:00,73.08,73.25,73.07,73.21,80372.15
2026-08-06 20:45:00,73.21,73.26,73.13,73.24,71386.41
2026-08-06 20:50:00,73.23,73.28,73.19,73.2,36386.98
2026-08-06 20:55:00,73.21,73.29,73.19,73.19,51439.41
2026-08-06 21:00:00,73.2,73.24,73.11,73.2,51980.31
2026-08-06 21:05:00,73.21,73.23,73.15,73.15,49263.14
2026-08-06 21:10:00,73.16,73.27,73.16,73.18,38343.65
2026-08-06 21:15:00,73.17,73.27,73.13,73.16,58786.12
2026-08-06 21:20:00,73.16,73.35,73.16,73.2,39850.83
2026-08-06 21:25:00,73.21,73.28,73.13,73.13,43299.37
2026-08-06 21:30:00,73.13,73.27,73.05,73.27,119372.68
2026-08-06 21:35:00,73.27,73.39,73.25,73.26,64503.84
2026-08-06 21:40:00,73.26,73.56,73.24,73.49,185396.36
2026-08-06 21:45:00,73.5,73.55,73.34,73.35,97659.21
2026-08-06 21:50:00,73.35,73.37,73.3,73.36,41517.58
2026-08-06 21:55:00,73.36,73.47,73.36,73.42,39078.28
2026-08-06 22:00:00,73.42,73.5,73.39,73.42,42214.7
2026-08-06 22:05:00,73.42,73.59,73.39,73.55,66804.77
2026-08-06 22:10:00,73.55,73.59,73.46,73.46,51204.6
2026-08-06 22:15:00,73.46,73.53,73.34,73.35,32505.22
2026-08-06 22:20:00,73.34,73.44,73.31,73.43,60621.84
2026-08-06 22:25:00,73.43,73.5,73.39,73.48,29305.02
2026-08-06 22:30:00,73.48,73.59,73.44,73.44,44420.04
2026-08-06 22:35:00,73.45,73.47,73.38,73.45,23637.4
2026-08-06 22:40:00,73.45,73.46,73.35,73.36,41984.28
2026-08-06 22:45:00,73.37,73.52,73.34,73.49,39262.58
2026-08-06 22:50:00,73.49,73.5,73.29,73.29,54991.25
2026-08-06 22:55:00,73.29,73.36,73.26,73.27,38579.89
2026-08-06 23:00:00,73.27,73.32,73.2,73.31,56420.25
2026-08-06 23:05:00,73.3,73.35,73.26,73.32,28670.68
2026-08-06 23:10:00,73.31,73.33,73.03,73.1,145345.88
2026-08-06 23:15:00,73.11,73.25,73.08,73.25,60601.1
2026-08-06 23:20:00,73.25,73.25,73.15,73.23,32472.51
2026-08-06 23:25:00,73.24,73.28,73.17,73.27,24999.52
2026-08-06 23:30:00,73.28,73.34,73.22,73.29,22982.88
2026-08-06 23:35:00,73.28,73.36,73.21,73.36,28256.47
2026-08-06 23:40:00,73.36,73.45,73.34,73.36,27846.71
2026-08-06 23:45:00,73.36,73.4,73.3,73.37,19315.73
2026-08-06 23:50:00,73.38,73.43,73.32,73.32,41030.58
2026-08-06 23:55:00,73.32,73.41,73.32,73.4,22198.86
2026-08-07 00:00:00,73.4,73.51,73.4,73.45,65593.22
2026-08-07 00:05:00,73.45,73.49,73.39,73.41,34361.42
2026-08-07 00:10:00,73.41,73.45,73.39,73.39,17298.62
2026-08-07 00:15:00,73.39,73.4,73.34,73.37,17769.83
2026-08-07 00:20:00,73.37,73.42,73.3,73.31,15049.16
2026-08-07 00:25:00,73.31,73.35,73.28,73.29,10806.02
2026-08-07 00:30:00,73.28,73.35,73.24,73.27,21702.69
2026-08-07 00:35:00,73.27,73.3,73.17,73.18,26418.77
2026-08-07 00:40:00,73.17,73.19,73.01,73.12,75210.79
2026-08-07 00:45:00,73.12,73.16,73.05,73.05,32296.93
2026-08-07 00:50:00,73.05,73.13,73.05,73.1,26227.97
2026-08-07 00:55:00,73.1,73.17,73.08,73.15,16902.36
2026-08-07 01:00:00,73.15,73.16,72.97,73.0,75458.01
2026-08-07 01:05:00,73.0,73.03,72.91,72.99,49454.34
2026-08-07 01:10:00,72.99,73.04,72.94,73.03,37290.53
2026-08-07 01:15:00,73.04,73.14,73.0,73.12,37992.81
2026-08-07 01:20:00,73.13,73.19,73.1,73.1,16378.23
2026-08-07 01:25:00,73.1,73.12,73.05,73.08,13738.17
2026-08-07 01:30:00,73.07,73.08,72.92,72.93,27282.63
2026-08-07 01:35:00,72.94,72.97,72.86,72.88,62263.97
2026-08-07 01:40:00,72.89,72.92,72.85,72.86,24159.65
2026-08-07 01:45:00,72.86,72.95,72.85,72.89,25451.15
2026-08-07 01:50:00,72.88,72.89,72.66,72.7,150919.6
2026-08-07 01:55:00,72.71,72.8,72.69,72.79,98745.54
2026-08-07 02:00:00,72.78,72.83,72.76,72.79,30688.64
2026-08-07 02:05:00,72.8,72.8,72.73,72.8,27568.26
2026-08-07 02:10:00,72.8,72.8,72.72,72.75,41223.65
2026-08-07 02:15:00,72.74,72.75,72.56,72.63,82763.64
2026-08-07 02:20:00,72.62,72.72,72.61,72.63,66542.56
2026-08-07 02:25:00,72.62,72.62,72.51,72.59,51054.84
2026-08-07 02:30:00,72.58,72.66,72.55,72.66,35983.19
2026-08-07 02:35:00,72.65,72.71,72.64,72.68,34567.6
2026-08-07 02:40:00,72.68,72.74,72.67,72.74,16757.07
2026-08-07 02:45:00,72.74,72.78,72.73,72.75,26978.68
2026-08-07 02:50:00,72.75,72.87,72.73,72.81,49907.79
2026-08-07 02:55:00,72.8,72.91,72.75,72.76,59752.38
2026-08-07 03:00:00,72.75,72.91,72.75,72.91,39553.99
2026-08-07 03:05:00,72.9,72.93,72.87,72.87,21797.31
2026-08-07 03:10:00,72.87,72.92,72.86,72.92,15696.71
2026-08-07 03:15:00,72.92,72.92,72.82,72.88,20612.78
2026-08-07 03:20:00,72.87,72.89,72.82,72.82,26260.49
2026-08-07 03:25:00,72.82,72.87,72.79,72.86,18590.72
2026-08-07 03:30:00,72.86,72.89,72.82,72.88,10329.93
2026-08-07 03:35:00,72.89,72.93,72.87,72.9,19456.34
2026-08-07 03:40:00,72.9,72.96,72.89,72.9,14077.0
2026-08-07 03:45:00,72.9,72.9,72.84,72.85,12217.36
2026-08-07 03:50:00,72.84,72.89,72.79,72.79,13380.71
2026-08-07 03:55:00,72.8,72.84,72.79,72.81,13667.88
2026-08-07 04:00:00,72.8,72.9,72.77,72.78,25913.3
2026-08-07 04:05:00,72.78,72.85,72.74,72.85,28118.81
2026-08-07 04:10:00,72.85,72.94,72.84,72.93,36702.03
2026-08-07 04:15:00,72.93,72.96,72.83,72.89,36681.17
2026-08-07 04:20:00,72.88,72.92,72.88,72.92,17413.83
2026-08-07 04:25:00,72.92,72.94,72.89,72.92,16118.56
2026-08-07 04:30:00,72.91,72.93,72.78,72.79,45648.0
2026-08-07 04:35:00,72.79,72.91,72.75,72.9,56934.25
2026-08-07 04:40:00,72.9,72.95,72.87,72.9,27508.94
2026-08-07 04:45:00,72.9,72.9,72.86,72.88,5868.1
2026-08-07 04:50:00,72.88,72.94,72.84,72.84,18538.19
2026-08-07 04:55:00,72.85,72.87,72.82,72.83,9826.81
2026-08-07 05:00:00,72.82,72.85,72.7,72.78,60942.24
2026-08-07 05:05:00,72.78,72.84,72.73,72.75,19813.48
2026-08-07 05:10:00,72.75,72.81,72.74,72.79,11267.53
2026-08-07 05:15:00,72.79,72.81,72.73,72.73,11474.26
2026-08-07 05:20:00,72.73,72.74,72.61,72.66,25771.23
2026-08-07 05:25:00,72.66,72.69,72.64,72.66,13241.54
2026-08-07 05:30:00,72.67,72.74,72.63,72.71,35982.39
2026-08-07 05:35:00,72.71,72.73,72.69,72.71,11568.99
2026-08-07 05:40:00,72.71,72.73,72.64,72.68,9945.43
2026-08-07 05:45:00,72.68,72.7,72.64,72.66,24612.43
2026-08-07 05:50:00,72.66,72.7,72.64,72.66,10001.47
2026-08-07 05:55:00,72.65,72.66,72.63,72.66,28096.22
2026-08-07 06:00:00,72.65,72.66,72.61,72.65,39237.55
2026-08-07 06:05:00,72.64,72.71,72.64,72.65,32578.28
2026-08-07 06:10:00,72.65,72.69,72.63,72.63,18864.75
2026-08-07 06:15:00,72.64,72.64,72.46,72.47,92457.77
2026-08-07 06:20:00,72.47,72.5,72.42,72.45,74602.21
2026-08-07 06:25:00,72.45,72.48,72.29,72.35,149639.45
2026-08-07 06:30:00,72.35,72.42,72.33,72.41,44011.63
2026-08-07 06:35:00,72.4,72.41,72.32,72.33,36162.93
2026-08-07 06:40:00,72.34,72.41,72.3,72.41,55155.42
2026-08-07 06:45:00,72.41,72.44,72.36,72.39,26524.94
2026-08-07 06:50:00,72.39,72.58,72.39,72.52,53181.76
2026-08-07 06:55:00,72.51,72.67,72.51,72.65,69756.43
2026-08-07 07:00:00,72.65,72.73,72.61,72.72,82422.89
2026-08-07 07:05:00,72.73,72.78,72.71,72.72,48160.56
2026-08-07 07:10:00,72.71,72.74,72.58,72.6,62782.41
2026-08-07 07:15:00,72.6,72.67,72.55,72.61,49687.86
2026-08-07 07:20:00,72.61,72.62,72.54,72.59,35455.08
2026-08-07 07:25:00,72.59,72.65,72.57,72.62,32863.03
2026-08-07 07:30:00,72.62,72.69,72.54,72.68,19060.23
2026-08-07 07:35:00,72.69,72.71,72.55,72.6,18755.96
2026-08-07 07:40:00,72.6,72.64,72.52,72.63,17640.72
2026-08-07 07:45:00,72.63,72.66,72.53,72.55,17107.75
2026-08-07 07:50:00,72.55,72.65,72.53,72.6,12133.88
2026-08-07 07:55:00,72.6,72.64,72.56,72.63,8637.03
2026-08-07 08:00:00,72.63,72.78,72.62,72.73,39601.98
2026-08-07 08:05:00,72.73,72.79,72.66,72.67,20056.42
2026-08-07 08:10:00,72.66,72.67,72.6,72.64,15938.23
2026-08-07 08:15:00,72.64,72.66,72.59,72.62,20161.27
2026-08-07 08:20:00,72.62,72.65,72.58,72.58,18677.07
2026-08-07 08:25:00,72.58,72.72,72.58,72.71,15291.08
2026-08-07 08:30:00,72.72,72.84,72.7,72.8,38665.42
2026-08-07 08:35:00,72.8,72.8,72.6,72.6,17924.93
2026-08-07 08:40:00,72.6,72.67,72.54,72.64,40981.05
2026-08-07 08:45:00,72.64,72.71,72.62,72.7,17311.47
2026-08-07 08:50:00,72.69,72.73,72.63,72.66,16063.75
2026-08-07 08:55:00,72.67,72.72,72.62,72.7,9700.79
2026-08-07 09:00:00,72.7,72.72,72.66,72.7,17546.26
2026-08-07 09:05:00,72.7,72.7,72.57,72.57,12788.27
2026-08-07 09:10:00,72.57,72.75,72.42,72.74,81049.88
2026-08-07 09:15:00,72.74,72.91,72.74,72.77,132130.82
2026-08-07 09:20:00,72.77,72.78,72.58,72.68,53810.7
2026-08-07 09:25:00,72.67,72.67,72.55,72.58,45215.98
2026-08-07 09:30:00,72.59,72.66,72.53,72.59,33612.97
2026-08-07 09:35:00,72.59,72.7,72.58,72.59,15937.14
2026-08-07 09:40:00,72.6,72.67,72.55,72.65,28960.15
2026-08-07 09:45:00,72.64,72.73,72.63,72.71,16650.76
2026-08-07 09:50:00,72.72,72.75,72.71,72.74,24595.25
2026-08-07 09:55:00,72.74,72.74,72.66,72.67,14864.54
2026-08-07 10:00:00,72.67,72.7,72.58,72.61,29635.14
2026-08-07 10:05:00,72.62,72.71,72.59,72.69,15062.78
2026-08-07 10:10:00,72.69,72.71,72.58,72.58,11126.49
2026-08-07 10:15:00,72.58,72.63,72.58,72.6,13384.22
2026-08-07 10:20:00,72.6,72.66,72.55,72.65,37467.87
2026-08-07 10:25:00,72.65,72.72,72.63,72.65,31258.01
2026-08-07 10:30:00,72.64,72.73,72.64,72.67,11954.77
2026-08-07 10:35:00,72.67,72.71,72.63,72.64,9841.57
2026-08-07 10:40:00,72.65,72.71,72.64,72.66,13524.16
2026-08-07 10:45:00,72.66,72.68,72.61,72.68,9218.15
2026-08-07 10:50:00,72.68,72.69,72.56,72.59,18850.87
2026-08-07 10:55:00,72.59,72.59,72.49,72.57,33229.37
2026-08-07 11:00:00,72.57,72.59,72.45,72.59,34207.58
2026-08-07 11:05:00,72.59,72.65,72.55,72.62,26304.65
2026-08-07 11:10:00,72.62,72.64,72.57,72.58,26378.37
2026-08-07 11:15:00,72.58,72.73,72.58,72.72,28464.08
2026-08-07 11:20:00,72.73,72.76,72.68,72.71,21056.06
2026-08-07 11:25:00,72.71,72.71,72.66,72.7,11352.23
2026-08-07 11:30:00,72.7,72.74,72.65,72.74,28841.97
2026-08-07 11:35:00,72.74,72.76,72.64,72.7,23672.41
2026-08-07 11:40:00,72.69,72.7,72.65,72.68,16125.02
2026-08-07 11:45:00,72.68,72.7,72.62,72.67,31359.18
2026-08-07 11:50:00,72.68,72.68,72.55,72.59,35544.69
2026-08-07 11:55:00,72.6,72.66,72.58,72.63,19882.86
2026-08-07 12:00:00,72.64,72.71,72.62,72.69,18791.12
2026-08-07 12:05:00,72.69,72.7,72.61,72.67,25139.77
2026-08-07 12:10:00,72.66,72.69,72.62,72.66,13530.49
2026-08-07 12:15:00,72.66,72.68,72.62,72.63,16684.88
2026-08-07 12:20:00,72.64,72.65,72.56,72.56,32153.68
2026-08-07 12:25:00,72.55,72.58,72.49,72.51,41760.22
2026-08-07 12:30:00,72.52,72.56,72.39,72.43,95495.18
2026-08-07 12:35:00,72.42,72.63,72.41,72.63,70675.36
2026-08-07 12:40:00,72.62,72.66,72.6,72.65,19605.28
2026-08-07 12:45:00,72.66,72.78,72.65,72.76,38718.63
2026-08-07 12:50:00,72.75,72.92,72.75,72.84,88926.79
2026-08-07 12:55:00,72.85,72.89,72.83,72.84,46424.03
2026-08-07 13:00:00,72.84,72.86,72.78,72.82,32723.24
2026-08-07 13:05:00,72.81,72.9,72.81,72.85,33598.34
2026-08-07 13:10:00,72.86,72.94,72.85,72.93,19801.93
2026-08-07 13:15:00,72.93,73.04,72.91,72.97,82320.22
2026-08-07 13:20:00,72.97,73.01,72.93,72.98,50999.36
2026-08-07 13:25:00,72.98,73.04,72.96,72.98,139908.89
2026-08-07 13:30:00,72.98,73.0,72.88,72.9,64562.92
2026-08-07 13:35:00,72.9,72.97,72.9,72.93,25676.59
2026-08-07 13:40:00,72.93,72.95,72.87,72.9,18588.02
2026-08-07 13:45:00,72.9,72.93,72.82,72.82,37834.92
2026-08-07 13:50:00,72.82,72.84,72.77,72.83,24037.83
2026-08-07 13:55:00,72.83,72.86,72.8,72.81,26083.31
2026-08-07 14:00:00,72.81,72.83,72.71,72.81,68719.94
2026-08-07 14:05:00,72.8,72.92,72.8,72.91,20350.77
2026-08-07 14:10:00,72.91,72.96,72.91,72.93,19812.14
2026-08-07 14:15:00,72.93,72.98,72.9,72.9,16601.79
2026-08-07 14:20:00,72.91,72.97,72.87,72.96,91630.7
2026-08-07 14:25:00,72.95,72.98,72.92,72.93,36062.07
2026-08-07 14:30:00,72.93,72.96,72.91,72.95,18808.61
2026-08-07 14:35:00,72.96,73.0,72.92,72.93,26359.48
2026-08-07 14:40:00,72.92,72.95,72.9,72.91,32499.6
2026-08-07 14:45:00,72.91,72.93,72.89,72.93,9744.75
2026-08-07 14:50:00,72.92,72.96,72.91,72.94,8030.2
2026-08-07 14:55:00,72.95,72.95,72.88,72.9,21447.07
2026-08-07 15:00:00,72.9,72.93,72.88,72.9,14444.35
2026-08-07 15:05:00,72.9,72.93,72.89,72.9,19417.33
2026-08-07 15:10:00,72.9,73.0,72.89,72.96,29519.66
2026-08-07 15:15:00,72.97,72.99,72.9,72.94,24873.7
2026-08-07 15:20:00,72.93,72.94,72.9,72.94,11699.07
2026-08-07 15:25:00,72.93,72.96,72.91,72.94,13595.76
2026-08-07 15:30:00,72.93,73.07,72.93,73.03,47881.37
2026-08-07 15:35:00,73.04,73.05,72.94,72.98,21687.85
2026-08-07 15:40:00,72.97,73.3,72.96,73.23,166910.41
2026-08-07 15:45:00,73.23,73.25,73.15,73.17,76857.28
2026-08-07 15:50:00,73.17,73.17,73.13,73.15,23631.09
2026-08-07 15:55:00,73.15,73.17,73.13,73.16,18351.79
2026-08-07 16:00:00,73.16,73.33,73.15,73.3,92423.7
2026-08-07 16:05:00,73.3,73.3,73.27,73.28,31811.77
2026-08-07 16:10:00,73.28,73.41,73.27,73.37,134750.16
2026-08-07 16:15:00,73.36,73.55,73.36,73.53,153753.65
2026-08-07 16:20:00,73.52,73.53,73.43,73.52,86187.84
2026-08-07 16:25:00,73.53,73.63,73.46,73.49,138383.81
2026-08-07 16:30:00,73.49,73.67,73.49,73.62,112581.28
2026-08-07 16:35:00,73.62,73.71,73.62,73.67,85234.52
2026-08-07 16:40:00,73.67,73.67,73.58,73.65,66409.71
2026-08-07 16:45:00,73.65,73.7,73.63,73.67,63448.74
2026-08-07 16:50:00,73.67,73.67,73.56,73.59,65708.52
2026-08-07 16:55:00,73.58,73.6,73.54,73.59,48540.78
2026-08-07 17:00:00,73.59,73.74,73.59,73.7,95897.71
2026-08-07 17:05:00,73.7,73.72,73.63,73.63,45058.12
2026-08-07 17:10:00,73.63,73.64,73.58,73.6,45869.47
2026-08-07 17:15:00,73.61,73.62,73.58,73.59,27406.73
2026-08-07 17:20:00,73.59,73.59,73.5,73.54,39669.29
2026-08-07 17:25:00,73.54,73.6,73.53,73.59,19269.76
2026-08-07 17:30:00,73.6,73.62,73.55,73.56,37431.19
2026-08-07 17:35:00,73.57,73.58,73.47,73.49,41166.75
2026-08-07 17:40:00,73.5,73.52,73.46,73.47,34809.67
2026-08-07 17:45:00,73.48,73.52,73.46,73.49,28045.05
2026-08-07 17:50:00,73.49,73.53,73.48,73.51,24223.19
2026-08-07 17:55:00,73.52,73.53,73.49,73.51,16481.41
2026-08-07 18:00:00,73.51,73.63,73.51,73.62,29056.65
2026-08-07 18:05:00,73.61,73.66,73.6,73.62,28887.73
2026-08-07 18:10:00,73.63,73.64,73.52,73.53,25445.94
2026-08-07 18:15:00,73.54,73.58,73.5,73.51,26462.56
2026-08-07 18:20:00,73.51,73.75,73.5,73.65,78873.39
2026-08-07 18:25:00,73.64,73.67,73.57,73.57,32927.4
2026-08-07 18:30:00,73.58,73.61,73.52,73.54,39502.28
2026-08-07 18:35:00,73.54,73.63,73.53,73.61,18652.67
2026-08-07 18:40:00,73.61,73.64,73.59,73.61,19468.49
2026-08-07 18:45:00,73.61,73.65,73.6,73.61,35683.23
2026-08-07 18:50:00,73.6,73.61,73.55,73.6,16125.69
2026-08-07 18:55:00,73.6,73.61,73.58,73.61,10875.73
2026-08-07 19:00:00,73.61,73.72,73.6,73.66,68970.25
2026-08-07 19:05:00,73.67,73.88,73.65,73.83,183408.96
2026-08-07 19:10:00,73.83,74.08,73.83,73.91,286849.72
2026-08-07 19:15:00,73.91,73.97,73.86,73.91,74585.03
2026-08-07 19:20:00,73.92,73.94,73.85,73.92,45013.84
2026-08-07 19:25:00,73.92,73.96,73.85,73.96,156503.56
2026-08-07 19:30:00,73.97,74.31,73.65,73.66,455033.52
2026-08-07 19:35:00,73.65,73.79,73.61,73.74,124971.36
2026-08-07 19:40:00,73.74,73.82,73.72,73.75,68378.28
2026-08-07 19:45:00,73.76,73.88,73.76,73.83,66857.51
2026-08-07 19:50:00,73.83,73.97,73.81,73.96,37069.82
2026-08-07 19:55:00,73.97,74.01,73.84,73.88,144047.08
2026-08-07 20:00:00,73.87,73.9,73.76,73.83,59545.05
2026-08-07 20:05:00,73.83,73.88,73.78,73.85,26719.56
2026-08-07 20:10:00,73.84,73.92,73.79,73.8,70694.98
2026-08-07 20:15:00,73.8,73.89,73.79,73.89,24906.34
2026-08-07 20:20:00,73.89,73.93,73.81,73.81,66620.61
2026-08-07 20:25:00,73.82,73.88,73.77,73.84,70439.38
2026-08-07 20:30:00,73.85,74.04,73.8,74.04,105665.07
2026-08-07 20:35:00,74.04,74.21,73.98,74.16,288953.8
2026-08-07 20:40:00,74.17,74.24,74.09,74.19,136131.21
2026-08-07 20:45:00,74.2,74.23,74.05,74.23,178662.43
2026-08-07 20:50:00,74.22,74.33,74.16,74.26,173846.84
2026-08-07 20:55:00,74.26,74.33,74.05,74.09,119445.14
2026-08-07 21:00:00,74.1,74.14,73.79,73.81,324499.79
2026-08-07 21:05:00,73.82,73.87,73.73,73.78,181377.38
2026-08-07 21:10:00,73.78,73.85,73.63,73.66,149787.07
2026-08-07 21:15:00,73.66,73.9,73.57,73.89,155469.79
2026-08-07 21:20:00,73.89,74.02,73.88,73.99,117534.84
2026-08-07 21:25:00,73.99,74.1,73.97,74.1,146406.25
2026-08-07 21:30:00,74.1,74.16,73.97,74.13,105789.67
2026-08-07 21:35:00,74.13,74.2,74.01,74.01,94534.55
2026-08-07 21:40:00,74.01,74.13,73.92,73.93,53058.25
2026-08-07 21:45:00,73.93,73.99,73.84,73.87,63986.36
2026-08-07 21:50:00,73.87,73.91,73.52,73.64,179661.93
2026-08-07 21:55:00,73.64,73.74,73.63,73.68,52974.94
2026-08-07 22:00:00,73.69,73.77,73.66,73.67,92757.16
2026-08-07 22:05:00,73.66,73.93,73.66,73.89,84384.01
2026-08-07 22:10:00,73.88,73.92,73.77,73.82,46362.36
2026-08-07 22:15:00,73.82,73.83,73.75,73.78,20317.71
2026-08-07 22:20:00,73.78,73.83,73.68,73.76,34607.79
2026-08-07 22:25:00,73.75,73.77,73.72,73.73,18725.79
2026-08-07 22:30:00,73.73,73.95,73.71,73.83,45723.86
2026-08-07 22:35:00,73.83,73.89,73.81,73.83,25150.39
2026-08-07 22:40:00,73.84,73.95,73.83,73.89,41475.54
2026-08-07 22:45:00,73.89,73.91,73.83,73.9,19637.03
2026-08-07 22:50:00,73.89,73.94,73.82,73.85,38540.2
2026-08-07 22:55:00,73.85,73.89,73.83,73.85,18143.43
2026-08-07 23:00:00,73.86,73.93,73.86,73.92,34438.28
2026-08-07 23:05:00,73.92,74.02,73.92,74.02,39801.24
2026-08-07 23:10:00,74.02,74.1,73.96,74.06,63752.53
2026-08-07 23:15:00,74.05,74.06,73.92,73.96,41343.71
2026-08-07 23:20:00,73.96,74.04,73.81,73.84,80350.2
2026-08-07 23:25:00,73.83,73.88,73.8,73.82,46463.93
2026-08-07 23:30:00,73.83,73.86,73.7,73.86,40879.64
2026-08-07 23:35:00,73.86,73.86,73.74,73.75,27645.08
2026-08-07 23:40:00,73.75,73.78,73.72,73.76,29868.64
2026-08-07 23:45:00,73.76,73.77,73.69,73.77,26354.64
2026-08-07 23:50:00,73.77,73.81,73.68,73.69,28386.14
2026-08-07 23:55:00,73.69,73.69,73.54,73.55,66612.1
2026-08-08 00:00:00,73.55,73.55,73.32,73.42,174620.26
2026-08-08 00:05:00,73.42,73.53,73.39,73.5,73217.5
2026-08-08 00:10:00,73.51,73.51,73.27,73.28,81908.26
2026-08-08 00:15:00,73.28,73.38,73.23,73.35,141379.25
2026-08-08 00:20:00,73.35,73.36,73.24,73.26,59770.57
2026-08-08 00:25:00,73.25,73.29,73.22,73.24,52626.79
2026-08-08 00:30:00,73.25,73.27,73.15,73.27,99083.8
2026-08-08 00:35:00,73.27,73.36,73.15,73.34,108609.35
2026-08-08 00:40:00,73.34,73.41,73.3,73.33,49868.0
2026-08-08 00:45:00,73.33,73.35,73.23,73.24,31408.01
2026-08-08 00:50:00,73.23,73.29,73.18,73.25,36757.88
2026-08-08 00:55:00,73.26,73.4,73.25,73.38,37180.45
2026-08-08 01:00:00,73.39,73.49,73.38,73.45,57899.29
2026-08-08 01:05:00,73.44,73.5,73.42,73.48,24992.42
2026-08-08 01:10:00,73.47,73.55,73.47,73.48,50780.21
2026-08-08 01:15:00,73.48,73.55,73.47,73.52,41915.29
2026-08-08 01:20:00,73.51,73.52,73.45,73.45,27075.13
2026-08-08 01:25:00,73.46,73.5,73.44,73.46,24694.17
2026-08-08 01:30:00,73.46,73.49,73.4,73.4,34221.99
2026-08-08 01:35:00,73.4,73.41,73.31,73.35,20770.77
2026-08-08 01:40:00,73.35,73.35,73.24,73.25,36383.58
2026-08-08 01:45:00,73.24,73.29,73.24,73.27,27126.14
2026-08-08 01:50:00,73.27,73.3,73.25,73.27,10990.81
2026-08-08 01:55:00,73.27,73.41,73.27,73.37,31679.94
2026-08-08 02:00:00,73.38,73.54,73.37,73.46,37269.56
2026-08-08 02:05:00,73.46,73.57,73.45,73.57,25723.35
2026-08-08 02:10:00,73.57,73.67,73.56,73.63,68368.01
2026-08-08 02:15:00,73.64,73.73,73.63,73.73,63775.8
2026-08-08 02:20:00,73.72,73.87,73.67,73.79,101438.89
2026-08-08 02:25:00,73.79,73.84,73.77,73.81,30952.84
2026-08-08 02:30:00,73.8,73.87,73.79,73.82,40007.07
2026-08-08 02:35:00,73.82,73.85,73.75,73.81,55263.31
2026-08-08 02:40:00,73.81,73.85,73.8,73.82,43065.6
2026-08-08 02:45:00,73.81,73.9,73.81,73.85,34173.35
2026-08-08 02:50:00,73.84,73.89,73.82,73.82,31739.09
2026-08-08 02:55:00,73.83,74.0,73.82,74.0,82102.95
2026-08-08 03:00:00,73.99,74.05,73.92,73.98,78303.67
2026-08-08 03:05:00,73.97,74.01,73.93,73.98,33687.01
2026-08-08 03:10:00,73.98,74.06,73.95,74.05,48943.24
2026-08-08 03:15:00,74.04,74.05,74.02,74.04,18065.84
2026-08-08 03:20:00,74.03,74.06,73.99,74.02,38659.72
2026-08-08 03:25:00,74.03,74.05,73.96,73.97,40849.56
2026-08-08 03:30:00,73.96,73.96,73.83,73.85,76055.6
2026-08-08 03:35:00,73.86,73.88,73.84,73.88,23590.44
2026-08-08 03:40:00,73.87,73.89,73.8,73.81,33731.86
2026-08-08 03:45:00,73.81,73.84,73.79,73.84,9964.83
2026-08-08 03:50:00,73.84,73.84,73.76,73.79,23477.2
2026-08-08 03:55:00,73.78,73.81,73.75,73.8,23901.25
2026-08-08 04:00:00,73.8,73.84,73.77,73.8,12039.58
2026-08-08 04:05:00,73.8,73.8,73.75,73.78,16080.12
2026-08-08 04:10:00,73.77,73.8,73.73,73.79,22233.1
2026-08-08 04:15:00,73.78,73.86,73.66,73.69,62468.9
2026-08-08 04:20:00,73.69,73.72,73.6,73.69,51131.32
2026-08-08 04:25:00,73.7,73.7,73.67,73.69,5129.2
2026-08-08 04:30:00,73.69,73.76,73.68,73.71,17372.97
2026-08-08 04:35:00,73.71,73.72,73.65,73.7,16950.46
2026-08-08 04:40:00,73.69,73.83,73.66,73.71,36467.72
2026-08-08 04:45:00,73.7,73.71,73.63,73.64,9802.64
2026-08-08 04:50:00,73.63,73.64,73.58,73.62,15613.52
2026-08-08 04:55:00,73.62,73.63,73.57,73.63,15618.99
2026-08-08 05:00:00,73.63,73.64,73.56,73.61,58513.8
2026-08-08 05:05:00,73.61,73.65,73.58,73.65,25406.3
2026-08-08 05:10:00,73.65,73.66,73.63,73.66,9477.43
2026-08-08 05:15:00,73.66,73.7,73.65,73.66,22940.3
2026-08-08 05:20:00,73.67,73.69,73.64,73.68,9148.57
2026-08-08 05:25:00,73.69,73.7,73.65,73.66,15347.88
2026-08-08 05:30:00,73.66,73.66,73.6,73.61,16085.45
2026-08-08 05:35:00,73.61,73.62,73.58,73.58,11546.56
2026-08-08 05:40:00,73.59,73.6,73.55,73.57,28989.61
2026-08-08 05:45:00,73.57,73.59,73.56,73.58,12426.76
2026-08-08 05:50:00,73.57,73.61,73.57,73.57,12509.8
2026-08-08 05:55:00,73.58,73.62,73.57,73.61,12599.7
2026-08-08 06:00:00,73.62,73.69,73.61,73.69,14052.24
2026-08-08 06:05:00,73.68,73.72,73.67,73.68,19888.19
2026-08-08 06:10:00,73.69,73.71,73.66,73.7,25226.26
2026-08-08 06:15:00,73.7,73.71,73.67,73.67,11319.02
2026-08-08 06:20:00,73.67,73.68,73.66,73.67,7489.19
2026-08-08 06:25:00,73.67,73.68,73.6,73.6,10667.39
2026-08-08 06:30:00,73.59,73.62,73.58,73.61,10464.58
2026-08-08 06:35:00,73.62,73.66,73.61,73.66,11714.58
2026-08-08 06:40:00,73.66,73.7,73.65,73.69,9390.92
2026-08-08 06:45:00,73.69,73.75,73.68,73.69,22776.97
2026-08-08 06:50:00,73.69,73.69,73.63,73.64,17213.59
2026-08-08 06:55:00,73.64,73.64,73.62,73.62,8410.95
2026-08-08 07:00:00,73.63,73.67,73.58,73.67,44430.13
2026-08-08 07:05:00,73.67,73.7,73.6,73.61,28692.48
2026-08-08 07:10:00,73.6,73.63,73.6,73.61,11911.42
2026-08-08 07:15:00,73.6,73.61,73.53,73.55,24137.64
2026-08-08 07:20:00,73.55,73.62,73.55,73.59,24202.03
2026-08-08 07:25:00,73.59,73.62,73.58,73.62,7506.33
2026-08-08 07:30:00,73.62,73.62,73.59,73.6,6800.26
2026-08-08 07:35:00,73.59,73.65,73.59,73.64,19759.27
2026-08-08 07:40:00,73.65,73.66,73.61,73.66,10112.6
2026-08-08 07:45:00,73.65,73.66,73.62,73.63,15099.74
2026-08-08 07:50:00,73.63,73.68,73.63,73.67,16657.25
2026-08-08 07:55:00,73.66,73.72,73.66,73.68,25270.18
2026-08-08 08:00:00,73.68,73.71,73.67,73.68,17390.14
2026-08-08 08:05:00,73.69,73.71,73.67,73.68,14707.84
2026-08-08 08:10:00,73.68,73.74,73.64,73.71,36943.36
2026-08-08 08:15:00,73.72,73.79,73.68,73.75,24930.01
2026-08-08 08:20:00,73.75,73.79,73.74,73.79,19856.65
2026-08-08 08:25:00,73.78,73.8,73.78,73.79,5842.57
2026-08-08 08:30:00,73.79,73.83,73.77,73.83,27168.32
2026-08-08 08:35:00,73.83,73.88,73.82,73.88,36655.31
2026-08-08 08:40:00,73.88,73.94,73.87,73.93,30042.31
2026-08-08 08:45:00,73.93,73.93,73.88,73.89,18587.94
2026-08-08 08:50:00,73.88,73.89,73.86,73.86,14338.84
2026-08-08 08:55:00,73.87,73.87,73.85,73.85,9260.03
2026-08-08 09:00:00,73.85,73.87,73.84,73.86,21705.33
2026-08-08 09:05:00,73.86,73.94,73.86,73.92,37419.67
2026-08-08 09:10:00,73.92,73.94,73.9,73.92,12770.16
2026-08-08 09:15:00,73.93,73.93,73.89,73.89,11341.49
2026-08-08 09:20:00,73.89,73.92,73.89,73.91,17369.81
2026-08-08 09:25:00,73.91,73.93,73.9,73.92,5708.9
2026-08-08 09:30:00,73.92,73.94,73.91,73.91,17734.02
2026-08-08 09:35:00,73.92,73.94,73.91,73.94,12775.81
2026-08-08 09:40:00,73.93,73.94,73.91,73.91,16416.12
2026-08-08 09:45:00,73.92,73.92,73.85,73.85,14079.27
2026-08-08 09:50:00,73.85,73.86,73.82,73.84,16982.44
2026-08-08 09:55:00,73.85,73.85,73.83,73.83,4221.17
2026-08-08 10:00:00,73.84,73.87,73.82,73.86,13435.17
2026-08-08 10:05:00,73.87,73.88,73.85,73.87,16087.49
2026-08-08 10:10:00,73.87,73.95,73.87,73.94,43230.82
2026-08-08 10:15:00,73.95,74.03,73.93,74.02,42872.03
2026-08-08 10:20:00,74.03,74.06,73.99,74.03,43156.62
2026-08-08 10:25:00,74.03,74.18,74.03,74.14,60468.09
2026-08-08 10:30:00,74.13,74.47,74.13,74.41,259478.55
2026-08-08 10:35:00,74.42,74.54,74.3,74.33,137599.24
2026-08-08 10:40:00,74.32,74.45,74.32,74.45,59670.7
2026-08-08 10:45:00,74.45,74.54,74.4,74.44,72090.56
2026-08-08 10:50:00,74.44,74.57,74.43,74.55,108270.6
2026-08-08 10:55:00,74.54,74.99,74.54,74.81,404969.89
2026-08-08 11:00:00,74.82,75.13,74.82,74.93,309321.09
2026-08-08 11:05:00,74.92,74.93,74.61,74.63,142899.68
2026-08-08 11:10:00,74.62,74.74,74.62,74.68,64269.32
2026-08-08 11:15:00,74.67,74.74,74.61,74.63,51843.91
2026-08-08 11:20:00,74.63,74.65,74.56,74.61,42459.03
2026-08-08 11:25:00,74.61,74.69,74.56,74.56,60441.73
2026-08-08 11:30:00,74.57,74.7,74.55,74.61,41722.29
2026-08-08 11:35:00,74.6,74.65,74.6,74.61,17462.79
2026-08-08 11:40:00,74.62,74.72,74.61,74.62,44731.62
2026-08-08 11:45:00,74.63,74.66,74.55,74.59,29972.42
2026-08-08 11:50:00,74.59,74.65,74.58,74.65,26231.03
2026-08-08 11:55:00,74.65,74.65,74.58,74.61,17090.12
2026-08-08 12:00:00,74.61,74.61,74.54,74.58,48108.32
2026-08-08 12:05:00,74.58,74.6,74.55,74.56,25602.64
2026-08-08 12:10:00,74.55,74.59,74.55,74.55,27821.94
2026-08-08 12:15:00,74.56,74.56,74.49,74.49,27155.83
2026-08-08 12:20:00,74.5,74.63,74.49,74.62,28584.55
2026-08-08 12:25:00,74.63,74.69,74.59,74.66,42951.4
2026-08-08 12:30:00,74.65,74.7,74.62,74.69,44610.31
2026-08-08 12:35:00,74.69,74.73,74.61,74.62,31157.73
2026-08-08 12:40:00,74.62,74.62,74.56,74.56,19704.82
2026-08-08 12:45:00,74.56,74.57,74.52,74.52,37379.84
2026-08-08 12:50:00,74.52,74.53,74.45,74.48,43289.43
2026-08-08 12:55:00,74.47,74.64,74.47,74.64,39536.18
2026-08-08 13:00:00,74.64,74.66,74.57,74.58,22763.22
2026-08-08 13:05:00,74.57,74.61,74.54,74.61,19024.69
2026-08-08 13:10:00,74.6,74.65,74.59,74.62,18322.93
2026-08-08 13:15:00,74.63,74.63,74.57,74.57,20122.39
2026-08-08 13:20:00,74.57,74.69,74.55,74.66,25788.44
2026-08-08 13:25:00,74.66,74.72,74.66,74.71,35449.78
2026-08-08 13:30:00,74.71,74.72,74.65,74.71,31561.77
2026-08-08 13:35:00,74.72,74.74,74.63,74.63,27494.78
2026-08-08 13:40:00,74.63,74.73,74.63,74.7,48627.19
2026-08-08 13:45:00,74.69,74.79,74.69,74.78,22892.79
2026-08-08 13:50:00,74.79,74.79,74.68,74.7,13189.07
2026-08-08 13:55:00,74.69,74.72,74.66,74.68,13183.49
2026-08-08 14:00:00,74.67,74.75,74.67,74.71,17282.79
2026-08-08 14:05:00,74.7,74.78,74.7,74.78,12536.7
2026-08-08 14:10:00,74.77,74.79,74.68,74.68,31995.42
2026-08-08 14:15:00,74.68,74.7,74.64,74.65,20771.03
2026-08-08 14:20:00,74.65,74.71,74.64,74.7,16958.24
2026-08-08 14:25:00,74.7,74.71,74.66,74.68,12576.14
2026-08-08 14:30:00,74.67,74.7,74.63,74.69,22257.57
2026-08-08 14:35:00,74.69,74.72,74.65,74.66,13846.18
2026-08-08 14:40:00,74.65,74.72,74.65,74.69,11677.4
2026-08-08 14:45:00,74.69,74.7,74.68,74.68,7689.13
2026-08-08 14:50:00,74.68,74.75,74.68,74.75,21368.6
2026-08-08 14:55:00,74.75,74.8,74.74,74.79,20438.76
2026-08-08 15:00:00,74.78,74.82,74.75,74.76,42344.4
2026-08-08 15:05:00,74.76,74.78,74.74,74.75,22652.78
2026-08-08 15:10:00,74.75,74.78,74.74,74.78,13013.24
2026-08-08 15:15:00,74.78,74.78,74.68,74.68,34336.8
2026-08-08 15:20:00,74.69,74.77,74.66,74.77,35489.56
2026-08-08 15:25:00,74.76,74.81,74.71,74.81,30330.69
2026-08-08 15:30:00,74.81,74.9,74.79,74.88,37601.29
2026-08-08 15:35:00,74.87,74.88,74.81,74.83,30832.06
2026-08-08 15:40:00,74.82,74.83,74.76,74.77,26726.61
2026-08-08 15:45:00,74.77,74.79,74.68,74.79,42851.27
2026-08-08 15:50:00,74.79,74.83,74.77,74.77,22523.84
2026-08-08 15:55:00,74.77,74.79,74.74,74.78,13449.89
2026-08-08 16:00:00,74.79,74.85,74.78,74.79,28987.07
2026-08-08 16:05:00,74.79,74.82,74.78,74.79,16606.57
2026-08-08 16:10:00,74.79,74.82,74.78,74.81,10283.66
2026-08-08 16:15:00,74.81,74.86,74.81,74.85,20752.62
2026-08-08 16:20:00,74.85,74.93,74.84,74.92,30821.74
2026-08-08 16:25:00,74.92,74.92,74.9,74.92,14634.01
2026-08-08 16:30:00,74.92,75.02,74.84,74.85,93443.73
2026-08-08 16:35:00,74.84,74.86,74.81,74.82,17587.72
2026-08-08 16:40:00,74.82,74.85,74.8,74.82,17211.76
2026-08-08 16:45:00,74.81,74.89,74.81,74.83,20280.55
2026-08-08 16:50:00,74.83,74.87,74.79,74.84,95170.08
2026-08-08 16:55:00,74.84,74.88,74.81,74.85,172495.03
2026-08-08 17:00:00,74.84,74.94,74.84,74.93,37047.33
2026-08-08 17:05:00,74.93,74.95,74.9,74.95,8697.78
2026-08-08 17:10:00,74.94,74.96,74.88,74.9,21590.4
2026-08-08 17:15:00,74.9,74.91,74.88,74.89,4856.99
2026-08-08 17:20:00,74.89,74.94,74.88,74.93,15087.39
2026-08-08 17:25:00,74.94,75.0,74.91,74.96,84681.01
2026-08-08 17:30:00,74.95,74.97,74.91,74.92,17432.97
2026-08-08 17:35:00,74.93,74.99,74.92,74.94,22939.73
2026-08-08 17:40:00,74.94,75.0,74.94,75.0,21215.69
2026-08-08 17:45:00,74.99,75.08,74.99,75.03,33588.04
2026-08-08 17:50:00,75.04,75.07,75.01,75.04,24204.07
2026-08-08 17:55:00,75.03,75.18,75.01,75.06,87344.66
2026-08-08 18:00:00,75.06,75.12,75.03,75.1,33478.97
2026-08-08 18:05:00,75.11,75.14,75.04,75.13,63276.27
2026-08-08 18:10:00,75.12,75.66,75.12,75.43,476928.71
2026-08-08 18:15:00,75.42,75.44,75.29,75.34,124160.3
2026-08-08 18:20:00,75.35,75.35,75.24,75.25,68790.34
2026-08-08 18:25:00,75.24,75.28,75.22,75.24,30183.44
2026-08-08 18:30:00,75.24,75.25,75.2,75.24,30649.59
2026-08-08 18:35:00,75.24,75.24,75.2,75.2,8608.8
2026-08-08 18:40:00,75.2,75.22,75.16,75.22,40375.61
2026-08-08 18:45:00,75.21,75.33,75.19,75.31,52718.93
2026-08-08 18:50:00,75.3,75.59,75.3,75.5,153450.89
2026-08-08 18:55:00,75.51,75.7,75.47,75.58,150908.61
2026-08-08 19:00:00,75.58,75.64,75.51,75.55,149741.38
2026-08-08 19:05:00,75.54,75.66,75.43,75.43,76115.0
2026-08-08 19:10:00,75.44,75.57,75.43,75.57,63009.24
2026-08-08 19:15:00,75.57,75.58,75.43,75.48,44985.37
2026-08-08 19:20:00,75.48,75.48,75.33,75.42,83428.63
2026-08-08 19:25:00,75.41,75.43,75.33,75.35,37536.87
2026-08-08 19:30:00,75.36,75.48,75.36,75.46,32637.33
2026-08-08 19:35:00,75.46,75.47,75.38,75.41,23557.07
2026-08-08 19:40:00,75.41,75.49,75.36,75.47,60747.82
2026-08-08 19:45:00,75.47,75.54,75.46,75.54,23224.52
2026-08-08 19:50:00,75.54,75.57,75.49,75.52,40059.37
2026-08-08 19:55:00,75.51,75.52,75.39,75.41,23080.64
2026-08-08 20:00:00,75.41,75.47,75.4,75.46,21782.33
2026-08-08 20:05:00,75.46,75.51,75.42,75.42,23133.18
2026-08-08 20:10:00,75.42,75.45,75.42,75.43,19068.92
2026-08-08 20:15:00,75.42,75.49,75.42,75.44,28062.13
2026-08-08 20:20:00,75.44,75.5,75.42,75.47,15408.83
2026-08-08 20:25:00,75.48,75.51,75.45,75.51,19188.94
2026-08-08 20:30:00,75.51,75.51,75.44,75.45,23390.62
2026-08-08 20:35:00,75.46,75.5,75.42,75.46,49730.92
2026-08-08 20:40:00,75.46,75.48,75.45,75.47,23655.27
2026-08-08 20:45:00,75.46,75.51,75.46,75.47,18067.57
2026-08-08 20:50:00,75.47,75.48,75.45,75.48,13434.18
2026-08-08 20:55:00,75.48,75.53,75.47,75.51,46080.09
2026-08-08 21:00:00,75.51,75.76,75.5,75.69,89640.18
2026-08-08 21:05:00,75.69,75.76,75.57,75.6,50895.53
2026-08-08 21:10:00,75.6,75.66,75.55,75.63,37174.3
2026-08-08 21:15:00,75.62,75.64,75.56,75.57,15905.58
2026-08-08 21:20:00,75.58,75.69,75.56,75.69,52814.99
2026-08-08 21:25:00,75.68,75.87,75.68,75.79,113784.53
2026-08-08 21:30:00,75.79,76.05,75.76,76.03,187562.5
2026-08-08 21:35:00,76.04,76.15,75.97,75.97,176710.34
2026-08-08 21:40:00,75.97,76.0,75.91,75.93,59906.91
2026-08-08 21:45:00,75.93,76.04,75.93,76.02,46035.83
2026-08-08 21:50:00,76.02,76.38,76.02,76.36,223069.98
2026-08-08 21:55:00,76.35,76.63,76.32,76.48,336744.59
2026-08-08 22:00:00,76.48,76.69,76.46,76.51,253696.79
2026-08-08 22:05:00,76.5,76.51,76.38,76.47,117189.78
2026-08-08 22:10:00,76.47,76.68,76.45,76.64,93443.26
2026-08-08 22:15:00,76.64,76.82,76.57,76.58,178652.86
2026-08-08 22:20:00,76.58,76.59,76.45,76.49,108374.83
2026-08-08 22:25:00,76.48,76.57,76.48,76.48,51361.18
2026-08-08 22:30:00,76.48,76.5,76.31,76.33,126083.33
2026-08-08 22:35:00,76.33,76.38,76.31,76.35,51469.62
2026-08-08 22:40:00,76.35,76.38,76.31,76.32,39990.93
2026-08-08 22:45:00,76.33,76.37,76.22,76.37,66929.94
2026-08-08 22:50:00,76.37,76.45,76.31,76.41,56033.75
2026-08-08 22:55:00,76.41,76.45,76.31,76.37,49213.63
2026-08-08 23:00:00,76.37,76.42,76.32,76.33,46369.01
2026-08-08 23:05:00,76.33,76.49,76.31,76.38,75375.6
2026-08-08 23:10:00,76.37,76.43,76.32,76.34,29971.12
2026-08-08 23:15:00,76.34,76.44,76.28,76.31,56486.82
2026-08-08 23:20:00,76.31,76.34,76.24,76.24,51426.19
2026-08-08 23:25:00,76.25,76.3,76.22,76.29,32480.51
2026-08-08 23:30:00,76.29,76.31,76.23,76.25,29640.61
2026-08-08 23:35:00,76.26,76.28,76.14,76.16,52751.85
2026-08-08 23:40:00,76.16,76.25,76.16,76.25,22698.26
2026-08-08 23:45:00,76.25,76.3,76.21,76.3,22808.57
2026-08-08 23:50:00,76.29,76.36,76.24,76.32,52533.41
2026-08-08 23:55:00,76.32,76.38,76.3,76.34,22849.02
2026-08-09 00:00:00,76.35,76.38,76.29,76.32,33934.42
2026-08-09 00:05:00,76.33,76.33,76.24,76.32,25472.03
2026-08-09 00:10:00,76.31,76.35,76.29,76.34,22327.52
2026-08-09 00:15:00,76.34,76.37,76.31,76.33,33695.2
2026-08-09 00:20:00,76.33,76.4,76.28,76.29,44255.54
2026-08-09 00:25:00,76.29,76.43,76.29,76.42,26439.17
2026-08-09 00:30:00,76.42,76.46,76.38,76.46,28204.75
2026-08-09 00:35:00,76.45,76.47,76.35,76.35,39275.5
2026-08-09 00:40:00,76.35,76.44,76.31,76.38,51472.47
2026-08-09 00:45:00,76.38,76.4,76.36,76.37,18847.17
2026-08-09 00:50:00,76.37,76.41,76.34,76.36,17032.51
2026-08-09 00:55:00,76.35,76.41,76.34,76.37,22410.82
2026-08-09 01:00:00,76.36,76.36,76.24,76.26,43723.67
2026-08-09 01:05:00,76.26,76.3,76.23,76.25,20075.59
2026-08-09 01:10:00,76.24,76.26,76.21,76.25,24825.6
2026-08-09 01:15:00,76.24,76.27,76.16,76.16,32838.35
2026-08-09 01:20:00,76.17,76.27,76.13,76.14,63885.32
2026-08-09 01:25:00,76.14,76.17,76.05,76.07,58994.29
2026-08-09 01:30:00,76.07,76.13,76.05,76.09,39018.29
2026-08-09 01:35:00,76.09,76.13,76.08,76.13,13792.53
2026-08-09 01:40:00,76.12,76.18,76.1,76.12,30238.35
2026-08-09 01:45:00,76.11,76.17,76.11,76.15,10072.85
2026-08-09 01:50:00,76.16,76.16,76.08,76.09,17432.07
2026-08-09 01:55:00,76.09,76.13,76.08,76.12,11072.22
2026-08-09 02:00:00,76.11,76.13,76.08,76.08,21575.32
2026-08-09 02:05:00,76.09,76.09,76.04,76.06,29933.85
2026-08-09 02:10:00,76.05,76.08,76.04,76.07,13510.19
2026-08-09 02:15:00,76.07,76.1,75.98,76.05,70713.94
2026-08-09 02:20:00,76.04,76.05,76.01,76.03,15269.21
2026-08-09 02:25:00,76.03,76.04,75.96,75.96,31825.06
2026-08-09 02:30:00,75.96,76.04,75.94,76.02,75319.79
2026-08-09 02:35:00,76.02,76.04,76.01,76.04,9792.73
2026-08-09 02:40:00,76.03,76.09,76.01,76.07,28312.65
2026-08-09 02:45:00,76.07,76.14,76.05,76.12,55525.0
2026-08-09 02:50:00,76.12,76.18,76.11,76.18,48618.81
2026-08-09 02:55:00,76.17,76.26,76.13,76.13,65639.83
2026-08-09 03:00:00,76.14,76.19,76.11,76.16,23628.16
2026-08-09 03:05:00,76.17,76.21,76.15,76.2,8147.15
2026-08-09 03:10:00,76.2,76.24,76.2,76.24,7143.9
2026-08-09 03:15:00,76.24,76.27,76.16,76.17,23002.46
2026-08-09 03:20:00,76.16,76.19,76.14,76.15,12278.16
2026-08-09 03:25:00,76.15,76.18,76.13,76.16,10887.57
2026-08-09 03:30:00,76.17,76.23,76.16,76.18,17748.07
2026-08-09 03:35:00,76.18,76.21,76.16,76.2,24228.03
2026-08-09 03:40:00,76.21,76.25,76.2,76.25,9695.72
2026-08-09 03:45:00,76.24,76.24,76.17,76.22,21799.0
2026-08-09 03:50:00,76.22,76.22,76.18,76.19,4116.68
2026-08-09 03:55:00,76.19,76.24,76.18,76.23,8977.78
2026-08-09 04:00:00,76.24,76.27,76.23,76.24,18587.55
2026-08-09 04:05:00,76.24,76.32,76.24,76.31,19312.52
2026-08-09 04:10:00,76.31,76.35,76.26,76.27,22754.7
2026-08-09 04:15:00,76.27,76.35,76.26,76.34,45922.85
2026-08-09 04:20:00,76.34,76.34,76.28,76.29,20619.41
2026-08-09 04:25:00,76.29,76.33,76.28,76.31,6484.81
2026-08-09 04:30:00,76.3,76.31,76.25,76.29,21296.37
2026-08-09 04:35:00,76.28,76.29,76.25,76.25,8748.55
2026-08-09 04:40:00,76.25,76.25,76.17,76.23,16781.64
2026-08-09 04:45:00,76.22,76.23,76.19,76.22,11739.43
2026-08-09 04:50:00,76.23,76.25,76.16,76.2,13122.49
2026-08-09 04:55:00,76.2,76.2,76.11,76.19,20244.45
2026-08-09 05:00:00,76.19,76.25,76.18,76.23,36195.24
2026-08-09 05:05:00,76.23,76.23,76.17,76.17,17230.98
2026-08-09 05:10:00,76.17,76.2,76.15,76.17,8687.74
2026-08-09 05:15:00,76.16,76.27,76.15,76.24,32475.13
2026-08-09 05:20:00,76.23,76.26,76.22,76.25,10219.57
2026-08-09 05:25:00,76.25,76.25,76.21,76.23,17802.45
2026-08-09 05:30:00,76.22,76.25,76.19,76.21,20458.07
2026-08-09 05:35:00,76.2,76.24,76.18,76.19,12564.11
2026-08-09 05:40:00,76.19,76.2,76.1,76.11,24349.67
2026-08-09 05:45:00,76.11,76.11,76.07,76.07,15871.23
2026-08-09 05:50:00,76.07,76.08,76.03,76.05,26853.04
2026-08-09 05:55:00,76.05,76.06,75.84,75.89,129722.56
2026-08-09 06:00:00,75.9,75.92,75.85,75.88,59895.05
2026-08-09 06:05:00,75.88,75.9,75.84,75.84,25072.94
2026-08-09 06:10:00,75.84,75.85,75.74,75.83,59030.29
2026-08-09 06:15:00,75.83,75.88,75.77,75.88,63377.68
2026-08-09 06:20:00,75.88,75.92,75.87,75.92,18385.49
2026-08-09 06:25:00,75.91,75.92,75.87,75.88,18801.1
2026-08-09 06:30:00,75.88,75.97,75.87,75.95,26037.76
2026-08-09 06:35:00,75.96,75.99,75.93,75.98,26134.47
2026-08-09 06:40:00,75.98,76.08,75.98,76.07,26019.41
2026-08-09 06:45:00,76.06,76.07,76.04,76.05,6460.59
2026-08-09 06:50:00,76.05,76.07,76.01,76.02,17107.9
2026-08-09 06:55:00,76.02,76.05,75.97,76.0,32693.9
2026-08-09 07:00:00,76.0,76.04,75.96,76.03,31065.51
2026-08-09 07:05:00,76.02,76.03,75.95,75.97,17648.78
2026-08-09 07:10:00,75.96,76.03,75.95,75.98,29846.16
2026-08-09 07:15:00,75.98,75.99,75.95,75.95,8722.41
2026-08-09 07:20:00,75.95,75.97,75.92,75.95,14988.23
2026-08-09 07:25:00,75.94,75.95,75.88,75.92,11389.93
2026-08-09 07:30:00,75.91,75.91,75.86,75.88,15096.96
2026-08-09 07:35:00,75.88,75.99,75.86,75.98,29304.67
2026-08-09 07:40:00,75.97,75.99,75.93,75.94,13616.66
2026-08-09 07:45:00,75.94,75.96,75.83,75.84,24791.87
2026-08-09 07:50:00,75.85,75.87,75.84,75.87,11075.34
2026-08-09 07:55:00,75.87,76.0,75.86,76.0,46183.72
2026-08-09 08:00:00,75.99,76.08,75.95,76.01,93554.79
2026-08-09 08:05:00,76.01,76.01,75.96,75.98,10593.58
2026-08-09 08:10:00,75.97,75.98,75.89,75.93,49611.19
2026-08-09 08:15:00,75.93,75.94,75.85,75.89,21808.2
2026-08-09 08:20:00,75.88,75.89,75.81,75.84,38148.69
2026-08-09 08:25:00,75.84,75.85,75.74,75.74,33057.65
2026-08-09 08:30:00,75.74,75.81,75.71,75.81,32838.54
2026-08-09 08:35:00,75.8,75.84,75.8,75.83,12063.36
2026-08-09 08:40:00,75.84,75.86,75.82,75.85,15669.89
2026-08-09 08:45:00,75.85,75.89,75.83,75.86,19188.63
2026-08-09 08:50:00,75.86,75.87,75.8,75.86,18151.02
2026-08-09 08:55:00,75.86,75.91,75.85,75.86,11157.56
2026-08-09 09:00:00,75.85,75.86,75.81,75.83,21743.71
2026-08-09 09:05:00,75.84,75.84,75.77,75.82,18193.17
2026-08-09 09:10:00,75.82,75.88,75.81,75.87,9891.17
2026-08-09 09:15:00,75.86,75.86,75.8,75.84,11890.35
2026-08-09 09:20:00,75.84,75.93,75.84,75.92,17242.28
2026-08-09 09:25:00,75.92,75.93,75.89,75.91,11484.31
2026-08-09 09:30:00,75.91,75.93,75.88,75.92,8479.1
2026-08-09 09:35:00,75.92,75.97,75.92,75.92,18370.15
2026-08-09 09:40:00,75.92,75.99,75.87,75.88,68630.44
2026-08-09 09:45:00,75.88,75.92,75.84,75.84,29297.47
2026-08-09 09:50:00,75.84,75.85,75.78,75.78,31178.85
2026-08-09 09:55:00,75.79,75.86,75.78,75.86,28897.3
2026-08-09 10:00:00,75.85,75.85,75.78,75.81,18826.14
2026-08-09 10:05:00,75.82,75.84,75.75,75.78,26560.27
2026-08-09 10:10:00,75.78,75.82,75.75,75.77,23469.06
2026-08-09 10:15:00,75.77,75.82,75.75,75.81,23055.01
2026-08-09 10:20:00,75.81,75.89,75.81,75.89,16540.75
2026-08-09 10:25:00,75.89,75.99,75.88,75.99,24837.46
2026-08-09 10:30:00,75.99,76.03,75.97,76.01,34925.15
2026-08-09 10:35:00,76.0,76.03,75.98,76.03,21512.02
2026-08-09 10:40:00,76.02,76.03,75.95,75.97,16930.82
2026-08-09 10:45:00,75.96,76.03,75.96,76.01,20606.21
2026-08-09 10:50:00,76.01,76.02,75.94,75.96,23097.18
2026-08-09 10:55:00,75.96,75.98,75.95,75.97,12777.82
2026-08-09 11:00:00,75.96,76.03,75.95,76.02,16926.64
2026-08-09 11:05:00,76.01,76.07,76.01,76.07,26936.83
2026-08-09 11:10:00,76.07,76.11,76.06,76.09,27395.94
2026-08-09 11:15:00,76.08,76.1,75.98,75.98,39966.68
2026-08-09 11:20:00,75.98,76.02,75.98,75.99,14482.84
2026-08-09 11:25:00,75.98,76.05,75.98,76.05,14796.89
2026-08-09 11:30:00,76.04,76.05,75.93,75.94,15709.78
2026-08-09 11:35:00,75.93,76.02,75.93,76.02,10299.0
2026-08-09 11:40:00,76.01,76.02,75.98,76.01,8676.35
2026-08-09 11:45:00,76.01,76.02,75.99,75.99,4469.92
2026-08-09 11:50:00,76.0,76.0,75.94,75.94,16261.89
2026-08-09 11:55:00,75.94,75.96,75.93,75.95,11712.54
2026-08-09 12:00:00,75.96,76.0,75.94,75.96,19740.79
2026-08-09 12:05:00,75.95,76.01,75.94,76.01,8771.02
2026-08-09 12:10:00,76.01,76.01,75.95,75.95,13196.76
2026-08-09 12:15:00,75.96,76.01,75.94,75.99,11612.17
2026-08-09 12:20:00,75.99,75.99,75.94,75.95,7059.93
2026-08-09 12:25:00,75.96,75.96,75.92,75.92,16388.02
2026-08-09 12:30:00,75.92,75.94,75.9,75.9,23572.51
2026-08-09 12:35:00,75.9,75.91,75.86,75.9,24158.67
2026-08-09 12:40:00,75.91,75.94,75.9,75.92,11022.96
2026-08-09 12:45:00,75.92,75.97,75.91,75.96,12344.33
2026-08-09 12:50:00,75.97,76.01,75.96,75.97,18903.92
2026-08-09 12:55:00,75.97,76.01,75.95,75.99,35698.0
2026-08-09 13:00:00,75.99,75.99,75.94,75.94,25473.33
2026-08-09 13:05:00,75.95,76.03,75.94,75.97,25041.08
2026-08-09 13:10:00,75.96,76.0,75.96,76.0,15354.5
2026-08-09 13:15:00,76.0,76.04,75.99,76.04,16608.45
2026-08-09 13:20:00,76.03,76.17,76.03,76.16,51062.66
2026-08-09 13:25:00,76.16,76.28,76.15,76.21,97035.85
2026-08-09 13:30:00,76.22,76.35,76.2,76.29,89380.32
2026-08-09 13:35:00,76.29,76.32,76.22,76.31,25197.98
2026-08-09 13:40:00,76.31,76.32,76.25,76.28,21350.78
2026-08-09 13:45:00,76.28,76.36,76.28,76.33,52597.99
2026-08-09 13:50:00,76.32,76.45,76.3,76.44,99178.81
2026-08-09 13:55:00,76.45,76.48,76.36,76.4,77431.42
2026-08-09 14:00:00,76.4,76.41,76.33,76.34,44865.82
2026-08-09 14:05:00,76.34,76.37,76.31,76.35,29859.28
2026-08-09 14:10:00,76.34,76.45,76.32,76.43,71451.82
2026-08-09 14:15:00,76.43,76.47,76.34,76.35,40570.91
2026-08-09 14:20:00,76.34,76.35,76.3,76.33,23047.99
2026-08-09 14:25:00,76.33,76.39,76.32,76.34,28288.1
2026-08-09 14:30:00,76.34,76.36,76.27,76.28,67017.61
2026-08-09 14:35:00,76.28,76.28,76.24,76.25,19682.84
2026-08-09 14:40:00,76.25,76.25,76.22,76.25,12559.29
2026-08-09 14:45:00,76.25,76.26,76.23,76.25,16049.63
2026-08-09 14:50:00,76.25,76.3,76.24,76.28,29439.49
2026-08-09 14:55:00,76.28,76.34,76.27,76.34,16708.94
2026-08-09 15:00:00,76.34,76.57,76.3,76.52,119803.72
2026-08-09 15:05:00,76.52,76.52,76.42,76.45,39648.49
2026-08-09 15:10:00,76.45,76.45,76.39,76.41,18802.55
2026-08-09 15:15:00,76.42,76.42,76.38,76.39,17547.08
2026-08-09 15:20:00,76.4,76.4,76.34,76.35,20937.01
2026-08-09 15:25:00,76.35,76.37,76.33,76.36,8925.19
2026-08-09 15:30:00,76.36,76.43,76.36,76.42,16236.08
2026-08-09 15:35:00,76.43,76.43,76.23,76.24,31127.18
2026-08-09 15:40:00,76.24,76.24,76.1,76.1,72425.29
2026-08-09 15:45:00,76.1,76.29,76.08,76.26,121291.71
2026-08-09 15:50:00,76.27,76.3,76.23,76.26,27782.21
2026-08-09 15:55:00,76.27,76.31,76.25,76.3,19662.66
2026-08-09 16:00:00,76.3,76.39,76.26,76.39,34842.51
2026-08-09 16:05:00,76.39,76.43,76.37,76.41,54619.66
2026-08-09 16:10:00,76.42,76.45,76.34,76.43,54144.87
2026-08-09 16:15:00,76.43,76.45,76.4,76.41,21460.12
2026-08-09 16:20:00,76.42,76.42,76.29,76.3,35996.41
2026-08-09 16:25:00,76.29,76.31,76.23,76.24,19603.92
2026-08-09 16:30:00,76.23,76.51,76.23,76.41,74719.64
2026-08-09 16:35:00,76.4,76.44,76.39,76.42,33313.64
2026-08-09 16:40:00,76.43,76.48,76.43,76.44,20498.7
2026-08-09 16:45:00,76.44,76.45,76.39,76.4,11484.8
2026-08-09 16:50:00,76.4,76.43,76.36,76.42,24462.41
2026-08-09 16:55:00,76.43,76.44,76.38,76.42,12548.66
2026-08-09 17:00:00,76.43,76.47,76.39,76.44,26305.95
2026-08-09 17:05:00,76.44,76.49,76.4,76.46,38760.62
2026-08-09 17:10:00,76.46,76.54,76.45,76.53,27763.87
2026-08-09 17:15:00,76.53,76.64,76.53,76.56,60616.74
2026-08-09 17:20:00,76.56,76.61,76.56,76.57,25407.12
2026-08-09 17:25:00,76.57,76.57,76.47,76.49,34610.31
2026-08-09 17:30:00,76.49,76.52,76.45,76.47,17055.27
2026-08-09 17:35:00,76.46,76.47,76.39,76.43,28094.86
2026-08-09 17:40:00,76.43,76.44,76.41,76.41,7092.24
2026-08-09 17:45:00,76.41,76.41,76.37,76.41,40761.46
2026-08-09 17:50:00,76.41,76.41,76.37,76.37,10185.79
2026-08-09 17:55:00,76.38,76.4,76.34,76.36,17298.43
2026-08-09 18:00:00,76.36,76.37,76.31,76.33,31433.44
2026-08-09 18:05:00,76.33,76.42,76.33,76.41,22772.7
2026-08-09 18:10:00,76.41,76.43,76.38,76.4,15999.5
2026-08-09 18:15:00,76.4,76.42,76.4,76.42,4157.16
2026-08-09 18:20:00,76.41,76.45,76.36,76.36,20503.99
2026-08-09 18:25:00,76.36,76.46,76.36,76.44,11356.87
2026-08-09 18:30:00,76.44,76.48,76.43,76.44,12007.06
2026-08-09 18:35:00,76.44,76.51,76.41,76.42,35401.74
2026-08-09 18:40:00,76.42,76.47,76.42,76.46,7612.24
2026-08-09 18:45:00,76.47,76.5,76.43,76.45,22642.62
2026-08-09 18:50:00,76.45,76.5,76.44,76.47,12915.13
2026-08-09 18:55:00,76.47,76.51,76.46,76.47,15538.35
2026-08-09 19:00:00,76.47,76.5,76.4,76.44,49179.21
2026-08-09 19:05:00,76.43,76.51,76.39,76.51,30044.64
2026-08-09 19:10:00,76.52,76.57,76.49,76.5,36243.5
2026-08-09 19:15:00,76.51,76.52,76.46,76.47,17524.98
2026-08-09 19:20:00,76.46,76.47,76.42,76.42,10152.77
2026-08-09 19:25:00,76.42,76.43,76.39,76.39,11011.77
2026-08-09 19:30:00,76.39,76.4,76.31,76.31,16982.68
2026-08-09 19:35:00,76.31,76.32,76.27,76.31,35313.98
2026-08-09 19:40:00,76.32,76.35,76.3,76.3,17231.74
2026-08-09 19:45:00,76.3,76.36,76.3,76.35,14169.19
2026-08-09 19:50:00,76.35,76.36,76.31,76.33,14569.45
2026-08-09 19:55:00,76.32,76.38,76.32,76.34,22460.64
2026-08-09 20:00:00,76.35,76.46,76.32,76.46,21615.09
2026-08-09 20:05:00,76.46,76.55,76.45,76.53,44831.64
2026-08-09 20:10:00,76.52,76.64,76.52,76.56,64289.77
2026-08-09 20:15:00,76.56,76.87,76.55,76.74,256550.49
2026-08-09 20:20:00,76.75,76.77,76.66,76.69,58981.78
2026-08-09 20:25:00,76.69,76.73,76.66,76.69,34369.44
2026-08-09 20:30:00,76.7,76.74,76.66,76.67,36974.67
2026-08-09 20:35:00,76.68,76.7,76.61,76.64,29532.43
2026-08-09 20:40:00,76.64,76.68,76.61,76.66,35871.79
2026-08-09 20:45:00,76.66,76.67,76.62,76.64,16346.11
2026-08-09 20:50:00,76.63,76.64,76.59,76.59,24585.98
2026-08-09 20:55:00,76.59,76.61,76.54,76.54,36969.24
2026-08-09 21:00:00,76.54,76.63,76.54,76.61,41699.72
2026-08-09 21:05:00,76.62,76.71,76.61,76.68,60124.15
2026-08-09 21:10:00,76.68,76.69,76.63,76.66,33386.41
2026-08-09 21:15:00,76.66,76.67,76.61,76.61,12717.84
2026-08-09 21:20:00,76.61,76.62,76.56,76.58,17600.77
2026-08-09 21:25:00,76.57,76.69,76.57,76.66,21374.01
2026-08-09 21:30:00,76.67,76.79,76.64,76.76,86091.75
2026-08-09 21:35:00,76.76,76.96,76.72,76.78,140191.66
2026-08-09 21:40:00,76.78,76.79,76.7,76.75,25801.02
2026-08-09 21:45:00,76.74,76.75,76.7,76.71,25963.4
2026-08-09 21:50:00,76.71,76.81,76.69,76.8,29928.47
2026-08-09 21:55:00,76.8,77.07,76.8,77.0,283254.3
2026-08-09 22:00:00,76.99,77.04,76.9,77.04,86524.47
2026-08-09 22:05:00,77.03,77.06,76.86,76.93,78209.52
2026-08-09 22:10:00,76.93,76.98,76.88,76.9,40196.81
2026-08-09 22:15:00,76.9,76.93,76.86,76.86,18862.29
2026-08-09 22:20:00,76.86,76.87,76.83,76.84,24968.96
2026-08-09 22:25:00,76.85,76.92,76.84,76.91,28476.5
2026-08-09 22:30:00,76.91,77.0,76.87,76.98,34399.99
2026-08-09 22:35:00,76.98,77.18,76.97,77.14,153702.12
2026-08-09 22:40:00,77.15,77.34,77.14,77.25,261011.41
2026-08-09 22:45:00,77.26,77.26,77.13,77.14,57285.14
2026-08-09 22:50:00,77.14,77.2,77.08,77.2,91461.99
2026-08-09 22:55:00,77.19,77.46,77.17,77.41,268038.01
2026-08-09 23:00:00,77.41,77.49,77.31,77.36,176042.39
2026-08-09 23:05:00,77.37,77.56,77.35,77.43,160604.1
2026-08-09 23:10:00,77.43,77.43,77.25,77.29,96637.12
2026-08-09 23:15:00,77.28,77.35,77.27,77.28,69887.82
2026-08-09 23:20:00,77.29,77.29,77.16,77.17,40871.52
2026-08-09 23:25:00,77.16,77.17,77.07,77.08,87585.51
2026-08-09 23:30:00,77.08,77.27,77.07,77.26,65810.52
2026-08-09 23:35:00,77.26,77.34,77.21,77.32,46452.72
2026-08-09 23:40:00,77.31,77.33,77.23,77.25,62325.11
2026-08-09 23:45:00,77.25,77.33,77.22,77.23,28368.26
2026-08-09 23:50:00,77.23,77.28,77.22,77.27,10941.51
2026-08-09 23:55:00,77.27,77.32,77.26,77.31,22203.07
2026-08-10 00:00:00,77.31,77.32,77.21,77.29,28641.71
2026-08-10 00:05:00,77.28,77.31,77.18,77.19,38118.09
2026-08-10 00:10:00,77.19,77.27,77.19,77.26,18916.46
2026-08-10 00:15:00,77.26,77.31,77.22,77.3,16780.98
2026-08-10 00:20:00,77.31,77.31,77.2,77.28,32475.92
2026-08-10 00:25:00,77.28,77.29,77.24,77.25,12668.48
2026-08-10 00:30:00,77.24,77.25,77.17,77.18,19804.09
2026-08-10 00:35:00,77.19,77.29,77.17,77.28,39734.36
2026-08-10 00:40:00,77.28,77.32,77.24,77.31,16928.87
2026-08-10 00:45:00,77.3,77.31,77.13,77.14,29638.86
2026-08-10 00:50:00,77.13,77.16,77.11,77.13,17610.11
2026-08-10 00:55:00,77.13,77.17,77.12,77.16,15055.14
2026-08-10 01:00:00,77.15,77.21,77.15,77.16,21129.38
2026-08-10 01:05:00,77.17,77.22,77.16,77.21,9214.05
2026-08-10 01:10:00,77.21,77.22,77.13,77.14,18493.32
2026-08-10 01:15:00,77.14,77.16,77.06,77.12,36008.65
2026-08-10 01:20:00,77.13,77.2,77.12,77.2,8248.86
2026-08-10 01:25:00,77.19,77.21,77.15,77.18,21995.34
2026-08-10 01:30:00,77.18,77.2,77.15,77.16,9321.11
2026-08-10 01:35:00,77.16,77.16,77.1,77.13,13947.03
2026-08-10 01:40:00,77.12,77.14,77.1,77.14,11927.69
2026-08-10 01:45:00,77.13,77.21,77.13,77.17,18991.34
2026-08-10 01:50:00,77.17,77.24,77.16,77.21,19227.8
2026-08-10 01:55:00,77.21,77.21,77.17,77.19,8516.25
2026-08-10 02:00:00,77.18,77.21,77.18,77.18,10957.02
2026-08-10 02:05:00,77.18,77.23,77.17,77.19,20529.56
2026-08-10 02:10:00,77.18,77.19,77.12,77.13,14121.5
2026-08-10 02:15:00,77.12,77.17,77.12,77.17,7680.99
2026-08-10 02:20:00,77.17,77.24,77.16,77.24,6096.67
2026-08-10 02:25:00,77.24,77.29,77.22,77.26,19246.52
2026-08-10 02:30:00,77.25,77.27,77.23,77.24,11555.89
2026-08-10 02:35:00,77.24,77.3,77.22,77.26,26649.77
2026-08-10 02:40:00,77.26,77.32,77.23,77.3,21846.75
2026-08-10 02:45:00,77.3,77.35,77.23,77.26,38298.86
2026-08-10 02:50:00,77.26,77.29,77.21,77.22,22037.86
2026-08-10 02:55:00,77.23,77.25,77.21,77.22,8722.97
2026-08-10 03:00:00,77.21,77.24,77.17,77.17,19334.77
2026-08-10 03:05:00,77.18,77.19,77.16,77.16,10511.56
2026-08-10 03:10:00,77.16,77.17,77.05,77.06,25132.12
2026-08-10 03:15:00,77.05,77.14,77.04,77.13,19222.6
2026-08-10 03:20:00,77.14,77.2,77.13,77.15,17840.73
2026-08-10 03:25:00,77.15,77.21,77.15,77.2,7142.54
2026-08-10 03:30:00,77.2,77.22,77.19,77.2,10670.94
2026-08-10 03:35:00,77.2,77.23,77.19,77.23,5338.86
2026-08-10 03:40:00,77.22,77.24,77.22,77.24,11865.69
2026-08-10 03:45:00,77.23,77.24,77.21,77.22,4633.02
2026-08-10 03:50:00,77.23,77.28,77.19,77.22,18796.57
2026-08-10 03:55:00,77.22,77.25,77.22,77.25,8502.06
2026-08-10 04:00:00,77.24,77.25,77.15,77.16,16698.73
2026-08-10 04:05:00,77.15,77.17,77.13,77.15,14111.05
2026-08-10 04:10:00,77.14,77.22,77.13,77.2,20425.87
2026-08-10 04:15:00,77.2,77.21,77.19,77.2,3247.05
2026-08-10 04:20:00,77.21,77.3,77.19,77.29,21634.21
2026-08-10 04:25:00,77.29,77.37,77.28,77.37,23890.52
2026-08-10 04:30:00,77.36,77.4,77.35,77.36,18083.69
2026-08-10 04:35:00,77.36,77.39,77.34,77.39,13843.52
2026-08-10 04:40:00,77.38,77.44,77.35,77.38,18976.79
2026-08-10 04:45:00,77.39,77.5,77.38,77.44,37752.05
2026-08-10 04:50:00,77.44,77.44,77.31,77.36,15292.19
2026-08-10 04:55:00,77.36,77.4,77.32,77.34,14920.16
2026-08-10 05:00:00,77.33,77.46,77.33,77.42,48767.81
2026-08-10 05:05:00,77.42,77.48,77.41,77.47,29485.68
2026-08-10 05:10:00,77.47,77.88,77.44,77.69,254467.74
2026-08-10 05:15:00,77.68,77.74,77.5,77.54,136912.64
2026-08-10 05:20:00,77.54,77.6,77.4,77.4,58914.08
2026-08-10 05:25:00,77.41,77.45,77.4,77.42,36638.32
2026-08-10 05:30:00,77.42,77.45,77.15,77.21,101926.3
2026-08-10 05:35:00,77.21,77.22,76.95,76.98,166945.03
2026-08-10 05:40:00,76.99,77.04,76.94,77.04,131625.12
2026-08-10 05:45:00,77.03,77.04,76.88,76.88,117504.71
2026-08-10 05:50:00,76.88,76.89,76.63,76.82,220669.46
2026-08-10 05:55:00,76.83,76.88,76.77,76.8,50216.8
2026-08-10 06:00:00,76.8,76.89,76.72,76.84,89757.9
2026-08-10 06:05:00,76.84,76.87,76.68,76.71,34673.85
2026-08-10 06:10:00,76.7,76.77,76.66,76.67,53790.97
2026-08-10 06:15:00,76.67,76.74,76.62,76.67,66627.36
2026-08-10 06:20:00,76.67,76.68,76.51,76.61,138376.82
2026-08-10 06:25:00,76.62,76.62,76.32,76.39,136672.16
2026-08-10 06:30:00,76.39,76.39,76.19,76.31,185538.21
2026-08-10 06:35:00,76.31,76.49,76.27,76.39,125660.33
2026-08-10 06:40:00,76.39,76.4,76.28,76.3,142962.02
2026-08-10 06:45:00,76.31,76.38,76.3,76.31,69749.42
2026-08-10 06:50:00,76.31,76.32,76.23,76.25,101169.94
2026-08-10 06:55:00,76.25,76.25,76.16,76.23,94459.02
2026-08-10 07:00:00,76.23,76.33,76.17,76.3,118482.53
2026-08-10 07:05:00,76.31,76.59,76.29,76.55,125690.67
2026-08-10 07:10:00,76.55,77.0,76.54,76.74,329624.79
2026-08-10 07:15:00,76.74,76.75,76.58,76.58,97653.13
2026-08-10 07:20:00,76.59,76.7,76.46,76.49,68422.86
2026-08-10 07:25:00,76.49,76.61,76.48,76.54,32508.39
2026-08-10 07:30:00,76.53,76.62,76.5,76.58,50511.3
2026-08-10 07:35:00,76.59,76.59,76.28,76.29,76963.92
2026-08-10 07:40:00,76.29,76.44,76.27,76.31,113646.79
2026-08-10 07:45:00,76.31,76.54,76.28,76.54,75347.67
2026-08-10 07:50:00,76.54,76.64,76.5,76.57,51879.13
2026-08-10 07:55:00,76.57,76.65,76.48,76.51,29507.93
2026-08-10 08:00:00,76.5,76.65,76.48,76.56,37324.74
2026-08-10 08:05:00,76.57,76.61,76.42,76.61,29440.95
2026-08-10 08:10:00,76.6,76.77,76.59,76.66,66218.3
2026-08-10 08:15:00,76.65,76.81,76.65,76.77,58744.72
2026-08-10 08:20:00,76.78,76.81,76.66,76.71,46027.49
2026-08-10 08:25:00,76.71,76.78,76.58,76.58,17950.09
2026-08-10 08:30:00,76.58,76.65,76.5,76.52,58756.34
2026-08-10 08:35:00,76.51,76.52,76.37,76.52,49397.24
2026-08-10 08:40:00,76.52,76.59,76.5,76.58,31354.1
2026-08-10 08:45:00,76.57,76.98,76.56,76.92,75157.73
2026-08-10 08:50:00,76.92,77.14,76.89,76.91,164541.28
2026-08-10 08:55:00,76.91,76.92,76.84,76.88,30506.08
2026-08-10 09:00:00,76.87,76.91,76.65,76.74,59316.81
2026-08-10 09:05:00,76.74,76.82,76.68,76.74,40778.12
2026-08-10 09:10:00,76.73,76.8,76.72,76.73,22112.33
2026-08-10 09:15:00,76.73,76.74,76.51,76.52,55793.14
2026-08-10 09:20:00,76.52,76.57,76.45,76.45,58562.27
2026-08-10 09:25:00,76.46,76.51,76.4,76.49,47123.03
2026-08-10 09:30:00,76.5,76.59,76.49,76.54,48386.48
2026-08-10 09:35:00,76.53,76.58,76.5,76.58,20564.45
2026-08-10 09:40:00,76.57,76.86,76.57,76.85,45492.47
2026-08-10 09:45:00,76.84,76.85,76.71,76.73,24517.41
2026-08-10 09:50:00,76.73,76.8,76.7,76.72,19712.29
2026-08-10 09:55:00,76.72,76.79,76.69,76.79,30526.77
2026-08-10 10:00:00,76.78,76.79,76.69,76.72,34719.05
2026-08-10 10:05:00,76.72,76.75,76.64,76.74,25219.86
2026-08-10 10:10:00,76.75,76.75,76.48,76.48,97443.52
2026-08-10 10:15:00,76.48,76.72,76.34,76.7,91518.12
2026-08-10 10:20:00,76.7,76.92,76.69,76.85,65543.29
2026-08-10 10:25:00,76.85,76.91,76.68,76.69,69744.9
2026-08-10 10:30:00,76.68,76.78,76.65,76.78,38153.54
2026-08-10 10:35:00,76.77,76.83,76.72,76.76,18649.46
2026-08-10 10:40:00,76.76,76.79,76.68,76.71,18009.3
2026-08-10 10:45:00,76.71,76.75,76.67,76.67,21645.85
2026-08-10 10:50:00,76.68,76.68,76.58,76.59,30119.23
2026-08-10 10:55:00,76.59,76.62,76.53,76.6,28054.42
2026-08-10 11:00:00,76.6,76.72,76.58,76.68,38463.38
2026-08-10 11:05:00,76.68,76.69,76.6,76.63,16729.64
2026-08-10 11:10:00,76.63,76.68,76.6,76.67,11862.82
2026-08-10 11:15:00,76.67,76.71,76.63,76.66,58483.85
2026-08-10 11:20:00,76.65,76.67,76.57,76.57,20911.16
2026-08-10 11:25:00,76.57,76.65,76.57,76.59,24668.86
2026-08-10 11:30:00,76.6,76.62,76.54,76.58,16378.63
2026-08-10 11:35:00,76.58,76.61,76.52,76.53,14679.68
2026-08-10 11:40:00,76.53,76.53,76.39,76.52,53234.76
2026-08-10 11:45:00,76.52,76.63,76.52,76.55,24236.55
2026-08-10 11:50:00,76.54,76.59,76.51,76.52,17273.97
2026-08-10 11:55:00,76.52,76.52,76.45,76.51,14600.15
2026-08-10 12:00:00,76.51,76.63,76.5,76.62,28947.11
2026-08-10 12:05:00,76.63,76.69,76.62,76.66,14801.61
2026-08-10 12:10:00,76.65,76.66,76.52,76.56,22211.56
2026-08-10 12:15:00,76.56,76.64,76.55,76.57,12787.69
2026-08-10 12:20:00,76.57,76.72,76.57,76.71,14822.18
2026-08-10 12:25:00,76.7,76.75,76.67,76.75,18676.22
2026-08-10 12:30:00,76.74,76.78,76.68,76.78,25152.75
2026-08-10 12:35:00,76.78,76.82,76.75,76.77,18379.43
2026-08-10 12:40:00,76.76,76.8,76.74,76.79,28062.58
2026-08-10 12:45:00,76.78,76.81,76.75,76.81,14333.12
2026-08-10 12:50:00,76.8,76.91,76.77,76.9,41654.83
2026-08-10 12:55:00,76.89,76.95,76.81,76.86,25582.73
2026-08-10 13:00:00,76.85,76.94,76.83,76.89,39373.73
2026-08-10 13:05:00,76.89,77.05,76.88,76.9,52827.86
2026-08-10 13:10:00,76.9,76.93,76.86,76.91,22590.17
2026-08-10 13:15:00,76.9,76.96,76.77,76.96,52525.07
2026-08-10 13:20:00,76.95,76.96,76.84,76.89,45023.94
2026-08-10 13:25:00,76.9,76.9,76.83,76.87,19585.91
2026-08-10 13:30:00,76.86,76.92,76.86,76.88,17386.03
2026-08-10 13:35:00,76.88,76.93,76.87,76.88,14115.63
2026-08-10 13:40:00,76.89,76.97,76.87,76.95,37681.61
2026-08-10 13:45:00,76.94,77.0,76.94,76.95,29242.49
2026-08-10 13:50:00,76.95,76.99,76.9,76.92,15785.06
2026-08-10 13:55:00,76.92,76.99,76.91,76.96,15105.8
2026-08-10 14:00:00,76.95,76.97,76.89,76.91,15538.93
2026-08-10 14:05:00,76.91,76.92,76.86,76.87,9845.07
2026-08-10 14:10:00,76.87,76.88,76.81,76.82,12149.53
2026-08-10 14:15:00,76.82,76.93,76.79,76.92,19430.97
2026-08-10 14:20:00,76.93,76.99,76.9,76.97,15871.92
2026-08-10 14:25:00,76.98,76.99,76.93,76.96,11887.81
2026-08-10 14:30:00,76.95,77.09,76.95,77.04,48923.84
2026-08-10 14:35:00,77.04,77.06,76.97,76.99,31494.58
2026-08-10 14:40:00,76.99,77.03,76.99,77.01,9462.74
2026-08-10 14:45:00,77.01,77.03,76.95,76.96,19752.39
2026-08-10 14:50:00,76.95,76.99,76.9,76.92,26133.66
2026-08-10 14:55:00,76.91,76.95,76.89,76.95,17315.75
2026-08-10 15:00:00,76.94,77.08,76.94,77.05,41937.97
2026-08-10 15:05:00,77.05,77.07,76.91,76.97,33104.71
2026-08-10 15:10:00,76.97,76.98,76.91,76.91,18040.07
2026-08-10 15:15:00,76.91,76.96,76.83,76.96,34306.51
2026-08-10 15:20:00,76.95,77.07,76.92,77.05,26641.68
2026-08-10 15:25:00,77.05,77.12,76.92,76.95,84946.15
2026-08-10 15:30:00,76.94,76.96,76.86,76.86,28482.65
2026-08-10 15:35:00,76.87,76.87,76.79,76.82,52621.94
2026-08-10 15:40:00,76.82,76.82,76.63,76.79,109036.18
2026-08-10 15:45:00,76.79,76.82,76.74,76.8,24998.26
2026-08-10 15:50:00,76.8,76.93,76.78,76.91,56483.28
2026-08-10 15:55:00,76.9,76.96,76.9,76.91,19980.44
2026-08-10 16:00:00,76.91,76.96,76.87,76.96,46552.47
2026-08-10 16:05:00,76.96,77.0,76.93,76.98,20253.34
2026-08-10 16:10:00,76.98,76.99,76.93,76.96,21150.08
2026-08-10 16:15:00,76.97,76.98,76.93,76.96,14702.74
2026-08-10 16:20:00,76.95,76.97,76.91,76.92,21254.36
2026-08-10 16:25:00,76.93,76.93,76.8,76.81,34562.12
2026-08-10 16:30:00,76.8,76.8,76.66,76.74,51519.03
2026-08-10 16:35:00,76.73,76.74,76.66,76.7,29781.47
2026-08-10 16:40:00,76.7,76.73,76.68,76.69,12239.14
2026-08-10 16:45:00,76.7,76.71,76.58,76.67,92083.01
2026-08-10 16:50:00,76.67,76.7,76.55,76.55,62637.73
2026-08-10 16:55:00,76.56,76.62,76.53,76.53,35460.73
2026-08-10 17:00:00,76.53,76.64,76.52,76.63,46137.37
2026-08-10 17:05:00,76.64,76.66,76.54,76.56,30095.74
2026-08-10 17:10:00,76.55,76.56,76.51,76.53,25833.73
2026-08-10 17:15:00,76.53,76.58,76.51,76.53,26010.17
2026-08-10 17:20:00,76.54,76.66,76.51,76.64,80427.59
2026-08-10 17:25:00,76.65,76.67,76.59,76.63,27550.99
2026-08-10 17:30:00,76.63,76.64,76.57,76.58,16275.05
2026-08-10 17:35:00,76.59,76.67,76.56,76.67,37979.98
2026-08-10 17:40:00,76.66,76.84,76.66,76.75,101965.24
2026-08-10 17:45:00,76.75,76.81,76.69,76.78,18413.51
2026-08-10 17:50:00,76.79,76.81,76.77,76.79,18890.35
2026-08-10 17:55:00,76.8,76.84,76.76,76.78,17924.55
2026-08-10 18:00:00,76.78,76.81,76.68,76.68,31533.38
2026-08-10 18:05:00,76.68,76.71,76.65,76.7,22229.92
2026-08-10 18:10:00,76.69,76.71,76.63,76.68,19922.84
2026-08-10 18:15:00,76.68,76.81,76.68,76.79,23196.33
2026-08-10 18:20:00,76.8,76.86,76.71,76.78,72173.79
2026-08-10 18:25:00,76.78,76.84,76.78,76.83,6413.6
2026-08-10 18:30:00,76.84,76.9,76.81,76.89,22717.44
2026-08-10 18:35:00,76.89,76.9,76.82,76.84,19227.24
2026-08-10 18:40:00,76.84,76.87,76.8,76.82,12955.91
2026-08-10 18:45:00,76.82,76.92,76.81,76.88,37421.51
2026-08-10 18:50:00,76.89,76.94,76.87,76.93,19904.75
2026-08-10 18:55:00,76.93,77.03,76.91,77.02,60792.93
2026-08-10 19:00:00,77.03,77.1,76.93,77.0,142619.5
2026-08-10 19:05:00,77.0,77.07,76.92,77.05,43872.36
2026-08-10 19:10:00,77.06,77.08,76.96,76.96,35877.35
2026-08-10 19:15:00,76.97,76.97,76.88,76.92,23279.26
2026-08-10 19:20:00,76.92,76.97,76.9,76.93,24594.04
2026-08-10 19:25:00,76.93,76.95,76.85,76.85,28790.67
2026-08-10 19:30:00,76.86,76.86,76.76,76.78,71146.44
2026-08-10 19:35:00,76.78,76.82,76.67,76.69,51619.36
2026-08-10 19:40:00,76.68,76.85,76.66,76.85,78334.38
2026-08-10 19:45:00,76.85,76.85,76.72,76.74,21223.7
2026-08-10 19:50:00,76.74,76.75,76.65,76.73,32691.68
2026-08-10 19:55:00,76.73,76.73,76.57,76.61,72241.6
2026-08-10 20:00:00,76.61,76.71,76.56,76.65,74056.24
2026-08-10 20:05:00,76.64,76.73,76.62,76.72,30346.79
2026-08-10 20:10:00,76.72,76.75,76.69,76.69,30888.5
2026-08-10 20:15:00,76.69,76.73,76.64,76.71,27751.79
2026-08-10 20:20:00,76.71,76.72,76.61,76.66,26662.72
2026-08-10 20:25:00,76.66,76.7,76.56,76.66,65714.67
2026-08-10 20:30:00,76.67,76.69,76.36,76.4,164944.21
2026-08-10 20:35:00,76.39,76.63,76.31,76.35,123992.49
2026-08-10 20:40:00,76.35,76.4,76.28,76.33,107992.38
2026-08-10 20:45:00,76.33,76.43,76.1,76.2,177837.36
2026-08-10 20:50:00,76.2,76.27,76.14,76.22,135065.4
2026-08-10 20:55:00,76.22,76.34,76.12,76.28,86449.73
2026-08-10 21:00:00,76.28,76.59,76.24,76.56,140642.28
2026-08-10 21:05:00,76.56,76.58,76.46,76.55,58802.61
2026-08-10 21:10:00,76.54,76.68,76.47,76.63,71452.67
2026-08-10 21:15:00,76.63,76.67,76.51,76.58,38879.33
2026-08-10 21:20:00,76.59,76.6,76.49,76.49,30054.31
2026-08-10 21:25:00,76.49,76.67,76.47,76.61,56482.7
2026-08-10 21:30:00,76.61,76.62,76.53,76.57,44360.88
2026-08-10 21:35:00,76.57,76.66,76.45,76.49,34044.03
2026-08-10 21:40:00,76.49,76.67,76.48,76.58,60630.54
2026-08-10 21:45:00,76.58,76.61,76.41,76.43,47958.33
2026-08-10 21:50:00,76.42,76.48,76.28,76.32,68872.39
2026-08-10 21:55:00,76.32,76.32,76.21,76.24,87212.22
2026-08-10 22:00:00,76.23,76.34,76.12,76.31,113549.61
2026-08-10 22:05:00,76.31,76.41,76.29,76.39,46271.93
2026-08-10 22:10:00,76.38,76.4,76.03,76.08,158627.94
2026-08-10 22:15:00,76.08,76.27,75.88,75.96,300582.45
2026-08-10 22:20:00,75.96,75.99,75.81,75.87,191248.46
2026-08-10 22:25:00,75.86,76.02,75.78,75.98,158293.71
2026-08-10 22:30:00,75.98,76.11,75.97,76.04,97750.47
2026-08-10 22:35:00,76.04,76.04,75.84,75.89,177633.1
2026-08-10 22:40:00,75.88,76.01,75.86,75.94,62230.79
2026-08-10 22:45:00,75.95,75.98,75.84,75.85,59826.3
2026-08-10 22:50:00,75.84,76.02,75.84,75.9,63874.81
2026-08-10 22:55:00,75.91,75.99,75.9,75.93,74050.65
2026-08-10 23:00:00,75.93,76.07,75.84,76.06,112461.02
2026-08-10 23:05:00,76.05,76.08,75.96,75.99,61870.28
2026-08-10 23:10:00,75.98,76.02,75.93,75.96,70701.46
2026-08-10 23:15:00,75.96,75.98,75.73,75.76,174546.73
2026-08-10 23:20:00,75.77,75.87,75.54,75.86,317549.18
2026-08-10 23:25:00,75.87,75.87,75.7,75.72,91043.45
2026-08-10 23:30:00,75.71,75.8,75.65,75.72,128901.77
2026-08-10 23:35:00,75.73,75.93,75.72,75.93,75641.33
2026-08-10 23:40:00,75.93,75.97,75.7,75.74,103724.05
2026-08-10 23:45:00,75.73,75.74,75.63,75.67,111222.89
2026-08-10 23:50:00,75.67,75.75,75.58,75.6,84004.62
2026-08-10 23:55:00,75.61,75.7,75.57,75.68,99794.77
2026-08-11 00:00:00,75.69,75.72,75.58,75.65,71848.33
2026-08-11 00:05:00,75.65,75.88,75.61,75.86,72981.88
2026-08-11 00:10:00,75.87,76.05,75.87,75.98,99093.48
2026-08-11 00:15:00,75.97,76.01,75.91,75.92,42054.11
2026-08-11 00:20:00,75.92,75.97,75.86,75.95,39307.76
2026-08-11 00:25:00,75.94,76.0,75.9,75.91,29742.2
2026-08-11 00:30:00,75.91,76.03,75.9,76.03,47827.17
2026-08-11 00:35:00,76.02,76.06,76.0,76.05,93171.12
2026-08-11 00:40:00,76.05,76.1,76.0,76.01,32759.31
2026-08-11 00:45:00,76.0,76.0,75.9,75.92,60377.43
2026-08-11 00:50:00,75.92,75.98,75.91,75.94,16994.76
2026-08-11 00:55:00,75.94,75.98,75.91,75.96,15067.15
2026-08-11 01:00:00,75.95,76.02,75.94,75.97,33322.38
2026-08-11 01:05:00,75.96,76.05,75.95,76.01,23430.11
2026-08-11 01:10:00,76.01,76.05,75.97,75.97,18185.58
2026-08-11 01:15:00,75.98,76.02,75.92,75.94,37330.2
2026-08-11 01:20:00,75.93,75.99,75.9,75.97,30632.6
2026-08-11 01:25:00,75.97,76.01,75.92,75.94,19448.39
2026-08-11 01:30:00,75.95,75.97,75.85,75.86,49987.65
2026-08-11 01:35:00,75.85,75.86,75.68,75.76,147079.95
2026-08-11 01:40:00,75.75,75.83,75.74,75.83,22996.78
2026-08-11 01:45:00,75.83,75.84,75.68,75.83,27818.51
2026-08-11 01:50:00,75.83,75.85,75.76,75.78,18597.98
2026-08-11 01:55:00,75.79,75.85,75.79,75.8,12931.66
2026-08-11 02:00:00,75.79,75.86,75.78,75.83,26479.28
2026-08-11 02:05:00,75.83,75.87,75.82,75.84,13920.23
2026-08-11 02:10:00,75.85,75.92,75.84,75.92,25813.24
2026-08-11 02:15:00,75.91,75.98,75.91,75.95,26223.92
2026-08-11 02:20:00,75.96,76.03,75.95,76.02,17451.41
2026-08-11 02:25:00,76.02,76.09,76.02,76.08,18269.54
2026-08-11 02:30:00,76.09,76.22,76.09,76.21,66188.21
2026-08-11 02:35:00,76.21,76.22,76.09,76.16,34474.52
2026-08-11 02:40:00,76.15,76.26,76.15,76.21,34138.81
2026-08-11 02:45:00,76.21,76.23,76.14,76.16,13967.12
2026-08-11 02:50:00,76.16,76.17,76.1,76.11,27364.94
2026-08-11 02:55:00,76.12,76.18,76.07,76.17,75413.01
2026-08-11 03:00:00,76.18,76.24,76.15,76.23,52090.47
2026-08-11 03:05:00,76.22,76.35,76.22,76.32,70015.28
2026-08-11 03:10:00,76.31,76.32,76.23,76.24,34909.0
2026-08-11 03:15:00,76.24,76.32,76.22,76.31,16367.28
2026-08-11 03:20:00,76.3,76.31,76.23,76.24,10835.48
2026-08-11 03:25:00,76.24,76.33,76.24,76.31,28638.21
2026-08-11 03:30:00,76.32,76.34,76.31,76.34,10063.97
2026-08-11 03:35:00,76.34,76.39,76.31,76.31,27113.3
2026-08-11 03:40:00,76.32,76.47,76.32,76.43,37225.07
2026-08-11 03:45:00,76.42,76.43,76.35,76.37,25181.81
2026-08-11 03:50:00,76.36,76.4,76.36,76.36,10585.04
2026-08-11 03:55:00,76.36,76.45,76.33,76.41,24084.06
2026-08-11 04:00:00,76.41,76.41,76.33,76.4,32427.7
2026-08-11 04:05:00,76.4,76.47,76.39,76.44,18378.73
2026-08-11 04:10:00,76.43,76.44,76.31,76.34,39519.28
2026-08-11 04:15:00,76.35,76.37,76.31,76.34,37010.6
2026-08-11 04:20:00,76.34,76.34,76.28,76.32,20835.07
2026-08-11 04:25:00,76.31,76.41,76.29,76.41,24154.32
2026-08-11 04:30:00,76.41,76.47,76.39,76.47,20631.63
2026-08-11 04:35:00,76.47,76.47,76.41,76.43,22969.0
2026-08-11 04:40:00,76.43,76.45,76.38,76.38,25718.49
2026-08-11 04:45:00,76.39,76.39,76.3,76.31,18557.18
2026-08-11 04:50:00,76.3,76.31,76.26,76.27,27506.99
2026-08-11 04:55:00,76.27,76.33,76.27,76.28,20255.24
2026-08-11 05:00:00,76.27,76.32,76.17,76.17,70276.57
2026-08-11 05:05:00,76.18,76.24,76.07,76.23,60931.68
2026-08-11 05:10:00,76.23,76.29,76.2,76.27,50049.9
2026-08-11 05:15:00,76.27,76.35,76.27,76.33,19269.85
2026-08-11 05:20:00,76.33,76.34,76.19,76.19,22338.49
2026-08-11 05:25:00,76.19,76.2,76.15,76.18,21877.06
2026-08-11 05:30:00,76.18,76.19,76.02,76.02,41755.93
2026-08-11 05:35:00,76.02,76.13,76.01,76.1,33378.4
2026-08-11 05:40:00,76.11,76.14,76.1,76.14,12467.73
2026-08-11 05:45:00,76.13,76.18,76.13,76.15,14175.57
2026-08-11 05:50:00,76.16,76.19,76.15,76.18,16365.71
2026-08-11 05:55:00,76.19,76.2,76.18,76.18,6854.71
2026-08-11 06:00:00,76.18,76.19,76.08,76.1,25974.15
2026-08-11 06:05:00,76.1,76.18,76.06,76.14,25043.44
2026-08-11 06:10:00,76.13,76.17,76.13,76.16,17694.02
2026-08-11 06:15:00,76.15,76.17,76.09,76.09,10038.13
2026-08-11 06:20:00,76.1,76.11,76.0,76.07,43927.02
2026-08-11 06:25:00,76.08,76.11,76.03,76.08,18371.44
2026-08-11 06:30:00,76.09,76.09,76.01,76.05,25753.03
2026-08-11 06:35:00,76.05,76.07,76.0,76.02,25421.88
2026-08-11 06:40:00,76.03,76.1,76.03,76.1,12368.09
2026-08-11 06:45:00,76.09,76.1,75.95,76.0,60607.04
2026-08-11 06:50:00,76.01,76.03,75.96,75.98,54441.99
2026-08-11 06:55:00,75.98,75.99,75.94,75.95,14106.29
2026-08-11 07:00:00,75.96,75.96,75.86,75.9,110537.15
2026-08-11 07:05:00,75.91,75.91,75.72,75.81,121696.44
2026-08-11 07:10:00,75.8,75.95,75.8,75.94,40377.78
2026-08-11 07:15:00,75.94,75.96,75.87,75.91,36684.87
2026-08-11 07:20:00,75.91,75.99,75.88,75.96,29816.72
2026-08-11 07:25:00,75.96,75.99,75.93,75.99,25948.76
2026-08-11 07:30:00,75.99,76.02,75.91,75.92,32656.08
2026-08-11 07:35:00,75.91,75.93,75.82,75.86,38427.48
2026-08-11 07:40:00,75.85,75.88,75.82,75.88,22341.09
2026-08-11 07:45:00,75.88,75.89,75.83,75.84,29150.79
2026-08-11 07:50:00,75.85,75.91,75.84,75.84,60353.55
2026-08-11 07:55:00,75.84,75.88,75.81,75.85,25358.08
2026-08-11 08:00:00,75.85,75.85,75.66,75.75,85803.65
2026-08-11 08:05:00,75.75,75.78,75.69,75.76,57935.44
2026-08-11 08:10:00,75.76,75.95,75.76,75.91,67181.64
2026-08-11 08:15:00,75.9,75.92,75.76,75.77,58998.66
2026-08-11 08:20:00,75.77,75.94,75.77,75.92,55583.22
2026-08-11 08:25:00,75.92,75.93,75.85,75.91,21378.68
2026-08-11 08:30:00,75.91,75.92,75.85,75.88,25938.05
2026-08-11 08:35:00,75.88,75.91,75.84,75.85,17480.54
2026-08-11 08:40:00,75.85,75.86,75.75,75.84,33068.86
2026-08-11 08:45:00,75.84,76.0,75.84,76.0,21816.02
2026-08-11 08:50:00,76.0,76.07,75.99,76.03,21316.64
2026-08-11 08:55:00,76.02,76.07,76.0,76.06,24334.29
2026-08-11 09:00:00,76.06,76.11,76.02,76.11,35336.22
2026-08-11 09:05:00,76.11,76.11,76.03,76.1,22009.85
2026-08-11 09:10:00,76.1,76.1,76.04,76.04,22289.33
2026-08-11 09:15:00,76.05,76.1,76.02,76.03,36372.96
2026-08-11 09:20:00,76.03,76.04,75.98,75.99,26308.1
2026-08-11 09:25:00,75.99,76.0,75.94,75.97,23689.07
2026-08-11 09:30:00,75.97,76.01,75.95,75.98,20139.81
2026-08-11 09:35:00,75.97,75.98,75.95,75.97,10967.24
2026-08-11 09:40:00,75.98,76.08,75.98,76.07,16129.46
2026-08-11 09:45:00,76.07,76.09,76.05,76.05,15995.39
2026-08-11 09:50:00,76.05,76.06,76.0,76.02,17491.52
2026-08-11 09:55:00,76.02,76.03,75.98,76.0,12952.35
2026-08-11 10:00:00,76.0,76.17,76.0,76.17,35465.34
2026-08-11 10:05:00,76.16,76.18,76.11,76.15,15226.38
2026-08-11 10:10:00,76.15,76.17,76.1,76.1,14259.71
2026-08-11 10:15:00,76.1,76.19,76.07,76.13,28763.4
2026-08-11 10:20:00,76.13,76.21,76.13,76.16,22823.91
2026-08-11 10:25:00,76.16,76.22,76.14,76.14,20309.67
2026-08-11 10:30:00,76.14,76.14,76.08,76.09,17067.26
2026-08-11 10:35:00,76.1,76.16,76.08,76.14,12007.24
2026-08-11 10:40:00,76.14,76.15,76.09,76.09,15614.15
2026-08-11 10:45:00,76.09,76.1,76.05,76.07,14208.51
2026-08-11 10:50:00,76.07,76.09,76.04,76.08,19251.49
2026-08-11 10:55:00,76.08,76.08,76.03,76.04,9970.71
2026-08-11 11:00:00,76.04,76.11,76.03,76.06,26240.07
2026-08-11 11:05:00,76.07,76.12,76.06,76.1,13239.91
2026-08-11 11:10:00,76.1,76.16,76.1,76.14,14876.05
2026-08-11 11:15:00,76.15,76.15,76.1,76.11,8579.21
2026-08-11 11:20:00,76.11,76.15,76.08,76.1,14439.87
2026-08-11 11:25:00,76.1,76.13,76.08,76.1,16107.66
2026-08-11 11:30:00,76.11,76.14,76.08,76.1,14165.71
2026-08-11 11:35:00,76.11,76.14,76.1,76.14,8980.97
2026-08-11 11:40:00,76.15,76.16,76.12,76.15,18728.41
2026-08-11 11:45:00,76.16,76.19,76.14,76.16,16092.66
2026-08-11 11:50:00,76.17,76.17,76.07,76.09,17138.2
2026-08-11 11:55:00,76.1,76.1,76.04,76.04,8390.89
2026-08-11 12:00:00,76.04,76.04,75.96,76.0,33927.13
2026-08-11 12:05:00,76.01,76.03,75.98,76.03,9043.83
2026-08-11 12:10:00,76.02,76.04,75.99,76.01,21296.64
2026-08-11 12:15:00,76.02,76.05,75.92,75.94,27697.44
2026-08-11 12:20:00,75.93,75.94,75.76,75.8,102851.42
2026-08-11 12:25:00,75.81,75.81,75.74,75.76,44944.37
2026-08-11 12:30:00,75.76,75.88,75.74,75.87,46970.49
2026-08-11 12:35:00,75.87,75.92,75.87,75.89,35736.24
2026-08-11 12:40:00,75.9,75.91,75.88,75.9,8095.42
2026-08-11 12:45:00,75.91,75.91,75.86,75.88,18220.57
2026-08-11 12:50:00,75.88,75.89,75.79,75.79,19666.0
2026-08-11 12:55:00,75.8,75.83,75.76,75.76,31564.49
2026-08-11 13:00:00,75.76,75.79,75.67,75.72,72553.44
2026-08-11 13:05:00,75.72,75.94,75.72,75.93,88096.94
2026-08-11 13:10:00,75.94,76.0,75.92,75.98,51842.96
2026-08-11 13:15:00,75.98,75.99,75.93,75.93,11972.59
2026-08-11 13:20:00,75.93,75.93,75.86,75.92,56754.54
2026-08-11 13:25:00,75.92,75.94,75.89,75.93,41153.38
2026-08-11 13:30:00,75.93,75.96,75.87,75.88,31367.57
2026-08-11 13:35:00,75.88,75.9,75.73,75.8,227556.26
2026-08-11 13:40:00,75.79,75.82,75.75,75.75,66136.42
2026-08-11 13:45:00,75.75,75.77,75.71,75.73,35652.61
2026-08-11 13:50:00,75.74,75.75,75.61,75.65,71321.12
2026-08-11 13:55:00,75.65,75.79,75.64,75.77,47554.45
2026-08-11 14:00:00,75.77,75.83,75.77,75.81,33308.78
2026-08-11 14:05:00,75.81,75.83,75.73,75.73,31880.08
2026-08-11 14:10:00,75.74,75.74,75.65,75.66,30104.34
2026-08-11 14:15:00,75.65,75.65,75.36,75.48,285631.74
2026-08-11 14:20:00,75.47,75.51,75.37,75.42,96556.85
2026-08-11 14:25:00,75.42,75.48,75.39,75.39,68188.57
2026-08-11 14:30:00,75.4,75.57,75.39,75.57,59755.69
2026-08-11 14:35:00,75.57,75.7,75.56,75.68,62592.12
2026-08-11 14:40:00,75.68,75.69,75.63,75.68,38192.35
2026-08-11 14:45:00,75.69,75.73,75.63,75.63,23911.21
2026-08-11 14:50:00,75.64,75.67,75.6,75.61,66786.17
2026-08-11 14:55:00,75.6,75.66,75.59,75.66,32501.42
2026-08-11 15:00:00,75.66,75.74,75.65,75.68,35454.38
2026-08-11 15:05:00,75.68,75.74,75.65,75.65,24313.13
2026-08-11 15:10:00,75.65,75.68,75.59,75.6,25212.46
2026-08-11 15:15:00,75.59,75.63,75.58,75.59,21374.92
2026-08-11 15:20:00,75.59,75.68,75.59,75.67,38020.16
2026-08-11 15:25:00,75.67,75.72,75.66,75.69,37485.51
2026-08-11 15:30:00,75.7,75.74,75.68,75.7,40298.81
2026-08-11 15:35:00,75.7,75.74,75.69,75.73,23956.42
2026-08-11 15:40:00,75.74,75.86,75.72,75.84,66748.27
2026-08-11 15:45:00,75.84,75.87,75.83,75.85,26714.69
2026-08-11 15:50:00,75.85,75.95,75.85,75.93,45330.38
2026-08-11 15:55:00,75.94,75.94,75.85,75.89,54206.39
2026-08-11 16:00:00,75.89,75.9,75.82,75.85,40631.22
2026-08-11 16:05:00,75.85,75.91,75.82,75.82,56629.77
2026-08-11 16:10:00,75.82,75.86,75.72,75.72,103385.52
2026-08-11 16:15:00,75.72,75.79,75.68,75.76,82792.98
2026-08-11 16:20:00,75.76,75.79,75.68,75.78,73795.54
2026-08-11 16:25:00,75.79,75.86,75.72,75.73,56380.28
2026-08-11 16:30:00,75.73,75.78,75.66,75.66,37172.59
2026-08-11 16:35:00,75.67,75.67,75.63,75.66,43889.26
2026-08-11 16:40:00,75.66,75.77,75.66,75.75,40752.53
2026-08-11 16:45:00,75.76,75.82,75.66,75.71,147255.12
2026-08-11 16:50:00,75.71,75.77,75.7,75.71,29898.2
2026-08-11 16:55:00,75.71,75.85,75.71,75.84,22880.73
2026-08-11 17:00:00,75.84,75.93,75.8,75.86,71587.42
2026-08-11 17:05:00,75.86,75.95,75.86,75.91,35195.65
2026-08-11 17:10:00,75.91,75.91,75.77,75.78,31447.56
2026-08-11 17:15:00,75.78,75.85,75.72,75.81,36007.3
2026-08-11 17:20:00,75.81,75.83,75.76,75.79,39595.99
2026-08-11 17:25:00,75.8,75.95,75.8,75.93,28431.32
2026-08-11 17:30:00,75.94,75.97,75.85,75.87,44605.61
2026-08-11 17:35:00,75.86,75.87,75.82,75.82,10864.57
2026-08-11 17:40:00,75.82,75.83,75.77,75.79,31066.88
2026-08-11 17:45:00,75.8,75.98,75.79,75.98,100303.89
2026-08-11 17:50:00,75.98,76.03,75.91,75.92,48306.74
2026-08-11 17:55:00,75.91,75.93,75.86,75.9,56716.56
2026-08-11 18:00:00,75.91,76.35,75.9,76.25,251182.74
2026-08-11 18:05:00,76.25,76.29,76.1,76.13,71161.59
2026-08-11 18:10:00,76.14,76.26,76.14,76.18,71517.7
2026-08-11 18:15:00,76.18,76.19,76.03,76.06,86274.89
2026-08-11 18:20:00,76.06,76.12,76.06,76.09,27014.86
2026-08-11 18:25:00,76.09,76.12,76.08,76.09,16895.21
2026-08-11 18:30:00,76.09,76.13,76.07,76.09,36028.21
2026-08-11 18:35:00,76.1,76.14,76.09,76.11,18815.75
2026-08-11 18:40:00,76.11,76.16,76.08,76.11,41757.82
2026-08-11 18:45:00,76.12,76.15,76.07,76.12,35881.46
2026-08-11 18:50:00,76.12,76.18,76.1,76.18,23079.54
2026-08-11 18:55:00,76.18,76.2,76.15,76.16,32321.66
2026-08-11 19:00:00,76.16,76.21,76.09,76.1,48110.18
2026-08-11 19:05:00,76.1,76.18,76.08,76.17,29663.0
2026-08-11 19:10:00,76.18,76.18,76.04,76.1,33983.58
2026-08-11 19:15:00,76.1,76.12,76.04,76.04,31617.48
2026-08-11 19:20:00,76.04,76.06,75.88,75.9,74680.7
2026-08-11 19:25:00,75.89,75.9,75.79,75.84,46126.4
2026-08-11 19:30:00,75.84,75.87,75.75,75.87,68354.64
2026-08-11 19:35:00,75.87,75.91,75.78,75.88,28440.18
2026-08-11 19:40:00,75.88,75.91,75.82,75.85,18647.92
2026-08-11 19:45:00,75.85,75.87,75.77,75.79,32724.25
2026-08-11 19:50:00,75.79,75.86,75.78,75.81,20987.8
2026-08-11 19:55:00,75.81,75.85,75.81,75.82,13033.46
2026-08-11 20:00:00,75.82,75.85,75.74,75.76,90581.83
2026-08-11 20:05:00,75.77,76.0,75.76,75.99,85251.61
2026-08-11 20:10:00,76.0,76.0,75.9,75.92,28423.86
2026-08-11 20:15:00,75.93,75.95,75.8,75.82,33456.47
2026-08-11 20:20:00,75.83,75.83,75.75,75.77,32393.64
2026-08-11 20:25:00,75.77,75.86,75.68,75.84,63597.44
2026-08-11 20:30:00,75.84,75.9,75.72,75.8,72579.74
2026-08-11 20:35:00,75.79,75.9,75.69,75.86,47713.4
2026-08-11 20:40:00,75.87,76.02,75.87,75.92,44066.02
2026-08-11 20:45:00,75.92,76.07,75.82,76.02,85221.01
2026-08-11 20:50:00,76.01,76.03,75.79,75.84,58470.15
2026-08-11 20:55:00,75.85,76.02,75.83,75.97,43927.76
2026-08-11 21:00:00,75.97,76.05,75.9,76.01,48295.57
2026-08-11 21:05:00,76.0,76.07,75.87,75.96,52735.33
2026-08-11 21:10:00,75.95,76.01,75.91,75.99,16589.85
2026-08-11 21:15:00,75.99,76.12,75.96,75.96,64842.87
2026-08-11 21:20:00,75.96,75.98,75.62,75.62,140790.83
2026-08-11 21:25:00,75.62,75.73,75.51,75.59,221395.06
2026-08-11 21:30:00,75.58,75.58,75.49,75.53,98561.14
2026-08-11 21:35:00,75.53,75.62,75.36,75.4,133882.94
2026-08-11 21:40:00,75.39,75.47,75.33,75.45,93856.3
2026-08-11 21:45:00,75.45,75.47,75.31,75.31,73661.88
2026-08-11 21:50:00,75.31,75.32,75.11,75.17,307135.78
2026-08-11 21:55:00,75.17,75.22,75.03,75.15,198553.13
2026-08-11 22:00:00,75.16,75.26,75.11,75.19,123055.79
2026-08-11 22:05:00,75.18,75.25,75.15,75.24,62623.17
2026-08-11 22:10:00,75.24,75.25,75.06,75.08,129672.85
2026-08-11 22:15:00,75.09,75.18,75.05,75.18,72474.39
2026-08-11 22:20:00,75.18,75.3,75.1,75.26,87487.8
2026-08-11 22:25:00,75.27,75.38,75.26,75.31,62378.52
2026-08-11 22:30:00,75.31,75.36,75.12,75.13,72248.81
2026-08-11 22:35:00,75.12,75.15,74.65,74.83,579709.53
2026-08-11 22:40:00,74.83,74.86,74.57,74.8,226029.56
2026-08-11 22:45:00,74.79,74.87,74.66,74.72,119900.9
2026-08-11 22:50:00,74.72,74.78,74.65,74.65,122313.66
2026-08-11 22:55:00,74.66,74.93,74.65,74.87,94493.09
2026-08-11 23:00:00,74.87,74.94,74.73,74.88,150975.43
2026-08-11 23:05:00,74.88,74.98,74.83,74.97,86217.95
2026-08-11 23:10:00,74.98,75.0,74.83,74.97,85245.99
2026-08-11 23:15:00,74.98,75.0,74.85,74.97,53000.78
2026-08-11 23:20:00,74.98,75.03,74.96,75.01,49472.51
2026-08-11 23:25:00,75.0,75.01,74.9,74.93,40501.56
2026-08-11 23:30:00,74.94,74.98,74.82,74.86,45807.18
2026-08-11 23:35:00,74.87,74.95,74.85,74.9,34680.09
2026-08-11 23:40:00,74.89,74.94,74.86,74.87,25070.05
2026-08-11 23:45:00,74.86,74.96,74.84,74.96,39179.28
2026-08-11 23:50:00,74.96,74.98,74.86,74.87,24369.86
2026-08-11 23:55:00,74.87,74.92,74.86,74.89,21375.66
2026-08-12 00:00:00,74.89,74.98,74.88,74.9,33030.18
2026-08-12 00:05:00,74.9,74.97,74.88,74.91,37551.02
2026-08-12 00:10:00,74.91,75.02,74.88,74.94,31249.51
2026-08-12 00:15:00,74.95,74.97,74.9,74.94,33019.9
2026-08-12 00:20:00,74.93,75.01,74.93,75.01,20555.99
2026-08-12 00:25:00,75.0,75.06,74.95,75.03,42745.93
2026-08-12 00:30:00,75.03,75.07,74.96,74.99,23190.64
2026-08-12 00:35:00,75.0,75.03,74.94,74.96,15830.88
2026-08-12 00:40:00,74.95,75.08,74.95,75.0,48629.01
2026-08-12 00:45:00,75.01,75.03,74.93,74.96,40054.56
2026-08-12 00:50:00,74.97,75.08,74.96,75.08,15801.1
2026-08-12 00:55:00,75.08,75.19,75.07,75.12,107753.39
2026-08-12 01:00:00,75.13,75.22,75.1,75.19,43444.58
2026-08-12 01:05:00,75.2,75.23,75.15,75.19,37612.21
2026-08-12 01:10:00,75.2,75.2,75.14,75.2,26253.83
2026-08-12 01:15:00,75.19,75.28,75.18,75.27,32244.05
2026-08-12 01:20:00,75.28,75.3,75.24,75.25,23907.45
2026-08-12 01:25:00,75.25,75.3,75.16,75.17,22388.98
2026-08-12 01:30:00,75.18,75.23,75.03,75.23,116565.08
2026-08-12 01:35:00,75.22,75.29,75.2,75.2,67635.54
2026-08-12 01:40:00,75.2,75.22,75.11,75.22,58065.76
2026-08-12 01:45:00,75.22,75.28,75.21,75.25,22562.33
2026-08-12 01:50:00,75.24,75.25,75.15,75.16,15879.93
2026-08-12 01:55:00,75.16,75.24,75.12,75.23,30610.52
2026-08-12 02:00:00,75.23,75.23,75.16,75.18,22324.4
2026-08-12 02:05:00,75.18,75.19,75.02,75.03,48354.99
2026-08-12 02:10:00,75.03,75.08,75.01,75.03,34863.24
2026-08-12 02:15:00,75.02,75.2,75.02,75.18,28059.12
2026-08-12 02:20:00,75.18,75.26,75.18,75.22,24262.12
2026-08-12 02:25:00,75.21,75.27,75.2,75.25,19958.68
2026-08-12 02:30:00,75.25,75.33,75.25,75.26,28352.92
2026-08-12 02:35:00,75.26,75.44,75.26,75.42,39333.28
2026-08-12 02:40:00,75.42,75.49,75.38,75.48,38317.66
2026-08-12 02:45:00,75.49,75.59,75.48,75.51,102545.52
2026-08-12 02:50:00,75.51,75.65,75.49,75.63,103919.54
2026-08-12 02:55:00,75.63,75.69,75.61,75.63,64913.45
2026-08-12 03:00:00,75.63,75.83,75.61,75.79,143965.11
2026-08-12 03:05:00,75.8,76.27,75.79,76.17,407805.19
2026-08-12 03:10:00,76.18,76.24,76.09,76.1,153752.12
2026-08-12 03:15:00,76.1,76.11,75.92,75.94,124184.35
2026-08-12 03:20:00,75.94,75.97,75.86,75.88,84930.4
2026-08-12 03:25:00,75.88,76.06,75.87,76.04,64301.71
2026-08-12 03:30:00,76.05,76.16,75.93,75.96,62917.69
2026-08-12 03:35:00,75.96,75.99,75.92,75.97,34135.77
2026-08-12 03:40:00,75.96,76.0,75.9,75.92,62150.14
2026-08-12 03:45:00,75.91,76.0,75.89,75.92,41608.43
2026-08-12 03:50:00,75.91,75.93,75.83,75.93,48914.56
2026-08-12 03:55:00,75.92,76.06,75.92,76.01,70803.85
2026-08-12 04:00:00,76.02,76.07,76.01,76.05,32803.12
2026-08-12 04:05:00,76.05,76.12,76.03,76.11,30949.84
2026-08-12 04:10:00,76.1,76.16,76.08,76.13,52132.5
2026-08-12 04:15:00,76.12,76.14,76.0,76.04,193410.14
2026-08-12 04:20:00,76.04,76.09,76.0,76.08,34318.14
2026-08-12 04:25:00,76.09,76.15,76.02,76.03,33712.05
2026-08-12 04:30:00,76.02,76.07,76.01,76.02,24311.87
2026-08-12 04:35:00,76.02,76.05,75.97,76.01,48262.71
2026-08-12 04:40:00,76.01,76.15,76.01,76.13,48667.37
2026-08-12 04:45:00,76.13,76.15,76.11,76.11,11050.02
2026-08-12 04:50:00,76.12,76.17,76.1,76.15,12833.01
2026-08-12 04:55:00,76.15,76.41,76.14,76.41,225373.56
2026-08-12 05:00:00,76.41,76.64,76.41,76.58,242113.68
2026-08-12 05:05:00,76.57,76.59,76.38,76.38,66109.98
2026-08-12 05:10:00,76.38,76.4,76.36,76.38,34076.13
2026-08-12 05:15:00,76.38,76.51,76.35,76.38,59384.4
2026-08-12 05:20:00,76.38,76.42,76.33,76.38,28349.84
2026-08-12 05:25:00,76.37,76.41,76.33,76.41,25805.56
2026-08-12 05:30:00,76.4,76.46,76.33,76.38,67279.41
2026-08-12 05:35:00,76.38,76.39,76.31,76.34,33280.63
2026-08-12 05:40:00,76.34,76.36,76.28,76.35,59573.51
2026-08-12 05:45:00,76.34,76.34,76.21,76.26,51796.09
2026-08-12 05:50:00,76.26,76.38,76.25,76.33,36708.1
2026-08-12 05:55:00,76.32,76.39,76.32,76.38,15006.35
2026-08-12 06:00:00,76.38,76.38,76.21,76.22,35554.79
2026-08-12 06:05:00,76.22,76.24,76.18,76.21,26921.2
2026-08-12 06:10:00,76.2,76.21,76.17,76.21,33410.21
2026-08-12 06:15:00,76.2,76.25,76.16,76.19,33791.17
2026-08-12 06:20:00,76.18,76.27,76.17,76.27,46109.99
2026-08-12 06:25:00,76.27,76.31,76.23,76.26,24773.03
2026-08-12 06:30:00,76.26,76.28,76.18,76.26,28488.81
2026-08-12 06:35:00,76.25,76.28,76.2,76.21,19381.18
2026-08-12 06:40:00,76.22,76.33,76.22,76.29,38139.92
2026-08-12 06:45:00,76.3,76.31,76.18,76.19,23358.02
2026-08-12 06:50:00,76.18,76.25,76.18,76.21,20647.59
2026-08-12 06:55:00,76.22,76.29,76.19,76.27,22982.5
2026-08-12 07:00:00,76.27,76.27,76.19,76.24,49386.37
2026-08-12 07:05:00,76.24,76.3,76.2,76.26,37464.95
2026-08-12 07:10:00,76.26,76.27,76.23,76.25,31027.39
2026-08-12 07:15:00,76.25,76.26,76.19,76.21,16009.55
2026-08-12 07:20:00,76.21,76.29,76.2,76.27,16432.63
2026-08-12 07:25:00,76.28,76.3,76.22,76.23,20982.52
2026-08-12 07:30:00,76.22,76.29,76.22,76.27,14440.54
2026-08-12 07:35:00,76.28,76.29,76.24,76.25,14070.83
2026-08-12 07:40:00,76.25,76.27,76.23,76.24,11296.57
2026-08-12 07:45:00,76.23,76.26,76.2,76.25,16299.78
2026-08-12 07:50:00,76.25,76.31,76.25,76.31,14567.04
2026-08-12 07:55:00,76.31,76.34,76.28,76.34,11014.97
2026-08-12 08:00:00,76.34,76.38,76.3,76.33,23599.9
2026-08-12 08:05:00,76.32,76.44,76.32,76.35,28536.93
2026-08-12 08:10:00,76.36,76.49,76.36,76.47,46362.5
2026-08-12 08:15:00,76.48,76.49,76.31,76.42,52505.11
2026-08-12 08:20:00,76.43,76.43,76.34,76.39,16534.88
2026-08-12 08:25:00,76.39,76.4,76.33,76.33,21327.59
2026-08-12 08:30:00,76.33,76.33,76.26,76.32,19268.58
2026-08-12 08:35:00,76.32,76.35,76.28,76.35,22319.14
2026-08-12 08:40:00,76.35,76.46,76.34,76.44,24108.79
2026-08-12 08:45:00,76.44,76.52,76.38,76.52,23486.33
2026-08-12 08:50:00,76.51,76.56,76.41,76.42,53465.02
2026-08-12 08:55:00,76.42,76.43,76.36,76.4,56274.06
2026-08-12 09:00:00,76.4,76.47,76.39,76.41,42043.62
2026-08-12 09:05:00,76.41,76.54,76.4,76.52,39082.35
2026-08-12 09:10:00,76.53,76.55,76.44,76.48,50937.2
2026-08-12 09:15:00,76.48,76.54,76.47,76.48,14525.44
2026-08-12 09:20:00,76.48,76.49,76.4,76.42,16872.36
2026-08-12 09:25:00,76.41,76.53,76.41,76.53,18734.2
2026-08-12 09:30:00,76.52,76.55,76.46,76.5,33362.5
2026-08-12 09:35:00,76.5,76.52,76.42,76.43,13448.92
2026-08-12 09:40:00,76.43,76.48,76.42,76.47,12897.53
2026-08-12 09:45:00,76.47,76.55,76.47,76.52,20402.75
2026-08-12 09:50:00,76.52,76.57,76.51,76.51,18522.52
2026-08-12 09:55:00,76.51,76.52,76.39,76.41,46625.46
2026-08-12 10:00:00,76.4,76.5,76.4,76.48,20878.04
2026-08-12 10:05:00,76.47,76.49,76.4,76.4,16144.32
2026-08-12 10:10:00,76.4,76.42,76.31,76.34,52820.95
2026-08-12 10:15:00,76.33,76.36,76.3,76.31,30943.77
2026-08-12 10:20:00,76.31,76.32,76.26,76.31,38777.84
2026-08-12 10:25:00,76.3,76.33,76.23,76.26,28414.3
2026-08-12 10:30:00,76.26,76.34,76.22,76.32,27192.17
2026-08-12 10:35:00,76.32,76.45,76.32,76.41,45006.41
2026-08-12 10:40:00,76.42,76.44,76.39,76.4,10134.42
2026-08-12 10:45:00,76.39,76.41,76.34,76.38,25390.03
2026-08-12 10:50:00,76.39,76.39,76.32,76.35,22051.13
2026-08-12 10:55:00,76.34,76.4,76.33,76.38,19664.92
2026-08-12 11:00:00,76.38,76.45,76.38,76.45,20345.55
2026-08-12 11:05:00,76.45,76.45,76.35,76.38,17958.95
2026-08-12 11:10:00,76.37,76.4,76.33,76.39,14748.81
2026-08-12 11:15:00,76.39,76.48,76.37,76.47,46359.71
2026-08-12 11:20:00,76.47,76.55,76.42,76.49,59036.6
2026-08-12 11:25:00,76.49,76.49,76.33,76.34,23974.75
2026-08-12 11:30:00,76.34,76.34,76.24,76.25,38705.48
2026-08-12 11:35:00,76.24,76.34,76.24,76.31,22862.82
2026-08-12 11:40:00,76.31,76.33,76.28,76.3,11367.5
2026-08-12 11:45:00,76.29,76.35,76.27,76.35,13525.59
2026-08-12 11:50:00,76.35,76.36,76.31,76.32,11039.02
2026-08-12 11:55:00,76.31,76.32,76.25,76.27,25313.36
2026-08-12 12:00:00,76.26,76.27,76.2,76.2,24724.05
2026-08-12 12:05:00,76.2,76.26,76.15,76.25,50599.33
2026-08-12 12:10:00,76.26,76.35,76.24,76.31,22728.51
2026-08-12 12:15:00,76.3,76.31,76.29,76.3,7279.15
2026-08-12 12:20:00,76.3,76.31,76.24,76.25,24706.98
2026-08-12 12:25:00,76.25,76.3,76.24,76.26,13410.79
2026-08-12 12:30:00,76.26,76.32,76.22,76.32,17873.24
2026-08-12 12:35:00,76.32,76.32,76.26,76.27,19012.02
2026-08-12 12:40:00,76.27,76.29,76.24,76.28,11053.18
2026-08-12 12:45:00,76.28,76.31,76.27,76.28,15658.71
2026-08-12 12:50:00,76.29,76.31,76.24,76.27,19452.69
2026-08-12 12:55:00,76.26,76.32,76.26,76.29,11047.32
2026-08-12 13:00:00,76.28,76.32,76.25,76.3,25422.55
2026-08-12 13:05:00,76.3,76.33,76.23,76.23,23744.21
2026-08-12 13:10:00,76.23,76.24,76.18,76.19,25562.52
2026-08-12 13:15:00,76.19,76.28,76.15,76.18,25184.37
2026-08-12 13:20:00,76.19,76.22,76.13,76.16,33328.07
2026-08-12 13:25:00,76.15,76.16,76.12,76.15,12518.36
2026-08-12 13:30:00,76.15,76.15,76.05,76.09,65412.82
2026-08-12 13:35:00,76.08,76.12,76.06,76.07,28677.34
2026-08-12 13:40:00,76.07,76.11,76.05,76.06,16629.52
2026-08-12 13:45:00,76.05,76.07,76.03,76.03,23447.04
2026-08-12 13:50:00,76.03,76.05,75.96,75.97,96598.75
2026-08-12 13:55:00,75.96,76.02,75.93,76.02,62293.31
2026-08-12 14:00:00,76.02,76.11,76.0,76.11,30384.61
2026-08-12 14:05:00,76.1,76.14,76.08,76.09,28035.59
2026-08-12 14:10:00,76.09,76.09,76.06,76.08,19698.19
2026-08-12 14:15:00,76.07,76.1,76.03,76.05,26675.83
2026-08-12 14:20:00,76.05,76.05,76.02,76.05,12577.59
2026-08-12 14:25:00,76.04,76.05,76.0,76.01,22339.43
2026-08-12 14:30:00,76.01,76.08,76.0,76.06,18982.23
2026-08-12 14:35:00,76.06,76.06,75.96,75.99,25455.62
2026-08-12 14:40:00,75.99,76.0,75.95,75.98,21802.55
2026-08-12 14:45:00,75.97,76.0,75.91,76.0,33997.51
2026-08-12 14:50:00,76.0,76.12,75.99,76.11,40490.23
2026-08-12 14:55:00,76.11,76.25,76.11,76.25,90343.92
2026-08-12 15:00:00,76.25,76.34,76.2,76.33,108602.98
2026-08-12 15:05:00,76.34,76.43,76.31,76.33,89491.3
2026-08-12 15:10:00,76.32,76.32,76.26,76.27,34896.52
2026-08-12 15:15:00,76.26,76.4,76.26,76.36,42370.95
2026-08-12 15:20:00,76.36,76.38,76.31,76.36,29754.41
2026-08-12 15:25:00,76.37,76.44,76.32,76.39,47347.98
2026-08-12 15:30:00,76.39,76.39,76.3,76.32,21738.78
2026-08-12 15:35:00,76.31,76.37,76.28,76.37,18602.29
2026-08-12 15:40:00,76.37,76.37,76.25,76.26,31656.88
2026-08-12 15:45:00,76.26,76.31,76.22,76.23,52155.89
2026-08-12 15:50:00,76.22,76.22,76.16,76.19,34618.68
2026-08-12 15:55:00,76.19,76.19,76.12,76.15,17440.96
2026-08-12 16:00:00,76.15,76.21,76.09,76.19,33567.67
2026-08-12 16:05:00,76.2,76.28,76.19,76.27,12633.76
2026-08-12 16:10:00,76.27,76.32,76.25,76.28,34939.54
2026-08-12 16:15:00,76.28,76.5,76.28,76.46,121010.25
2026-08-12 16:20:00,76.46,76.56,76.34,76.55,86707.54
2026-08-12 16:25:00,76.55,76.75,76.54,76.75,217010.65
2026-08-12 16:30:00,76.75,76.88,76.66,76.67,166283.62
2026-08-12 16:35:00,76.66,76.79,76.66,76.75,66826.76
2026-08-12 16:40:00,76.74,76.75,76.68,76.73,45019.9
2026-08-12 16:45:00,76.72,76.76,76.68,76.69,27380.31
2026-08-12 16:50:00,76.68,76.75,76.65,76.68,47150.63
2026-08-12 16:55:00,76.67,76.71,76.66,76.71,24935.3
2026-08-12 17:00:00,76.71,76.82,76.65,76.71,135480.64
2026-08-12 17:05:00,76.71,76.71,76.63,76.64,51138.52
2026-08-12 17:10:00,76.63,76.79,76.62,76.78,52630.49
2026-08-12 17:15:00,76.78,76.78,76.7,76.73,40674.49
2026-08-12 17:20:00,76.74,76.84,76.73,76.77,35892.55
2026-08-12 17:25:00,76.77,76.78,76.7,76.7,19427.77
2026-08-12 17:30:00,76.7,76.79,76.68,76.71,39475.01
2026-08-12 17:35:00,76.72,76.77,76.7,76.75,15269.99
2026-08-12 17:40:00,76.75,76.78,76.72,76.73,29897.52
2026-08-12 17:45:00,76.72,76.77,76.67,76.72,42016.94
2026-08-12 17:50:00,76.73,76.78,76.71,76.77,20138.58
2026-08-12 17:55:00,76.76,76.77,76.71,76.73,16795.42
2026-08-12 18:00:00,76.73,76.8,76.68,76.68,30874.78
2026-08-12 18:05:00,76.68,76.74,76.66,76.71,30323.77
2026-08-12 18:10:00,76.71,76.76,76.66,76.67,17682.54
2026-08-12 18:15:00,76.66,76.73,76.65,76.73,29509.24
2026-08-12 18:20:00,76.72,76.8,76.71,76.79,39261.64
2026-08-12 18:25:00,76.79,76.83,76.76,76.79,26413.15
2026-08-12 18:30:00,76.78,76.81,76.71,76.71,20840.84
2026-08-12 18:35:00,76.72,76.73,76.67,76.73,22833.24
2026-08-12 18:40:00,76.72,76.74,76.69,76.7,17423.39
2026-08-12 18:45:00,76.7,76.74,76.68,76.74,19336.98
2026-08-12 18:50:00,76.74,76.82,76.73,76.79,37537.21
2026-08-12 18:55:00,76.79,76.81,76.77,76.79,16252.68
2026-08-12 19:00:00,76.8,77.03,76.79,77.0,201913.83
2026-08-12 19:05:00,77.01,77.02,76.91,76.94,60953.02
2026-08-12 19:10:00,76.94,76.98,76.9,76.95,47804.39
2026-08-12 19:15:00,76.95,77.07,76.94,77.01,69380.34
2026-08-12 19:20:00,77.0,77.05,76.87,76.87,53188.87
2026-08-12 19:25:00,76.88,77.3,76.86,77.15,198613.45
2026-08-12 19:30:00,77.15,77.33,76.55,76.89,564718.06
2026-08-12 19:35:00,76.9,76.99,76.59,76.64,142210.51
2026-08-12 19:40:00,76.65,76.69,76.47,76.49,189091.21
2026-08-12 19:45:00,76.48,76.5,76.32,76.43,235681.99
2026-08-12 19:50:00,76.43,76.68,76.42,76.64,106691.52
2026-08-12 19:55:00,76.63,76.64,76.56,76.61,44144.3
2026-08-12 20:00:00,76.61,76.63,76.4,76.46,84532.23
2026-08-12 20:05:00,76.46,76.59,76.4,76.54,77520.94
2026-08-12 20:10:00,76.55,76.58,76.33,76.43,221193.27
2026-08-12 20:15:00,76.43,76.52,76.41,76.48,46189.61
2026-08-12 20:20:00,76.48,76.51,76.42,76.42,27088.73
2026-08-12 20:25:00,76.42,76.42,76.35,76.41,45484.8
2026-08-12 20:30:00,76.41,76.45,76.23,76.27,121158.6
2026-08-12 20:35:00,76.28,76.33,76.14,76.24,166843.78
2026-08-12 20:40:00,76.24,76.3,75.99,76.25,196188.88
2026-08-12 20:45:00,76.24,76.41,76.24,76.25,96130.57
2026-08-12 20:50:00,76.25,76.27,76.14,76.23,81259.86
2026-08-12 20:55:00,76.23,76.32,76.13,76.19,54185.59
2026-08-12 21:00:00,76.19,76.2,75.75,75.79,306244.37
2026-08-12 21:05:00,75.8,75.92,75.71,75.9,166619.64
2026-08-12 21:10:00,75.91,76.22,75.88,76.03,168079.0
2026-08-12 21:15:00,76.02,76.05,75.9,75.92,74221.01
2026-08-12 21:20:00,75.93,75.95,75.79,75.82,96544.12
2026-08-12 21:25:00,75.82,75.91,75.71,75.73,56041.38
2026-08-12 21:30:00,75.73,75.81,75.57,75.6,218459.66
2026-08-12 21:35:00,75.6,75.67,75.51,75.56,176754.66
2026-08-12 21:40:00,75.56,75.57,75.39,75.54,204971.87
2026-08-12 21:45:00,75.54,75.67,75.5,75.61,141103.1
2026-08-12 21:50:00,75.61,75.63,75.43,75.43,121628.93
2026-08-12 21:55:00,75.43,75.48,75.36,75.43,104906.68
2026-08-12 22:00:00,75.43,75.67,75.33,75.63,112028.87
2026-08-12 22:05:00,75.63,75.74,75.59,75.6,118406.92
2026-08-12 22:10:00,75.61,75.73,75.6,75.71,45132.08
2026-08-12 22:15:00,75.71,75.84,75.7,75.82,88565.43
2026-08-12 22:20:00,75.82,75.82,75.65,75.73,46466.19
2026-08-12 22:25:00,75.74,75.74,75.61,75.69,47495.9
2026-08-12 22:30:00,75.7,75.74,75.57,75.69,39831.65
2026-08-12 22:35:00,75.69,75.8,75.68,75.7,39939.05
2026-08-12 22:40:00,75.7,75.79,75.67,75.77,26462.83
2026-08-12 22:45:00,75.77,75.8,75.66,75.71,28203.74
2026-08-12 22:50:00,75.72,75.76,75.66,75.67,22791.92
2026-08-12 22:55:00,75.68,75.76,75.67,75.71,38789.84
2026-08-12 23:00:00,75.72,75.76,75.61,75.76,52067.95
2026-08-12 23:05:00,75.76,75.76,75.65,75.68,25682.21
2026-08-12 23:10:00,75.68,75.71,75.6,75.71,47327.79
2026-08-12 23:15:00,75.71,75.81,75.69,75.74,37859.09
2026-08-12 23:20:00,75.75,75.75,75.65,75.71,21748.79
2026-08-12 23:25:00,75.71,75.75,75.7,75.73,10751.47
2026-08-12 23:30:00,75.74,75.74,75.65,75.65,20774.31
2026-08-12 23:35:00,75.66,75.68,75.63,75.65,27803.57
2026-08-12 23:40:00,75.65,75.68,75.6,75.6,20410.27
2026-08-12 23:45:00,75.6,75.6,75.52,75.54,31700.03
2026-08-12 23:50:00,75.54,75.64,75.54,75.61,16475.27
2026-08-12 23:55:00,75.61,75.7,75.61,75.66,21111.54
2026-08-13 00:00:00,75.66,75.72,75.63,75.7,22011.25
2026-08-13 00:05:00,75.71,75.76,75.7,75.7,19523.88
2026-08-13 00:10:00,75.71,75.74,75.65,75.72,25567.69
2026-08-13 00:15:00,75.71,75.75,75.66,75.73,15455.11
2026-08-13 00:20:00,75.73,75.75,75.63,75.72,30383.37
2026-08-13 00:25:00,75.72,75.8,75.66,75.78,22667.65
2026-08-13 00:30:00,75.78,75.89,75.7,75.88,54699.99
2026-08-13 00:35:00,75.88,76.03,75.88,75.9,72729.95
2026-08-13 00:40:00,75.91,75.97,75.9,75.93,38691.21
2026-08-13 00:45:00,75.92,75.99,75.9,75.99,23458.04
2026-08-13 00:50:00,75.99,76.02,75.91,75.91,27232.77
2026-08-13 00:55:00,75.91,75.92,75.86,75.87,37327.24
2026-08-13 01:00:00,75.87,75.94,75.83,75.94,32132.41
2026-08-13 01:05:00,75.94,75.96,75.91,75.91,15464.1
2026-08-13 01:10:00,75.92,75.99,75.86,75.97,36564.77
2026-08-13 01:15:00,75.97,75.98,75.88,75.94,24642.0
2026-08-13 01:20:00,75.94,75.95,75.87,75.9,39101.18
2026-08-13 01:25:00,75.9,75.94,75.89,75.92,16365.54
2026-08-13 01:30:00,75.93,76.06,75.91,75.97,29741.16
2026-08-13 01:35:00,75.97,76.0,75.94,75.95,11118.58
2026-08-13 01:40:00,75.94,75.99,75.94,75.99,8944.3
2026-08-13 01:45:00,75.98,75.99,75.91,75.93,10479.45
2026-08-13 01:50:00,75.93,75.94,75.79,75.83,44583.73
2026-08-13 01:55:00,75.83,75.87,75.82,75.84,17084.07
2026-08-13 02:00:00,75.84,75.89,75.83,75.88,20166.39
2026-08-13 02:05:00,75.88,75.94,75.87,75.93,31563.44
2026-08-13 02:10:00,75.93,75.97,75.81,75.83,16073.76
2026-08-13 02:15:00,75.83,75.89,75.78,75.83,30905.13
2026-08-13 02:20:00,75.84,75.85,75.72,75.72,17094.26
2026-08-13 02:25:00,75.72,75.82,75.7,75.82,47864.18
2026-08-13 02:30:00,75.81,75.82,75.71,75.81,29662.63
2026-08-13 02:35:00,75.81,75.81,75.69,75.7,15612.52
2026-08-13 02:40:00,75.69,75.75,75.56,75.59,49058.2
2026-08-13 02:45:00,75.59,75.67,75.55,75.62,32780.4
2026-08-13 02:50:00,75.62,75.68,75.59,75.67,18937.05
2026-08-13 02:55:00,75.67,75.73,75.65,75.72,19209.85
2026-08-13 03:00:00,75.72,75.83,75.71,75.81,23352.59
2026-08-13 03:05:00,75.82,75.85,75.74,75.75,17503.69
2026-08-13 03:10:00,75.74,75.82,75.74,75.79,10630.08
2026-08-13 03:15:00,75.79,75.8,75.7,75.77,13436.04
2026-08-13 03:20:00,75.77,75.81,75.7,75.8,25540.97
2026-08-13 03:25:00,75.81,75.85,75.8,75.85,11893.6
2026-08-13 03:30:00,75.84,75.93,75.84,75.9,19555.42
2026-08-13 03:35:00,75.9,75.98,75.9,75.95,19891.38
2026-08-13 03:40:00,75.94,75.95,75.92,75.94,15877.86
2026-08-13 03:45:00,75.93,75.95,75.9,75.91,14873.71
2026-08-13 03:50:00,75.91,75.95,75.87,75.87,14450.03
2026-08-13 03:55:00,75.87,75.9,75.84,75.9,34107.25
2026-08-13 04:00:00,75.9,75.97,75.85,75.88,30134.21
2026-08-13 04:05:00,75.88,75.88,75.79,75.85,39207.87
2026-08-13 04:10:00,75.84,75.88,75.79,75.79,33723.19
2026-08-13 04:15:00,75.79,75.85,75.78,75.84,19815.16
2026-08-13 04:20:00,75.84,75.85,75.57,75.61,29431.88
2026-08-13 04:25:00,75.62,75.62,75.4,75.5,127349.57
2026-08-13 04:30:00,75.5,75.55,75.39,75.55,44474.53
2026-08-13 04:35:00,75.54,75.62,75.51,75.6,34027.83
2026-08-13 04:40:00,75.61,75.65,75.57,75.63,21788.21
2026-08-13 04:45:00,75.63,75.65,75.59,75.6,9896.17
2026-08-13 04:50:00,75.6,75.66,75.59,75.61,23405.2
2026-08-13 04:55:00,75.61,75.62,75.41,75.43,33995.09
2026-08-13 05:00:00,75.43,75.52,75.27,75.48,103951.75
2026-08-13 05:05:00,75.49,75.59,75.48,75.51,24103.34
2026-08-13 05:10:00,75.51,75.63,75.51,75.54,21532.01
2026-08-13 05:15:00,75.54,75.62,75.54,75.6,9228.52
2026-08-13 05:20:00,75.59,75.61,75.5,75.54,27150.5
2026-08-13 05:25:00,75.55,75.58,75.5,75.53,10700.67
2026-08-13 05:30:00,75.53,75.54,75.4,75.44,40051.76
2026-08-13 05:35:00,75.45,75.49,75.39,75.43,29898.98
2026-08-13 05:40:00,75.44,75.47,75.37,75.45,17802.1
2026-08-13 05:45:00,75.45,75.49,75.42,75.43,29811.86
2026-08-13 05:50:00,75.44,75.47,75.41,75.46,18973.11
2026-08-13 05:55:00,75.47,75.49,75.43,75.48,11528.55
2026-08-13 06:00:00,75.48,75.54,75.45,75.45,24463.08
2026-08-13 06:05:00,75.46,75.48,75.39,75.45,21525.04
2026-08-13 06:10:00,75.45,75.48,75.4,75.43,13611.64
2026-08-13 06:15:00,75.43,75.45,75.4,75.41,16744.23
2026-08-13 06:20:00,75.42,75.44,75.34,75.35,25548.52
2026-08-13 06:25:00,75.35,75.45,75.35,75.45,19108.92
2026-08-13 06:30:00,75.45,75.5,75.44,75.48,23704.17
2026-08-13 06:35:00,75.49,75.56,75.46,75.55,29580.67
2026-08-13 06:40:00,75.55,75.57,75.51,75.52,15643.85
2026-08-13 06:45:00,75.51,75.55,75.5,75.52,8457.81
2026-08-13 06:50:00,75.52,75.57,75.51,75.57,8150.59
2026-08-13 06:55:00,75.56,75.6,75.54,75.59,16843.3
2026-08-13 07:00:00,75.59,75.59,75.55,75.56,17963.58
2026-08-13 07:05:00,75.57,75.74,75.56,75.72,54632.02
2026-08-13 07:10:00,75.73,75.77,75.69,75.72,35593.26
2026-08-13 07:15:00,75.72,75.85,75.72,75.82,73979.65
2026-08-13 07:20:00,75.82,75.83,75.71,75.71,41891.57
2026-08-13 07:25:00,75.71,75.78,75.71,75.76,30717.86
2026-08-13 07:30:00,75.76,75.77,75.64,75.67,27510.71
2026-08-13 07:35:00,75.67,75.7,75.65,75.68,14707.76
2026-08-13 07:40:00,75.67,75.68,75.53,75.56,93166.54
2026-08-13 07:45:00,75.55,75.64,75.52,75.6,33725.74
2026-08-13 07:50:00,75.6,75.66,75.57,75.64,27665.49
2026-08-13 07:55:00,75.64,75.66,75.57,75.57,13042.22
2026-08-13 08:00:00,75.57,75.58,75.5,75.57,22388.95
2026-08-13 08:05:00,75.57,75.62,75.55,75.61,17955.32
2026-08-13 08:10:00,75.62,75.72,75.61,75.7,22097.42
2026-08-13 08:15:00,75.7,75.71,75.59,75.59,19407.53
2026-08-13 08:20:00,75.59,75.64,75.52,75.52,19699.85
2026-08-13 08:25:00,75.52,75.53,75.43,75.51,50754.93
2026-08-13 08:30:00,75.5,75.65,75.49,75.64,23446.26
2026-08-13 08:35:00,75.65,75.76,75.65,75.75,33062.04
2026-08-13 08:40:00,75.76,75.76,75.58,75.58,18136.71
2026-08-13 08:45:00,75.57,75.66,75.52,75.61,27783.7
2026-08-13 08:50:00,75.6,75.67,75.59,75.67,15346.25
2026-08-13 08:55:00,75.67,75.71,75.59,75.6,9283.82
2026-08-13 09:00:00,75.6,75.61,75.55,75.56,25944.33
2026-08-13 09:05:00,75.56,75.61,75.52,75.61,14143.56
2026-08-13 09:10:00,75.6,75.61,75.54,75.59,12038.36
2026-08-13 09:15:00,75.58,75.65,75.58,75.62,12991.11
2026-08-13 09:20:00,75.62,75.65,75.57,75.6,8846.95
2026-08-13 09:25:00,75.6,75.67,75.58,75.63,18664.64
2026-08-13 09:30:00,75.63,75.64,75.48,75.54,30181.72
2026-08-13 09:35:00,75.54,75.6,75.5,75.53,12686.2
2026-08-13 09:40:00,75.54,75.69,75.51,75.69,10894.6
2026-08-13 09:45:00,75.69,75.78,75.62,75.78,55411.45
2026-08-13 09:50:00,75.78,75.89,75.77,75.89,66426.19
2026-08-13 09:55:00,75.89,75.94,75.87,75.94,45760.48
2026-08-13 10:00:00,75.94,76.0,75.92,75.99,57029.08
2026-08-13 10:05:00,75.99,76.03,75.97,76.03,71900.19
2026-08-13 10:10:00,76.03,76.13,76.02,76.12,64364.47
2026-08-13 10:15:00,76.12,76.16,76.04,76.11,63540.18
2026-08-13 10:20:00,76.11,76.21,76.11,76.12,92315.0
2026-08-13 10:25:00,76.11,76.24,76.11,76.2,166249.42
2026-08-13 10:30:00,76.2,76.29,76.19,76.2,102425.06
2026-08-13 10:35:00,76.2,76.24,76.13,76.22,34524.85
2026-08-13 10:40:00,76.22,76.28,76.17,76.18,34333.78
2026-08-13 10:45:00,76.18,76.28,76.16,76.24,48320.26
2026-08-13 10:50:00,76.24,76.28,76.2,76.23,47629.87
2026-08-13 10:55:00,76.23,76.23,76.18,76.23,18183.13
2026-08-13 11:00:00,76.23,76.25,76.2,76.22,15601.1
2026-08-13 11:05:00,76.22,76.22,76.16,76.18,22350.36
2026-08-13 11:10:00,76.18,76.22,76.12,76.15,30859.51
2026-08-13 11:15:00,76.15,76.16,76.1,76.16,20260.08
2026-08-13 11:20:00,76.15,76.16,75.99,76.05,69627.86
2026-08-13 11:25:00,76.05,76.07,76.04,76.06,11200.27
2026-08-13 11:30:00,76.06,76.13,76.05,76.12,11197.77
2026-08-13 11:35:00,76.12,76.17,76.11,76.12,28093.25
2026-08-13 11:40:00,76.12,76.15,76.1,76.11,7171.17
2026-08-13 11:45:00,76.12,76.17,76.07,76.09,27423.95
2026-08-13 11:50:00,76.08,76.13,76.07,76.11,31441.93
2026-08-13 11:55:00,76.11,76.13,76.09,76.1,17750.3
2026-08-13 12:00:00,76.1,76.13,76.04,76.13,23811.47
2026-08-13 12:05:00,76.13,76.23,76.08,76.16,52695.87
2026-08-13 12:10:00,76.16,76.24,76.15,76.24,24146.51
2026-08-13 12:15:00,76.24,76.34,76.23,76.26,66213.87
2026-08-13 12:20:00,76.26,76.34,76.22,76.32,25694.15
2026-08-13 12:25:00,76.31,76.36,76.27,76.35,39880.77
2026-08-13 12:30:00,76.35,76.4,76.27,76.31,35602.98
2026-08-13 12:35:00,76.31,76.5,76.28,76.47,86479.3
2026-08-13 12:40:00,76.47,76.59,76.43,76.53,102089.96
2026-08-13 12:45:00,76.54,76.6,76.46,76.46,69425.99
2026-08-13 12:50:00,76.47,76.53,76.45,76.5,61290.14
2026-08-13 12:55:00,76.51,76.53,76.47,76.47,19114.9
2026-08-13 13:00:00,76.47,76.51,76.42,76.43,40005.79
2026-08-13 13:05:00,76.43,76.5,76.4,76.45,27416.72
2026-08-13 13:10:00,76.46,76.46,76.42,76.42,14759.56
2026-08-13 13:15:00,76.43,76.46,76.38,76.43,33454.73
2026-08-13 13:20:00,76.43,76.47,76.41,76.42,24339.97
2026-08-13 13:25:00,76.41,76.42,76.39,76.39,11196.37
2026-08-13 13:30:00,76.4,76.4,76.3,76.33,35673.06
2026-08-13 13:35:00,76.33,76.35,76.29,76.29,16735.89
2026-08-13 13:40:00,76.29,76.32,76.29,76.3,16014.55
2026-08-13 13:45:00,76.29,76.41,76.29,76.36,30450.94
2026-08-13 13:50:00,76.37,76.41,76.35,76.41,18925.02
2026-08-13 13:55:00,76.41,76.49,76.41,76.48,15196.06
2026-08-13 14:00:00,76.49,76.51,76.39,76.39,19268.87
2026-08-13 14:05:00,76.39,76.43,76.36,76.4,50819.47
2026-08-13 14:10:00,76.4,76.42,76.38,76.4,12373.29
2026-08-13 14:15:00,76.41,76.42,76.36,76.36,12024.71
2026-08-13 14:20:00,76.37,76.47,76.35,76.46,14428.29
2026-08-13 14:25:00,76.46,76.47,76.41,76.46,10570.45
2026-08-13 14:30:00,76.46,76.48,76.44,76.45,15547.76
2026-08-13 14:35:00,76.45,76.47,76.43,76.45,13147.46
2026-08-13 14:40:00,76.45,76.45,76.4,76.4,15546.32
2026-08-13 14:45:00,76.41,76.41,76.36,76.37,20485.09
2026-08-13 14:50:00,76.36,76.4,76.35,76.39,10121.5
2026-08-13 14:55:00,76.4,76.41,76.36,76.41,28500.59
2026-08-13 15:00:00,76.41,76.45,76.38,76.38,19058.25
2026-08-13 15:05:00,76.39,76.4,76.34,76.35,21730.79
2026-08-13 15:10:00,76.34,76.36,76.24,76.24,28119.04
2026-08-13 15:15:00,76.25,76.25,76.2,76.24,38756.46
2026-08-13 15:20:00,76.24,76.26,76.22,76.23,17546.93
2026-08-13 15:25:00,76.24,76.25,76.21,76.22,15154.43
2026-08-13 15:30:00,76.22,76.23,76.19,76.19,11719.06
2026-08-13 15:35:00,76.2,76.22,76.19,76.22,10909.86
2026-08-13 15:40:00,76.22,76.22,76.19,76.2,9578.71
2026-08-13 15:45:00,76.2,76.2,76.14,76.14,48128.35
2026-08-13 15:50:00,76.15,76.18,76.13,76.15,35394.9
2026-08-13 15:55:00,76.15,76.19,76.14,76.18,18295.26
2026-08-13 16:00:00,76.18,76.18,76.1,76.11,27665.0
2026-08-13 16:05:00,76.11,76.13,76.03,76.04,36008.24
2026-08-13 16:10:00,76.03,76.04,75.89,75.92,69001.09
2026-08-13 16:15:00,75.91,75.98,75.84,75.98,119082.97
2026-08-13 16:20:00,75.98,76.03,75.95,76.01,50205.52
2026-08-13 16:25:00,76.01,76.01,75.95,75.96,21923.66
2026-08-13 16:30:00,75.96,76.02,75.96,75.99,19410.5
2026-08-13 16:35:00,75.99,75.99,75.92,75.95,22572.83
2026-08-13 16:40:00,75.95,75.96,75.89,75.95,29770.9
2026-08-13 16:45:00,75.94,76.03,75.94,76.02,21055.22
2026-08-13 16:50:00,76.02,76.12,76.02,76.12,53771.16
2026-08-13 16:55:00,76.11,76.14,76.11,76.11,17345.47
2026-08-13 17:00:00,76.12,76.15,75.93,75.98,75515.88
2026-08-13 17:05:00,75.98,76.05,75.79,75.87,240582.29
2026-08-13 17:10:00,75.86,75.92,75.77,75.81,60957.39
2026-08-13 17:15:00,75.81,75.86,75.78,75.83,32611.68
2026-08-13 17:20:00,75.83,75.87,75.81,75.82,38956.28
2026-08-13 17:25:00,75.81,75.83,75.78,75.79,22572.66
2026-08-13 17:30:00,75.79,75.79,75.64,75.66,86023.06
2026-08-13 17:35:00,75.65,75.71,75.65,75.7,24829.61
2026-08-13 17:40:00,75.69,75.72,75.65,75.7,57324.15
2026-08-13 17:45:00,75.7,75.74,75.7,75.73,18300.58
2026-08-13 17:50:00,75.74,75.74,75.7,75.71,27425.85
2026-08-13 17:55:00,75.72,75.73,75.7,75.7,25446.43
2026-08-13 18:00:00,75.7,75.71,75.67,75.68,28469.55
2026-08-13 18:05:00,75.68,75.69,75.64,75.64,27429.88
2026-08-13 18:10:00,75.64,75.66,75.6,75.62,54585.28
2026-08-13 18:15:00,75.61,75.64,75.57,75.6,26477.33
2026-08-13 18:20:00,75.6,75.61,75.51,75.56,70401.88
2026-08-13 18:25:00,75.57,75.59,75.53,75.56,24558.77
2026-08-13 18:30:00,75.56,75.57,75.51,75.57,37544.56
2026-08-13 18:35:00,75.57,75.64,75.51,75.64,60427.42
2026-08-13 18:40:00,75.64,75.68,75.57,75.6,57085.35
2026-08-13 18:45:00,75.61,75.65,75.6,75.61,22241.11
2026-08-13 18:50:00,75.6,75.62,75.57,75.61,31997.24
2026-08-13 18:55:00,75.6,75.62,75.58,75.61,22751.16
2026-08-13 19:00:00,75.61,75.64,75.59,75.64,23541.6
2026-08-13 19:05:00,75.63,75.77,75.63,75.77,43838.27
2026-08-13 19:10:00,75.77,75.81,75.73,75.8,35673.62
2026-08-13 19:15:00,75.8,75.81,75.75,75.77,31146.88
2026-08-13 19:20:00,75.76,75.79,75.74,75.78,20257.1
2026-08-13 19:25:00,75.78,75.9,75.77,75.83,79926.89
2026-08-13 19:30:00,75.83,76.0,75.72,75.97,122340.96
2026-08-13 19:35:00,75.97,75.99,75.9,75.92,44078.17
2026-08-13 19:40:00,75.91,76.0,75.87,75.94,31599.0
2026-08-13 19:45:00,75.94,75.95,75.87,75.95,27039.44
2026-08-13 19:50:00,75.94,75.97,75.9,75.97,31346.49
2026-08-13 19:55:00,75.97,76.11,75.94,76.08,52730.01
2026-08-13 20:00:00,76.09,76.14,76.05,76.05,46358.02
2026-08-13 20:05:00,76.06,76.19,76.05,76.13,46865.73
2026-08-13 20:10:00,76.13,76.14,76.1,76.11,34104.94
2026-08-13 20:15:00,76.11,76.12,76.06,76.08,19735.17
2026-08-13 20:20:00,76.08,76.1,76.0,76.03,46422.26
2026-08-13 20:25:00,76.03,76.08,76.0,76.03,37547.21
2026-08-13 20:30:00,76.03,76.18,76.01,76.17,52652.79
2026-08-13 20:35:00,76.17,76.26,76.16,76.24,63143.69
2026-08-13 20:40:00,76.24,76.33,76.21,76.26,104460.58
2026-08-13 20:45:00,76.25,76.27,76.14,76.26,67368.32
2026-08-13 20:50:00,76.25,76.26,76.19,76.21,26012.56
2026-08-13 20:55:00,76.22,76.22,76.13,76.16,32133.88
2026-08-13 21:00:00,76.16,76.19,76.12,76.12,39656.72
2026-08-13 21:05:00,76.13,76.22,76.1,76.16,27858.24
2026-08-13 21:10:00,76.16,76.44,76.16,76.32,121991.93
2026-08-13 21:15:00,76.33,76.4,76.28,76.3,36447.41
2026-08-13 21:20:00,76.3,76.36,76.25,76.28,36037.89
2026-08-13 21:25:00,76.28,76.29,76.2,76.26,32771.69
2026-08-13 21:30:00,76.26,76.44,76.21,76.44,52539.08
2026-08-13 21:35:00,76.44,76.56,76.43,76.43,141160.39
2026-08-13 21:40:00,76.43,76.54,76.43,76.53,78592.25
2026-08-13 21:45:00,76.53,76.54,76.45,76.46,51324.74
2026-08-13 21:50:00,76.47,76.54,76.45,76.49,42849.66
2026-08-13 21:55:00,76.5,76.5,76.42,76.43,41835.11
2026-08-13 22:00:00,76.42,76.51,76.41,76.46,35931.88
2026-08-13 22:05:00,76.46,76.47,76.33,76.36,40320.12
2026-08-13 22:10:00,76.36,76.41,76.33,76.34,24540.74
2026-08-13 22:15:00,76.34,76.35,76.27,76.35,39331.39
2026-08-13 22:20:00,76.35,76.37,76.25,76.25,39045.52
2026-08-13 22:25:00,76.25,76.25,75.94,76.03,157759.04
2026-08-13 22:30:00,76.02,76.16,76.0,76.1,87923.03
2026-08-13 22:35:00,76.1,76.13,76.05,76.09,33648.62
2026-08-13 22:40:00,76.09,76.11,76.03,76.06,33241.92
2026-08-13 22:45:00,76.05,76.06,75.92,75.95,51535.33
2026-08-13 22:50:00,75.95,76.01,75.87,75.91,54212.47
2026-08-13 22:55:00,75.91,75.93,75.59,75.61,227633.55
2026-08-13 23:00:00,75.6,75.75,75.57,75.7,154091.25
2026-08-13 23:05:00,75.69,75.75,75.48,75.63,177995.48
2026-08-13 23:10:00,75.62,75.71,75.58,75.69,79947.92
2026-08-13 23:15:00,75.68,75.77,75.68,75.75,46360.07
2026-08-13 23:20:00,75.75,75.85,75.68,75.79,58809.95
2026-08-13 23:25:00,75.79,75.79,75.59,75.62,68707.19
2026-08-13 23:30:00,75.63,75.67,75.57,75.6,65376.4
2026-08-13 23:35:00,75.6,75.66,75.1,75.28,305549.19
2026-08-13 23:40:00,75.27,75.34,75.04,75.33,334537.82
2026-08-13 23:45:00,75.33,75.54,75.24,75.49,114025.57
2026-08-13 23:50:00,75.49,75.68,75.42,75.42,213837.22
2026-08-13 23:55:00,75.42,75.56,75.42,75.56,67356.35
2026-08-14 00:00:00,75.56,75.61,75.51,75.58,67807.5
2026-08-14 00:05:00,75.58,75.7,75.55,75.69,52874.79
2026-08-14 00:10:00,75.69,75.79,75.66,75.7,75909.84
2026-08-14 00:15:00,75.7,75.83,75.68,75.71,51473.82
2026-08-14 00:20:00,75.7,75.83,75.7,75.79,42476.42
2026-08-14 00:25:00,75.8,75.85,75.78,75.78,62492.34
2026-08-14 00:30:00,75.78,75.91,75.76,75.81,54347.93
2026-08-14 00:35:00,75.8,75.82,75.72,75.79,49824.59
2026-08-14 00:40:00,75.79,75.85,75.78,75.84,22041.57
2026-08-14 00:45:00,75.83,75.88,75.75,75.79,21043.43
2026-08-14 00:50:00,75.79,75.8,75.71,75.73,24911.61
2026-08-14 00:55:00,75.73,75.78,75.71,75.74,17662.5
2026-08-14 01:00:00,75.73,75.89,75.71,75.84,36923.76
2026-08-14 01:05:00,75.85,75.85,75.77,75.79,14139.28
2026-08-14 01:10:00,75.79,75.85,75.79,75.83,13541.29
2026-08-14 01:15:00,75.82,75.92,75.81,75.9,30007.86
2026-08-14 01:20:00,75.9,75.91,75.77,75.78,25948.03
2026-08-14 01:25:00,75.78,75.82,75.71,75.72,19277.3
2026-08-14 01:30:00,75.72,75.77,75.65,75.67,42252.53
2026-08-14 01:35:00,75.68,75.72,75.64,75.68,25522.39
2026-08-14 01:40:00,75.67,75.81,75.67,75.8,22421.26
2026-08-14 01:45:00,75.8,75.84,75.78,75.82,20587.96
2026-08-14 01:50:00,75.81,76.07,75.81,76.0,103942.89
2026-08-14 01:55:00,76.01,76.03,75.95,75.98,39884.71
2026-08-14 02:00:00,75.97,76.04,75.95,75.95,31257.37
2026-08-14 02:05:00,75.95,76.25,75.94,76.19,137745.87
2026-08-14 02:10:00,76.19,76.23,76.09,76.1,41801.37
2026-08-14 02:15:00,76.1,76.14,76.04,76.13,38731.88
2026-08-14 02:20:00,76.12,76.14,76.03,76.07,42068.7
2026-08-14 02:25:00,76.08,76.11,76.02,76.1,33751.67
2026-08-14 02:30:00,76.09,76.1,76.03,76.05,45776.48
2026-08-14 02:35:00,76.05,76.11,76.03,76.08,16861.42
2026-08-14 02:40:00,76.08,76.13,76.02,76.1,49458.81
2026-08-14 02:45:00,76.09,76.15,76.09,76.15,28249.22
2026-08-14 02:50:00,76.14,76.15,76.07,76.11,32529.49
2026-08-14 02:55:00,76.1,76.17,76.09,76.17,32707.38
2026-08-14 03:00:00,76.16,76.23,76.11,76.21,69881.52
2026-08-14 03:05:00,76.21,76.31,76.2,76.28,87601.28
2026-08-14 03:10:00,76.27,76.28,76.11,76.15,43471.33
2026-08-14 03:15:00,76.14,76.19,76.13,76.19,36603.17
2026-08-14 03:20:00,76.19,76.22,76.13,76.14,22208.45
2026-08-14 03:25:00,76.13,76.23,76.13,76.23,27008.94
2026-08-14 03:30:00,76.22,76.3,76.2,76.27,25192.01
2026-08-14 03:35:00,76.27,76.29,76.24,76.24,14178.89
2026-08-14 03:40:00,76.24,76.25,76.2,76.23,20065.16
2026-08-14 03:45:00,76.22,76.23,76.16,76.16,17558.89
2026-08-14 03:50:00,76.16,76.19,76.14,76.15,18202.48
2026-08-14 03:55:00,76.16,76.21,76.14,76.18,18792.24
2026-08-14 04:00:00,76.18,76.27,76.18,76.25,27529.1
2026-08-14 04:05:00,76.24,76.26,76.19,76.22,13974.6
2026-08-14 04:10:00,76.21,76.24,76.17,76.21,23832.75
2026-08-14 04:15:00,76.21,76.22,76.17,76.22,18213.83
2026-08-14 04:20:00,76.22,76.22,76.18,76.19,9710.78
2026-08-14 04:25:00,76.19,76.19,76.13,76.15,14503.87
2026-08-14 04:30:00,76.14,76.19,76.13,76.13,15227.94
2026-08-14 04:35:00,76.13,76.17,76.08,76.16,33635.03
2026-08-14 04:40:00,76.16,76.18,76.1,76.16,30013.73
2026-08-14 04:45:00,76.17,76.19,76.13,76.18,8342.88
2026-08-14 04:50:00,76.18,76.23,76.15,76.17,15863.84
2026-08-14 04:55:00,76.17,76.2,76.15,76.17,10333.94
2026-08-14 05:00:00,76.18,76.3,76.16,76.3,41344.48
2026-08-14 05:05:00,76.3,76.36,76.27,76.3,34771.78
2026-08-14 05:10:00,76.29,76.41,76.29,76.35,56272.6
2026-08-14 05:15:00,76.36,76.39,76.33,76.33,20606.49
2026-08-14 05:20:00,76.33,76.38,76.31,76.37,16552.67
2026-08-14 05:25:00,76.37,76.39,76.34,76.38,26335.33
2026-08-14 05:30:00,76.39,76.39,76.33,76.35,14036.88
2026-08-14 05:35:00,76.35,76.37,76.32,76.32,13817.28
2026-08-14 05:40:00,76.32,76.35,76.31,76.34,22724.21
2026-08-14 05:45:00,76.34,76.36,76.31,76.34,13717.81
2026-08-14 05:50:00,76.34,76.36,76.23,76.24,39816.98
2026-08-14 05:55:00,76.24,76.25,76.21,76.21,20905.78
2026-08-14 06:00:00,76.21,76.22,76.14,76.14,51474.03
2026-08-14 06:05:00,76.14,76.16,76.12,76.15,28066.11
2026-08-14 06:10:00,76.15,76.18,76.14,76.16,10417.1
2026-08-14 06:15:00,76.15,76.18,76.1,76.16,13727.39
2026-08-14 06:20:00,76.15,76.19,76.14,76.18,11377.7
2026-08-14 06:25:00,76.17,76.2,76.16,76.19,21044.22
2026-08-14 06:30:00,76.19,76.26,76.18,76.26,23489.41
2026-08-14 06:35:00,76.25,76.26,76.2,76.21,10203.06
2026-08-14 06:40:00,76.21,76.27,76.2,76.26,32805.5
2026-08-14 06:45:00,76.27,76.27,76.19,76.2,11585.46
2026-08-14 06:50:00,76.2,76.22,76.18,76.18,9958.74
2026-08-14 06:55:00,76.19,76.23,76.17,76.23,11371.7
2026-08-14 07:00:00,76.23,76.29,76.21,76.28,42266.78
2026-08-14 07:05:00,76.27,76.29,76.23,76.26,17964.85
2026-08-14 07:10:00,76.26,76.26,76.15,76.16,24657.95
2026-08-14 07:15:00,76.15,76.16,76.11,76.11,15912.79
2026-08-14 07:20:00,76.11,76.21,76.11,76.18,30575.85
2026-08-14 07:25:00,76.18,76.18,76.07,76.08,30054.71
2026-08-14 07:30:00,76.07,76.07,75.95,75.98,85823.46
2026-08-14 07:35:00,75.98,76.03,75.97,76.03,25403.49
2026-08-14 07:40:00,76.03,76.17,76.02,76.13,38542.99
2026-08-14 07:45:00,76.13,76.13,76.0,76.02,34220.84
2026-08-14 07:50:00,76.02,76.08,75.99,76.08,15146.17
2026-08-14 07:55:00,76.08,76.08,76.03,76.06,11942.97
2026-08-14 08:00:00,76.06,76.06,75.97,76.03,21620.92
2026-08-14 08:05:00,76.03,76.08,75.98,75.99,14944.19
2026-08-14 08:10:00,75.98,75.99,75.89,75.9,31480.25
2026-08-14 08:15:00,75.91,75.95,75.86,75.91,39233.37
2026-08-14 08:20:00,75.92,76.08,75.9,76.06,29375.86
2026-08-14 08:25:00,76.06,76.07,75.96,75.97,16220.58
2026-08-14 08:30:00,75.96,76.01,75.94,76.0,13029.13
2026-08-14 08:35:00,76.01,76.05,76.0,76.05,13803.2
2026-08-14 08:40:00,76.05,76.11,76.04,76.11,11838.56
2026-08-14 08:45:00,76.11,76.11,76.06,76.11,11352.29
2026-08-14 08:50:00,76.11,76.15,76.04,76.06,19493.86
2026-08-14 08:55:00,76.06,76.08,76.04,76.06,13004.56
2026-08-14 09:00:00,76.06,76.09,76.04,76.08,16344.89
2026-08-14 09:05:00,76.08,76.13,76.05,76.13,8740.4
2026-08-14 09:10:00,76.12,76.17,76.04,76.1,18935.1
2026-08-14 09:15:00,76.09,76.13,76.01,76.02,11044.01
2026-08-14 09:20:00,76.02,76.05,75.99,75.99,16709.79
2026-08-14 09:25:00,75.99,76.02,75.96,76.02,21624.48
2026-08-14 09:30:00,76.01,76.12,76.01,76.07,14012.12
2026-08-14 09:35:00,76.07,76.08,75.99,76.0,9844.29
2026-08-14 09:40:00,75.99,76.06,75.97,76.06,9856.92
2026-08-14 09:45:00,76.06,76.14,76.05,76.12,18253.04
2026-08-14 09:50:00,76.12,76.15,76.11,76.12,5435.17
2026-08-14 09:55:00,76.12,76.12,75.99,76.0,21914.51
2026-08-14 10:00:00,75.99,76.0,75.85,75.86,57548.4
2026-08-14 10:05:00,75.87,75.9,75.75,75.82,140673.71
2026-08-14 10:10:00,75.82,75.9,75.76,75.89,37872.44
2026-08-14 10:15:00,75.89,76.03,75.88,76.03,21442.39
2026-08-14 10:20:00,76.02,76.03,75.96,76.01,9268.57
2026-08-14 10:25:00,76.0,76.02,75.93,75.95,15611.78
2026-08-14 10:30:00,75.94,75.95,75.85,75.86,18181.32
2026-08-14 10:35:00,75.87,75.87,75.73,75.77,55050.85
2026-08-14 10:40:00,75.76,75.81,75.75,75.81,19279.6
2026-08-14 10:45:00,75.8,75.81,75.71,75.74,23079.37
2026-08-14 10:50:00,75.74,75.75,75.71,75.73,19436.65
2026-08-14 10:55:00,75.73,75.77,75.71,75.73,20744.28
2026-08-14 11:00:00,75.73,75.86,75.7,75.83,36698.9
2026-08-14 11:05:00,75.84,75.87,75.83,75.86,10848.13
2026-08-14 11:10:00,75.86,75.88,75.83,75.88,13554.37
2026-08-14 11:15:00,75.87,75.99,75.87,75.92,16599.5
2026-08-14 11:20:00,75.93,75.96,75.91,75.92,12942.54
2026-08-14 11:25:00,75.92,75.94,75.89,75.9,11563.1
2026-08-14 11:30:00,75.9,75.92,75.88,75.89,9368.94
2026-08-14 11:35:00,75.89,75.89,75.86,75.86,5390.64
2026-08-14 11:40:00,75.86,75.91,75.86,75.88,5966.4
2026-08-14 11:45:00,75.87,75.88,75.81,75.81,7931.61
2026-08-14 11:50:00,75.81,75.84,75.81,75.84,14187.07
2026-08-14 11:55:00,75.84,75.84,75.78,75.81,10541.09
2026-08-14 12:00:00,75.8,75.87,75.78,75.87,9453.78
2026-08-14 12:05:00,75.87,75.87,75.82,75.83,9004.14
2026-08-14 12:10:00,75.82,75.85,75.79,75.8,9159.97
2026-08-14 12:15:00,75.8,75.84,75.76,75.79,13920.18
2026-08-14 12:20:00,75.79,75.85,75.76,75.76,12027.48
2026-08-14 12:25:00,75.76,75.85,75.76,75.84,10165.18
2026-08-14 12:30:00,75.83,75.88,75.81,75.86,10789.29
2026-08-14 12:35:00,75.85,75.92,75.83,75.9,14868.35
2026-08-14 12:40:00,75.91,75.95,75.9,75.91,14338.74
2026-08-14 12:45:00,75.91,75.91,75.83,75.83,13612.13
2026-08-14 12:50:00,75.83,75.89,75.82,75.89,11423.75
2026-08-14 12:55:00,75.88,75.92,75.87,75.89,8437.04
2026-08-14 13:00:00,75.88,75.89,75.76,75.79,25559.35
2026-08-14 13:05:00,75.79,75.81,75.78,75.8,17369.25
2026-08-14 13:10:00,75.79,75.8,75.73,75.74,27995.75
2026-08-14 13:15:00,75.74,75.74,75.64,75.67,50509.45
2026-08-14 13:20:00,75.66,75.66,75.59,75.59,55163.33
2026-08-14 13:25:00,75.6,75.61,75.57,75.58,28031.28
2026-08-14 13:30:00,75.57,75.66,75.57,75.6,42450.22
2026-08-14 13:35:00,75.6,75.63,75.57,75.63,26850.68
2026-08-14 13:40:00,75.63,75.66,75.6,75.62,47965.52
2026-08-14 13:45:00,75.62,75.66,75.54,75.58,55308.33
2026-08-14 13:50:00,75.57,75.64,75.48,75.52,78847.29
2026-08-14 13:55:00,75.52,75.57,75.5,75.5,51916.4
2026-08-14 14:00:00,75.5,75.56,75.45,75.56,47524.4
2026-08-14 14:05:00,75.56,75.62,75.48,75.53,90277.92
2026-08-14 14:10:00,75.53,75.62,75.51,75.61,40513.79
2026-08-14 14:15:00,75.61,75.66,75.6,75.64,35436.78
2026-08-14 14:20:00,75.64,75.65,75.61,75.65,11228.26
2026-08-14 14:25:00,75.64,75.7,75.64,75.65,18491.71
2026-08-14 14:30:00,75.65,75.66,75.56,75.59,27225.79
2026-08-14 14:35:00,75.59,75.61,75.5,75.5,19940.15
2026-08-14 14:40:00,75.5,75.58,75.5,75.57,18709.64
2026-08-14 14:45:00,75.57,75.6,75.53,75.6,21524.27
2026-08-14 14:50:00,75.6,75.61,75.56,75.58,11157.38
2026-08-14 14:55:00,75.59,75.61,75.54,75.55,12206.3
2026-08-14 15:00:00,75.54,75.6,75.54,75.54,34624.44
2026-08-14 15:05:00,75.54,75.61,75.54,75.61,14004.07
2026-08-14 15:10:00,75.6,75.65,75.59,75.6,32109.88
2026-08-14 15:15:00,75.6,75.69,75.58,75.58,35546.18
2026-08-14 15:20:00,75.58,75.65,75.52,75.53,69970.87
2026-08-14 15:25:00,75.53,75.63,75.53,75.63,22007.95
2026-08-14 15:30:00,75.62,75.75,75.6,75.75,45688.99
2026-08-14 15:35:00,75.75,75.84,75.74,75.78,52077.28
2026-08-14 15:40:00,75.78,75.78,75.67,75.69,18699.63
2026-08-14 15:45:00,75.68,75.8,75.66,75.79,32933.55
2026-08-14 15:50:00,75.79,75.8,75.76,75.77,24003.96
2026-08-14 15:55:00,75.76,75.84,75.76,75.82,44545.75
2026-08-14 16:00:00,75.83,75.84,75.74,75.76,29580.4
2026-08-14 16:05:00,75.75,75.76,75.71,75.72,10935.12
2026-08-14 16:10:00,75.71,75.78,75.7,75.77,29954.52
2026-08-14 16:15:00,75.77,75.8,75.77,75.78,10380.64
2026-08-14 16:20:00,75.78,75.79,75.73,75.74,22540.5
2026-08-14 16:25:00,75.74,75.78,75.66,75.66,28145.81
2026-08-14 16:30:00,75.66,75.67,75.6,75.66,38297.75
2026-08-14 16:35:00,75.66,75.66,75.52,75.52,37804.31
2026-08-14 16:40:00,75.53,75.53,75.37,75.42,124372.01
2026-08-14 16:45:00,75.41,75.46,75.41,75.45,42626.97
2026-08-14 16:50:00,75.45,75.54,75.43,75.53,48885.09
2026-08-14 16:55:00,75.53,75.54,75.44,75.44,17686.71
2026-08-14 17:00:00,75.45,75.55,75.39,75.53,46365.97
2026-08-14 17:05:00,75.54,75.57,75.5,75.52,27777.28
2026-08-14 17:10:00,75.52,75.56,75.5,75.53,20363.9
2026-08-14 17:15:00,75.53,75.61,75.52,75.53,28625.12
2026-08-14 17:20:00,75.53,75.53,75.46,75.46,41660.07
2026-08-14 17:25:00,75.46,75.49,75.43,75.48,24545.3
2026-08-14 17:30:00,75.48,75.54,75.47,75.51,42166.98
2026-08-14 17:35:00,75.5,75.53,75.46,75.47,18325.22
2026-08-14 17:40:00,75.48,75.48,75.45,75.46,10107.57
2026-08-14 17:45:00,75.46,75.47,75.37,75.42,59256.8
2026-08-14 17:50:00,75.43,75.49,75.41,75.43,13447.66
2026-08-14 17:55:00,75.44,75.5,75.3,75.35,178985.41
2026-08-14 18:00:00,75.35,75.49,75.34,75.45,54633.85
2026-08-14 18:05:00,75.46,75.47,75.38,75.44,19943.43
2026-08-14 18:10:00,75.44,75.52,75.4,75.43,56562.86
2026-08-14 18:15:00,75.43,75.56,75.41,75.53,33780.39
2026-08-14 18:20:00,75.54,75.54,75.47,75.47,10751.71
2026-08-14 18:25:00,75.47,75.52,75.45,75.49,18082.11
2026-08-14 18:30:00,75.49,75.51,75.46,75.5,15056.32
2026-08-14 18:35:00,75.49,75.56,75.49,75.5,26554.75
2026-08-14 18:40:00,75.49,75.5,75.45,75.5,14777.36
2026-08-14 18:45:00,75.5,75.52,75.45,75.47,14003.78
2026-08-14 18:50:00,75.46,75.52,75.46,75.52,9704.59
2026-08-14 18:55:00,75.52,75.52,75.47,75.49,17415.95
2026-08-14 19:00:00,75.49,75.51,75.44,75.5,19229.43
2026-08-14 19:05:00,75.5,75.54,75.44,75.45,18557.72
2026-08-14 19:10:00,75.44,75.45,75.29,75.36,66526.88
2026-08-14 19:15:00,75.36,75.44,75.34,75.35,20050.32
2026-08-14 19:20:00,75.34,75.48,75.34,75.47,23343.87
2026-08-14 19:25:00,75.47,75.52,75.43,75.5,48255.64
2026-08-14 19:30:00,75.5,75.56,75.47,75.49,38466.37
2026-08-14 19:35:00,75.49,75.5,75.4,75.45,23459.54
2026-08-14 19:40:00,75.45,75.45,75.4,75.4,16148.21
2026-08-14 19:45:00,75.41,75.44,75.33,75.43,55094.32
2026-08-14 19:50:00,75.44,75.46,75.36,75.43,20316.02
2026-08-14 19:55:00,75.43,75.46,75.39,75.42,13267.81
2026-08-14 20:00:00,75.43,75.44,75.35,75.38,32345.13
2026-08-14 20:05:00,75.37,75.43,75.32,75.38,49882.64
2026-08-14 20:10:00,75.37,75.43,75.28,75.4,47620.81
2026-08-14 20:15:00,75.41,75.43,75.24,75.3,72715.69
2026-08-14 20:20:00,75.29,75.36,75.28,75.35,24036.0
2026-08-14 20:25:00,75.35,75.42,75.28,75.32,24841.11
2026-08-14 20:30:00,75.33,75.34,75.2,75.33,75221.11
2026-08-14 20:35:00,75.34,75.36,75.24,75.3,45919.22
2026-08-14 20:40:00,75.3,75.37,75.28,75.34,29105.45
2026-08-14 20:45:00,75.35,75.39,75.3,75.33,31353.57
2026-08-14 20:50:00,75.33,75.35,75.25,75.27,32775.4
2026-08-14 20:55:00,75.27,75.32,75.26,75.32,23717.68
2026-08-14 21:00:00,75.32,75.38,75.23,75.31,61468.07
2026-08-14 21:05:00,75.31,75.37,75.24,75.26,36546.13
2026-08-14 21:10:00,75.27,75.38,75.17,75.18,79511.3
2026-08-14 21:15:00,75.18,75.22,75.12,75.13,68123.11
2026-08-14 21:20:00,75.13,75.16,75.01,75.08,136825.36
2026-08-14 21:25:00,75.08,75.22,75.05,75.2,57866.02
2026-08-14 21:30:00,75.2,75.25,75.16,75.23,66655.0
2026-08-14 21:35:00,75.24,75.37,75.23,75.34,68813.42
2026-08-14 21:40:00,75.34,75.35,75.28,75.28,29380.88
2026-08-14 21:45:00,75.28,75.34,75.28,75.3,28926.5
2026-08-14 21:50:00,75.3,75.3,75.21,75.29,16795.31
2026-08-14 21:55:00,75.29,75.29,75.13,75.22,68514.44
2026-08-14 22:00:00,75.22,75.28,75.15,75.15,40596.23
2026-08-14 22:05:00,75.15,75.27,75.15,75.17,32944.66
2026-08-14 22:10:00,75.17,75.26,75.17,75.23,16999.21
2026-08-14 22:15:00,75.23,75.26,75.19,75.22,18077.6
2026-08-14 22:20:00,75.22,75.35,75.22,75.33,44709.13
2026-08-14 22:25:00,75.32,75.55,75.28,75.53,55871.51
2026-08-14 22:30:00,75.53,75.55,75.38,75.5,71727.49
2026-08-14 22:35:00,75.5,75.71,75.5,75.7,108532.17
2026-08-14 22:40:00,75.69,75.7,75.62,75.68,51169.3
2026-08-14 22:45:00,75.68,75.72,75.63,75.65,59687.95
2026-08-14 22:50:00,75.64,75.68,75.6,75.67,35008.45
2026-08-14 22:55:00,75.68,75.73,75.6,75.6,31668.18
2026-08-14 23:00:00,75.6,75.64,75.58,75.59,67424.63
2026-08-14 23:05:00,75.59,75.59,75.52,75.57,64695.07
2026-08-14 23:10:00,75.57,75.67,75.57,75.6,35230.9
2026-08-14 23:15:00,75.6,75.63,75.57,75.57,33795.18
2026-08-14 23:20:00,75.58,75.58,75.5,75.52,45663.04
2026-08-14 23:25:00,75.52,75.58,75.49,75.52,55930.02
2026-08-14 23:30:00,75.52,75.59,75.51,75.56,67818.25
2026-08-14 23:35:00,75.55,75.65,75.55,75.58,44436.1
2026-08-14 23:40:00,75.59,75.63,75.52,75.53,26544.91
2026-08-14 23:45:00,75.53,75.54,75.42,75.47,55146.37
2026-08-14 23:50:00,75.47,75.48,75.4,75.42,45418.69
2026-08-14 23:55:00,75.42,75.46,75.41,75.41,33770.02
2026-08-15 00:00:00,75.42,75.5,75.41,75.48,22935.49
2026-08-15 00:05:00,75.47,75.48,75.39,75.39,29789.59
2026-08-15 00:10:00,75.39,75.51,75.39,75.5,18955.39
2026-08-15 00:15:00,75.5,75.58,75.48,75.56,29975.42
2026-08-15 00:20:00,75.56,75.63,75.52,75.61,36687.48
2026-08-15 00:25:00,75.61,75.61,75.53,75.54,16240.83
2026-08-15 00:30:00,75.54,75.61,75.52,75.58,19474.54
2026-08-15 00:35:00,75.58,75.59,75.46,75.47,18121.65
2026-08-15 00:40:00,75.47,75.5,75.37,75.39,32040.13
2026-08-15 00:45:00,75.4,75.45,75.39,75.4,30601.47
2026-08-15 00:50:00,75.4,75.4,75.24,75.3,76298.23
2026-08-15 00:55:00,75.29,75.3,75.11,75.24,128013.0
2026-08-15 01:00:00,75.24,75.25,75.02,75.12,127260.41
2026-08-15 01:05:00,75.12,75.17,75.05,75.06,40032.17
2026-08-15 01:10:00,75.06,75.13,74.88,75.01,185781.28
2026-08-15 01:15:00,75.01,75.1,75.0,75.09,64506.19
2026-08-15 01:20:00,75.1,75.14,75.06,75.13,51553.57
2026-08-15 01:25:00,75.13,75.21,75.11,75.11,43287.94
2026-08-15 01:30:00,75.11,75.12,74.97,75.01,58236.62
2026-08-15 01:35:00,75.01,75.15,75.01,75.1,25417.47
2026-08-15 01:40:00,75.11,75.15,75.05,75.08,24376.88
2026-08-15 01:45:00,75.08,75.09,74.88,74.95,78674.78
2026-08-15 01:50:00,74.94,74.97,74.9,74.95,32005.26
2026-08-15 01:55:00,74.95,74.98,74.91,74.91,22487.01
2026-08-15 02:00:00,74.92,74.92,74.69,74.76,258866.87
2026-08-15 02:05:00,74.77,74.81,74.69,74.77,98341.98
2026-08-15 02:10:00,74.77,74.78,74.67,74.68,73917.59
2026-08-15 02:15:00,74.67,74.73,74.61,74.7,194060.45
2026-08-15 02:20:00,74.7,74.79,74.67,74.72,56527.37
2026-08-15 02:25:00,74.72,74.83,74.71,74.79,52472.65
2026-08-15 02:30:00,74.78,74.85,74.73,74.85,40378.57
2026-08-15 02:35:00,74.85,74.9,74.84,74.88,44579.04
2026-08-15 02:40:00,74.88,75.02,74.87,75.0,63965.56
2026-08-15 02:45:00,75.01,75.04,74.99,75.01,39497.3
2026-08-15 02:50:00,75.0,75.05,74.98,75.01,20286.45
2026-08-15 02:55:00,75.0,75.05,74.95,74.95,63790.55
2026-08-15 03:00:00,74.95,75.06,74.91,75.05,55493.24
2026-08-15 03:05:00,75.06,75.14,75.05,75.12,40363.17
2026-08-15 03:10:00,75.11,75.11,75.02,75.06,24406.3
2026-08-15 03:15:00,75.06,75.13,75.04,75.12,42847.72
2026-08-15 03:20:00,75.11,75.17,75.09,75.14,37384.66
2026-08-15 03:25:00,75.14,75.17,75.1,75.15,21851.12
2026-08-15 03:30:00,75.15,75.18,75.11,75.13,28923.08
2026-08-15 03:35:00,75.13,75.15,75.1,75.14,11948.02
2026-08-15 03:40:00,75.13,75.21,75.13,75.17,28409.21
2026-08-15 03:45:00,75.18,75.2,75.1,75.16,30727.8
2026-08-15 03:50:00,75.15,75.16,75.09,75.11,19021.1
2026-08-15 03:55:00,75.1,75.11,75.07,75.11,16409.41
2026-08-15 04:00:00,75.11,75.17,75.06,75.17,43501.43
2026-08-15 04:05:00,75.17,75.17,75.1,75.11,16424.97
2026-08-15 04:10:00,75.1,75.12,75.04,75.08,16230.17
2026-08-15 04:15:00,75.09,75.15,75.08,75.11,12212.43
2026-08-15 04:20:00,75.1,75.19,75.08,75.19,14888.36
2026-08-15 04:25:00,75.18,75.2,75.15,75.16,10780.64
2026-08-15 04:30:00,75.16,75.18,75.13,75.13,6320.12
2026-08-15 04:35:00,75.13,75.15,75.1,75.13,13560.6
2026-08-15 04:40:00,75.14,75.17,75.09,75.09,15684.97
2026-08-15 04:45:00,75.1,75.17,75.08,75.17,13939.63
2026-08-15 04:50:00,75.17,75.17,75.07,75.08,8668.45
2026-08-15 04:55:00,75.08,75.16,75.07,75.15,19096.43
2026-08-15 05:00:00,75.14,75.23,75.08,75.23,53040.26
2026-08-15 05:05:00,75.22,75.24,75.14,75.16,30326.25
2026-08-15 05:10:00,75.16,75.17,75.08,75.11,23959.3
2026-08-15 05:15:00,75.1,75.1,74.98,75.06,43298.37
2026-08-15 05:20:00,75.06,75.07,74.95,75.01,39522.59
2026-08-15 05:25:00,75.01,75.01,74.92,74.94,27033.04
2026-08-15 05:30:00,74.94,75.05,74.94,75.05,18415.95
2026-08-15 05:35:00,75.05,75.06,75.03,75.05,6297.53
2026-08-15 05:40:00,75.06,75.07,75.03,75.06,7420.15
2026-08-15 05:45:00,75.06,75.19,75.03,75.14,83484.55
2026-08-15 05:50:00,75.14,75.15,75.11,75.14,6543.99
2026-08-15 05:55:00,75.14,75.16,75.11,75.15,9242.36
2026-08-15 06:00:00,75.15,75.17,75.12,75.12,19743.9
2026-08-15 06:05:00,75.12,75.14,75.11,75.13,8523.65
2026-08-15 06:10:00,75.13,75.22,75.13,75.18,11478.76
2026-08-15 06:15:00,75.19,75.27,75.15,75.15,26614.85
2026-08-15 06:20:00,75.16,75.29,75.16,75.28,25845.83
2026-08-15 06:25:00,75.29,75.31,75.24,75.28,22606.25
2026-08-15 06:30:00,75.29,75.31,75.24,75.25,25365.74
2026-08-15 06:35:00,75.24,75.35,75.21,75.35,36438.3
2026-08-15 06:40:00,75.34,75.38,75.32,75.33,24354.85
2026-08-15 06:45:00,75.34,75.36,75.33,75.33,11120.63
2026-08-15 06:50:00,75.33,75.37,75.31,75.34,11893.13
2026-08-15 06:55:00,75.33,75.38,75.33,75.37,15927.16
2026-08-15 07:00:00,75.37,75.38,75.34,75.35,16721.44
2026-08-15 07:05:00,75.34,75.39,75.34,75.35,16656.04
2026-08-15 07:10:00,75.35,75.37,75.31,75.34,15706.1
2026-08-15 07:15:00,75.33,75.36,75.33,75.35,8801.19
2026-08-15 07:20:00,75.35,75.36,75.31,75.34,17713.28
2026-08-15 07:25:00,75.34,75.36,75.31,75.34,16756.9
2026-08-15 07:30:00,75.34,75.39,75.34,75.38,13806.4
2026-08-15 07:35:00,75.38,75.38,75.32,75.36,15084.07
2026-08-15 07:40:00,75.35,75.36,75.33,75.35,9305.1
2026-08-15 07:45:00,75.35,75.4,75.34,75.35,9120.17
2026-08-15 07:50:00,75.34,75.36,75.33,75.34,8225.97
2026-08-15 07:55:00,75.34,75.37,75.29,75.32,17059.17
2026-08-15 08:00:00,75.32,75.34,75.3,75.31,10129.56
2026-08-15 08:05:00,75.3,75.31,75.25,75.3,28440.37
2026-08-15 08:10:00,75.3,75.38,75.29,75.36,18356.12
2026-08-15 08:15:00,75.36,75.38,75.31,75.35,44865.02
2026-08-15 08:20:00,75.36,75.42,75.34,75.42,18050.68
2026-08-15 08:25:00,75.41,75.43,75.37,75.38,15688.14
2026-08-15 08:30:00,75.38,75.42,75.35,75.42,38642.4
2026-08-15 08:35:00,75.42,75.42,75.37,75.39,12278.85
2026-08-15 08:40:00,75.4,75.41,75.37,75.4,5517.06
2026-08-15 08:45:00,75.39,75.4,75.35,75.37,6559.49
2026-08-15 08:50:00,75.37,75.4,75.36,75.36,9160.69
2026-08-15 08:55:00,75.36,75.38,75.35,75.38,11295.09
2026-08-15 09:00:00,75.38,75.43,75.36,75.42,26723.12
2026-08-15 09:05:00,75.42,75.45,75.37,75.39,16539.86
2026-08-15 09:10:00,75.38,75.45,75.38,75.45,10870.68
2026-08-15 09:15:00,75.45,75.59,75.45,75.5,103144.82
2026-08-15 09:20:00,75.51,75.57,75.5,75.55,25165.26
2026-08-15 09:25:00,75.55,75.57,75.52,75.53,15008.98
2026-08-15 09:30:00,75.52,75.59,75.52,75.56,24185.38
2026-08-15 09:35:00,75.56,75.6,75.51,75.56,34002.25
2026-08-15 09:40:00,75.55,75.65,75.55,75.59,51145.17
2026-08-15 09:45:00,75.6,75.62,75.53,75.58,22267.38
2026-08-15 09:50:00,75.59,75.6,75.53,75.57,12685.31
2026-08-15 09:55:00,75.57,75.63,75.57,75.63,25008.39
2026-08-15 10:00:00,75.63,75.65,75.6,75.62,29948.39
2026-08-15 10:05:00,75.62,75.68,75.62,75.65,29071.82
2026-08-15 10:10:00,75.65,75.67,75.62,75.65,15993.44
2026-08-15 10:15:00,75.66,75.67,75.62,75.62,15881.81
2026-08-15 10:20:00,75.62,75.63,75.58,75.58,18704.32
2026-08-15 10:25:00,75.58,75.59,75.55,75.59,21845.29
2026-08-15 10:30:00,75.58,75.62,75.54,75.54,28498.68
2026-08-15 10:35:00,75.54,75.55,75.45,75.48,36498.54
2026-08-15 10:40:00,75.47,75.5,75.46,75.47,18142.37
2026-08-15 10:45:00,75.47,75.47,75.43,75.44,20169.41
2026-08-15 10:50:00,75.43,75.44,75.37,75.42,46510.96
2026-08-15 10:55:00,75.43,75.43,75.37,75.39,15333.31
2026-08-15 11:00:00,75.38,75.43,75.38,75.43,7857.29
2026-08-15 11:05:00,75.43,75.43,75.33,75.39,78629.64
2026-08-15 11:10:00,75.39,75.46,75.38,75.45,16872.54
2026-08-15 11:15:00,75.45,75.47,75.44,75.47,9138.24
2026-08-15 11:20:00,75.47,75.52,75.46,75.5,16883.15
2026-08-15 11:25:00,75.51,75.57,75.5,75.54,22151.63
2026-08-15 11:30:00,75.54,75.55,75.5,75.5,17096.04
2026-08-15 11:35:00,75.5,75.53,75.5,75.52,9670.27
2026-08-15 11:40:00,75.52,75.57,75.52,75.56,8693.18
2026-08-15 11:45:00,75.57,75.57,75.54,75.57,16553.37
2026-08-15 11:50:00,75.57,75.57,75.49,75.53,20543.58
2026-08-15 11:55:00,75.53,75.54,75.49,75.5,10006.06
2026-08-15 12:00:00,75.49,75.51,75.44,75.45,25475.57
2026-08-15 12:05:00,75.46,75.56,75.44,75.51,58535.21
2026-08-15 12:10:00,75.5,75.52,75.48,75.52,15338.24
2026-08-15 12:15:00,75.51,75.52,75.48,75.51,10146.7
2026-08-15 12:20:00,75.5,75.51,75.45,75.46,10414.43
2026-08-15 12:25:00,75.47,75.47,75.43,75.44,5985.85
2026-08-15 12:30:00,75.43,75.46,75.41,75.44,21305.9
2026-08-15 12:35:00,75.44,75.44,75.29,75.3,36287.62
2026-08-15 12:40:00,75.29,75.38,75.28,75.36,41482.11
2026-08-15 12:45:00,75.36,75.39,75.34,75.35,13890.95
2026-08-15 12:50:00,75.35,75.35,75.31,75.33,8263.98
2026-08-15 12:55:00,75.32,75.33,75.27,75.32,23490.54
2026-08-15 13:00:00,75.31,75.35,75.3,75.32,10820.91
2026-08-15 13:05:00,75.32,75.33,75.31,75.32,5729.75
2026-08-15 13:10:00,75.32,75.37,75.24,75.24,41581.72
2026-08-15 13:15:00,75.24,75.3,75.24,75.29,10613.92
2026-08-15 13:20:00,75.28,75.32,75.28,75.28,11529.09
2026-08-15 13:25:00,75.28,75.31,75.26,75.29,17115.72
2026-08-15 13:30:00,75.28,75.34,75.28,75.33,14313.68
2026-08-15 13:35:00,75.33,75.34,75.31,75.31,13617.72
2026-08-15 13:40:00,75.3,75.35,75.29,75.34,11848.94
2026-08-15 13:45:00,75.33,75.39,75.33,75.39,7367.61
2026-08-15 13:50:00,75.39,75.44,75.38,75.43,17401.77
2026-08-15 13:55:00,75.44,75.46,75.39,75.39,16227.15
2026-08-15 14:00:00,75.4,75.4,75.35,75.35,9840.62
2026-08-15 14:05:00,75.35,75.39,75.31,75.33,21473.38
2026-08-15 14:10:00,75.33,75.38,75.31,75.37,20713.99
2026-08-15 14:15:00,75.37,75.38,75.3,75.31,14679.34
2026-08-15 14:20:00,75.31,75.31,75.26,75.28,33132.2
2026-08-15 14:25:00,75.28,75.31,75.27,75.29,11215.19
2026-08-15 14:30:00,75.28,75.29,75.23,75.24,25387.39
2026-08-15 14:35:00,75.24,75.27,75.21,75.27,27570.38
2026-08-15 14:40:00,75.26,75.27,75.24,75.24,6167.16
2026-08-15 14:45:00,75.24,75.26,75.2,75.21,28918.42
2026-08-15 14:50:00,75.2,75.24,75.19,75.2,13639.13
2026-08-15 14:55:00,75.2,75.24,75.16,75.2,30608.92
2026-08-15 15:00:00,75.19,75.21,75.12,75.17,39016.07
2026-08-15 15:05:00,75.17,75.2,75.15,75.17,19705.21
2026-08-15 15:10:00,75.17,75.2,75.14,75.2,10156.04
2026-08-15 15:15:00,75.19,75.26,75.19,75.26,12410.62
2026-08-15 15:20:00,75.26,75.27,75.23,75.25,15265.0
2026-08-15 15:25:00,75.24,75.25,75.22,75.22,15135.02
2026-08-15 15:30:00,75.22,75.23,75.1,75.12,26097.68
2026-08-15 15:35:00,75.12,75.13,75.09,75.12,29797.0
2026-08-15 15:40:00,75.12,75.12,75.09,75.11,8984.09
2026-08-15 15:45:00,75.11,75.15,75.09,75.13,19535.23
2026-08-15 15:50:00,75.13,75.13,75.03,75.06,36004.89
2026-08-15 15:55:00,75.05,75.07,75.03,75.05,25919.06
2026-08-15 16:00:00,75.04,75.06,75.01,75.03,31033.13
2026-08-15 16:05:00,75.03,75.07,75.0,75.07,53177.22
2026-08-15 16:10:00,75.07,75.1,75.05,75.06,14329.45
2026-08-15 16:15:00,75.06,75.11,75.06,75.1,13571.23
2026-08-15 16:20:00,75.11,75.12,75.09,75.12,16391.36
2026-08-15 16:25:00,75.12,75.15,75.11,75.13,12689.52
2026-08-15 16:30:00,75.13,75.15,75.13,75.14,12710.15
2026-08-15 16:35:00,75.13,75.16,75.12,75.15,14224.91
2026-08-15 16:40:00,75.16,75.17,75.13,75.15,16521.2
2026-08-15 16:45:00,75.15,75.19,75.15,75.15,14750.75
2026-08-15 16:50:00,75.15,75.21,75.15,75.2,10893.17
2026-08-15 16:55:00,75.2,75.21,75.19,75.2,7014.41
2026-08-15 17:00:00,75.19,75.24,75.16,75.19,40589.49
2026-08-15 17:05:00,75.18,75.2,75.18,75.2,3709.25
2026-08-15 17:10:00,75.19,75.26,75.19,75.26,11044.42
2026-08-15 17:15:00,75.26,75.26,75.24,75.26,13285.49
2026-08-15 17:20:00,75.25,75.31,75.25,75.27,23787.6
2026-08-15 17:25:00,75.26,75.29,75.26,75.27,8019.95
2026-08-15 17:30:00,75.26,75.3,75.24,75.26,23015.07
2026-08-15 17:35:00,75.26,75.27,75.22,75.26,10254.28
2026-08-15 17:40:00,75.25,75.26,75.22,75.23,9216.59
2026-08-15 17:45:00,75.22,75.27,75.22,75.24,6560.21
2026-08-15 17:50:00,75.25,75.26,75.23,75.23,5675.56
2026-08-15 17:55:00,75.24,75.26,75.21,75.24,11032.26
2026-08-15 18:00:00,75.25,75.25,75.22,75.22,4977.35
2026-08-15 18:05:00,75.22,75.27,75.22,75.25,11875.53
2026-08-15 18:10:00,75.25,75.25,75.22,75.23,5459.86
2026-08-15 18:15:00,75.22,75.27,75.22,75.23,16400.5
2026-08-15 18:20:00,75.22,75.23,75.21,75.22,11420.7
2026-08-15 18:25:00,75.22,75.24,75.21,75.22,6502.28
2026-08-15 18:30:00,75.22,75.24,75.21,75.22,8345.67
2026-08-15 18:35:00,75.21,75.24,75.21,75.24,3340.47
2026-08-15 18:40:00,75.23,75.25,75.21,75.25,8935.98
2026-08-15 18:45:00,75.25,75.26,75.18,75.19,9941.04
2026-08-15 18:50:00,75.19,75.22,75.17,75.21,8813.74
2026-08-15 18:55:00,75.22,75.23,75.2,75.2,5249.97
2026-08-15 19:00:00,75.21,75.21,75.16,75.16,6633.81
2026-08-15 19:05:00,75.16,75.21,75.16,75.19,11934.0
2026-08-15 19:10:00,75.19,75.2,75.18,75.19,8414.22
2026-08-15 19:15:00,75.19,75.21,75.17,75.2,6890.98
2026-08-15 19:20:00,75.2,75.21,75.17,75.18,22769.76
2026-08-15 19:25:00,75.17,75.19,75.16,75.17,6676.46
2026-08-15 19:30:00,75.17,75.21,75.16,75.21,5617.84
2026-08-15 19:35:00,75.21,75.21,75.19,75.2,10029.04
2026-08-15 19:40:00,75.19,75.23,75.19,75.23,7809.34
2026-08-15 19:45:00,75.22,75.23,75.2,75.22,14002.18
2026-08-15 19:50:00,75.22,75.24,75.2,75.24,9069.57
2026-08-15 19:55:00,75.24,75.38,75.23,75.37,33559.7
2026-08-15 20:00:00,75.37,75.45,75.35,75.44,41604.65
2026-08-15 20:05:00,75.45,75.45,75.4,75.41,32104.25
2026-08-15 20:10:00,75.41,75.44,75.4,75.44,21976.57
2026-08-15 20:15:00,75.44,75.45,75.39,75.41,22319.56
2026-08-15 20:20:00,75.41,75.43,75.4,75.42,9894.97
2026-08-15 20:25:00,75.43,75.43,75.41,75.42,14296.95
2026-08-15 20:30:00,75.42,75.51,75.41,75.49,46677.06
2026-08-15 20:35:00,75.5,75.51,75.48,75.51,32130.25
2026-08-15 20:40:00,75.51,75.53,75.49,75.52,27522.81
2026-08-15 20:45:00,75.52,75.53,75.49,75.5,24686.41
2026-08-15 20:50:00,75.5,75.51,75.48,75.5,16129.89
2026-08-15 20:55:00,75.5,75.53,75.5,75.53,23385.78
2026-08-15 21:00:00,75.53,75.53,75.49,75.51,18539.08
2026-08-15 21:05:00,75.5,75.52,75.5,75.52,8412.61
2026-08-15 21:10:00,75.51,75.53,75.5,75.53,18565.65
2026-08-15 21:15:00,75.52,75.53,75.48,75.48,26554.64
2026-08-15 21:20:00,75.48,75.49,75.41,75.45,43690.57
2026-08-15 21:25:00,75.44,75.45,75.4,75.45,23754.46
2026-08-15 21:30:00,75.45,75.5,75.43,75.5,20193.56
2026-08-15 21:35:00,75.5,75.54,75.45,75.47,25056.93
2026-08-15 21:40:00,75.48,75.5,75.45,75.47,7655.0
2026-08-15 21:45:00,75.47,75.47,75.43,75.45,12544.16
2026-08-15 21:50:00,75.45,75.48,75.43,75.47,21821.07
2026-08-15 21:55:00,75.47,75.47,75.4,75.41,18959.94
2026-08-15 22:00:00,75.4,75.44,75.38,75.43,44868.77
2026-08-15 22:05:00,75.44,75.44,75.41,75.41,8435.62
2026-08-15 22:10:00,75.41,75.44,75.41,75.42,17640.21
2026-08-15 22:15:00,75.41,75.46,75.38,75.45,20235.46
2026-08-15 22:20:00,75.46,75.46,75.32,75.35,23367.76
2026-08-15 22:25:00,75.36,75.42,75.34,75.41,17143.71
2026-08-15 22:30:00,75.41,75.47,75.41,75.46,17440.02
2026-08-15 22:35:00,75.46,75.49,75.45,75.48,11250.66
2026-08-15 22:40:00,75.49,75.5,75.45,75.46,11483.38
2026-08-15 22:45:00,75.46,75.48,75.45,75.47,9119.31
2026-08-15 22:50:00,75.48,75.49,75.45,75.47,9280.25
2026-08-15 22:55:00,75.47,75.49,75.45,75.49,14045.98
2026-08-15 23:00:00,75.49,75.5,75.44,75.44,12151.93
2026-08-15 23:05:00,75.44,75.47,75.42,75.47,10343.83
2026-08-15 23:10:00,75.46,75.48,75.39,75.4,19546.94
2026-08-15 23:15:00,75.39,75.41,75.37,75.38,17620.59
2026-08-15 23:20:00,75.38,75.44,75.38,75.44,5877.76
2026-08-15 23:25:00,75.44,75.48,75.44,75.46,12848.79
2026-08-15 23:30:00,75.46,75.48,75.4,75.4,10512.68
2026-08-15 23:35:00,75.41,75.43,75.39,75.4,21235.79
2026-08-15 23:40:00,75.41,75.42,75.39,75.4,6341.44
2026-08-15 23:45:00,75.4,75.44,75.4,75.41,8993.49
2026-08-15 23:50:00,75.42,75.45,75.41,75.45,5379.95
2026-08-15 23:55:00,75.45,75.45,75.44,75.45,2857.33
2026-08-16 00:00:00,75.45,75.5,75.44,75.49,11916.46
2026-08-16 00:05:00,75.49,75.51,75.49,75.51,8927.84
2026-08-16 00:10:00,75.5,75.55,75.5,75.53,25604.31
2026-08-16 00:15:00,75.53,75.62,75.52,75.61,72406.3
2026-08-16 00:20:00,75.61,75.61,75.5,75.5,23836.91
2026-08-16 00:25:00,75.51,75.54,75.49,75.52,34651.18
2026-08-16 00:30:00,75.51,75.55,75.51,75.54,8467.94
2026-08-16 00:35:00,75.55,75.61,75.54,75.56,20113.4
2026-08-16 00:40:00,75.56,75.61,75.56,75.59,16430.65
2026-08-16 00:45:00,75.59,75.6,75.58,75.59,7774.76
2026-08-16 00:50:00,75.58,75.61,75.57,75.59,13035.48
2026-08-16 00:55:00,75.59,75.64,75.59,75.61,26656.76
2026-08-16 01:00:00,75.62,75.64,75.57,75.57,18473.72
2026-08-16 01:05:00,75.57,75.6,75.54,75.55,20368.18
2026-08-16 01:10:00,75.56,75.59,75.46,75.52,65798.79
2026-08-16 01:15:00,75.53,75.54,75.46,75.47,26220.31
2026-08-16 01:20:00,75.47,75.51,75.46,75.5,16450.77
2026-08-16 01:25:00,75.5,75.5,75.47,75.48,5783.63
2026-08-16 01:30:00,75.47,75.51,75.47,75.51,6996.08
2026-08-16 01:35:00,75.51,75.54,75.5,75.53,19521.26
2026-08-16 01:40:00,75.52,75.55,75.51,75.54,11742.58
2026-08-16 01:45:00,75.54,75.56,75.53,75.55,5341.78
2026-08-16 01:50:00,75.56,75.56,75.5,75.52,17442.03
2026-08-16 01:55:00,75.52,75.52,75.51,75.51,3632.77
2026-08-16 02:00:00,75.52,75.52,75.49,75.49,4563.23
2026-08-16 02:05:00,75.49,75.5,75.48,75.48,2487.1
2026-08-16 02:10:00,75.49,75.53,75.47,75.49,24136.96
2026-08-16 02:15:00,75.49,75.5,75.48,75.48,6354.3
2026-08-16 02:20:00,75.49,75.51,75.48,75.51,3956.86
2026-08-16 02:25:00,75.51,75.51,75.49,75.49,4119.81
2026-08-16 02:30:00,75.49,75.51,75.49,75.51,9647.46
2026-08-16 02:35:00,75.51,75.51,75.49,75.5,7025.78
2026-08-16 02:40:00,75.5,75.5,75.48,75.49,2832.85
2026-08-16 02:45:00,75.49,75.52,75.48,75.52,8713.51
2026-08-16 02:50:00,75.52,75.52,75.5,75.5,3557.66
2026-08-16 02:55:00,75.51,75.52,75.5,75.52,3496.47
2026-08-16 03:00:00,75.52,75.52,75.5,75.51,6225.8
2026-08-16 03:05:00,75.52,75.52,75.47,75.48,19726.27
2026-08-16 03:10:00,75.47,75.48,75.46,75.46,7264.87
2026-08-16 03:15:00,75.46,75.48,75.42,75.45,41809.82
2026-08-16 03:20:00,75.44,75.45,75.37,75.37,31534.91
2026-08-16 03:25:00,75.38,75.43,75.37,75.42,13017.94
2026-08-16 03:30:00,75.42,75.43,75.4,75.43,12104.05
2026-08-16 03:35:00,75.43,75.44,75.42,75.43,5098.87
2026-08-16 03:40:00,75.43,75.47,75.43,75.47,5999.81
2026-08-16 03:45:00,75.47,75.48,75.44,75.47,16844.49
2026-08-16 03:50:00,75.47,75.47,75.45,75.45,1196.0
2026-08-16 03:55:00,75.45,75.53,75.45,75.49,45423.45
2026-08-16 04:00:00,75.49,75.5,75.48,75.49,3301.48
2026-08-16 04:05:00,75.5,75.51,75.49,75.5,3624.09
2026-08-16 04:10:00,75.51,75.54,75.5,75.53,16068.4
2026-08-16 04:15:00,75.53,75.54,75.53,75.54,3123.62
2026-08-16 04:20:00,75.53,75.6,75.53,75.6,11017.68
2026-08-16 04:25:00,75.6,75.63,75.59,75.63,19432.68
2026-08-16 04:30:00,75.63,75.63,75.59,75.6,30372.42
2026-08-16 04:35:00,75.6,75.63,75.59,75.63,6616.17
2026-08-16 04:40:00,75.63,75.7,75.62,75.68,40549.69
2026-08-16 04:45:00,75.68,75.7,75.62,75.62,11611.31
2026-08-16 04:50:00,75.63,75.65,75.61,75.64,12458.31
2026-08-16 04:55:00,75.64,75.65,75.58,75.58,13385.16
2026-08-16 05:00:00,75.58,75.65,75.56,75.6,33867.4
2026-08-16 05:05:00,75.61,75.61,75.57,75.6,12423.9
2026-08-16 05:10:00,75.6,75.61,75.58,75.58,11899.68
2026-08-16 05:15:00,75.59,75.59,75.55,75.59,15975.02
2026-08-16 05:20:00,75.59,75.6,75.56,75.59,9676.98
2026-08-16 05:25:00,75.59,75.6,75.56,75.58,15176.45
2026-08-16 05:30:00,75.58,75.61,75.57,75.58,13557.12
2026-08-16 05:35:00,75.58,75.61,75.51,75.56,30021.59
2026-08-16 05:40:00,75.55,75.58,75.55,75.58,8116.82
2026-08-16 05:45:00,75.58,75.62,75.57,75.61,12873.76
2026-08-16 05:50:00,75.61,75.61,75.56,75.57,6505.38
2026-08-16 05:55:00,75.56,75.57,75.54,75.54,3187.5
2026-08-16 06:00:00,75.54,75.54,75.5,75.51,28798.97
2026-08-16 06:05:00,75.52,75.52,75.47,75.5,13186.98
2026-08-16 06:10:00,75.5,75.5,75.28,75.4,115768.91
2026-08-16 06:15:00,75.39,75.41,75.36,75.41,23897.03
2026-08-16 06:20:00,75.4,75.41,75.32,75.34,30439.83
2026-08-16 06:25:00,75.34,75.34,75.29,75.32,22110.07
2026-08-16 06:30:00,75.32,75.33,75.27,75.3,30481.13
2026-08-16 06:35:00,75.3,75.34,75.29,75.34,16594.05
2026-08-16 06:40:00,75.34,75.35,75.29,75.31,15898.11
2026-08-16 06:45:00,75.3,75.32,75.28,75.32,10394.31
2026-08-16 06:50:00,75.32,75.32,75.29,75.31,9606.51
2026-08-16 06:55:00,75.31,75.32,75.29,75.3,15620.34
2026-08-16 07:00:00,75.31,75.31,75.26,75.29,46182.29
2026-08-16 07:05:00,75.29,75.3,75.23,75.27,44220.48
2026-08-16 07:10:00,75.28,75.32,75.27,75.29,17598.52
2026-08-16 07:15:00,75.29,75.34,75.27,75.33,24016.7
2026-08-16 07:20:00,75.33,75.35,75.33,75.34,14706.92
2026-08-16 07:25:00,75.35,75.4,75.34,75.36,22128.96
2026-08-16 07:30:00,75.36,75.42,75.36,75.38,29150.02
2026-08-16 07:35:00,75.37,75.41,75.36,75.38,14800.36
2026-08-16 07:40:00,75.38,75.44,75.37,75.41,9539.71
2026-08-16 07:45:00,75.41,75.44,75.37,75.38,17748.32
2026-08-16 07:50:00,75.38,75.4,75.36,75.4,5784.65
2026-08-16 07:55:00,75.4,75.46,75.39,75.43,12531.9
2026-08-16 08:00:00,75.43,75.45,75.39,75.43,17361.97
2026-08-16 08:05:00,75.44,75.45,75.38,75.38,10712.47
2026-08-16 08:10:00,75.38,75.38,75.33,75.35,22952.07
2026-08-16 08:15:00,75.36,75.38,75.33,75.35,14375.51
2026-08-16 08:20:00,75.36,75.39,75.33,75.39,10044.25
2026-08-16 08:25:00,75.38,75.39,75.32,75.32,8336.61
2026-08-16 08:30:00,75.32,75.37,75.32,75.35,14799.1
2026-08-16 08:35:00,75.35,75.36,75.26,75.26,46293.25
2026-08-16 08:40:00,75.27,75.41,75.26,75.41,21909.55
2026-08-16 08:45:00,75.4,75.41,75.4,75.4,4251.95
2026-08-16 08:50:00,75.41,75.41,75.36,75.36,25811.88
2026-08-16 08:55:00,75.37,75.4,75.35,75.39,17957.3
2026-08-16 09:00:00,75.39,75.41,75.34,75.36,12397.5
2026-08-16 09:05:00,75.35,75.36,75.33,75.33,8828.05
2026-08-16 09:10:00,75.33,75.34,75.28,75.28,11297.73
2026-08-16 09:15:00,75.28,75.3,75.23,75.29,36291.59
2026-08-16 09:20:00,75.29,75.49,75.29,75.48,43255.0
2026-08-16 09:25:00,75.49,75.57,75.46,75.56,82867.52
2026-08-16 09:30:00,75.55,75.6,75.55,75.58,35464.12
2026-08-16 09:35:00,75.57,75.6,75.55,75.57,17413.3
2026-08-16 09:40:00,75.58,75.62,75.57,75.6,21677.58
2026-08-16 09:45:00,75.6,75.61,75.52,75.53,33001.45
2026-08-16 09:50:00,75.54,75.54,75.48,75.51,15924.94
2026-08-16 09:55:00,75.51,75.54,75.51,75.54,9117.5
2026-08-16 10:00:00,75.54,75.56,75.52,75.56,10976.25
2026-08-16 10:05:00,75.55,75.59,75.55,75.57,22367.42
2026-08-16 10:10:00,75.57,75.62,75.56,75.58,38702.74
2026-08-16 10:15:00,75.57,75.62,75.57,75.58,15407.44
2026-08-16 10:20:00,75.58,75.59,75.55,75.56,18885.51
2026-08-16 10:25:00,75.57,75.57,75.54,75.54,11628.26
2026-08-16 10:30:00,75.54,75.58,75.54,75.56,7939.3
2026-08-16 10:35:00,75.56,75.58,75.55,75.56,7492.98
2026-08-16 10:40:00,75.56,75.57,75.54,75.55,11310.76
2026-08-16 10:45:00,75.55,75.57,75.53,75.57,10068.58
2026-08-16 10:50:00,75.57,75.57,75.53,75.53,4666.8
2026-08-16 10:55:00,75.54,75.56,75.53,75.53,8591.89
2026-08-16 11:00:00,75.53,75.57,75.53,75.57,8055.84
2026-08-16 11:05:00,75.57,75.57,75.52,75.52,7599.6
2026-08-16 11:10:00,75.52,75.53,75.5,75.51,13945.23
2026-08-16 11:15:00,75.51,75.55,75.47,75.54,25170.3
2026-08-16 11:20:00,75.55,75.55,75.5,75.53,12600.4
2026-08-16 11:25:00,75.54,75.56,75.52,75.54,11648.73
2026-08-16 11:30:00,75.55,75.55,75.47,75.48,12949.17
2026-08-16 11:35:00,75.47,75.49,75.46,75.48,5949.21
2026-08-16 11:40:00,75.49,75.49,75.46,75.49,9070.94
2026-08-16 11:45:00,75.49,75.5,75.47,75.48,8037.3
2026-08-16 11:50:00,75.48,75.5,75.46,75.46,6440.61
2026-08-16 11:55:00,75.46,75.47,75.39,75.41,23595.34
2026-08-16 12:00:00,75.41,75.42,75.37,75.42,14673.8
2026-08-16 12:05:00,75.41,75.46,75.38,75.45,38202.21
2026-08-16 12:10:00,75.45,75.48,75.43,75.47,21100.79
2026-08-16 12:15:00,75.48,75.48,75.37,75.38,16217.44
2026-08-16 12:20:00,75.38,75.4,75.36,75.37,15799.78
2026-08-16 12:25:00,75.38,75.38,75.32,75.33,22900.34
2026-08-16 12:30:00,75.33,75.36,75.32,75.35,13907.71
2026-08-16 12:35:00,75.36,75.4,75.33,75.34,37039.02
2026-08-16 12:40:00,75.35,75.35,75.31,75.32,8922.55
2026-08-16 12:45:00,75.32,75.33,75.3,75.31,12015.22
2026-08-16 12:50:00,75.32,75.35,75.31,75.31,11587.76
2026-08-16 12:55:00,75.31,75.34,75.3,75.31,17520.53
2026-08-16 13:00:00,75.31,75.33,75.3,75.33,9938.99
2026-08-16 13:05:00,75.32,75.33,75.31,75.31,8568.52
2026-08-16 13:10:00,75.32,75.34,75.26,75.29,50127.63
2026-08-16 13:15:00,75.3,75.31,75.24,75.28,45225.81
2026-08-16 13:20:00,75.28,75.29,75.24,75.24,21263.82
2026-08-16 13:25:00,75.24,75.32,75.24,75.32,13022.79
2026-08-16 13:30:00,75.31,75.34,75.29,75.31,20044.8
2026-08-16 13:35:00,75.32,75.37,75.31,75.35,15220.19
2026-08-16 13:40:00,75.36,75.39,75.35,75.38,23273.88
2026-08-16 13:45:00,75.39,75.49,75.38,75.39,68466.37
2026-08-16 13:50:00,75.4,75.4,75.35,75.35,15191.1
2026-08-16 13:55:00,75.35,75.36,75.33,75.33,4653.23
2026-08-16 14:00:00,75.34,75.37,75.3,75.33,17025.24
2026-08-16 14:05:00,75.33,75.35,75.32,75.35,9609.28
2026-08-16 14:10:00,75.35,75.4,75.34,75.39,12578.73
2026-08-16 14:15:00,75.39,75.4,75.38,75.39,3592.52
2026-08-16 14:20:00,75.39,75.43,75.39,75.39,11110.32
2026-08-16 14:25:00,75.4,75.42,75.39,75.39,9588.62
2026-08-16 14:30:00,75.39,75.4,75.39,75.4,3232.26
2026-08-16 14:35:00,75.39,75.4,75.39,75.4,1933.85
2026-08-16 14:40:00,75.4,75.4,75.37,75.37,5487.24
2026-08-16 14:45:00,75.37,75.38,75.37,75.37,1332.7
2026-08-16 14:50:00,75.38,75.39,75.37,75.39,4898.9
2026-08-16 14:55:00,75.38,75.44,75.38,75.43,14444.15
2026-08-16 15:00:00,75.43,75.44,75.38,75.38,12165.02
2026-08-16 15:05:00,75.39,75.39,75.37,75.38,6199.4
2026-08-16 15:10:00,75.39,75.39,75.36,75.36,5304.3
2026-08-16 15:15:00,75.37,75.4,75.36,75.39,7750.61
2026-08-16 15:20:00,75.39,75.42,75.39,75.41,5258.46
2026-08-16 15:25:00,75.41,75.42,75.39,75.39,6745.89
2026-08-16 15:30:00,75.39,75.45,75.39,75.45,9554.12
2026-08-16 15:35:00,75.44,75.45,75.41,75.41,7684.05
2026-08-16 15:40:00,75.42,75.42,75.4,75.4,2760.69
2026-08-16 15:45:00,75.41,75.41,75.4,75.4,1920.8
2026-08-16 15:50:00,75.4,75.43,75.39,75.43,13224.61
2026-08-16 15:55:00,75.43,75.44,75.42,75.43,10987.83
2026-08-16 16:00:00,75.42,75.44,75.41,75.42,10706.94
2026-08-16 16:05:00,75.42,75.42,75.39,75.4,5749.57
2026-08-16 16:10:00,75.39,75.41,75.38,75.41,7333.59
2026-08-16 16:15:00,75.4,75.41,75.39,75.4,4416.67
2026-08-16 16:20:00,75.39,75.4,75.36,75.39,14542.58
2026-08-16 16:25:00,75.39,75.41,75.38,75.38,12155.4
2026-08-16 16:30:00,75.38,75.4,75.36,75.37,10484.79
2026-08-16 16:35:00,75.36,75.41,75.36,75.37,19699.51
2026-08-16 16:40:00,75.37,75.37,75.22,75.28,103873.8
2026-08-16 16:45:00,75.28,75.3,75.21,75.29,41787.85
2026-08-16 16:50:00,75.3,75.33,75.29,75.29,14199.93
2026-08-16 16:55:00,75.29,75.3,75.26,75.27,9148.54
2026-08-16 17:00:00,75.27,75.28,75.23,75.25,21504.36
2026-08-16 17:05:00,75.24,75.27,75.22,75.26,14454.8
2026-08-16 17:10:00,75.26,75.27,75.16,75.17,40137.73
2026-08-16 17:15:00,75.17,75.19,75.13,75.17,44646.4
2026-08-16 17:20:00,75.16,75.18,75.15,75.16,22429.41
2026-08-16 17:25:00,75.17,75.19,75.16,75.17,14871.18
2026-08-16 17:30:00,75.17,75.18,75.12,75.16,37270.54
2026-08-16 17:35:00,75.16,75.2,75.15,75.2,18644.07
2026-08-16 17:40:00,75.2,75.2,75.17,75.18,15087.78
2026-08-16 17:45:00,75.18,75.25,75.17,75.24,17139.04
2026-08-16 17:50:00,75.25,75.26,75.2,75.2,10842.37
2026-08-16 17:55:00,75.2,75.23,75.2,75.22,3721.66
2026-08-16 18:00:00,75.23,75.23,75.2,75.22,13395.87
2026-08-16 18:05:00,75.21,75.22,75.2,75.21,6169.25
2026-08-16 18:10:00,75.22,75.24,75.21,75.24,4614.7
2026-08-16 18:15:00,75.24,75.24,75.22,75.22,7337.89
2026-08-16 18:20:00,75.22,75.26,75.22,75.23,20641.72
2026-08-16 18:25:00,75.23,75.28,75.22,75.25,13196.66
2026-08-16 18:30:00,75.25,75.26,75.2,75.22,17118.31
2026-08-16 18:35:00,75.22,75.24,75.22,75.23,4001.05
2026-08-16 18:40:00,75.23,75.24,75.21,75.21,2961.23
2026-08-16 18:45:00,75.21,75.22,75.2,75.2,5652.29
2026-08-16 18:50:00,75.2,75.22,75.18,75.19,11478.05
2026-08-16 18:55:00,75.18,75.25,75.18,75.25,10034.37
2026-08-16 19:00:00,75.25,75.25,75.22,75.24,13751.51
2026-08-16 19:05:00,75.24,75.25,75.22,75.23,5605.37
2026-08-16 19:10:00,75.23,75.23,75.19,75.2,8795.4
2026-08-16 19:15:00,75.19,75.21,75.17,75.2,19262.3
2026-08-16 19:20:00,75.19,75.22,75.19,75.22,7857.04
2026-08-16 19:25:00,75.21,75.25,75.21,75.25,6668.34
2026-08-16 19:30:00,75.25,75.25,75.19,75.22,15752.23
2026-08-16 19:35:00,75.21,75.23,75.21,75.23,2564.22
2026-08-16 19:40:00,75.22,75.22,75.16,75.18,13194.13
2026-08-16 19:45:00,75.18,75.19,75.16,75.19,5973.52
2026-08-16 19:50:00,75.18,75.19,75.16,75.17,8773.27
2026-08-16 19:55:00,75.18,75.19,75.17,75.18,7934.26
2026-08-16 20:00:00,75.17,75.23,75.17,75.22,9605.55
2026-08-16 20:05:00,75.23,75.27,75.22,75.26,17122.86
2026-08-16 20:10:00,75.26,75.31,75.26,75.26,23873.45
2026-08-16 20:15:00,75.27,75.36,75.26,75.34,21433.8
2026-08-16 20:20:00,75.33,75.34,75.31,75.32,4575.04
2026-08-16 20:25:00,75.31,75.37,75.31,75.36,17559.08
2026-08-16 20:30:00,75.36,75.37,75.33,75.34,8367.88
2026-08-16 20:35:00,75.33,75.36,75.29,75.36,35774.63
2026-08-16 20:40:00,75.36,75.36,75.35,75.36,2574.37
2026-08-16 20:45:00,75.35,75.36,75.3,75.31,12408.14
2026-08-16 20:50:00,75.31,75.32,75.29,75.29,8075.4
2026-08-16 20:55:00,75.3,75.3,75.26,75.27,8266.62
2026-08-16 21:00:00,75.27,75.29,75.21,75.21,13171.96
2026-08-16 21:05:00,75.21,75.25,75.2,75.23,17124.6
2026-08-16 21:10:00,75.23,75.24,75.22,75.23,5643.17
2026-08-16 21:15:00,75.23,75.3,75.23,75.3,23128.58
2026-08-16 21:20:00,75.3,75.35,75.29,75.35,23903.15
2026-08-16 21:25:00,75.35,75.35,75.26,75.26,19246.66
2026-08-16 21:30:00,75.26,75.31,75.25,75.3,14908.56
2026-08-16 21:35:00,75.3,75.36,75.3,75.36,16367.17
2026-08-16 21:40:00,75.36,75.37,75.33,75.33,13224.47
2026-08-16 21:45:00,75.33,75.34,75.31,75.32,8338.43
2026-08-16 21:50:00,75.31,75.37,75.31,75.36,6481.39
2026-08-16 21:55:00,75.36,75.37,75.34,75.36,17241.41
2026-08-16 22:00:00,75.36,75.41,75.34,75.39,25688.1
2026-08-16 22:05:00,75.38,75.4,75.38,75.38,9217.94
2026-08-16 22:10:00,75.39,75.42,75.38,75.39,17486.5
2026-08-16 22:15:00,75.4,75.46,75.39,75.42,32835.33
2026-08-16 22:20:00,75.42,75.49,75.42,75.46,28347.27
2026-08-16 22:25:00,75.46,75.55,75.46,75.55,76899.83
2026-08-16 22:30:00,75.54,75.55,75.5,75.5,35136.71
2026-08-16 22:35:00,75.51,75.55,75.5,75.54,26359.02
2026-08-16 22:40:00,75.53,75.54,75.47,75.49,20095.66
2026-08-16 22:45:00,75.49,75.6,75.49,75.57,67286.03
2026-08-16 22:50:00,75.58,75.61,75.51,75.52,61087.36
2026-08-16 22:55:00,75.52,75.54,75.51,75.54,19217.26
2026-08-16 23:00:00,75.53,75.54,75.5,75.51,25019.96
2026-08-16 23:05:00,75.5,75.52,75.49,75.49,21849.58
2026-08-16 23:10:00,75.49,75.56,75.47,75.49,34052.77
2026-08-16 23:15:00,75.49,75.59,75.47,75.56,49581.48
2026-08-16 23:20:00,75.57,75.58,75.5,75.52,27412.93
2026-08-16 23:25:00,75.52,75.58,75.51,75.58,24403.43
2026-08-16 23:30:00,75.58,75.69,75.56,75.63,91635.6
2026-08-16 23:35:00,75.63,75.67,75.55,75.56,39539.51
2026-08-16 23:40:00,75.55,75.56,75.52,75.53,14792.73
2026-08-16 23:45:00,75.52,75.53,75.52,75.53,10102.18
2026-08-16 23:50:00,75.52,75.57,75.46,75.54,34281.86
2026-08-16 23:55:00,75.53,75.54,75.52,75.52,8097.11
2026-08-17 00:00:00,75.52,75.56,75.5,75.54,20306.78
2026-08-17 00:05:00,75.53,75.57,75.53,75.54,16937.3
2026-08-17 00:10:00,75.53,75.54,75.5,75.51,25968.95
2026-08-17 00:15:00,75.51,75.52,75.44,75.45,19940.83
2026-08-17 00:20:00,75.44,75.49,75.43,75.47,15051.36
2026-08-17 00:25:00,75.47,75.47,75.37,75.42,49337.4
2026-08-17 00:30:00,75.42,75.43,75.36,75.36,32881.59
2026-08-17 00:35:00,75.36,75.4,75.36,75.37,20828.96
2026-08-17 00:40:00,75.37,75.38,75.29,75.29,55161.9
2026-08-17 00:45:00,75.3,75.31,75.28,75.29,48843.44
2026-08-17 00:50:00,75.3,75.32,75.29,75.31,17419.76
2026-08-17 00:55:00,75.31,75.32,75.23,75.23,43897.49
2026-08-17 01:00:00,75.24,75.26,75.21,75.22,48094.91
2026-08-17 01:05:00,75.22,75.23,75.15,75.16,78812.61
2026-08-17 01:10:00,75.15,75.16,75.0,75.11,145975.89
2026-08-17 01:15:00,75.11,75.15,75.09,75.15,60510.68
2026-08-17 01:20:00,75.15,75.19,75.14,75.15,35616.81
2026-08-17 01:25:00,75.14,75.15,75.1,75.14,20093.04
2026-08-17 01:30:00,75.15,75.15,75.09,75.14,33421.02
2026-08-17 01:35:00,75.13,75.15,75.11,75.15,11629.78
2026-08-17 01:40:00,75.15,75.15,75.14,75.15,4031.22
2026-08-17 01:45:00,75.15,75.19,75.14,75.19,12160.51
2026-08-17 01:50:00,75.19,75.2,75.14,75.14,17969.38
2026-08-17 01:55:00,75.14,75.17,75.13,75.14,23980.7
2026-08-17 02:00:00,75.15,75.21,75.14,75.2,23602.76
2026-08-17 02:05:00,75.19,75.23,75.18,75.2,24808.45
2026-08-17 02:10:00,75.2,75.24,75.2,75.22,9715.64
2026-08-17 02:15:00,75.22,75.28,75.22,75.28,10955.58
2026-08-17 02:20:00,75.28,75.3,75.26,75.28,16082.64
2026-08-17 02:25:00,75.29,75.32,75.28,75.32,26019.93
2026-08-17 02:30:00,75.32,75.33,75.26,75.29,20025.93
2026-08-17 02:35:00,75.3,75.32,75.29,75.32,8003.87
2026-08-17 02:40:00,75.32,75.33,75.23,75.23,37878.95
2026-08-17 02:45:00,75.23,75.25,75.16,75.16,31468.77
2026-08-17 02:50:00,75.17,75.22,75.15,75.18,23226.31
2026-08-17 02:55:00,75.19,75.2,75.17,75.19,8813.82
2026-08-17 03:00:00,75.19,75.2,75.16,75.16,6418.85
2026-08-17 03:05:00,75.16,75.29,75.16,75.22,79833.98
2026-08-17 03:10:00,75.22,75.27,75.22,75.24,14228.0
2026-08-17 03:15:00,75.23,75.24,75.22,75.23,5210.34
2026-08-17 03:20:00,75.22,75.25,75.22,75.23,15034.6
2026-08-17 03:25:00,75.23,75.23,75.18,75.21,23147.71
2026-08-17 03:30:00,75.21,75.23,75.19,75.22,14652.7
2026-08-17 03:35:00,75.22,75.23,75.12,75.13,31889.75
2026-08-17 03:40:00,75.13,75.14,75.0,75.1,109092.72
2026-08-17 03:45:00,75.1,75.11,75.07,75.09,22540.99
2026-08-17 03:50:00,75.09,75.1,74.92,75.03,85222.84
2026-08-17 03:55:00,75.03,75.03,74.97,74.98,18754.64
2026-08-17 04:00:00,74.98,74.99,74.88,74.99,57258.93
2026-08-17 04:05:00,74.98,75.0,74.85,74.97,38401.85
2026-08-17 04:10:00,74.97,75.04,74.95,74.99,26015.16
2026-08-17 04:15:00,74.99,75.05,74.96,75.01,17731.91
2026-08-17 04:20:00,75.0,75.01,74.93,74.94,12127.11
2026-08-17 04:25:00,74.93,74.95,74.9,74.93,19516.9
2026-08-17 04:30:00,74.94,74.96,74.86,74.96,25903.15
2026-08-17 04:35:00,74.95,74.99,74.74,74.78,83065.55
2026-08-17 04:40:00,74.79,74.79,74.0,74.54,772461.9
2026-08-17 04:45:00,74.54,74.54,74.07,74.39,295747.68
2026-08-17 04:50:00,74.38,74.47,74.38,74.38,60286.33
2026-08-17 04:55:00,74.38,74.43,74.27,74.3,113866.71
2026-08-17 05:00:00,74.29,74.35,74.12,74.35,165013.06
2026-08-17 05:05:00,74.35,74.48,74.34,74.48,86512.78
2026-08-17 05:10:00,74.48,74.49,74.36,74.41,58800.81
2026-08-17 05:15:00,74.4,74.46,74.38,74.43,60265.39
2026-08-17 05:20:00,74.42,74.45,74.36,74.36,27920.39
2026-08-17 05:25:00,74.36,74.36,74.29,74.33,26043.0
2026-08-17 05:30:00,74.33,74.38,74.3,74.37,43452.79
2026-08-17 05:35:00,74.37,74.37,74.22,74.29,60104.99
2026-08-17 05:40:00,74.29,74.34,74.2,74.32,57042.57
2026-08-17 05:45:00,74.31,74.38,74.28,74.33,43103.01
2026-08-17 05:50:00,74.32,74.36,74.31,74.36,13749.7
2026-08-17 05:55:00,74.35,74.47,74.35,74.47,39194.43
2026-08-17 06:00:00,74.47,74.55,74.43,74.47,65810.63
2026-08-17 06:05:00,74.48,74.5,74.46,74.49,22876.66
2026-08-17 06:10:00,74.49,74.52,74.41,74.41,20184.56
2026-08-17 06:15:00,74.42,74.49,74.41,74.48,35158.52
2026-08-17 06:20:00,74.49,74.54,74.45,74.49,24464.81
2026-08-17 06:25:00,74.49,74.5,74.46,74.49,16253.44
2026-08-17 06:30:00,74.49,74.56,74.47,74.53,29516.73
2026-08-17 06:35:00,74.54,74.56,74.51,74.51,63037.02
2026-08-17 06:40:00,74.51,74.54,74.47,74.54,28836.87
2026-08-17 06:45:00,74.54,74.61,74.52,74.61,27390.42
2026-08-17 06:50:00,74.61,74.62,74.57,74.58,30238.68
2026-08-17 06:55:00,74.57,74.6,74.56,74.57,22038.9
2026-08-17 07:00:00,74.58,74.6,74.52,74.59,54120.93
2026-08-17 07:05:00,74.59,74.6,74.52,74.54,32930.13
2026-08-17 07:10:00,74.53,74.58,74.52,74.58,32487.68
2026-08-17 07:15:00,74.58,74.59,74.48,74.48,24453.23
2026-08-17 07:20:00,74.49,74.56,74.41,74.41,46847.92
2026-08-17 07:25:00,74.41,74.6,74.38,74.6,45528.69
2026-08-17 07:30:00,74.6,74.61,74.4,74.44,47634.54
2026-08-17 07:35:00,74.45,74.54,74.38,74.53,32187.69
2026-08-17 07:40:00,74.53,74.7,74.46,74.7,73657.19
2026-08-17 07:45:00,74.7,74.7,74.51,74.51,69713.66
2026-08-17 07:50:00,74.52,74.58,74.49,74.58,26475.98
2026-08-17 07:55:00,74.58,74.65,74.57,74.58,28702.75
2026-08-17 08:00:00,74.57,74.98,74.53,74.98,175758.81
2026-08-17 08:05:00,74.98,75.1,74.89,74.94,140213.11
2026-08-17 08:10:00,74.94,74.95,74.86,74.88,74845.96
2026-08-17 08:15:00,74.88,75.19,74.85,75.07,257167.42
2026-08-17 08:20:00,75.07,75.25,75.07,75.17,69208.38
2026-08-17 08:25:00,75.16,75.22,75.16,75.19,58252.99
2026-08-17 08:30:00,75.2,75.32,75.15,75.2,119319.28
2026-08-17 08:35:00,75.19,75.24,75.1,75.14,56588.17
2026-08-17 08:40:00,75.14,75.26,75.14,75.25,51073.9
2026-08-17 08:45:00,75.24,75.25,75.12,75.24,40622.02
2026-08-17 08:50:00,75.23,75.23,75.1,75.11,20890.96
2026-08-17 08:55:00,75.11,75.12,75.05,75.06,22763.61
2026-08-17 09:00:00,75.06,75.13,75.06,75.07,38792.3
2026-08-17 09:05:00,75.07,75.09,75.03,75.04,27253.11
2026-08-17 09:10:00,75.04,75.08,75.01,75.06,21042.83
2026-08-17 09:15:00,75.06,75.1,75.02,75.04,23001.17
2026-08-17 09:20:00,75.04,75.11,75.01,75.07,18292.65
2026-08-17 09:25:00,75.07,75.2,75.06,75.16,18120.53
2026-08-17 09:30:00,75.15,75.3,75.09,75.29,91194.06
2026-08-17 09:35:00,75.28,75.41,75.27,75.29,123359.62
2026-08-17 09:40:00,75.29,75.37,75.27,75.33,69957.37
2026-08-17 09:45:00,75.32,75.37,75.29,75.32,28046.78
2026-08-17 09:50:00,75.33,75.55,75.33,75.41,146934.87
2026-08-17 09:55:00,75.4,75.53,75.4,75.45,134569.03
2026-08-17 10:00:00,75.45,75.5,75.44,75.45,32224.17
2026-08-17 10:05:00,75.44,75.51,75.43,75.48,57017.89
2026-08-17 10:10:00,75.48,75.51,75.47,75.5,41336.28
2026-08-17 10:15:00,75.5,75.55,75.45,75.48,57212.55
2026-08-17 10:20:00,75.48,75.52,75.41,75.42,87325.33
2026-08-17 10:25:00,75.43,75.46,75.41,75.45,31709.67
2026-08-17 10:30:00,75.44,75.45,75.42,75.44,43631.78
2026-08-17 10:35:00,75.43,75.51,75.43,75.47,54510.8
2026-08-17 10:40:00,75.47,75.49,75.45,75.48,15892.53
2026-08-17 10:45:00,75.48,75.49,75.45,75.47,18784.6
2026-08-17 10:50:00,75.47,75.53,75.45,75.51,20507.46
2026-08-17 10:55:00,75.52,75.55,75.42,75.48,66838.92
2026-08-17 11:00:00,75.48,75.53,75.46,75.52,53866.06
2026-08-17 11:05:00,75.52,75.56,75.5,75.53,40157.99
2026-08-17 11:10:00,75.53,75.59,75.53,75.57,28030.25
2026-08-17 11:15:00,75.57,75.57,75.49,75.5,23171.28
2026-08-17 11:20:00,75.49,75.54,75.49,75.5,19753.21
2026-08-17 11:25:00,75.49,75.51,75.49,75.51,15257.22
2026-08-17 11:30:00,75.5,75.5,75.47,75.48,10834.57
2026-08-17 11:35:00,75.49,75.53,75.48,75.52,24101.63
2026-08-17 11:40:00,75.52,75.53,75.45,75.47,41463.02
2026-08-17 11:45:00,75.47,75.52,75.45,75.51,47072.09
2026-08-17 11:50:00,75.51,75.53,75.46,75.47,14287.5
2026-08-17 11:55:00,75.47,75.52,75.46,75.52,11957.73
2026-08-17 12:00:00,75.52,75.54,75.49,75.5,39559.02
2026-08-17 12:05:00,75.5,75.5,75.41,75.43,74215.25
2026-08-17 12:10:00,75.42,75.48,75.41,75.48,30430.74
2026-08-17 12:15:00,75.47,75.54,75.47,75.53,19267.36
2026-08-17 12:20:00,75.54,75.58,75.52,75.54,28582.5
2026-08-17 12:25:00,75.55,75.55,75.45,75.46,17592.83
2026-08-17 12:30:00,75.45,75.47,75.43,75.45,18148.45
2026-08-17 12:35:00,75.45,75.45,75.42,75.43,17277.1
2026-08-17 12:40:00,75.42,75.45,75.42,75.43,10725.89
2026-08-17 12:45:00,75.42,75.44,75.41,75.44,61266.15
2026-08-17 12:50:00,75.43,75.46,75.43,75.45,11656.63
2026-08-17 12:55:00,75.44,75.46,75.36,75.38,70372.4
2026-08-17 13:00:00,75.38,75.43,75.32,75.41,81914.72
2026-08-17 13:05:00,75.42,75.45,75.4,75.43,33659.19
2026-08-17 13:10:00,75.43,75.46,75.41,75.44,18466.89
2026-08-17 13:15:00,75.43,75.49,75.43,75.48,38273.2
2026-08-17 13:20:00,75.48,75.56,75.43,75.44,85133.83
2026-08-17 13:25:00,75.45,75.45,75.41,75.45,16823.37
2026-08-17 13:30:00,75.44,75.49,75.43,75.48,21123.16
2026-08-17 13:35:00,75.48,75.51,75.47,75.5,23048.54
2026-08-17 13:40:00,75.5,75.6,75.5,75.6,51735.85
2026-08-17 13:45:00,75.59,75.94,75.59,75.87,297339.8
2026-08-17 13:50:00,75.86,75.99,75.73,75.73,161913.91
2026-08-17 13:55:00,75.73,75.83,75.73,75.8,59083.81
2026-08-17 14:00:00,75.81,75.94,75.76,75.78,125386.26
2026-08-17 14:05:00,75.79,75.84,75.78,75.8,34345.72
2026-08-17 14:10:00,75.79,75.84,75.77,75.78,35426.87
2026-08-17 14:15:00,75.78,75.79,75.71,75.76,57414.28
2026-08-17 14:20:00,75.76,75.8,75.76,75.8,18345.21
2026-08-17 14:25:00,75.8,75.84,75.75,75.84,44741.1
2026-08-17 14:30:00,75.84,75.84,75.81,75.83,35024.93
2026-08-17 14:35:00,75.83,75.86,75.82,75.86,25078.73
2026-08-17 14:40:00,75.86,75.86,75.78,75.78,27283.55
2026-08-17 14:45:00,75.78,75.8,75.73,75.73,27227.3
2026-08-17 14:50:00,75.74,75.74,75.7,75.73,30219.72
2026-08-17 14:55:00,75.73,75.77,75.72,75.74,28882.65
2026-08-17 15:00:00,75.74,75.78,75.63,75.63,50328.01
2026-08-17 15:05:00,75.63,75.65,75.49,75.5,98103.43
2026-08-17 15:10:00,75.5,75.53,75.45,75.51,35387.46
2026-08-17 15:15:00,75.52,75.53,75.44,75.47,62111.77
2026-08-17 15:20:00,75.46,75.47,75.34,75.4,92334.62
2026-08-17 15:25:00,75.4,75.4,75.28,75.36,150016.19
2026-08-17 15:30:00,75.36,75.43,75.34,75.34,62519.68
2026-08-17 15:35:00,75.35,75.35,75.28,75.3,29363.24
2026-08-17 15:40:00,75.31,75.33,75.26,75.28,48783.1
2026-08-17 15:45:00,75.27,75.3,75.23,75.24,38024.73
2026-08-17 15:50:00,75.24,75.24,75.17,75.19,53701.75
2026-08-17 15:55:00,75.19,75.27,75.13,75.2,98939.2
2026-08-17 16:00:00,75.2,75.23,75.18,75.21,35334.18
2026-08-17 16:05:00,75.22,75.35,75.21,75.31,41553.38
2026-08-17 16:10:00,75.31,75.37,75.31,75.35,31788.29
2026-08-17 16:15:00,75.36,75.39,75.32,75.32,19348.97
2026-08-17 16:20:00,75.32,75.33,75.23,75.27,29230.16
2026-08-17 16:25:00,75.27,75.35,75.26,75.34,15048.74
2026-08-17 16:30:00,75.34,75.35,75.29,75.3,16993.11
2026-08-17 16:35:00,75.3,75.31,75.26,75.28,14933.43
2026-08-17 16:40:00,75.28,75.3,75.27,75.27,16773.68
2026-08-17 16:45:00,75.27,75.27,75.21,75.26,23206.84
2026-08-17 16:50:00,75.26,75.34,75.25,75.32,32299.18
2026-08-17 16:55:00,75.32,75.32,75.3,75.31,15723.49
2026-08-17 17:00:00,75.3,75.33,75.29,75.33,26897.65
2026-08-17 17:05:00,75.32,75.33,75.28,75.28,9771.37
2026-08-17 17:10:00,75.28,75.36,75.28,75.34,44817.92
2026-08-17 17:15:00,75.34,75.39,75.3,75.31,23725.45
2026-08-17 17:20:00,75.32,75.32,75.27,75.29,18350.28
2026-08-17 17:25:00,75.28,75.48,75.26,75.48,63689.72
2026-08-17 17:30:00,75.49,75.57,75.45,75.49,72469.13
2026-08-17 17:35:00,75.49,75.65,75.48,75.58,97759.95
2026-08-17 17:40:00,75.58,75.75,75.58,75.73,111561.53
2026-08-17 17:45:00,75.74,75.78,75.69,75.71,73263.68
2026-08-17 17:50:00,75.71,75.72,75.68,75.69,30492.46
2026-08-17 17:55:00,75.68,75.74,75.67,75.74,41604.26
2026-08-17 18:00:00,75.73,75.77,75.71,75.75,51657.7
2026-08-17 18:05:00,75.76,75.77,75.72,75.76,25637.49
2026-08-17 18:10:00,75.76,75.76,75.7,75.71,24295.91
2026-08-17 18:15:00,75.7,75.71,75.65,75.68,43879.62
2026-08-17 18:20:00,75.68,75.75,75.67,75.74,39535.57
2026-08-17 18:25:00,75.74,75.75,75.72,75.73,23039.46
2026-08-17 18:30:00,75.74,75.83,75.71,75.8,68878.9
2026-08-17 18:35:00,75.8,75.81,75.76,75.81,24475.01
2026-08-17 18:40:00,75.81,75.81,75.78,75.78,18158.23
2026-08-17 18:45:00,75.78,75.89,75.78,75.82,54326.53
2026-08-17 18:50:00,75.83,75.83,75.68,75.68,56612.95
2026-08-17 18:55:00,75.69,75.71,75.63,75.65,74158.82
2026-08-17 19:00:00,75.66,75.67,75.59,75.59,51333.82
2026-08-17 19:05:00,75.59,75.59,75.5,75.54,60643.02
2026-08-17 19:10:00,75.53,75.61,75.53,75.58,43018.42
2026-08-17 19:15:00,75.58,75.59,75.48,75.52,39017.2
2026-08-17 19:20:00,75.52,75.55,75.48,75.52,45601.23
2026-08-17 19:25:00,75.51,75.52,75.36,75.36,102557.01
2026-08-17 19:30:00,75.36,75.47,75.36,75.41,38225.05
2026-08-17 19:35:00,75.42,75.45,75.33,75.33,32041.18
2026-08-17 19:40:00,75.34,75.38,75.29,75.36,38805.47
2026-08-17 19:45:00,75.36,75.41,75.35,75.38,40799.97
2026-08-17 19:50:00,75.39,75.39,75.33,75.38,25136.89
2026-08-17 19:55:00,75.39,75.43,75.38,75.39,29131.65
2026-08-17 20:00:00,75.4,75.41,75.27,75.28,89642.19
2026-08-17 20:05:00,75.29,75.36,75.28,75.34,28031.89
2026-08-17 20:10:00,75.34,75.38,75.33,75.36,28917.19
2026-08-17 20:15:00,75.36,75.37,75.29,75.29,30264.19
2026-08-17 20:20:00,75.29,75.32,75.29,75.3,18255.61
2026-08-17 20:25:00,75.29,75.3,75.25,75.27,39757.37
2026-08-17 20:30:00,75.27,75.7,75.25,75.61,172322.96
2026-08-17 20:35:00,75.6,75.72,75.57,75.63,80254.25
2026-08-17 20:40:00,75.63,75.75,75.59,75.6,69924.33
2026-08-17 20:45:00,75.59,75.69,75.52,75.69,57884.48
2026-08-17 20:50:00,75.69,75.71,75.56,75.58,135948.85
2026-08-17 20:55:00,75.57,75.63,75.52,75.58,46625.67
2026-08-17 21:00:00,75.59,75.6,75.51,75.54,49003.95
2026-08-17 21:05:00,75.54,75.59,75.45,75.58,45850.07
2026-08-17 21:10:00,75.59,75.65,75.54,75.61,29733.66
2026-08-17 21:15:00,75.62,75.68,75.54,75.6,25224.15
2026-08-17 21:20:00,75.6,75.62,75.5,75.6,43434.16
2026-08-17 21:25:00,75.61,75.61,75.53,75.59,24138.27
2026-08-17 21:30:00,75.59,75.69,75.54,75.68,40208.3
2026-08-17 21:35:00,75.69,75.7,75.58,75.58,24090.89
2026-08-17 21:40:00,75.59,75.66,75.58,75.64,20870.44
2026-08-17 21:45:00,75.64,75.79,75.56,75.79,67739.89
2026-08-17 21:50:00,75.79,76.0,75.78,75.82,155096.32
2026-08-17 21:55:00,75.83,75.97,75.83,75.94,142451.56
2026-08-17 22:00:00,75.94,75.96,75.85,75.86,73507.56
2026-08-17 22:05:00,75.86,75.99,75.82,75.89,49933.89
2026-08-17 22:10:00,75.89,75.95,75.81,75.84,66934.03
2026-08-17 22:15:00,75.83,75.89,75.77,75.78,36149.16
2026-08-17 22:20:00,75.78,75.83,75.75,75.77,36168.35
2026-08-17 22:25:00,75.77,75.95,75.76,75.9,77651.46
2026-08-17 22:30:00,75.9,75.94,75.82,75.84,51524.12
2026-08-17 22:35:00,75.84,75.96,75.83,75.9,48227.41
2026-08-17 22:40:00,75.9,76.06,75.88,76.01,93194.42
2026-08-17 22:45:00,76.01,76.13,75.99,76.09,119652.93
2026-08-17 22:50:00,76.1,76.2,76.05,76.17,112382.49
2026-08-17 22:55:00,76.16,76.16,76.01,76.06,51906.54
2026-08-17 23:00:00,76.06,76.08,75.99,76.0,62910.88
2026-08-17 23:05:00,76.0,76.09,75.99,76.01,41686.07
2026-08-17 23:10:00,76.01,76.02,75.94,75.96,75533.73
2026-08-17 23:15:00,75.95,75.99,75.88,75.92,47816.32
2026-08-17 23:20:00,75.92,76.02,75.91,75.94,29644.28
2026-08-17 23:25:00,75.93,75.97,75.91,75.93,22207.76
2026-08-17 23:30:00,75.93,76.02,75.93,76.01,28869.3
2026-08-17 23:35:00,76.01,76.07,75.99,76.07,46545.81
2026-08-17 23:40:00,76.08,76.08,75.94,75.96,36121.75
2026-08-17 23:45:00,75.97,76.08,75.95,76.07,21963.63
2026-08-17 23:50:00,76.07,76.07,75.91,75.91,48195.5
2026-08-17 23:55:00,75.91,75.98,75.91,75.96,21200.7
2026-08-18 00:00:00,75.97,75.99,75.87,75.87,27177.62
2026-08-18 00:05:00,75.87,75.91,75.85,75.85,22061.56
2026-08-18 00:10:00,75.86,75.86,75.75,75.75,44766.18
2026-08-18 00:15:00,75.75,76.01,75.73,75.95,65335.63
2026-08-18 00:20:00,75.96,76.08,75.96,75.98,50025.16
2026-08-18 00:25:00,75.98,75.98,75.85,75.86,43095.41
2026-08-18 00:30:00,75.85,75.86,75.75,75.77,32087.69
2026-08-18 00:35:00,75.76,75.86,75.65,75.8,67299.01
2026-08-18 00:40:00,75.81,75.9,75.78,75.83,46233.94
2026-08-18 00:45:00,75.83,75.92,75.83,75.88,23059.6
2026-08-18 00:50:00,75.88,75.92,75.85,75.88,30777.18
2026-08-18 00:55:00,75.89,75.92,75.87,75.87,16357.66
2026-08-18 01:00:00,75.87,75.89,75.81,75.88,48731.8
2026-08-18 01:05:00,75.88,75.89,75.82,75.86,29094.03
2026-08-18 01:10:00,75.86,75.91,75.82,75.88,40004.41
2026-08-18 01:15:00,75.87,76.04,75.87,75.96,53448.27
2026-08-18 01:20:00,75.97,76.14,75.94,76.07,119576.91
2026-08-18 01:25:00,76.07,76.09,75.97,75.99,26714.12
2026-08-18 01:30:00,75.99,76.0,75.93,75.96,19346.05
2026-08-18 01:35:00,75.96,76.0,75.88,75.89,31958.45
2026-08-18 01:40:00,75.88,75.97,75.86,75.94,43650.97
2026-08-18 01:45:00,75.94,75.94,75.86,75.91,26073.15
2026-08-18 01:50:00,75.91,75.95,75.86,75.86,30584.84
2026-08-18 01:55:00,75.87,75.89,75.84,75.86,16773.82
2026-08-18 02:00:00,75.86,75.87,75.79,75.8,23511.42
2026-08-18 02:05:00,75.81,75.85,75.79,75.83,16643.42
2026-08-18 02:10:00,75.83,75.83,75.74,75.75,24511.75
2026-08-18 02:15:00,75.74,75.83,75.74,75.75,22318.95
2026-08-18 02:20:00,75.74,75.81,75.73,75.8,12921.86
2026-08-18 02:25:00,75.81,75.86,75.79,75.81,13366.13
2026-08-18 02:30:00,75.82,75.82,75.72,75.73,10279.29
2026-08-18 02:35:00,75.73,75.82,75.72,75.81,12933.79
2026-08-18 02:40:00,75.81,75.92,75.8,75.88,44745.9
2026-08-18 02:45:00,75.87,75.87,75.79,75.8,16950.12
2026-08-18 02:50:00,75.8,75.8,75.72,75.74,11669.74
2026-08-18 02:55:00,75.74,75.78,75.7,75.77,37191.43
2026-08-18 03:00:00,75.77,75.77,75.69,75.7,29391.42
2026-08-18 03:05:00,75.7,75.73,75.7,75.73,23650.76
2026-08-18 03:10:00,75.72,75.73,75.64,75.67,30901.38
2026-08-18 03:15:00,75.67,75.68,75.59,75.59,55590.87
2026-08-18 03:20:00,75.59,75.73,75.59,75.73,42048.9
2026-08-18 03:25:00,75.73,75.79,75.7,75.77,22944.17
2026-08-18 03:30:00,75.77,75.78,75.73,75.77,19931.19
2026-08-18 03:35:00,75.77,75.89,75.77,75.83,58050.81
2026-08-18 03:40:00,75.83,76.02,75.83,76.02,68535.15
2026-08-18 03:45:00,76.01,76.07,75.89,75.89,61973.51
2026-08-18 03:50:00,75.89,75.94,75.88,75.93,15847.25
2026-08-18 03:55:00,75.92,75.99,75.92,75.96,18115.02
2026-08-18 04:00:00,75.95,76.02,75.95,76.0,25003.92
2026-08-18 04:05:00,76.0,76.01,75.95,76.01,13354.15
2026-08-18 04:10:00,76.02,76.02,75.85,75.91,23168.13
2026-08-18 04:15:00,75.9,75.96,75.89,75.89,9604.58
2026-08-18 04:20:00,75.89,75.95,75.88,75.89,14733.11
2026-08-18 04:25:00,75.88,75.89,75.87,75.87,3500.35
2026-08-18 04:30:00,75.87,75.93,75.87,75.92,8700.79
2026-08-18 04:35:00,75.93,75.93,75.85,75.88,12292.99
2026-08-18 04:40:00,75.89,75.94,75.84,75.92,25636.22
2026-08-18 04:45:00,75.91,75.94,75.9,75.9,6366.98
2026-08-18 04:50:00,75.9,75.94,75.9,75.91,6011.74
2026-08-18 04:55:00,75.91,75.94,75.9,75.91,8475.58
2026-08-18 05:00:00,75.91,76.0,75.88,75.89,27427.77
2026-08-18 05:05:00,75.88,75.9,75.85,75.87,15390.68
2026-08-18 05:10:00,75.88,75.88,75.82,75.84,18946.07
2026-08-18 05:15:00,75.84,75.84,75.78,75.79,19731.9
2026-08-18 05:20:00,75.79,75.86,75.77,75.82,14564.4
2026-08-18 05:25:00,75.82,75.83,75.76,75.76,7711.19
2026-08-18 05:30:00,75.77,75.77,75.73,75.75,18523.83
2026-08-18 05:35:00,75.75,75.79,75.75,75.78,5678.09
2026-08-18 05:40:00,75.78,75.78,75.71,75.72,21548.21
2026-08-18 05:45:00,75.72,75.74,75.7,75.72,15075.4
2026-08-18 05:50:00,75.73,75.73,75.68,75.7,8924.87
2026-08-18 05:55:00,75.7,75.71,75.68,75.71,7830.09
2026-08-18 06:00:00,75.7,75.73,75.67,75.7,24772.06
2026-08-18 06:05:00,75.7,75.78,75.7,75.77,27641.99
2026-08-18 06:10:00,75.78,75.83,75.76,75.8,23976.04
2026-08-18 06:15:00,75.8,75.86,75.79,75.82,18724.31
2026-08-18 06:20:00,75.82,75.87,75.82,75.86,11176.58
2026-08-18 06:25:00,75.86,75.95,75.86,75.95,36032.42
2026-08-18 06:30:00,75.94,76.09,75.9,76.07,78810.03
2026-08-18 06:35:00,76.07,76.07,75.95,75.95,34806.56
2026-08-18 06:40:00,75.96,75.96,75.92,75.93,13166.14
2026-08-18 06:45:00,75.93,76.01,75.9,75.98,38160.76
2026-08-18 06:50:00,75.99,76.01,75.97,75.99,10565.08
2026-08-18 06:55:00,75.99,76.01,75.96,75.99,26079.0
2026-08-18 07:00:00,75.98,76.02,75.91,75.93,62006.37
2026-08-18 07:05:00,75.93,75.94,75.89,75.91,16058.68
2026-08-18 07:10:00,75.92,75.99,75.92,75.97,28064.59
2026-08-18 07:15:00,75.97,76.05,75.96,75.98,58675.67
2026-08-18 07:20:00,75.98,76.02,75.97,75.98,18670.73
2026-08-18 07:25:00,75.98,75.99,75.95,75.96,15483.36
2026-08-18 07:30:00,75.96,75.96,75.9,75.91,23082.73
2026-08-18 07:35:00,75.91,75.92,75.86,75.87,28720.68
2026-08-18 07:40:00,75.86,75.9,75.82,75.86,44032.39
2026-08-18 07:45:00,75.86,75.88,75.83,75.87,14436.69
2026-08-18 07:50:00,75.87,75.96,75.85,75.94,27152.2
2026-08-18 07:55:00,75.94,76.02,75.93,76.01,23223.09
2026-08-18 08:00:00,76.01,76.02,75.91,75.91,47129.06
2026-08-18 08:05:00,75.91,75.92,75.87,75.88,33452.28
2026-08-18 08:10:00,75.88,75.94,75.85,75.92,13807.78
2026-08-18 08:15:00,75.91,75.93,75.84,75.85,23784.35
2026-08-18 08:20:00,75.85,75.89,75.84,75.89,11300.59
2026-08-18 08:25:00,75.88,75.89,75.81,75.82,14860.27
2026-08-18 08:30:00,75.82,75.84,75.81,75.81,7678.06
2026-08-18 08:35:00,75.82,75.82,75.76,75.76,20924.72
2026-08-18 08:40:00,75.76,75.78,75.72,75.73,36445.35
2026-08-18 08:45:00,75.74,75.74,75.63,75.66,52444.02
2026-08-18 08:50:00,75.66,75.66,75.56,75.6,145469.47
2026-08-18 08:55:00,75.59,75.61,75.53,75.58,80493.19
2026-08-18 09:00:00,75.57,75.58,75.54,75.54,50339.03
2026-08-18 09:05:00,75.55,75.62,75.54,75.59,52673.43
2026-08-18 09:10:00,75.59,75.6,75.43,75.45,71715.96
2026-08-18 09:15:00,75.44,75.49,75.4,75.48,58918.16
2026-08-18 09:20:00,75.48,75.53,75.46,75.47,35638.9
2026-08-18 09:25:00,75.47,75.48,75.37,75.37,42111.33
2026-08-18 09:30:00,75.37,75.38,75.32,75.34,83895.02
2026-08-18 09:35:00,75.34,75.43,75.33,75.41,32454.64
2026-08-18 09:40:00,75.42,75.45,75.3,75.33,70114.5
2026-08-18 09:45:00,75.33,75.36,75.2,75.35,177666.75
2026-08-18 09:50:00,75.36,75.39,75.33,75.33,37548.98
2026-08-18 09:55:00,75.34,75.34,75.16,75.24,108544.56
2026-08-18 10:00:00,75.24,75.34,75.21,75.31,52151.26
2026-08-18 10:05:00,75.31,75.36,75.3,75.32,33194.61
2026-08-18 10:10:00,75.33,75.33,75.28,75.3,20549.63
2026-08-18 10:15:00,75.29,75.41,75.28,75.39,65720.16
2026-08-18 10:20:00,75.4,75.4,75.31,75.35,32311.84
2026-08-18 10:25:00,75.36,75.38,75.35,75.36,31189.26
2026-08-18 10:30:00,75.36,75.36,75.27,75.33,39033.82
2026-08-18 10:35:00,75.33,75.49,75.31,75.47,39593.55
2026-08-18 10:40:00,75.46,75.5,75.45,75.48,32488.7
2026-08-18 10:45:00,75.48,75.49,75.43,75.44,23609.57
2026-08-18 10:50:00,75.43,75.45,75.41,75.44,16742.81
2026-08-18 10:55:00,75.44,75.48,75.42,75.45,26080.82
2026-08-18 11:00:00,75.46,75.46,75.36,75.42,27851.92
2026-08-18 11:05:00,75.42,75.58,75.41,75.57,56747.06
2026-08-18 11:10:00,75.57,75.64,75.56,75.63,56190.0
2026-08-18 11:15:00,75.63,75.63,75.57,75.58,23793.63
2026-08-18 11:20:00,75.58,75.6,75.56,75.57,15691.6
2026-08-18 11:25:00,75.58,75.68,75.57,75.67,34094.9
2026-08-18 11:30:00,75.66,75.77,75.66,75.73,44291.13
2026-08-18 11:35:00,75.73,75.75,75.72,75.72,20876.32
2026-08-18 11:40:00,75.73,75.76,75.72,75.75,20641.37
2026-08-18 11:45:00,75.74,75.78,75.73,75.75,21469.36
2026-08-18 11:50:00,75.75,75.78,75.74,75.77,17255.18
2026-08-18 11:55:00,75.76,75.8,75.76,75.8,19209.63
2026-08-18 12:00:00,75.8,75.8,75.72,75.78,54529.48
2026-08-18 12:05:00,75.79,75.86,75.77,75.86,32916.01
2026-08-18 12:10:00,75.86,75.93,75.84,75.88,67161.54
2026-08-18 12:15:00,75.89,75.9,75.84,75.86,37843.43
2026-08-18 12:20:00,75.86,75.88,75.79,75.79,23675.19
2026-08-18 12:25:00,75.8,75.82,75.73,75.74,35755.18
2026-08-18 12:30:00,75.73,75.74,75.62,75.62,82173.44
2026-08-18 12:35:00,75.62,75.64,75.53,75.64,90648.06
2026-08-18 12:40:00,75.64,75.79,75.64,75.78,16707.39
2026-08-18 12:45:00,75.77,75.78,75.69,75.72,13147.45
2026-08-18 12:50:00,75.72,75.75,75.68,75.74,14716.43
2026-08-18 12:55:00,75.74,75.74,75.68,75.69,26623.35
2026-08-18 13:00:00,75.69,75.69,75.61,75.64,37478.51
2026-08-18 13:05:00,75.64,75.68,75.6,75.67,11151.72
2026-08-18 13:10:00,75.68,75.77,75.67,75.73,34852.21
2026-08-18 13:15:00,75.73,75.83,75.72,75.79,32184.95
2026-08-18 13:20:00,75.8,75.91,75.79,75.87,48658.62
2026-08-18 13:25:00,75.87,75.95,75.87,75.92,91156.33
2026-08-18 13:30:00,75.92,76.01,75.91,75.92,97190.64
2026-08-18 13:35:00,75.92,75.93,75.89,75.91,14787.17
2026-08-18 13:40:00,75.92,76.0,75.9,75.99,33102.67
2026-08-18 13:45:00,76.0,76.01,75.88,75.91,53807.92
2026-08-18 13:50:00,75.9,75.91,75.86,75.87,26955.47
2026-08-18 13:55:00,75.87,75.98,75.85,75.98,37001.15
2026-08-18 14:00:00,75.98,76.04,75.96,75.99,50038.88
2026-08-18 14:05:00,75.99,76.02,75.96,76.02,21965.52
2026-08-18 14:10:00,76.02,76.14,76.01,76.14,84153.09
2026-08-18 14:15:00,76.14,76.24,76.11,76.16,147546.66
2026-08-18 14:20:00,76.17,76.17,76.05,76.05,45116.6
2026-08-18 14:25:00,76.05,76.1,75.97,75.98,55874.46
2026-08-18 14:30:00,75.97,76.04,75.95,75.99,60328.39
2026-08-18 14:35:00,75.98,76.11,75.98,76.07,39605.82
2026-08-18 14:40:00,76.08,76.09,76.0,76.01,24061.56
2026-08-18 14:45:00,76.01,76.02,75.92,75.93,57871.67
2026-08-18 14:50:00,75.92,75.99,75.9,75.98,50845.4
2026-08-18 14:55:00,75.99,76.06,75.96,76.06,42622.23
2026-08-18 15:00:00,76.06,76.09,75.92,75.93,106154.01
2026-08-18 15:05:00,75.94,75.94,75.84,75.87,71031.69
2026-08-18 15:10:00,75.87,75.89,75.8,75.86,58565.08
2026-08-18 15:15:00,75.85,75.92,75.83,75.92,34653.65
2026-08-18 15:20:00,75.92,75.92,75.86,75.9,25255.56
2026-08-18 15:25:00,75.91,75.96,75.85,75.88,23268.81
2026-08-18 15:30:00,75.87,75.96,75.84,75.93,38481.38
2026-08-18 15:35:00,75.94,76.07,75.93,76.04,40392.1
2026-08-18 15:40:00,76.04,76.04,75.97,75.99,26047.93
2026-08-18 15:45:00,75.99,75.99,75.9,75.97,37217.11
2026-08-18 15:50:00,75.97,76.1,75.95,76.09,53049.51
2026-08-18 15:55:00,76.1,76.15,76.08,76.13,37020.32
2026-08-18 16:00:00,76.12,76.12,76.02,76.05,34247.53
2026-08-18 16:05:00,76.04,76.08,76.01,76.05,22059.11
2026-08-18 16:10:00,76.05,76.08,76.04,76.07,10738.32
2026-08-18 16:15:00,76.06,76.07,75.97,75.97,23984.16
2026-08-18 16:20:00,75.97,75.98,75.9,75.9,19804.97
2026-08-18 16:25:00,75.9,75.91,75.86,75.87,32603.61
2026-08-18 16:30:00,75.87,75.93,75.86,75.92,19483.27
2026-08-18 16:35:00,75.93,75.96,75.88,75.91,28062.95
2026-08-18 16:40:00,75.91,75.93,75.84,75.89,28150.94
2026-08-18 16:45:00,75.89,75.93,75.84,75.91,19107.92
2026-08-18 16:50:00,75.91,75.92,75.87,75.9,13491.03
2026-08-18 16:55:00,75.91,75.91,75.89,75.9,9112.68
2026-08-18 17:00:00,75.9,75.95,75.85,75.93,26802.2
2026-08-18 17:05:00,75.94,75.94,75.84,75.86,15319.22
2026-08-18 17:10:00,75.85,75.88,75.84,75.88,18894.22
2026-08-18 17:15:00,75.88,75.91,75.87,75.88,13142.23
2026-08-18 17:20:00,75.88,75.88,75.78,75.79,30057.56
2026-08-18 17:25:00,75.78,75.8,75.77,75.79,18171.64
2026-08-18 17:30:00,75.79,75.83,75.78,75.8,18601.5
2026-08-18 17:35:00,75.8,75.87,75.8,75.83,23233.19
2026-08-18 17:40:00,75.84,75.85,75.82,75.84,10571.95
2026-08-18 17:45:00,75.84,75.86,75.83,75.83,10307.2
2026-08-18 17:50:00,75.83,75.84,75.8,75.8,16478.95
2026-08-18 17:55:00,75.81,75.83,75.8,75.8,10693.71
2026-08-18 18:00:00,75.81,75.95,75.78,75.89,67602.58
2026-08-18 18:05:00,75.88,75.93,75.83,75.92,21405.2
2026-08-18 18:10:00,75.93,76.04,75.92,76.04,33297.39
2026-08-18 18:15:00,76.04,76.38,76.02,76.3,238540.9
2026-08-18 18:20:00,76.3,76.43,76.28,76.35,140172.43
2026-08-18 18:25:00,76.35,76.36,76.2,76.23,41851.48
2026-08-18 18:30:00,76.24,76.33,76.2,76.31,92716.34
2026-08-18 18:35:00,76.31,76.38,76.3,76.37,33964.56
2026-08-18 18:40:00,76.38,76.42,76.3,76.35,59243.73
2026-08-18 18:45:00,76.35,76.38,76.26,76.27,35225.27
2026-08-18 18:50:00,76.27,76.32,76.26,76.3,21235.31
2026-08-18 18:55:00,76.29,76.31,76.27,76.28,16080.4
2026-08-18 19:00:00,76.29,76.42,76.29,76.4,85450.12
2026-08-18 19:05:00,76.41,76.49,76.33,76.35,111558.44
2026-08-18 19:10:00,76.35,76.39,76.31,76.34,67255.34
2026-08-18 19:15:00,76.34,76.36,76.25,76.25,25756.47
2026-08-18 19:20:00,76.25,76.32,76.2,76.21,30125.72
2026-08-18 19:25:00,76.2,76.27,76.2,76.27,21746.01
2026-08-18 19:30:00,76.27,76.3,76.21,76.3,26270.8
2026-08-18 19:35:00,76.29,76.3,76.25,76.27,18166.16
2026-08-18 19:40:00,76.27,76.3,76.23,76.24,32388.11
2026-08-18 19:45:00,76.23,76.31,76.21,76.3,39240.34
2026-08-18 19:50:00,76.3,76.36,76.29,76.32,29455.23
2026-08-18 19:55:00,76.32,76.32,76.21,76.21,35888.6
2026-08-18 20:00:00,76.22,76.22,76.1,76.18,77419.71
2026-08-18 20:05:00,76.18,76.18,76.13,76.14,18406.73
2026-08-18 20:10:00,76.13,76.16,76.11,76.12,25781.35
2026-08-18 20:15:00,76.12,76.13,76.07,76.1,32026.7
2026-08-18 20:20:00,76.09,76.15,76.09,76.15,26656.77
2026-08-18 20:25:00,76.14,76.15,76.05,76.07,34703.75
2026-08-18 20:30:00,76.06,76.19,76.01,76.05,90869.76
2026-08-18 20:35:00,76.06,76.26,76.03,76.25,88255.97
2026-08-18 20:40:00,76.26,76.26,76.09,76.1,39828.6
2026-08-18 20:45:00,76.1,76.16,76.06,76.11,34546.7
2026-08-18 20:50:00,76.1,76.19,76.01,76.04,62123.42
2026-08-18 20:55:00,76.03,76.21,76.01,76.18,36547.46
2026-08-18 21:00:00,76.18,76.32,76.09,76.28,62112.57
2026-08-18 21:05:00,76.29,76.32,76.17,76.27,48436.06
2026-08-18 21:10:00,76.27,76.27,76.13,76.14,34635.51
2026-08-18 21:15:00,76.15,76.37,76.14,76.35,56493.24
2026-08-18 21:20:00,76.34,76.58,76.29,76.57,166756.69
2026-08-18 21:25:00,76.57,77.05,76.56,76.98,631338.84
2026-08-18 21:30:00,76.98,77.32,76.91,76.92,557257.05
2026-08-18 21:35:00,76.92,76.96,76.81,76.81,120628.87
2026-08-18 21:40:00,76.81,76.92,76.75,76.79,83258.95
2026-08-18 21:45:00,76.78,76.83,76.74,76.81,65111.81
2026-08-18 21:50:00,76.82,76.94,76.73,76.83,83047.3
2026-08-18 21:55:00,76.82,76.83,76.74,76.76,46554.67
2026-08-18 22:00:00,76.77,76.93,76.76,76.92,82384.51
2026-08-18 22:05:00,76.92,77.02,76.8,76.82,78641.27
2026-08-18 22:10:00,76.82,76.93,76.76,76.91,54022.43
2026-08-18 22:15:00,76.91,76.95,76.84,76.84,52970.84
2026-08-18 22:20:00,76.84,77.0,76.83,76.92,82679.89
2026-08-18 22:25:00,76.91,77.02,76.85,77.0,62724.48
2026-08-18 22:30:00,77.0,77.09,76.96,77.07,78247.36
2026-08-18 22:35:00,77.07,77.08,76.97,77.02,30882.56
2026-08-18 22:40:00,77.03,77.09,76.99,77.04,41558.53
2026-08-18 22:45:00,77.04,77.18,76.99,77.03,56495.94
2026-08-18 22:50:00,77.04,77.23,77.03,77.18,76233.84
2026-08-18 22:55:00,77.18,77.18,77.06,77.17,62594.45
2026-08-18 23:00:00,77.17,77.29,77.17,77.2,117268.49
2026-08-18 23:05:00,77.19,77.3,77.03,77.08,94432.58
2026-08-18 23:10:00,77.09,77.12,77.02,77.04,57770.0
2026-08-18 23:15:00,77.04,77.05,76.9,76.95,70544.82
2026-08-18 23:20:00,76.95,76.97,76.89,76.9,73659.86
2026-08-18 23:25:00,76.91,76.94,76.82,76.86,51069.77
2026-08-18 23:30:00,76.86,76.93,76.82,76.92,51307.3
2026-08-18 23:35:00,76.93,77.02,76.92,77.01,42220.3
2026-08-18 23:40:00,77.01,77.09,76.98,76.99,27224.6
2026-08-18 23:45:00,76.98,77.14,76.94,77.03,44214.36
2026-08-18 23:50:00,77.03,77.1,77.02,77.04,18652.77
2026-08-18 23:55:00,77.05,77.06,77.01,77.05,19659.34
2026-08-19 00:00:00,77.05,77.06,76.91,76.99,29204.06
2026-08-19 00:05:00,76.98,77.0,76.91,76.94,18157.62
2026-08-19 00:10:00,76.94,76.95,76.89,76.93,20763.0
2026-08-19 00:15:00,76.94,76.94,76.86,76.91,23173.45
2026-08-19 00:20:00,76.91,76.97,76.89,76.92,17348.51
2026-08-19 00:25:00,76.93,76.93,76.85,76.91,30985.58
2026-08-19 00:30:00,76.91,76.93,76.85,76.87,48351.23
2026-08-19 00:35:00,76.87,77.0,76.85,77.0,44435.47
2026-08-19 00:40:00,76.99,77.0,76.92,76.96,25159.15
2026-08-19 00:45:00,76.97,76.99,76.92,76.99,12972.87
2026-08-19 00:50:00,76.99,77.0,76.9,76.91,39208.44
2026-08-19 00:55:00,76.91,76.92,76.86,76.86,22452.18
2026-08-19 01:00:00,76.87,76.96,76.84,76.94,27867.25
2026-08-19 01:05:00,76.93,77.0,76.93,77.0,15331.62
2026-08-19 01:10:00,76.99,77.08,76.96,77.08,33861.48
2026-08-19 01:15:00,77.08,77.18,77.07,77.17,39145.73
2026-08-19 01:20:00,77.18,77.27,77.16,77.21,53811.43
2026-08-19 01:25:00,77.2,77.23,77.15,77.22,24928.98
2026-08-19 01:30:00,77.23,77.28,77.16,77.17,70223.85
2026-08-19 01:35:00,77.18,77.22,77.09,77.19,49863.01
2026-08-19 01:40:00,77.18,77.19,77.11,77.11,15955.93
2026-08-19 01:45:00,77.1,77.23,77.09,77.22,30794.79
2026-08-19 01:50:00,77.22,77.22,77.18,77.2,17819.46
2026-08-19 01:55:00,77.2,77.26,77.18,77.24,26447.37
2026-08-19 02:00:00,77.24,77.26,77.14,77.22,66646.45
2026-08-19 02:05:00,77.22,77.23,77.15,77.16,21267.29
2026-08-19 02:10:00,77.15,77.19,77.15,77.19,12355.88
2026-08-19 02:15:00,77.19,77.25,77.15,77.23,29910.97
2026-08-19 02:20:00,77.23,77.24,77.18,77.22,21480.2
2026-08-19 02:25:00,77.22,77.39,77.21,77.33,109215.53
2026-08-19 02:30:00,77.32,77.34,77.23,77.23,30625.34
2026-08-19 02:35:00,77.23,77.26,77.18,77.18,18593.09
2026-08-19 02:40:00,77.19,77.21,77.15,77.16,32837.55
2026-08-19 02:45:00,77.16,77.19,77.13,77.14,18217.22
2026-08-19 02:50:00,77.14,77.14,77.04,77.05,37166.85
2026-08-19 02:55:00,77.06,77.15,77.04,77.14,46587.16
2026-08-19 03:00:00,77.15,77.16,77.03,77.04,33040.02
2026-08-19 03:05:00,77.05,77.17,77.02,77.16,26533.08
2026-08-19 03:10:00,77.15,77.2,77.13,77.17,28397.75
2026-08-19 03:15:00,77.18,77.18,77.04,77.05,22801.77
2026-08-19 03:20:00,77.04,77.05,76.9,76.95,72632.27
2026-08-19 03:25:00,76.96,76.99,76.91,76.97,26876.95
2026-08-19 03:30:00,76.96,77.1,76.95,77.02,84287.78
2026-08-19 03:35:00,77.01,77.02,76.97,76.99,15537.43
2026-08-19 03:40:00,77.0,77.0,76.87,76.88,40754.62
2026-08-19 03:45:00,76.87,76.92,76.78,76.8,78162.41
2026-08-19 03:50:00,76.8,76.89,76.69,76.83,173146.94
2026-08-19 03:55:00,76.84,76.88,76.82,76.84,25671.2
2026-08-19 04:00:00,76.85,76.95,76.84,76.94,24295.29
2026-08-19 04:05:00,76.94,76.96,76.93,76.93,13028.07
2026-08-19 04:10:00,76.93,77.09,76.93,76.97,93961.0
2026-08-19 04:15:00,76.97,77.0,76.93,76.96,17998.84
2026-08-19 04:20:00,76.95,76.99,76.95,76.98,4852.13
2026-08-19 04:25:00,76.98,77.01,76.9,76.92,20688.5
2026-08-19 04:30:00,76.92,76.94,76.89,76.94,24020.35
2026-08-19 04:35:00,76.93,76.99,76.89,76.93,26474.4
2026-08-19 04:40:00,76.93,76.98,76.9,76.91,18378.81
2026-08-19 04:45:00,76.9,76.93,76.87,76.92,15892.97
2026-08-19 04:50:00,76.92,76.96,76.89,76.96,18258.74
2026-08-19 04:55:00,76.95,76.98,76.92,76.97,8185.63
2026-08-19 05:00:00,76.97,77.0,76.91,76.96,31628.59
2026-08-19 05:05:00,76.96,77.0,76.92,77.0,16855.37
2026-08-19 05:10:00,77.0,77.14,77.0,77.06,68586.21
2026-08-19 05:15:00,77.06,77.09,77.05,77.08,16826.8
2026-08-19 05:20:00,77.08,77.09,77.0,77.0,28274.61
2026-08-19 05:25:00,77.01,77.05,76.96,77.03,48305.15
2026-08-19 05:30:00,77.03,77.11,77.0,77.11,27245.52
2026-08-19 05:35:00,77.11,77.19,77.07,77.11,98114.05
2026-08-19 05:40:00,77.11,77.12,77.01,77.02,13376.67
2026-08-19 05:45:00,77.02,77.02,76.91,76.92,18224.63
2026-08-19 05:50:00,76.92,76.92,76.86,76.87,17564.31
2026-08-19 05:55:00,76.87,76.96,76.85,76.92,41365.47
2026-08-19 06:00:00,76.93,77.08,76.91,77.08,40558.0
2026-08-19 06:05:00,77.08,77.13,76.98,77.01,49529.85
2026-08-19 06:10:00,77.01,77.08,77.0,77.06,10099.29
2026-08-19 06:15:00,77.07,77.08,77.03,77.06,9972.21
2026-08-19 06:20:00,77.05,77.12,77.04,77.07,14873.87
2026-08-19 06:25:00,77.07,77.14,77.06,77.07,37681.2
2026-08-19 06:30:00,77.07,77.15,77.07,77.14,12229.42
2026-08-19 06:35:00,77.15,77.2,77.14,77.15,29646.64
2026-08-19 06:40:00,77.14,77.21,77.1,77.13,72705.3
2026-08-19 06:45:00,77.13,77.17,77.09,77.09,20259.04
2026-08-19 06:50:00,77.09,77.1,77.06,77.07,15116.85
2026-08-19 06:55:00,77.06,77.06,77.0,77.03,11824.11
2026-08-19 07:00:00,77.03,77.07,76.9,76.9,65193.6
2026-08-19 07:05:00,76.9,76.99,76.87,76.94,34579.45
2026-08-19 07:10:00,76.94,76.96,76.85,76.86,46619.77
2026-08-19 07:15:00,76.85,76.9,76.78,76.89,40518.29
2026-08-19 07:20:00,76.9,77.01,76.89,76.94,36074.55
2026-08-19 07:25:00,76.95,76.95,76.9,76.93,24164.14
2026-08-19 07:30:00,76.93,76.99,76.91,76.96,19001.82
2026-08-19 07:35:00,76.95,77.02,76.93,77.01,17949.97
2026-08-19 07:40:00,77.01,77.02,76.91,76.94,16744.44
2026-08-19 07:45:00,76.95,77.04,76.92,77.01,24088.59
2026-08-19 07:50:00,77.01,77.06,76.96,77.02,39290.45
2026-08-19 07:55:00,77.03,77.03,76.87,76.88,45733.01
2026-08-19 08:00:00,76.87,76.94,76.81,76.84,65613.41
2026-08-19 08:05:00,76.85,77.01,76.84,77.0,64199.87
2026-08-19 08:10:00,77.0,77.04,76.93,76.93,90781.59
2026-08-19 08:15:00,76.93,76.95,76.82,76.9,33023.22
2026-08-19 08:20:00,76.9,76.95,76.74,76.76,79321.93
2026-08-19 08:25:00,76.76,76.86,76.67,76.81,122271.97
2026-08-19 08:30:00,76.81,76.81,76.73,76.8,28602.49
2026-08-19 08:35:00,76.79,76.81,76.73,76.74,37096.16
2026-08-19 08:40:00,76.75,76.75,76.68,76.71,56530.85
2026-08-19 08:45:00,76.71,76.75,76.67,76.71,87726.38
2026-08-19 08:50:00,76.71,76.8,76.69,76.76,30856.59
2026-08-19 08:55:00,76.77,76.81,76.74,76.77,23573.35
2026-08-19 09:00:00,76.77,76.78,76.71,76.71,44353.8
2026-08-19 09:05:00,76.71,76.73,76.68,76.7,19221.6
2026-08-19 09:10:00,76.7,76.81,76.69,76.77,28902.09
2026-08-19 09:15:00,76.77,76.78,76.67,76.68,22295.88
2026-08-19 09:20:00,76.69,76.79,76.66,76.76,29346.95
2026-08-19 09:25:00,76.76,76.86,76.76,76.85,47429.67
2026-08-19 09:30:00,76.85,76.87,76.8,76.81,15301.31
2026-08-19 09:35:00,76.8,76.89,76.8,76.86,22412.66
2026-08-19 09:40:00,76.86,76.86,76.77,76.78,20992.65
2026-08-19 09:45:00,76.78,76.84,76.74,76.76,30135.34
2026-08-19 09:50:00,76.77,76.77,76.71,76.73,14230.4
2026-08-19 09:55:00,76.74,76.8,76.73,76.78,7451.32
2026-08-19 10:00:00,76.78,76.81,76.75,76.76,19769.09
2026-08-19 10:05:00,76.76,76.77,76.67,76.71,45528.08
2026-08-19 10:10:00,76.7,76.89,76.7,76.89,23050.77
2026-08-19 10:15:00,76.88,77.08,76.88,77.04,65156.67
2026-08-19 10:20:00,77.03,77.06,76.95,76.96,38014.64
2026-08-19 10:25:00,76.97,76.99,76.96,76.98,10674.24
2026-08-19 10:30:00,76.97,77.0,76.92,76.92,30319.39
2026-08-19 10:35:00,76.92,77.0,76.92,76.97,16517.21
2026-08-19 10:40:00,76.97,77.06,76.97,77.01,24783.64
2026-08-19 10:45:00,77.01,77.05,76.95,77.04,31044.1
2026-08-19 10:50:00,77.05,77.06,76.96,76.96,12511.82
2026-08-19 10:55:00,76.96,76.97,76.94,76.96,8335.6
2026-08-19 11:00:00,76.96,76.99,76.93,76.94,21943.26
2026-08-19 11:05:00,76.94,76.96,76.92,76.95,12862.65
2026-08-19 11:10:00,76.96,77.0,76.95,76.97,11114.51
2026-08-19 11:15:00,76.97,77.06,76.96,77.05,16690.36
2026-08-19 11:20:00,77.06,77.11,77.06,77.1,19522.58
2026-08-19 11:25:00,77.1,77.11,77.02,77.04,33101.13
2026-08-19 11:30:00,77.04,77.04,76.96,77.01,10357.15
2026-08-19 11:35:00,77.0,77.06,76.92,76.94,20118.64
2026-08-19 11:40:00,76.93,76.95,76.86,76.9,36098.5
2026-08-19 11:45:00,76.9,76.92,76.86,76.87,18291.38
2026-08-19 11:50:00,76.86,76.87,76.78,76.8,53047.21
2026-08-19 11:55:00,76.8,76.9,76.76,76.83,60274.72
2026-08-19 12:00:00,76.83,76.95,76.82,76.91,31396.88
2026-08-19 12:05:00,76.92,76.94,76.85,76.94,51807.24
2026-08-19 12:10:00,76.93,77.04,76.93,76.97,43618.74
2026-08-19 12:15:00,76.97,76.99,76.89,76.89,17220.87
2026-08-19 12:20:00,76.89,76.9,76.8,76.86,52048.57
2026-08-19 12:25:00,76.86,76.93,76.86,76.92,9409.22
2026-08-19 12:30:00,76.92,76.94,76.87,76.89,14118.53
2026-08-19 12:35:00,76.89,76.9,76.84,76.87,13902.18
2026-08-19 12:40:00,76.87,76.89,76.84,76.86,11304.82
2026-08-19 12:45:00,76.85,76.86,76.79,76.79,21531.04
2026-08-19 12:50:00,76.8,76.85,76.76,76.79,32533.49
2026-08-19 12:55:00,76.78,76.79,76.73,76.77,43385.12
2026-08-19 13:00:00,76.77,76.8,76.7,76.71,43066.53
2026-08-19 13:05:00,76.71,76.74,76.62,76.64,55494.43
2026-08-19 13:10:00,76.64,76.65,76.59,76.62,44056.94
2026-08-19 13:15:00,76.62,76.79,76.61,76.78,53503.17
2026-08-19 13:20:00,76.78,76.93,76.78,76.92,79853.26
2026-08-19 13:25:00,76.91,76.92,76.82,76.83,41092.03
2026-08-19 13:30:00,76.82,76.85,76.71,76.81,76116.54
2026-08-19 13:35:00,76.81,76.9,76.81,76.9,13347.45
2026-08-19 13:40:00,76.89,76.92,76.85,76.91,57247.09
2026-08-19 13:45:00,76.92,77.15,76.91,77.02,137035.39
2026-08-19 13:50:00,77.02,77.05,76.97,77.05,27361.5
2026-08-19 13:55:00,77.04,77.09,77.03,77.05,47061.45
2026-08-19 14:00:00,77.05,77.07,76.94,76.95,31519.6
2026-08-19 14:05:00,76.95,76.98,76.91,76.97,28860.85
2026-08-19 14:10:00,76.97,77.06,76.96,77.06,31648.0
2026-08-19 14:15:00,77.06,77.06,76.92,76.94,16878.1
2026-08-19 14:20:00,76.95,76.98,76.94,76.97,10393.98
2026-08-19 14:25:00,76.97,77.01,76.95,76.96,22869.79
2026-08-19 14:30:00,76.96,77.01,76.95,77.01,13137.99
2026-08-19 14:35:00,77.0,77.04,76.98,77.02,12711.29
2026-08-19 14:40:00,77.01,77.03,76.94,76.95,25115.52
2026-08-19 14:45:00,76.94,77.06,76.94,77.04,31161.66
2026-08-19 14:50:00,77.05,77.05,77.0,77.0,17893.24
2026-08-19 14:55:00,77.01,77.02,76.91,76.92,33573.27
2026-08-19 15:00:00,76.92,76.96,76.87,76.92,38919.04
2026-08-19 15:05:00,76.91,77.08,76.9,77.05,92719.52
2026-08-19 15:10:00,77.06,77.07,77.0,77.02,26708.57
2026-08-19 15:15:00,77.01,77.08,76.99,77.06,40392.82
2026-08-19 15:20:00,77.07,77.09,77.04,77.07,36224.44
2026-08-19 15:25:00,77.07,77.19,77.06,77.16,71055.44
2026-08-19 15:30:00,77.15,77.23,77.11,77.18,80328.13
2026-08-19 15:35:00,77.17,77.65,77.15,77.41,379659.14
2026-08-19 15:40:00,77.41,77.48,77.36,77.43,118571.9
2026-08-19 15:45:00,77.43,77.5,77.38,77.39,104208.08
2026-08-19 15:50:00,77.38,77.51,77.37,77.44,129341.89
2026-08-19 15:55:00,77.43,77.48,77.34,77.35,176902.16
2026-08-19 16:00:00,77.35,77.45,77.34,77.45,66641.28
2026-08-19 16:05:00,77.45,77.46,77.31,77.31,38072.86
2026-08-19 16:10:00,77.31,77.4,77.31,77.35,27761.21
2026-08-19 16:15:00,77.36,77.39,77.31,77.39,42211.26
2026-08-19 16:20:00,77.4,77.41,77.3,77.31,30442.01
2026-08-19 16:25:00,77.31,77.33,77.27,77.28,18756.25
2026-08-19 16:30:00,77.29,77.32,77.27,77.29,21715.53
2026-08-19 16:35:00,77.29,77.31,77.21,77.25,21229.14
2026-08-19 16:40:00,77.24,77.25,77.18,77.22,51201.95
2026-08-19 16:45:00,77.22,77.26,77.19,77.22,23296.58
2026-08-19 16:50:00,77.21,77.26,77.19,77.26,18568.86
2026-08-19 16:55:00,77.26,77.3,77.22,77.27,18657.73
2026-08-19 17:00:00,77.27,77.28,77.21,77.21,11580.56
2026-08-19 17:05:00,77.21,77.23,77.19,77.21,19757.25
2026-08-19 17:10:00,77.21,77.25,77.19,77.23,18793.91
2026-08-19 17:15:00,77.23,77.28,77.2,77.27,25669.8
2026-08-19 17:20:00,77.26,77.29,77.22,77.23,14981.82
2026-08-19 17:25:00,77.22,77.23,77.18,77.22,9423.31
2026-08-19 17:30:00,77.22,77.26,77.19,77.26,11512.22
2026-08-19 17:35:00,77.26,77.32,77.24,77.29,15866.96
2026-08-19 17:40:00,77.28,77.35,77.26,77.32,13505.39
2026-08-19 17:45:00,77.32,77.34,77.28,77.28,19259.28
2026-08-19 17:50:00,77.28,77.3,77.24,77.27,18996.47
2026-08-19 17:55:00,77.26,77.35,77.26,77.34,21914.99
2026-08-19 18:00:00,77.35,77.45,77.33,77.45,48137.13
2026-08-19 18:05:00,77.45,77.52,77.42,77.45,49065.89
2026-08-19 18:10:00,77.46,77.57,77.43,77.52,81275.47
2026-08-19 18:15:00,77.53,77.55,77.46,77.49,49390.71
2026-08-19 18:20:00,77.5,77.56,77.47,77.55,63533.81
2026-08-19 18:25:00,77.55,77.59,77.5,77.55,54429.67
2026-08-19 18:30:00,77.56,77.57,77.51,77.52,136286.66
2026-08-19 18:35:00,77.52,77.53,77.46,77.47,19973.93
2026-08-19 18:40:00,77.46,77.48,77.43,77.43,13390.53
2026-08-19 18:45:00,77.44,77.5,77.43,77.5,21831.8
2026-08-19 18:50:00,77.5,77.54,77.47,77.5,32863.74
2026-08-19 18:55:00,77.5,77.52,77.48,77.5,11725.23
2026-08-19 19:00:00,77.51,77.53,77.41,77.43,50852.32
2026-08-19 19:05:00,77.43,77.47,77.41,77.41,20781.7
2026-08-19 19:10:00,77.41,77.44,77.39,77.42,27580.4
2026-08-19 19:15:00,77.42,77.45,77.39,77.43,12887.98
2026-08-19 19:20:00,77.44,77.48,77.42,77.45,33809.98
2026-08-19 19:25:00,77.45,77.5,77.43,77.47,12669.66
2026-08-19 19:30:00,77.48,77.66,77.47,77.63,85853.91
2026-08-19 19:35:00,77.64,77.74,77.55,77.68,156337.17
2026-08-19 19:40:00,77.67,78.08,77.64,78.04,389421.79
2026-08-19 19:45:00,78.04,78.76,77.97,78.59,692379.75
2026-08-19 19:50:00,78.59,78.7,78.31,78.38,302576.39
2026-08-19 19:55:00,78.38,78.41,78.31,78.37,105055.32
2026-08-19 20:00:00,78.37,78.37,78.13,78.18,153115.35
2026-08-19 20:05:00,78.19,78.26,78.18,78.19,72921.94
2026-08-19 20:10:00,78.19,78.38,78.16,78.27,119237.48
2026-08-19 20:15:00,78.26,78.42,78.26,78.37,69780.51
2026-08-19 20:20:00,78.37,78.48,78.37,78.4,68165.96
2026-08-19 20:25:00,78.4,78.53,78.36,78.47,95513.47
2026-08-19 20:30:00,78.47,78.66,78.43,78.52,200820.78
2026-08-19 20:35:00,78.52,78.6,78.28,78.31,200795.12
2026-08-19 20:40:00,78.31,78.56,78.27,78.46,124679.71
2026-08-19 20:45:00,78.46,78.56,78.39,78.42,108046.28
2026-08-19 20:50:00,78.42,78.47,78.31,78.36,70415.96
2026-08-19 20:55:00,78.37,78.49,78.29,78.36,183917.51
2026-08-19 21:00:00,78.37,78.53,78.31,78.53,92541.01
2026-08-19 21:05:00,78.52,78.65,78.51,78.55,96627.87
2026-08-19 21:10:00,78.56,78.59,78.45,78.58,88585.13
2026-08-19 21:15:00,78.58,78.75,78.52,78.61,128589.8
2026-08-19 21:20:00,78.62,78.66,78.49,78.53,77823.05
2026-08-19 21:25:00,78.53,78.57,78.45,78.49,58044.3
2026-08-19 21:30:00,78.49,78.52,78.41,78.47,52008.51
2026-08-19 21:35:00,78.47,78.78,78.46,78.74,160571.81
2026-08-19 21:40:00,78.75,79.06,78.73,78.99,324005.36
2026-08-19 21:45:00,78.98,79.29,78.95,79.29,332309.78
2026-08-19 21:50:00,79.29,80.8,79.25,80.34,1192519.41
2026-08-19 21:55:00,80.34,80.97,80.32,80.84,797529.22
2026-08-19 22:00:00,80.84,81.05,80.63,81.03,613435.59
2026-08-19 22:05:00,81.03,82.1,81.02,81.89,1141809.58
2026-08-19 22:10:00,81.88,82.1,81.2,81.34,415171.06
2026-08-19 22:15:00,81.34,81.52,80.86,80.89,337914.29
2026-08-19 22:20:00,80.88,81.17,80.84,81.07,328745.48
2026-08-19 22:25:00,81.08,83.04,80.97,81.97,1706890.98
2026-08-19 22:30:00,81.97,82.07,81.5,81.94,559500.37
2026-08-19 22:35:00,81.93,82.47,81.89,82.41,425077.93
2026-08-19 22:40:00,82.42,82.58,82.19,82.27,260495.58
2026-08-19 22:45:00,82.27,82.33,81.86,81.89,321898.59
2026-08-19 22:50:00,81.89,82.09,81.55,81.56,287603.56
2026-08-19 22:55:00,81.56,81.89,81.55,81.8,174030.93
2026-08-19 23:00:00,81.8,82.26,81.63,82.2,295199.36
2026-08-19 23:05:00,82.21,82.38,81.97,82.0,156269.02
2026-08-19 23:10:00,81.99,81.99,81.77,81.86,129031.55
2026-08-19 23:15:00,81.86,82.05,81.86,81.96,123754.94
2026-08-19 23:20:00,81.96,81.96,81.75,81.93,141957.12
2026-08-19 23:25:00,81.93,82.14,81.9,82.07,84119.22
2026-08-19 23:30:00,82.06,82.07,81.8,81.98,64355.46
2026-08-19 23:35:00,81.99,82.04,81.87,81.91,97840.32
2026-08-19 23:40:00,81.91,81.99,81.74,81.85,172719.76
2026-08-19 23:45:00,81.84,81.95,81.81,81.86,81700.09
2026-08-19 23:50:00,81.86,81.87,81.63,81.76,126773.86
2026-08-19 23:55:00,81.75,81.82,81.52,81.56,148712.44
2026-08-20 00:00:00,81.55,81.62,81.36,81.45,148245.85
2026-08-20 00:05:00,81.46,81.58,81.37,81.47,91708.11
2026-08-20 00:10:00,81.46,81.53,81.32,81.35,74316.6
2026-08-20 00:15:00,81.34,81.38,81.04,81.06,149591.97
2026-08-20 00:20:00,81.05,81.27,81.04,81.1,94031.99
2026-08-20 00:25:00,81.1,81.24,81.02,81.24,82810.07
2026-08-20 00:30:00,81.24,81.29,80.96,81.09,78260.84
2026-08-20 00:35:00,81.1,81.25,81.1,81.25,54161.55
2026-08-20 00:40:00,81.24,81.43,81.2,81.42,75694.28
2026-08-20 00:45:00,81.43,81.67,81.41,81.56,140898.37
2026-08-20 00:50:00,81.56,81.73,81.54,81.62,66672.29
2026-08-20 00:55:00,81.63,81.69,81.62,81.63,47851.12
2026-08-20 01:00:00,81.63,81.69,81.45,81.46,81799.73
2026-08-20 01:05:00,81.47,81.53,81.26,81.27,61396.46
2026-08-20 01:10:00,81.28,81.53,81.22,81.49,58372.38
2026-08-20 01:15:00,81.48,81.58,81.45,81.56,35329.58
2026-08-20 01:20:00,81.57,81.66,81.5,81.61,51836.58
2026-08-20 01:25:00,81.61,81.99,81.6,81.95,155115.79
2026-08-20 01:30:00,81.95,82.07,81.9,81.97,111430.87
2026-08-20 01:35:00,81.98,82.14,81.89,81.91,124868.87
2026-08-20 01:40:00,81.91,82.18,81.9,82.13,60462.08
2026-08-20 01:45:00,82.12,82.28,82.04,82.15,89095.22
2026-08-20 01:50:00,82.15,82.22,82.12,82.18,43780.85
2026-08-20 01:55:00,82.17,82.27,82.04,82.25,49506.23
2026-08-20 02:00:00,82.26,82.26,82.08,82.15,57918.63
2026-08-20 02:05:00,82.14,82.28,82.12,82.16,47906.26
2026-08-20 02:10:00,82.16,82.41,81.98,82.02,162510.4
2026-08-20 02:15:00,82.03,82.33,82.02,82.3,84942.7
2026-08-20 02:20:00,82.31,82.5,82.19,82.3,145528.35
2026-08-20 02:25:00,82.3,82.3,82.12,82.17,66469.88
2026-08-20 02:30:00,82.17,82.31,82.06,82.19,80880.99
2026-08-20 02:35:00,82.19,82.28,82.16,82.17,51234.73
2026-08-20 02:40:00,82.17,82.28,82.14,82.26,38032.89
2026-08-20 02:45:00,82.27,82.29,82.19,82.26,64353.25
2026-08-20 02:50:00,82.25,82.33,82.22,82.25,53387.23
2026-08-20 02:55:00,82.25,82.42,82.23,82.34,57627.17
2026-08-20 03:00:00,82.34,82.38,82.25,82.32,44737.75
2026-08-20 03:05:00,82.33,82.48,82.25,82.41,96763.03
2026-08-20 03:10:00,82.41,82.43,82.32,82.4,34872.62
2026-08-20 03:15:00,82.39,82.41,82.29,82.31,34412.67
2026-08-20 03:20:00,82.32,82.52,82.3,82.48,65740.16
2026-08-20 03:25:00,82.48,82.54,82.33,82.49,101805.42
2026-08-20 03:30:00,82.49,82.59,82.43,82.55,71780.0
2026-08-20 03:35:00,82.55,82.58,82.45,82.55,39149.76
2026-08-20 03:40:00,82.55,82.65,82.5,82.58,54070.38
2026-08-20 03:45:00,82.59,82.73,82.53,82.69,62647.95
2026-08-20 03:50:00,82.7,84.4,82.67,84.13,1605337.06
2026-08-20 03:55:00,84.14,84.17,83.6,83.71,369059.55
2026-08-20 04:00:00,83.71,85.08,83.7,85.01,636913.29
2026-08-20 04:05:00,85.01,87.3,84.77,86.45,1669788.02
2026-08-20 04:10:00,86.44,86.56,85.67,86.1,557023.85
2026-08-20 04:15:00,86.1,86.26,85.89,86.12,239777.73
2026-08-20 04:20:00,86.11,86.87,86.1,86.4,245545.75
2026-08-20 04:25:00,86.39,87.2,86.39,86.99,221408.19
2026-08-20 04:30:00,86.99,87.2,86.63,86.72,236824.15
2026-08-20 04:35:00,86.72,86.85,86.2,86.31,131571.18
2026-08-20 04:40:00,86.31,86.62,86.2,86.62,71640.25
2026-08-20 04:45:00,86.62,87.22,86.42,86.84,144886.11
2026-08-20 04:50:00,86.84,86.86,86.6,86.73,80705.3
2026-08-20 04:55:00,86.74,86.86,86.41,86.63,139004.04
2026-08-20 05:00:00,86.63,86.84,85.82,86.06,318598.62
2026-08-20 05:05:00,86.06,86.35,85.83,86.05,287235.48
2026-08-20 05:10:00,86.06,86.11,85.56,85.74,276355.0
2026-08-20 05:15:00,85.74,86.04,85.74,85.93,141737.03
2026-08-20 05:20:00,85.94,86.06,85.63,85.64,154360.58
2026-08-20 05:25:00,85.65,85.72,85.31,85.34,164303.64
2026-08-20 05:30:00,85.34,85.51,84.9,85.29,278066.27
2026-08-20 05:35:00,85.3,85.83,85.1,85.76,170626.39
2026-08-20 05:40:00,85.77,85.97,85.65,85.67,144565.85
2026-08-20 05:45:00,85.66,85.67,85.22,85.32,179409.29
2026-08-20 05:50:00,85.31,85.46,85.11,85.15,125277.26
2026-08-20 05:55:00,85.16,85.56,85.09,85.48,130213.62
2026-08-20 06:00:00,85.48,85.58,85.31,85.51,127499.52
2026-08-20 06:05:00,85.5,85.54,85.37,85.38,70546.51
2026-08-20 06:10:00,85.37,85.52,85.31,85.36,53032.63
2026-08-20 06:15:00,85.35,85.5,85.3,85.45,69791.01
2026-08-20 06:20:00,85.45,85.48,85.26,85.31,58754.61
2026-08-20 06:25:00,85.31,85.53,85.26,85.43,66140.79
2026-08-20 06:30:00,85.43,85.44,85.14,85.14,100947.49
2026-08-20 06:35:00,85.13,85.49,85.13,85.45,83926.79
2026-08-20 06:40:00,85.44,85.76,85.42,85.61,117898.46
2026-08-20 06:45:00,85.6,85.62,85.16,85.16,66092.23
2026-08-20 06:50:00,85.16,85.32,85.02,85.25,101293.9
2026-08-20 06:55:00,85.24,85.47,85.2,85.37,34163.33
2026-08-20 07:00:00,85.37,85.68,85.31,85.53,146792.38
2026-08-20 07:05:00,85.54,85.68,85.42,85.56,67160.99
2026-08-20 07:10:00,85.57,85.58,85.29,85.48,66651.64
2026-08-20 07:15:00,85.49,85.75,85.4,85.74,54680.18
2026-08-20 07:20:00,85.73,85.78,85.54,85.61,99153.38
2026-08-20 07:25:00,85.6,85.75,85.53,85.62,59616.95
2026-08-20 07:30:00,85.61,85.68,85.52,85.62,85050.53
2026-08-20 07:35:00,85.62,85.7,85.43,85.69,58391.61
2026-08-20 07:40:00,85.69,85.69,85.37,85.48,73234.52
2026-08-20 07:45:00,85.49,85.67,85.46,85.56,68975.1
2026-08-20 07:50:00,85.55,85.56,85.0,85.13,207476.76
2026-08-20 07:55:00,85.12,85.16,84.89,84.99,117470.26
2026-08-20 08:00:00,85.0,85.13,84.9,85.05,55500.28
2026-08-20 08:05:00,85.04,85.05,84.71,84.78,173733.46
2026-08-20 08:10:00,84.77,84.85,84.63,84.8,97105.53
2026-08-20 08:15:00,84.81,84.96,84.66,84.95,137837.09
2026-08-20 08:20:00,84.95,84.98,84.8,84.85,43616.15
2026-08-20 08:25:00,84.84,84.88,84.68,84.76,55953.67
2026-08-20 08:30:00,84.75,84.98,84.69,84.98,44400.19
2026-08-20 08:35:00,84.97,85.02,84.92,85.0,48673.7
2026-08-20 08:40:00,84.99,85.06,84.96,85.06,39720.8
2026-08-20 08:45:00,85.06,85.39,85.05,85.34,93669.77
2026-08-20 08:50:00,85.35,85.4,85.21,85.26,37258.63
2026-08-20 08:55:00,85.26,85.36,85.2,85.36,37502.66
2026-08-20 09:00:00,85.36,85.44,85.29,85.39,68181.58
2026-08-20 09:05:00,85.39,85.39,85.25,85.25,28090.25
2026-08-20 09:10:00,85.26,85.34,85.15,85.29,29047.56
2026-08-20 09:15:00,85.29,85.35,85.17,85.23,42770.54
2026-08-20 09:20:00,85.22,85.24,85.11,85.12,38221.35
2026-08-20 09:25:00,85.13,85.13,85.05,85.06,20107.18
2026-08-20 09:30:00,85.07,85.11,84.98,85.06,36346.18
2026-08-20 09:35:00,85.06,85.07,84.88,84.94,27374.52
2026-08-20 09:40:00,84.94,84.95,84.85,84.86,27994.98
2026-08-20 09:45:00,84.85,84.87,84.75,84.8,55405.19
2026-08-20 09:50:00,84.8,84.83,84.69,84.74,56322.01
2026-08-20 09:55:00,84.74,84.84,84.68,84.76,39161.99
2026-08-20 10:00:00,84.76,84.78,84.36,84.37,204805.73
2026-08-20 10:05:00,84.37,84.41,84.06,84.18,162096.88
2026-08-20 10:10:00,84.17,84.29,83.97,84.22,156140.63
2026-08-20 10:15:00,84.23,84.52,84.22,84.49,102756.23
2026-08-20 10:20:00,84.48,84.61,84.37,84.39,43420.04
2026-08-20 10:25:00,84.38,84.4,84.22,84.27,41514.88
2026-08-20 10:30:00,84.27,84.44,84.26,84.37,47295.47
2026-08-20 10:35:00,84.38,84.48,84.32,84.4,29396.28
2026-08-20 10:40:00,84.4,84.57,84.4,84.52,32162.98
2026-08-20 10:45:00,84.51,84.69,84.49,84.56,53621.29
2026-08-20 10:50:00,84.57,84.67,84.51,84.58,29482.53
2026-08-20 10:55:00,84.58,84.59,84.47,84.48,26771.1
2026-08-20 11:00:00,84.48,84.59,84.46,84.59,28592.43
2026-08-20 11:05:00,84.58,84.71,84.51,84.7,46221.5
2026-08-20 11:10:00,84.7,84.72,84.57,84.61,36804.07
2026-08-20 11:15:00,84.62,84.7,84.58,84.67,37050.56
2026-08-20 11:20:00,84.67,84.67,84.48,84.55,62906.46
2026-08-20 11:25:00,84.56,84.65,84.52,84.53,22972.77
2026-08-20 11:30:00,84.54,84.55,84.41,84.46,44618.97
2026-08-20 11:35:00,84.46,84.52,84.44,84.46,32339.48
2026-08-20 11:40:00,84.45,84.62,84.41,84.59,45654.15
2026-08-20 11:45:00,84.6,84.71,84.59,84.7,29773.34
2026-08-20 11:50:00,84.7,84.96,84.69,84.85,112467.76
2026-08-20 11:55:00,84.85,84.9,84.82,84.82,30478.88
2026-08-20 12:00:00,84.83,84.92,84.8,84.85,58573.38
2026-08-20 12:05:00,84.84,84.98,84.82,84.92,36580.16
2026-08-20 12:10:00,84.91,84.92,84.84,84.85,23789.82
2026-08-20 12:15:00,84.85,85.01,84.84,84.97,40578.77
2026-08-20 12:20:00,84.97,85.06,84.92,85.06,27674.59
2026-08-20 12:25:00,85.06,85.07,84.89,84.89,35794.88
2026-08-20 12:30:00,84.9,84.98,84.87,84.98,26720.97
2026-08-20 12:35:00,84.98,85.03,84.91,84.92,23237.42
2026-08-20 12:40:00,84.93,84.99,84.92,84.99,15884.56
2026-08-20 12:45:00,84.99,84.99,84.84,84.88,31565.37
2026-08-20 12:50:00,84.89,84.94,84.79,84.91,62463.15
2026-08-20 12:55:00,84.91,84.96,84.84,84.94,19557.78
2026-08-20 13:00:00,84.94,84.96,84.76,84.79,87372.58
2026-08-20 13:05:00,84.78,84.88,84.69,84.71,92586.91
2026-08-20 13:10:00,84.71,84.84,84.69,84.79,63568.58
2026-08-20 13:15:00,84.8,84.97,84.76,84.96,110426.0
2026-08-20 13:20:00,84.95,85.23,84.87,85.22,130106.93
2026-08-20 13:25:00,85.21,85.48,85.14,85.44,260608.1
2026-08-20 13:30:00,85.44,85.48,85.27,85.31,92739.64
2026-08-20 13:35:00,85.32,85.62,85.27,85.55,183880.82
2026-08-20 13:40:00,85.55,85.82,85.54,85.77,171220.03
2026-08-20 13:45:00,85.77,85.92,85.7,85.8,131120.04
2026-08-20 13:50:00,85.8,85.84,85.76,85.8,43197.17
2026-08-20 13:55:00,85.8,85.92,85.79,85.91,59291.58
2026-08-20 14:00:00,85.9,85.92,85.79,85.89,63882.7
2026-08-20 14:05:00,85.89,86.01,85.87,85.95,103849.24
2026-08-20 14:10:00,85.95,86.02,85.81,85.91,81169.96
2026-08-20 14:15:00,85.91,86.0,85.79,85.82,63659.15
2026-08-20 14:20:00,85.82,85.95,85.77,85.81,57647.1
2026-08-20 14:25:00,85.8,86.08,85.8,86.01,50419.89
2026-08-20 14:30:00,86.0,86.15,85.83,86.11,88562.68
2026-08-20 14:35:00,86.11,86.13,85.87,85.9,55478.54
2026-08-20 14:40:00,85.9,85.95,85.78,85.86,49125.13
2026-08-20 14:45:00,85.86,86.12,85.8,86.04,74217.08
2026-08-20 14:50:00,86.04,86.19,85.96,86.19,63176.2
2026-08-20 14:55:00,86.18,86.19,86.02,86.16,40415.74
2026-08-20 15:00:00,86.16,86.19,86.03,86.11,61908.3
2026-08-20 15:05:00,86.12,86.89,86.1,86.8,332949.53
2026-08-20 15:10:00,86.79,87.53,86.69,87.44,434381.65
2026-08-20 15:15:00,87.43,87.66,87.05,87.53,362753.2
2026-08-20 15:20:00,87.54,87.57,87.01,87.19,277920.77
2026-08-20 15:25:00,87.19,87.58,87.12,87.55,204253.43
2026-08-20 15:30:00,87.55,87.64,87.36,87.5,220800.58
2026-08-20 15:35:00,87.51,87.86,87.36,87.74,242167.84
2026-08-20 15:40:00,87.73,87.91,87.52,87.9,232831.2
2026-08-20 15:45:00,87.89,87.99,87.7,87.72,224671.83
2026-08-20 15:50:00,87.72,87.86,87.6,87.86,129353.46
2026-08-20 15:55:00,87.85,87.92,87.48,87.51,137609.54
2026-08-20 16:00:00,87.52,87.6,87.38,87.43,153461.87
2026-08-20 16:05:00,87.43,87.67,87.27,87.46,186404.33
2026-08-20 16:10:00,87.47,87.68,87.35,87.66,162114.55
2026-08-20 16:15:00,87.66,87.81,87.55,87.64,140146.34
2026-08-20 16:20:00,87.65,87.82,87.55,87.8,126145.13
2026-08-20 16:25:00,87.8,87.8,87.52,87.52,100736.41
2026-08-20 16:30:00,87.52,87.64,87.34,87.4,127302.92
2026-08-20 16:35:00,87.41,87.62,87.37,87.49,84573.75
2026-08-20 16:40:00,87.5,87.73,87.47,87.56,84136.89
2026-08-20 16:45:00,87.56,87.61,87.51,87.51,58002.89
2026-08-20 16:50:00,87.51,87.56,87.08,87.12,143370.91
2026-08-20 16:55:00,87.13,87.37,87.08,87.33,81412.05
2026-08-20 17:00:00,87.33,87.5,87.2,87.33,60284.89
2026-08-20 17:05:00,87.32,87.53,87.28,87.51,65396.94
2026-08-20 17:10:00,87.5,87.57,87.38,87.54,62907.71
2026-08-20 17:15:00,87.54,87.8,87.49,87.77,109625.63
2026-08-20 17:20:00,87.76,87.81,87.5,87.61,98395.31
2026-08-20 17:25:00,87.6,87.6,87.33,87.42,69273.0
2026-08-20 17:30:00,87.43,87.45,87.16,87.24,65350.64
2026-08-20 17:35:00,87.24,87.32,87.15,87.25,46054.51
2026-08-20 17:40:00,87.25,87.28,87.07,87.11,68078.09
2026-08-20 17:45:00,87.11,87.21,87.03,87.04,70184.52
2026-08-20 17:50:00,87.04,87.28,86.98,87.23,68616.7
2026-08-20 17:55:00,87.22,87.49,87.17,87.45,83044.1
2026-08-20 18:00:00,87.45,87.45,87.23,87.37,115221.46
2026-08-20 18:05:00,87.38,87.38,87.16,87.2,41774.74
2026-08-20 18:10:00,87.19,87.23,87.07,87.14,59021.38
2026-08-20 18:15:00,87.14,87.19,87.08,87.15,32471.67
2026-08-20 18:20:00,87.15,87.27,87.11,87.26,55484.62
2026-08-20 18:25:00,87.25,87.34,87.16,87.16,45995.99
2026-08-20 18:30:00,87.16,87.72,87.12,87.71,175082.56
2026-08-20 18:35:00,87.71,88.12,87.69,88.0,234295.44
2026-08-20 18:40:00,88.01,88.09,87.69,87.72,153965.54
2026-08-20 18:45:00,87.71,87.87,87.7,87.84,83590.52
2026-08-20 18:50:00,87.83,87.87,87.5,87.51,87117.69
2026-08-20 18:55:00,87.51,87.53,87.17,87.18,152004.86
2026-08-20 19:00:00,87.18,87.4,87.06,87.17,165566.44
2026-08-20 19:05:00,87.17,87.26,86.57,86.74,291535.11
2026-08-20 19:10:00,86.73,87.03,86.71,86.83,112855.47
2026-08-20 19:15:00,86.82,86.98,86.72,86.78,78499.49
2026-08-20 19:20:00,86.77,86.98,86.77,86.96,64033.12
2026-08-20 19:25:00,86.97,87.0,86.88,86.92,46430.82
2026-08-20 19:30:00,86.93,87.06,86.71,86.79,129782.57
2026-08-20 19:35:00,86.79,86.84,86.65,86.84,92376.75
2026-08-20 19:40:00,86.84,86.88,86.69,86.71,65492.04
2026-08-20 19:45:00,86.72,86.78,86.51,86.69,98574.24
2026-08-20 19:50:00,86.7,87.04,86.69,87.04,112920.72
2026-08-20 19:55:00,87.04,87.12,87.0,87.05,64265.99
2026-08-20 20:00:00,87.06,87.27,87.0,87.18,78405.11
2026-08-20 20:05:00,87.19,87.34,87.19,87.29,101611.18
2026-08-20 20:10:00,87.28,87.29,87.12,87.27,43839.66
2026-08-20 20:15:00,87.28,87.37,87.21,87.34,69679.55
2026-08-20 20:20:00,87.34,87.48,87.14,87.23,93740.07
2026-08-20 20:25:00,87.22,87.22,86.94,87.03,130345.14
2026-08-20 20:30:00,87.03,87.03,86.37,86.54,312586.07
2026-08-20 20:35:00,86.54,86.73,86.16,86.46,314480.51
2026-08-20 20:40:00,86.46,86.8,86.32,86.76,139435.7
2026-08-20 20:45:00,86.75,86.82,86.34,86.56,119990.08
2026-08-20 20:50:00,86.55,86.76,86.36,86.58,166356.36
2026-08-20 20:55:00,86.59,86.71,86.48,86.54,72917.14
2026-08-20 21:00:00,86.55,86.65,86.45,86.48,72870.59
2026-08-20 21:05:00,86.48,86.7,86.42,86.63,72402.87
2026-08-20 21:10:00,86.64,86.86,86.55,86.57,93551.54
2026-08-20 21:15:00,86.57,86.59,86.28,86.32,109334.39
2026-08-20 21:20:00,86.31,86.56,86.22,86.53,118284.36
2026-08-20 21:25:00,86.52,86.53,86.18,86.29,69710.88
2026-08-20 21:30:00,86.28,86.58,86.26,86.42,89593.27
2026-08-20 21:35:00,86.42,86.57,86.33,86.41,48657.72
2026-08-20 21:40:00,86.42,86.48,86.27,86.36,55823.78
2026-08-20 21:45:00,86.37,86.38,86.13,86.26,71244.28
2026-08-20 21:50:00,86.26,86.55,86.25,86.46,100650.89
2026-08-20 21:55:00,86.46,86.6,86.39,86.6,68294.39
2026-08-20 22:00:00,86.59,87.34,86.54,87.16,197688.77
2026-08-20 22:05:00,87.16,87.28,86.72,86.88,169149.23
2026-08-20 22:10:00,86.88,87.04,86.83,87.01,97246.95
2026-08-20 22:15:00,87.02,87.04,86.82,86.98,116654.57
2026-08-20 22:20:00,86.98,87.13,86.64,86.72,143059.86
2026-08-20 22:25:00,86.72,87.05,86.68,87.03,63796.09
2026-08-20 22:30:00,87.03,87.33,86.96,87.02,138002.14
2026-08-20 22:35:00,87.03,87.03,86.71,86.85,118585.84
2026-08-20 22:40:00,86.85,86.94,86.78,86.82,49377.37
2026-08-20 22:45:00,86.83,87.08,86.75,87.06,85533.37
2026-08-20 22:50:00,87.06,87.35,87.01,87.29,133684.75
2026-08-20 22:55:00,87.3,87.47,87.2,87.35,142092.28
2026-08-20 23:00:00,87.35,87.35,87.03,87.08,142953.17
2026-08-20 23:05:00,87.08,87.34,87.08,87.34,89674.91
2026-08-20 23:10:00,87.34,87.35,87.04,87.12,52826.66
2026-08-20 23:15:00,87.13,87.22,86.94,87.06,108910.17
2026-08-20 23:20:00,87.06,87.06,86.85,86.85,73125.33
2026-08-20 23:25:00,86.85,87.11,86.84,87.1,43118.48
2026-08-20 23:30:00,87.09,87.2,86.91,87.1,43965.63
2026-08-20 23:35:00,87.1,87.24,87.03,87.23,61275.91
2026-08-20 23:40:00,87.23,87.7,87.22,87.49,226522.21
2026-08-20 23:45:00,87.48,87.55,87.36,87.41,72298.78
2026-08-20 23:50:00,87.42,87.61,87.36,87.59,74989.29
2026-08-20 23:55:00,87.59,87.85,87.46,87.74,186686.81
2026-08-21 00:00:00,87.73,87.86,87.59,87.67,102596.78
2026-08-21 00:05:00,87.68,87.74,87.5,87.53,63186.26
2026-08-21 00:10:00,87.52,87.59,87.32,87.38,102430.07
2026-08-21 00:15:00,87.38,87.46,87.26,87.36,56233.68
2026-08-21 00:20:00,87.36,87.59,87.26,87.57,46211.19
2026-08-21 00:25:00,87.57,87.66,87.51,87.58,52522.78
2026-08-21 00:30:00,87.58,87.72,87.55,87.69,53568.7
2026-08-21 00:35:00,87.68,87.74,87.52,87.72,53919.88
2026-08-21 00:40:00,87.71,87.79,87.45,87.5,45200.79
2026-08-21 00:45:00,87.5,87.75,87.47,87.75,38149.67
2026-08-21 00:50:00,87.74,87.92,87.68,87.74,81849.63
2026-08-21 00:55:00,87.74,87.78,87.45,87.47,68563.64
2026-08-21 01:00:00,87.48,87.64,87.0,87.16,221827.35
2026-08-21 01:05:00,87.15,87.25,87.03,87.08,173202.44
2026-08-21 01:10:00,87.08,87.1,86.89,86.99,178642.84
2026-08-21 01:15:00,86.98,87.1,86.75,87.09,155807.37
2026-08-21 01:20:00,87.1,87.32,87.09,87.32,58943.66
2026-08-21 01:25:00,87.32,87.34,87.11,87.16,44921.31
2026-08-21 01:30:00,87.16,87.22,86.67,86.73,114000.6
2026-08-21 01:35:00,86.72,86.88,86.65,86.67,106365.52
2026-08-21 01:40:00,86.66,86.88,86.63,86.83,55856.31
2026-08-21 01:45:00,86.83,86.96,86.81,86.92,56680.64
2026-08-21 01:50:00,86.91,87.09,86.87,86.99,50925.39
2026-08-21 01:55:00,86.98,87.02,86.82,86.82,34754.02
2026-08-21 02:00:00,86.83,87.19,86.81,87.11,97199.28
2026-08-21 02:05:00,87.11,87.37,87.03,87.24,101091.53
2026-08-21 02:10:00,87.25,87.32,87.13,87.14,28279.9
2026-08-21 02:15:00,87.15,87.26,87.12,87.22,58215.39
2026-08-21 02:20:00,87.22,87.45,87.19,87.45,37057.0
2026-08-21 02:25:00,87.44,87.44,87.22,87.27,52500.79
2026-08-21 02:30:00,87.26,87.33,87.12,87.16,50906.58
2026-08-21 02:35:00,87.17,87.42,87.09,87.38,69637.57
2026-08-21 02:40:00,87.38,87.5,87.36,87.4,65251.53
2026-08-21 02:45:00,87.4,87.45,87.13,87.19,75316.35
2026-08-21 02:50:00,87.19,87.29,87.14,87.16,46838.82
2026-08-21 02:55:00,87.17,87.3,87.06,87.3,123246.37
2026-08-21 03:00:00,87.3,87.38,87.22,87.31,47723.71
2026-08-21 03:05:00,87.31,87.36,87.25,87.36,28384.94
2026-08-21 03:10:00,87.36,87.46,87.32,87.36,54898.37
2026-08-21 03:15:00,87.36,87.46,87.33,87.38,70785.5
2026-08-21 03:20:00,87.37,87.41,87.24,87.35,55772.2
2026-08-21 03:25:00,87.35,87.46,87.3,87.41,92974.17
2026-08-21 03:30:00,87.41,87.64,87.4,87.56,82270.9
2026-08-21 03:35:00,87.55,87.68,87.46,87.46,91926.58
2026-08-21 03:40:00,87.46,87.55,87.44,87.51,39376.91
2026-08-21 03:45:00,87.51,87.57,87.48,87.53,28653.23
2026-08-21 03:50:00,87.52,87.53,87.41,87.45,70585.85
2026-08-21 03:55:00,87.45,87.58,87.44,87.58,30519.63
2026-08-21 04:00:00,87.57,87.68,87.56,87.65,54989.29
2026-08-21 04:05:00,87.65,87.77,87.62,87.77,69832.64
2026-08-21 04:10:00,87.77,87.87,87.69,87.69,64216.83
2026-08-21 04:15:00,87.69,87.81,87.56,87.57,55105.27
2026-08-21 04:20:00,87.58,87.62,87.44,87.44,35402.92
2026-08-21 04:25:00,87.44,87.55,87.4,87.44,31748.11
2026-08-21 04:30:00,87.44,87.7,87.43,87.7,31686.72
2026-08-21 04:35:00,87.7,87.71,87.45,87.46,24691.02
2026-08-21 04:40:00,87.46,87.58,87.45,87.52,22810.07
2026-08-21 04:45:00,87.52,87.59,87.51,87.53,17164.8
2026-08-21 04:50:00,87.54,87.57,87.43,87.48,18788.61
2026-08-21 04:55:00,87.47,87.54,87.43,87.49,31850.83
2026-08-21 05:00:00,87.49,87.5,87.24,87.25,109663.1
2026-08-21 05:05:00,87.24,87.4,87.23,87.38,53857.75
2026-08-21 05:10:00,87.39,87.43,87.31,87.37,40542.07
2026-08-21 05:15:00,87.37,87.39,87.24,87.31,49623.86
2026-08-21 05:20:00,87.3,87.54,87.3,87.54,44018.47
2026-08-21 05:25:00,87.54,87.59,87.41,87.45,51864.77
2026-08-21 05:30:00,87.45,87.48,87.3,87.36,46221.24
2026-08-21 05:35:00,87.37,87.4,87.28,87.32,34700.91
2026-08-21 05:40:00,87.31,87.32,87.21,87.23,24926.38
2026-08-21 05:45:00,87.22,87.34,87.2,87.3,14312.8
2026-08-21 05:50:00,87.3,87.43,87.3,87.36,19145.68
2026-08-21 05:55:00,87.35,87.36,87.18,87.22,51336.26
2026-08-21 06:00:00,87.22,87.32,87.19,87.27,17005.38
2026-08-21 06:05:00,87.27,87.39,87.27,87.35,17634.54
2026-08-21 06:10:00,87.35,87.44,87.35,87.44,18460.01
2026-08-21 06:15:00,87.43,87.53,87.36,87.49,38353.25
2026-08-21 06:20:00,87.5,87.58,87.46,87.54,42152.83
2026-08-21 06:25:00,87.53,87.92,87.53,87.82,174907.58
2026-08-21 06:30:00,87.83,87.99,87.72,87.74,74805.96
2026-08-21 06:35:00,87.74,87.76,87.63,87.67,60167.07
2026-08-21 06:40:00,87.67,87.69,87.53,87.6,41338.44
2026-08-21 06:45:00,87.6,87.69,87.55,87.67,40152.75
2026-08-21 06:50:00,87.66,87.71,87.57,87.7,38262.99
2026-08-21 06:55:00,87.71,87.72,87.57,87.63,46653.84
2026-08-21 07:00:00,87.64,87.74,87.55,87.55,77737.01
2026-08-21 07:05:00,87.55,87.8,87.55,87.68,44163.28
2026-08-21 07:10:00,87.68,87.95,87.66,87.93,81033.61
2026-08-21 07:15:00,87.93,88.46,87.75,88.24,289117.57
2026-08-21 07:20:00,88.24,88.78,88.11,88.72,326545.78
2026-08-21 07:25:00,88.73,88.79,88.3,88.38,140442.33
2026-08-21 07:30:00,88.38,88.66,88.25,88.28,223477.68
2026-08-21 07:35:00,88.27,88.27,87.93,88.04,93486.65
2026-08-21 07:40:00,88.04,88.04,87.79,87.92,105935.54
2026-08-21 07:45:00,87.92,88.17,87.79,88.1,68494.24
2026-08-21 07:50:00,88.09,88.43,88.03,88.2,105332.04
2026-08-21 07:55:00,88.2,88.31,87.96,88.21,78963.71
2026-08-21 08:00:00,88.21,88.42,88.1,88.32,54503.41
2026-08-21 08:05:00,88.32,88.37,88.23,88.33,45792.76
2026-08-21 08:10:00,88.34,88.44,88.24,88.36,73097.45
2026-08-21 08:15:00,88.36,89.1,88.28,88.73,346719.45
2026-08-21 08:20:00,88.72,88.77,88.19,88.35,214179.9
2026-08-21 08:25:00,88.35,88.42,88.24,88.37,121621.31
2026-08-21 08:30:00,88.37,88.71,88.26,88.59,128264.33
2026-08-21 08:35:00,88.58,88.6,88.26,88.34,68110.12
2026-08-21 08:40:00,88.35,88.49,88.24,88.47,61751.09
2026-08-21 08:45:00,88.47,89.47,88.41,89.42,394174.91
2026-08-21 08:50:00,89.42,89.49,89.06,89.11,240200.82
2026-08-21 08:55:00,89.11,89.17,88.86,88.99,140988.51
2026-08-21 09:00:00,89.0,89.21,88.48,89.2,311899.57
2026-08-21 09:05:00,89.21,89.79,89.18,89.2,327051.53
2026-08-21 09:10:00,89.2,89.23,88.76,89.18,129072.85
2026-08-21 09:15:00,89.17,89.32,88.97,89.27,121717.27
2026-08-21 09:20:00,89.26,89.3,88.87,88.94,107545.29
2026-08-21 09:25:00,88.94,89.43,88.94,89.39,121063.49
2026-08-21 09:30:00,89.4,89.44,88.91,89.19,115833.24
2026-08-21 09:35:00,89.19,90.2,89.08,89.93,611755.51
2026-08-21 09:40:00,89.93,90.12,89.62,89.72,167198.81
2026-08-21 09:45:00,89.72,89.73,89.34,89.5,171702.15
2026-08-21 09:50:00,89.5,89.68,89.13,89.2,125663.13
2026-08-21 09:55:00,89.2,89.31,89.12,89.25,93444.0
2026-08-21 10:00:00,89.25,89.29,89.06,89.14,75383.08
2026-08-21 10:05:00,89.15,89.15,88.73,89.04,156285.73
2026-08-21 10:10:00,89.03,89.38,88.96,89.11,104285.11
2026-08-21 10:15:00,89.11,89.14,88.9,89.03,69969.11
2026-08-21 10:20:00,89.02,89.34,89.02,89.3,71936.1
2026-08-21 10:25:00,89.3,89.4,89.22,89.36,53050.75
2026-08-21 10:30:00,89.35,89.47,89.26,89.27,52221.64
2026-08-21 10:35:00,89.27,89.42,89.1,89.22,47667.05
2026-08-21 10:40:00,89.22,89.31,89.16,89.17,46187.68
2026-08-21 10:45:00,89.18,89.47,89.18,89.39,45627.32
2026-08-21 10:50:00,89.38,89.55,89.24,89.26,68068.31
2026-08-21 10:55:00,89.26,89.34,89.09,89.1,41281.83
2026-08-21 11:00:00,89.1,89.46,89.09,89.39,62110.63
2026-08-21 11:05:00,89.39,89.42,89.16,89.21,39909.05
2026-08-21 11:10:00,89.21,89.29,89.02,89.05,79134.2
2026-08-21 11:15:00,89.06,89.36,89.05,89.23,82287.02
2026-08-21 11:20:00,89.23,89.31,89.1,89.11,30899.25
2026-08-21 11:25:00,89.11,89.16,88.86,88.93,104292.18
2026-08-21 11:30:00,88.94,89.23,88.87,89.14,63768.86
2026-08-21 11:35:00,89.14,89.2,89.06,89.07,28504.38
2026-08-21 11:40:00,89.06,89.16,88.96,89.13,60349.58
2026-08-21 11:45:00,89.14,89.48,89.08,89.29,93122.03
2026-08-21 11:50:00,89.29,89.49,89.29,89.46,54968.32
2026-08-21 11:55:00,89.46,89.49,89.36,89.46,34968.48
2026-08-21 12:00:00,89.47,89.47,89.17,89.25,59004.52
2026-08-21 12:05:00,89.24,89.56,89.24,89.43,56045.75
2026-08-21 12:10:00,89.43,89.68,89.4,89.61,55834.28
2026-08-21 12:15:00,89.62,89.89,89.5,89.86,130301.37
2026-08-21 12:20:00,89.87,89.99,89.69,89.7,113694.58
2026-08-21 12:25:00,89.7,89.72,89.42,89.62,78942.41
2026-08-21 12:30:00,89.62,89.86,89.54,89.78,60507.56
2026-08-21 12:35:00,89.78,90.09,89.71,90.02,103904.04
2026-08-21 12:40:00,90.02,90.14,89.88,90.14,116614.38
2026-08-21 12:45:00,90.14,90.64,90.1,90.48,267525.03
2026-08-21 12:50:00,90.48,90.73,90.36,90.4,174291.46
2026-08-21 12:55:00,90.41,90.51,90.2,90.41,150567.32
2026-08-21 13:00:00,90.42,91.08,90.31,90.88,267000.05
2026-08-21 13:05:00,90.89,91.33,90.73,90.98,212636.73
2026-08-21 13:10:00,90.99,91.0,90.65,90.72,120275.41
2026-08-21 13:15:00,90.72,90.85,90.58,90.65,70306.24
2026-08-21 13:20:00,90.64,90.67,90.0,90.1,199022.54
2026-08-21 13:25:00,90.11,90.34,90.02,90.05,100582.59
2026-08-21 13:30:00,90.05,90.38,90.03,90.3,96030.32
2026-08-21 13:35:00,90.29,90.42,90.15,90.4,92304.94
2026-08-21 13:40:00,90.41,90.45,90.02,90.04,98346.17
2026-08-21 13:45:00,90.05,90.45,89.72,90.29,378956.5
2026-08-21 13:50:00,90.3,90.33,90.08,90.1,53896.41
2026-08-21 13:55:00,90.1,90.22,90.1,90.21,41588.16
2026-08-21 14:00:00,90.22,90.63,90.16,90.49,109022.47
2026-08-21 14:05:00,90.49,90.66,90.43,90.6,72140.18
2026-08-21 14:10:00,90.6,90.79,90.59,90.78,78795.59
2026-08-21 14:15:00,90.78,91.19,90.7,90.91,293543.9
2026-08-21 14:20:00,90.91,90.96,90.32,90.32,219262.32
2026-08-21 14:25:00,90.32,90.5,90.16,90.27,136299.41
2026-08-21 14:30:00,90.27,90.32,89.92,90.16,236685.67
2026-08-21 14:35:00,90.15,90.43,90.03,90.41,77774.37
2026-08-21 14:40:00,90.41,90.74,90.35,90.56,93711.2
2026-08-21 14:45:00,90.56,90.71,90.46,90.49,74864.97
2026-08-21 14:50:00,90.49,90.53,90.33,90.33,60367.85
2026-08-21 14:55:00,90.33,90.51,90.3,90.41,71437.21
2026-08-21 15:00:00,90.41,90.74,90.35,90.63,83130.99
2026-08-21 15:05:00,90.62,90.85,90.5,90.78,64521.95
2026-08-21 15:10:00,90.79,91.02,90.7,90.73,116067.92
2026-08-21 15:15:00,90.74,91.11,90.7,91.06,134212.31
2026-08-21 15:20:00,91.05,91.37,90.98,91.25,364629.49
2026-08-21 15:25:00,91.26,91.56,91.21,91.37,210367.77
2026-08-21 15:30:00,91.38,91.74,91.24,91.72,224898.95
2026-08-21 15:35:00,91.71,92.19,91.67,92.07,369936.53
2026-08-21 15:40:00,92.08,92.19,91.93,92.14,160445.63
2026-08-21 15:45:00,92.13,92.76,92.11,92.6,389692.49
2026-08-21 15:50:00,92.59,92.91,92.51,92.86,334268.61
2026-08-21 15:55:00,92.85,93.42,92.73,93.29,415748.09
2026-08-21 16:00:00,93.28,93.34,90.89,91.26,1047301.23
2026-08-21 16:05:00,91.26,91.44,90.29,91.38,685715.91
2026-08-21 16:10:00,91.38,91.82,91.3,91.39,302797.54
2026-08-21 16:15:00,91.38,91.59,90.91,91.17,336210.65
2026-08-21 16:20:00,91.17,91.33,90.9,90.95,218797.07
2026-08-21 16:25:00,90.96,91.31,90.84,91.18,177238.21
2026-08-21 16:30:00,91.18,91.55,91.0,91.47,168989.46
2026-08-21 16:35:00,91.47,91.7,91.37,91.63,127799.85
2026-08-21 16:40:00,91.64,91.96,91.58,91.86,159335.69
2026-08-21 16:45:00,91.87,92.18,91.82,92.16,248133.12
2026-08-21 16:50:00,92.16,92.17,91.83,91.94,105016.45
2026-08-21 16:55:00,91.93,92.0,91.26,91.66,183222.35
2026-08-21 17:00:00,91.67,91.75,91.19,91.24,110599.86
2026-08-21 17:05:00,91.25,91.46,91.13,91.14,116738.26
2026-08-21 17:10:00,91.15,91.36,91.15,91.27,87863.05
2026-08-21 17:15:00,91.26,91.71,91.25,91.64,115283.79
2026-08-21 17:20:00,91.64,91.64,91.26,91.29,98444.26
2026-08-21 17:25:00,91.28,91.31,90.84,91.27,138300.13
2026-08-21 17:30:00,91.26,91.36,90.9,90.96,81593.47
2026-08-21 17:35:00,90.97,91.21,90.85,91.16,60765.48
2026-08-21 17:40:00,91.16,91.38,91.13,91.36,63070.17
2026-08-21 17:45:00,91.37,91.68,91.37,91.53,62968.18
2026-08-21 17:50:00,91.52,91.56,91.38,91.54,36427.35
2026-08-21 17:55:00,91.54,91.59,91.39,91.48,38269.31
2026-08-21 18:00:00,91.47,91.52,91.09,91.52,62281.5
2026-08-21 18:05:00,91.51,91.62,91.46,91.5,63475.13
2026-08-21 18:10:00,91.5,91.51,90.46,91.12,452447.76
2026-08-21 18:15:00,91.13,91.16,90.7,90.7,139726.32
2026-08-21 18:20:00,90.71,91.16,90.66,90.93,187974.84
2026-08-21 18:25:00,90.93,91.06,90.87,91.0,53026.17
2026-08-21 18:30:00,91.0,91.03,89.8,90.13,505485.29
2026-08-21 18:35:00,90.14,90.74,90.07,90.6,230398.1
2026-08-21 18:40:00,90.59,90.71,90.28,90.47,128519.03
2026-08-21 18:45:00,90.47,90.59,90.1,90.19,99032.61
2026-08-21 18:50:00,90.2,90.65,90.13,90.59,100610.93
2026-08-21 18:55:00,90.6,90.6,90.19,90.31,113298.12
2026-08-21 19:00:00,90.31,90.39,90.02,90.15,160668.52
2026-08-21 19:05:00,90.15,90.52,90.15,90.29,92438.86
2026-08-21 19:10:00,90.29,90.52,90.09,90.48,136780.49
2026-08-21 19:15:00,90.49,90.49,90.28,90.38,54192.63
2026-08-21 19:20:00,90.38,90.43,90.2,90.38,69580.34
2026-08-21 19:25:00,90.38,90.42,90.22,90.33,39373.91
2026-08-21 19:30:00,90.32,90.42,90.25,90.39,62120.25
2026-08-21 19:35:00,90.39,90.97,90.39,90.92,188621.62
2026-08-21 19:40:00,90.92,91.15,90.88,91.08,151707.31
2026-08-21 19:45:00,91.09,91.12,90.96,91.1,101701.08
2026-08-21 19:50:00,91.09,91.16,90.82,90.86,69060.96
2026-08-21 19:55:00,90.87,90.98,90.81,90.87,46780.46
2026-08-21 20:00:00,90.88,90.89,90.69,90.89,79287.67
2026-08-21 20:05:00,90.89,91.0,90.85,90.92,54790.93
2026-08-21 20:10:00,90.92,90.92,90.71,90.87,46102.32
2026-08-21 20:15:00,90.87,90.88,90.5,90.62,46968.22
2026-08-21 20:20:00,90.61,90.61,90.4,90.56,46676.24
2026-08-21 20:25:00,90.55,90.86,90.49,90.75,66409.57
2026-08-21 20:30:00,90.75,90.75,90.02,90.15,216077.74
2026-08-21 20:35:00,90.15,90.71,89.74,90.68,279097.29
2026-08-21 20:40:00,90.69,91.06,90.67,90.99,189478.62
2026-08-21 20:45:00,90.99,91.21,90.87,91.19,156663.38
2026-08-21 20:50:00,91.19,91.38,90.89,90.98,119302.76
2026-08-21 20:55:00,90.97,91.15,90.82,91.04,116560.16
2026-08-21 21:00:00,91.05,91.06,90.55,90.55,170232.82
2026-08-21 21:05:00,90.56,91.1,90.55,90.89,71243.53
2026-08-21 21:10:00,90.88,91.1,90.76,90.94,68489.8
2026-08-21 21:15:00,90.94,91.09,90.76,90.82,76013.67
2026-08-21 21:20:00,90.82,91.23,90.76,91.04,142095.57
2026-08-21 21:25:00,91.03,91.38,91.0,91.32,102653.9
2026-08-21 21:30:00,91.32,91.44,91.2,91.36,125274.75
2026-08-21 21:35:00,91.37,91.72,91.13,91.17,151612.02
2026-08-21 21:40:00,91.17,91.57,91.12,91.51,113879.68
2026-08-21 21:45:00,91.5,91.85,91.47,91.66,98332.61
2026-08-21 21:50:00,91.66,91.94,91.65,91.7,99473.93
2026-08-21 21:55:00,91.7,91.97,91.63,91.86,75038.05
2026-08-21 22:00:00,91.87,92.15,91.82,92.05,146223.55
2026-08-21 22:05:00,92.05,92.17,91.88,92.08,112129.16
2026-08-21 22:10:00,92.08,92.1,91.62,91.88,124508.09
2026-08-21 22:15:00,91.87,92.02,91.58,91.69,117105.9
2026-08-21 22:20:00,91.68,91.83,91.6,91.62,53427.5
2026-08-21 22:25:00,91.62,91.76,91.47,91.55,72704.06
2026-08-21 22:30:00,91.55,91.71,91.34,91.41,90828.38
2026-08-21 22:35:00,91.41,91.66,91.34,91.65,69604.13
2026-08-21 22:40:00,91.65,91.8,91.58,91.58,52271.49
2026-08-21 22:45:00,91.59,91.7,91.44,91.45,45426.26
2026-08-21 22:50:00,91.44,91.57,91.23,91.24,82718.35
2026-08-21 22:55:00,91.25,91.42,91.22,91.36,65691.71
2026-08-21 23:00:00,91.36,91.51,91.16,91.2,98744.77
2026-08-21 23:05:00,91.2,91.34,90.93,90.94,140899.97
2026-08-21 23:10:00,90.93,91.17,90.77,90.79,98066.19
2026-08-21 23:15:00,90.78,91.34,90.75,91.24,82118.98
2026-08-21 23:20:00,91.23,91.45,91.15,91.26,56885.04
2026-08-21 23:25:00,91.27,91.53,91.21,91.51,48120.04
2026-08-21 23:30:00,91.51,91.57,91.38,91.53,59701.97
2026-08-21 23:35:00,91.53,91.59,91.42,91.58,29963.76
2026-08-21 23:40:00,91.59,91.6,91.31,91.38,51081.45
2026-08-21 23:45:00,91.38,91.74,91.35,91.69,75366.13
2026-08-21 23:50:00,91.7,91.93,91.64,91.71,107665.52
2026-08-21 23:55:00,91.71,91.76,91.56,91.6,35630.73
2026-08-22 00:00:00,91.61,91.7,91.5,91.63,50964.66
2026-08-22 00:05:00,91.63,91.93,91.59,91.77,77378.38
2026-08-22 00:10:00,91.78,91.88,91.61,91.72,49530.58
2026-08-22 00:15:00,91.72,91.75,91.41,91.56,140434.5
2026-08-22 00:20:00,91.55,91.55,91.17,91.19,65371.82
2026-08-22 00:25:00,91.2,91.63,91.19,91.56,76178.3
2026-08-22 00:30:00,91.57,91.97,91.53,91.96,63759.35
2026-08-22 00:35:00,91.96,91.96,91.73,91.91,51203.79
2026-08-22 00:40:00,91.91,92.0,91.36,91.59,361935.46
2026-08-22 00:45:00,91.59,91.93,91.51,91.78,56140.44
2026-08-22 00:50:00,91.78,91.85,91.73,91.73,44169.64
2026-08-22 00:55:00,91.73,91.91,91.73,91.8,38364.33
2026-08-22 01:00:00,91.8,91.94,91.74,91.93,42050.93
2026-08-22 01:05:00,91.94,92.06,91.82,91.83,108169.89
2026-08-22 01:10:00,91.82,92.0,91.78,91.84,43539.55
2026-08-22 01:15:00,91.84,91.93,91.64,91.91,49983.25
2026-08-22 01:20:00,91.9,92.08,91.88,91.94,54335.17
2026-08-22 01:25:00,91.95,92.02,91.86,91.9,50781.27
2026-08-22 01:30:00,91.9,92.01,91.8,91.99,30185.74
2026-08-22 01:35:00,91.99,92.0,91.73,91.96,314454.79
2026-08-22 01:40:00,91.96,91.99,91.29,91.42,137066.98
2026-08-22 01:45:00,91.42,91.42,91.07,91.11,149418.03
2026-08-22 01:50:00,91.12,91.44,91.11,91.35,69102.5
2026-08-22 01:55:00,91.36,91.62,91.3,91.56,53109.16
2026-08-22 02:00:00,91.57,91.63,90.86,90.92,191376.84
2026-08-22 02:05:00,90.92,91.14,90.84,91.12,87512.98
2026-08-22 02:10:00,91.12,91.37,91.03,91.32,63705.51
2026-08-22 02:15:00,91.31,91.32,90.9,91.1,117891.3
2026-08-22 02:20:00,91.1,91.2,90.98,91.17,43342.5
2026-08-22 02:25:00,91.17,91.41,91.16,91.31,44493.68
2026-08-22 02:30:00,91.32,91.37,91.07,91.09,37601.86
2026-08-22 02:35:00,91.1,91.15,90.97,91.05,49273.36
2026-08-22 02:40:00,91.05,91.05,90.78,90.84,55629.75
2026-08-22 02:45:00,90.85,91.08,90.76,91.04,46547.27
2026-08-22 02:50:00,91.03,91.05,90.9,91.02,33187.26
2026-08-22 02:55:00,91.02,91.05,90.85,90.96,29707.13
2026-08-22 03:00:00,90.97,91.18,90.43,91.16,248754.82
2026-08-22 03:05:00,91.17,91.3,91.02,91.23,100238.32
2026-08-22 03:10:00,91.24,91.34,91.14,91.22,48545.32
2026-08-22 03:15:00,91.21,91.57,91.21,91.54,64045.71
2026-08-22 03:20:00,91.55,91.98,91.54,91.91,98975.72
2026-08-22 03:25:00,91.91,91.92,91.62,91.81,123662.42
2026-08-22 03:30:00,91.82,91.85,91.73,91.78,34590.78
2026-08-22 03:35:00,91.78,91.82,91.66,91.75,95315.69
2026-08-22 03:40:00,91.74,91.95,91.74,91.85,46059.5
2026-08-22 03:45:00,91.85,91.86,91.54,91.7,47712.49
2026-08-22 03:50:00,91.7,91.87,91.68,91.81,36964.98
2026-08-22 03:55:00,91.81,91.87,91.74,91.86,21558.76
2026-08-22 04:00:00,91.87,91.9,91.75,91.85,34842.97
2026-08-22 04:05:00,91.85,91.86,91.66,91.75,39366.21
2026-08-22 04:10:00,91.76,92.45,91.74,92.28,254989.14
2026-08-22 04:15:00,92.29,92.46,92.17,92.45,83873.5
2026-08-22 04:20:00,92.45,92.98,92.31,92.88,225570.46
2026-08-22 04:25:00,92.87,93.0,92.66,92.8,161455.71
2026-08-22 04:30:00,92.8,93.07,92.72,93.01,110576.61
2026-08-22 04:35:00,93.01,93.08,92.61,92.74,91028.18
2026-08-22 04:40:00,92.74,93.11,92.72,93.06,79421.13
2026-08-22 04:45:00,93.06,93.7,93.05,93.63,237442.35
2026-08-22 04:50:00,93.63,93.88,93.55,93.84,282893.58
2026-08-22 04:55:00,93.84,93.88,93.63,93.75,118087.04
2026-08-22 05:00:00,93.75,94.37,93.57,93.99,302170.31
2026-08-22 05:05:00,93.98,94.42,93.82,94.31,228221.48
2026-08-22 05:10:00,94.31,94.36,94.05,94.12,189555.59
2026-08-22 05:15:00,94.11,94.11,93.62,93.83,236603.04
2026-08-22 05:20:00,93.84,93.96,93.44,93.84,210637.41
2026-08-22 05:25:00,93.84,94.19,93.78,94.19,103372.82
2026-08-22 05:30:00,94.18,94.27,93.31,93.82,275096.28
2026-08-22 05:35:00,93.82,94.1,93.66,94.04,119059.75
2026-08-22 05:40:00,94.04,94.53,93.97,94.37,146770.13
2026-08-22 05:45:00,94.36,94.37,93.7,93.76,165630.85
2026-08-22 05:50:00,93.75,94.14,93.59,94.11,155760.67
2026-08-22 05:55:00,94.11,94.65,94.08,94.3,318567.47
2026-08-22 06:00:00,94.29,94.35,93.87,93.97,157592.22
2026-08-22 06:05:00,93.97,94.24,93.88,94.16,90679.84
2026-08-22 06:10:00,94.15,94.26,93.99,94.08,79771.62
2026-08-22 06:15:00,94.07,94.47,94.06,94.43,96089.19
2026-08-22 06:20:00,94.43,94.9,94.35,94.9,153599.49
2026-08-22 06:25:00,94.9,95.04,94.24,94.43,244798.4
2026-08-22 06:30:00,94.43,94.49,94.0,94.08,196397.72
2026-08-22 06:35:00,94.08,94.15,93.61,93.67,161985.95
2026-08-22 06:40:00,93.68,94.03,93.56,93.96,96658.45
2026-08-22 06:45:00,93.95,94.01,93.62,93.63,76931.52
2026-08-22 06:50:00,93.63,93.73,93.37,93.63,101014.51
2026-08-22 06:55:00,93.63,93.75,93.52,93.72,63133.4
2026-08-22 07:00:00,93.73,93.99,93.42,93.78,134665.33
2026-08-22 07:05:00,93.77,93.77,92.84,93.18,302158.31
2026-08-22 07:10:00,93.18,93.61,93.16,93.57,163544.73
2026-08-22 07:15:00,93.58,93.91,93.41,93.9,140148.42
2026-08-22 07:20:00,93.9,94.41,93.86,94.4,147562.76
2026-08-22 07:25:00,94.4,94.44,93.63,93.65,108614.68
2026-08-22 07:30:00,93.66,93.87,93.44,93.68,102844.46
2026-08-22 07:35:00,93.69,93.9,93.61,93.77,60154.02
2026-08-22 07:40:00,93.77,93.79,93.39,93.54,80681.4
2026-08-22 07:45:00,93.54,93.7,93.39,93.65,92132.0
2026-08-22 07:50:00,93.65,93.73,93.56,93.64,40451.22
2026-08-22 07:55:00,93.64,93.96,93.64,93.88,61750.63
2026-08-22 08:00:00,93.89,94.15,93.73,94.15,87167.02
2026-08-22 08:05:00,94.15,94.25,93.97,93.98,74975.0
2026-08-22 08:10:00,93.98,94.15,93.94,94.01,50877.7
2026-08-22 08:15:00,94.02,94.31,93.96,94.07,71712.22
2026-08-22 08:20:00,94.07,94.13,93.75,93.89,62637.12
2026-08-22 08:25:00,93.89,94.09,93.88,94.03,36559.23
2026-08-22 08:30:00,94.02,94.45,94.01,94.29,106615.49
2026-08-22 08:35:00,94.3,94.42,94.05,94.05,83194.61
2026-08-22 08:40:00,94.05,94.11,93.62,93.73,99750.58
2026-08-22 08:45:00,93.73,93.88,93.55,93.56,41788.6
2026-08-22 08:50:00,93.57,93.71,93.46,93.69,84820.03
2026-08-22 08:55:00,93.7,94.05,93.67,93.67,75562.86
2026-08-22 09:00:00,93.68,94.05,93.67,93.96,75902.25
2026-08-22 09:05:00,93.96,94.16,93.9,94.12,47148.43
2026-08-22 09:10:00,94.13,94.32,94.11,94.24,57640.11
2026-08-22 09:15:00,94.25,94.63,94.21,94.48,124473.74
2026-08-22 09:20:00,94.47,94.91,94.44,94.82,124310.58
2026-08-22 09:25:00,94.81,95.09,94.76,94.84,152040.24
2026-08-22 09:30:00,94.84,95.25,94.77,95.18,203278.04
2026-08-22 09:35:00,95.19,95.19,94.64,95.05,183242.33
2026-08-22 09:40:00,95.05,95.86,95.05,95.71,288354.17
2026-08-22 09:45:00,95.71,95.73,95.25,95.31,163694.38
2026-08-22 09:50:00,95.32,95.71,95.3,95.51,164135.23
2026-08-22 09:55:00,95.5,95.69,95.45,95.65,137593.49
2026-08-22 10:00:00,95.66,96.21,95.5,96.0,250408.92
2026-08-22 10:05:00,96.01,96.52,95.94,96.29,280547.73
2026-08-22 10:10:00,96.28,96.3,95.93,96.01,121363.39
2026-08-22 10:15:00,96.02,96.93,96.01,96.92,170192.68
2026-08-22 10:20:00,96.91,97.2,96.71,96.82,270501.63
2026-08-22 10:25:00,96.81,97.17,96.81,96.86,179814.77
2026-08-22 10:30:00,96.86,97.25,96.86,97.22,186584.62
2026-08-22 10:35:00,97.22,97.63,96.93,97.01,238931.67
2026-08-22 10:40:00,97.0,97.06,96.42,96.74,223307.37
2026-08-22 10:45:00,96.73,97.13,96.61,97.02,164167.79
2026-08-22 10:50:00,97.02,97.37,96.99,97.23,143125.47
2026-08-22 10:55:00,97.23,97.27,96.77,96.81,137731.57
2026-08-22 11:00:00,96.82,96.98,96.2,96.63,249988.57
2026-08-22 11:05:00,96.64,96.95,96.63,96.84,101720.4
2026-08-22 11:10:00,96.84,97.25,96.82,97.22,100264.25
2026-08-22 11:15:00,97.22,97.23,96.66,96.81,121839.78
2026-08-22 11:20:00,96.81,97.32,96.81,97.09,100330.19
2026-08-22 11:25:00,97.1,98.05,97.01,98.0,274828.78
2026-08-22 11:30:00,97.99,99.93,97.87,99.88,672027.32
2026-08-22 11:35:00,99.87,101.23,99.42,100.59,896476.44
2026-08-22 11:40:00,100.59,102.84,100.56,102.28,937376.26
2026-08-22 11:45:00,102.27,102.31,97.87,100.15,1892030.46
2026-08-22 11:50:00,100.15,100.31,98.89,99.94,773454.67
2026-08-22 11:55:00,99.93,100.35,98.38,99.14,1039606.26
2026-08-22 12:00:00,99.14,100.02,99.09,99.58,287505.79
2026-08-22 12:05:00,99.57,99.71,95.4,95.48,970632.1
2026-08-22 12:10:00,95.44,95.74,87.0,93.33,2326790.54
2026-08-22 12:15:00,93.33,94.59,90.61,93.75,1328477.25
2026-08-22 12:20:00,93.74,94.32,92.35,93.61,821772.28
2026-08-22 12:25:00,93.61,94.45,93.4,94.07,441533.24
2026-08-22 12:30:00,94.07,94.17,92.87,94.07,469218.23
2026-08-22 12:35:00,94.06,94.8,93.51,93.71,327184.77
2026-08-22 12:40:00,93.71,94.03,93.21,93.64,204231.42
2026-08-22 12:45:00,93.63,94.7,93.4,94.57,223353.64
2026-08-22 12:50:00,94.58,94.89,93.96,94.23,251298.24
2026-08-22 12:55:00,94.24,94.58,94.16,94.21,166227.96
2026-08-22 13:00:00,94.21,94.5,93.91,94.05,221311.73
2026-08-22 13:05:00,94.05,94.15,93.45,94.04,192252.33
2026-08-22 13:10:00,94.05,94.09,93.4,93.58,177472.48
2026-08-22 13:15:00,93.58,94.11,93.57,93.75,145801.32
2026-08-22 13:20:00,93.76,94.31,93.74,94.25,94767.98
2026-08-22 13:25:00,94.24,94.36,93.84,93.91,135826.72
2026-08-22 13:30:00,93.91,93.91,93.06,93.35,194201.01
2026-08-22 13:35:00,93.36,94.88,93.33,94.78,171349.04
2026-08-22 13:40:00,94.77,95.16,94.51,94.59,277431.19
2026-08-22 13:45:00,94.59,94.87,94.23,94.4,189704.44
2026-08-22 13:50:00,94.41,94.64,94.09,94.28,131847.73
2026-08-22 13:55:00,94.28,94.42,94.15,94.32,73150.91
2026-08-22 14:00:00,94.32,95.2,94.14,95.04,149223.42
2026-08-22 14:05:00,95.04,95.15,94.48,94.51,182968.68
2026-08-22 14:10:00,94.51,94.63,94.17,94.44,127721.26
2026-08-22 14:15:00,94.44,94.52,94.05,94.18,80769.55
2026-08-22 14:20:00,94.19,94.84,94.19,94.71,84338.17
2026-08-22 14:25:00,94.72,95.06,94.62,95.03,109387.14
2026-08-22 14:30:00,95.02,95.55,94.92,95.2,170036.28
2026-08-22 14:35:00,95.2,95.24,94.76,94.85,106792.7
2026-08-22 14:40:00,94.85,94.97,94.41,94.85,90827.11
2026-08-22 14:45:00,94.85,94.94,94.48,94.58,84190.16
2026-08-22 14:50:00,94.57,94.82,94.47,94.74,77055.91
2026-08-22 14:55:00,94.75,94.79,94.38,94.46,61941.38
2026-08-22 15:00:00,94.46,94.59,94.06,94.08,110072.78
2026-08-22 15:05:00,94.08,94.68,94.06,94.58,88304.52
2026-08-22 15:10:00,94.58,94.97,94.58,94.92,71978.4
2026-08-22 15:15:00,94.93,95.02,94.4,94.41,90435.3
2026-08-22 15:20:00,94.41,94.61,94.18,94.25,93981.1
2026-08-22 15:25:00,94.24,94.3,93.66,93.8,186216.7
2026-08-22 15:30:00,93.81,93.84,93.01,93.26,487064.29
2026-08-22 15:35:00,93.26,93.58,93.06,93.36,169117.98
2026-08-22 15:40:00,93.37,93.84,93.1,93.64,145992.85
2026-08-22 15:45:00,93.64,93.65,93.24,93.64,72622.83
2026-08-22 15:50:00,93.65,93.82,93.63,93.78,76125.8
2026-08-22 15:55:00,93.79,94.13,93.71,94.1,98406.27
2026-08-22 16:00:00,94.1,94.2,92.96,93.24,186968.85
2026-08-22 16:05:00,93.23,93.94,93.13,93.92,122312.24
2026-08-22 16:10:00,93.91,94.23,93.75,94.23,123121.38
2026-08-22 16:15:00,94.23,94.34,93.94,94.2,90717.41
2026-08-22 16:20:00,94.21,94.58,94.16,94.33,99579.58
2026-08-22 16:25:00,94.32,94.41,94.08,94.3,67093.41
2026-08-22 16:30:00,94.3,94.43,94.13,94.22,62119.33
2026-08-22 16:35:00,94.22,94.42,94.05,94.1,54358.58
2026-08-22 16:40:00,94.09,94.39,94.09,94.29,35824.0
2026-08-22 16:45:00,94.28,94.31,93.63,93.74,116466.53
2026-08-22 16:50:00,93.74,93.96,93.66,93.72,62863.67
2026-08-22 16:55:00,93.73,93.98,93.65,93.91,53055.04
2026-08-22 17:00:00,93.92,94.0,92.51,93.15,380233.16
2026-08-22 17:05:00,93.15,93.19,92.3,92.7,272903.36
2026-08-22 17:10:00,92.7,92.88,92.09,92.18,378288.43
2026-08-22 17:15:00,92.17,92.49,91.69,91.81,305142.46
2026-08-22 17:20:00,91.8,92.09,91.31,91.6,329746.99
2026-08-22 17:25:00,91.61,92.49,91.5,92.47,231584.3
2026-08-22 17:30:00,92.48,92.86,92.31,92.71,170830.68
2026-08-22 17:35:00,92.71,93.2,92.71,93.18,115311.45
2026-08-22 17:40:00,93.18,93.39,93.14,93.28,110809.08
2026-08-22 17:45:00,93.27,93.35,92.93,93.09,109460.87
2026-08-22 17:50:00,93.1,93.2,92.95,92.98,46365.07
2026-08-22 17:55:00,92.98,93.05,92.69,92.89,134395.92
2026-08-22 18:00:00,92.9,93.06,92.6,93.04,95236.47
2026-08-22 18:05:00,93.04,93.25,92.7,92.74,81305.63
2026-08-22 18:10:00,92.75,92.97,92.7,92.82,53159.53
2026-08-22 18:15:00,92.81,92.94,92.6,92.69,69699.67
2026-08-22 18:20:00,92.69,92.97,92.69,92.81,52089.07
2026-08-22 18:25:00,92.81,93.12,92.81,93.02,69478.31
2026-08-22 18:30:00,93.01,93.35,92.91,93.33,78427.52
2026-08-22 18:35:00,93.32,93.52,93.23,93.32,83007.05
2026-08-22 18:40:00,93.32,93.49,93.29,93.48,45801.12
2026-08-22 18:45:00,93.47,93.56,93.26,93.28,60659.49
2026-08-22 18:50:00,93.28,93.36,93.18,93.22,32362.98
2026-08-22 18:55:00,93.21,93.34,93.17,93.34,26538.44
2026-08-22 19:00:00,93.34,93.67,93.17,93.27,87909.62
2026-08-22 19:05:00,93.27,93.69,93.27,93.66,62857.64
2026-08-22 19:10:00,93.65,93.97,93.61,93.92,126516.94
2026-08-22 19:15:00,93.92,94.14,93.86,94.1,87602.52
2026-08-22 19:20:00,94.11,94.38,94.08,94.19,211379.45
2026-08-22 19:25:00,94.18,94.25,93.98,94.24,59419.78
2026-08-22 19:30:00,94.23,94.24,93.92,93.92,47360.81
2026-08-22 19:35:00,93.93,94.08,93.85,93.95,33454.1
2026-08-22 19:40:00,93.95,94.26,93.95,94.23,40222.04
2026-08-22 19:45:00,94.23,94.32,94.11,94.15,41569.75
2026-08-22 19:50:00,94.15,94.18,94.0,94.05,31748.98
2026-08-22 19:55:00,94.06,94.07,93.84,93.84,29810.22
2026-08-22 20:00:00,93.84,93.91,93.56,93.73,87547.78
2026-08-22 20:05:00,93.72,94.0,93.72,94.0,33556.62
2026-08-22 20:10:00,94.0,94.02,93.85,93.93,27545.71
2026-08-22 20:15:00,93.94,94.21,93.73,93.76,66381.56
2026-08-22 20:20:00,93.76,93.92,93.63,93.89,31536.22
2026-08-22 20:25:00,93.89,94.11,93.81,93.88,39859.53
2026-08-22 20:30:00,93.87,94.0,93.66,93.66,41764.94
2026-08-22 20:35:00,93.67,93.93,93.59,93.66,35299.26
2026-08-22 20:40:00,93.66,93.83,93.59,93.83,25017.67
2026-08-22 20:45:00,93.83,94.17,93.75,94.13,52953.28
2026-08-22 20:50:00,94.14,94.26,94.04,94.08,66766.43
2026-08-22 20:55:00,94.09,94.21,93.99,94.15,39041.39
2026-08-22 21:00:00,94.15,94.32,93.93,93.99,52361.31
2026-08-22 21:05:00,94.0,94.06,93.63,93.93,76507.44
2026-08-22 21:10:00,93.94,94.01,93.77,93.84,41629.91
2026-08-22 21:15:00,93.83,93.93,93.47,93.74,99101.79
2026-08-22 21:20:00,93.74,93.96,93.67,93.69,74470.0
2026-08-22 21:25:00,93.68,93.92,93.6,93.88,30363.85
2026-08-22 21:30:00,93.87,94.06,93.72,93.97,50589.78
2026-08-22 21:35:00,93.97,94.06,93.54,93.61,42830.1
2026-08-22 21:40:00,93.62,93.77,93.29,93.29,76335.24
2026-08-22 21:45:00,93.3,93.49,93.14,93.18,113679.57
2026-08-22 21:50:00,93.18,93.34,92.89,92.98,167883.77
2026-08-22 21:55:00,92.98,93.33,92.94,93.26,58636.85
2026-08-22 22:00:00,93.27,93.53,93.1,93.2,59623.06
2026-08-22 22:05:00,93.19,93.35,93.05,93.1,46183.77
2026-08-22 22:10:00,93.09,93.33,92.94,92.94,54700.68
2026-08-22 22:15:00,92.94,93.2,92.91,93.03,37392.88
2026-08-22 22:20:00,93.03,93.23,92.81,93.16,58572.92
2026-08-22 22:25:00,93.16,93.38,93.08,93.27,34615.57
2026-08-22 22:30:00,93.27,93.61,93.21,93.56,60708.34
2026-08-22 22:35:00,93.57,93.6,93.23,93.34,51775.35
2026-08-22 22:40:00,93.34,93.37,93.2,93.3,30880.16
2026-08-22 22:45:00,93.31,93.4,93.2,93.22,22860.4
2026-08-22 22:50:00,93.22,93.25,93.02,93.14,58722.84
2026-08-22 22:55:00,93.14,93.25,93.0,93.09,77407.3
2026-08-22 23:00:00,93.09,93.42,93.09,93.37,50739.96
2026-08-22 23:05:00,93.37,93.55,93.32,93.33,33099.7
2026-08-22 23:10:00,93.33,93.48,93.14,93.44,32625.33
2026-08-22 23:15:00,93.44,93.97,93.44,93.92,76000.04
2026-08-22 23:20:00,93.92,94.1,93.83,94.03,79932.97
2026-08-22 23:25:00,94.03,94.05,93.87,93.91,45585.0
2026-08-22 23:30:00,93.91,94.08,93.89,93.98,35296.08
2026-08-22 23:35:00,93.98,94.28,93.96,94.23,52177.74
2026-08-22 23:40:00,94.23,94.69,94.23,94.53,181601.9
2026-08-22 23:45:00,94.53,94.69,94.45,94.52,81458.01
2026-08-22 23:50:00,94.52,94.53,94.32,94.39,52586.42
2026-08-22 23:55:00,94.4,94.56,94.31,94.33,46476.22
2026-08-23 00:00:00,94.33,94.58,94.33,94.41,64559.78
2026-08-23 00:05:00,94.41,94.52,94.09,94.31,111873.76
2026-08-23 00:10:00,94.3,94.35,94.17,94.26,61653.6
2026-08-23 00:15:00,94.25,94.43,94.22,94.35,41230.07
2026-08-23 00:20:00,94.36,94.38,94.2,94.2,35744.31
2026-08-23 00:25:00,94.21,94.26,93.77,93.85,123268.05
2026-08-23 00:30:00,93.86,94.15,93.86,94.12,40985.28
2026-08-23 00:35:00,94.12,94.27,94.1,94.11,30905.04
2026-08-23 00:40:00,94.1,94.33,94.1,94.3,27084.81
2026-08-23 00:45:00,94.3,94.45,94.25,94.42,26095.03
2026-08-23 00:50:00,94.43,94.59,94.28,94.34,31401.47
2026-08-23 00:55:00,94.33,94.36,94.24,94.28,19904.96
2026-08-23 01:00:00,94.29,94.35,94.23,94.31,18475.46
2026-08-23 01:05:00,94.32,94.4,94.14,94.14,21809.79
2026-08-23 01:10:00,94.14,94.25,94.06,94.16,17886.19
2026-08-23 01:15:00,94.16,94.4,94.16,94.33,34775.35
2026-08-23 01:20:00,94.32,94.56,94.31,94.38,28348.29
2026-08-23 01:25:00,94.38,94.55,94.34,94.41,31460.5
2026-08-23 01:30:00,94.41,94.54,94.35,94.52,24711.77
2026-08-23 01:35:00,94.52,94.52,94.33,94.37,21491.92
2026-08-23 01:40:00,94.37,94.38,94.18,94.21,28608.58
2026-08-23 01:45:00,94.2,94.42,94.06,94.3,66191.63
2026-08-23 01:50:00,94.29,94.31,94.04,94.21,37321.99
2026-08-23 01:55:00,94.21,94.51,94.19,94.47,18000.83
2026-08-23 02:00:00,94.48,94.53,94.37,94.39,35826.5
2026-08-23 02:05:00,94.39,94.44,94.27,94.41,35599.61
2026-08-23 02:10:00,94.41,94.66,94.4,94.58,25418.18
2026-08-23 02:15:00,94.59,94.73,94.43,94.47,56007.89
2026-08-23 02:20:00,94.48,94.48,94.34,94.38,18825.49
2026-08-23 02:25:00,94.38,94.55,94.32,94.43,41628.13
2026-08-23 02:30:00,94.42,94.63,94.42,94.58,19601.29
2026-08-23 02:35:00,94.59,94.65,94.53,94.55,18163.07
2026-08-23 02:40:00,94.56,94.83,94.55,94.76,50360.84
2026-08-23 02:45:00,94.76,94.81,94.64,94.68,45742.33
2026-08-23 02:50:00,94.68,94.74,94.63,94.65,33071.29
2026-08-23 02:55:00,94.65,94.71,94.47,94.49,31650.39
2026-08-23 03:00:00,94.5,94.59,94.4,94.53,25558.67
2026-08-23 03:05:00,94.52,94.71,94.49,94.67,21562.41
2026-08-23 03:10:00,94.68,94.79,94.67,94.68,25853.31
2026-08-23 03:15:00,94.68,94.77,94.47,94.48,33873.58
2026-08-23 03:20:00,94.47,94.51,94.39,94.48,22093.6
2026-08-23 03:25:00,94.48,94.62,94.48,94.48,14602.37
2026-08-23 03:30:00,94.48,94.53,94.32,94.38,20523.95
2026-08-23 03:35:00,94.38,94.62,94.36,94.61,21377.72
2026-08-23 03:40:00,94.62,94.66,94.49,94.5,22394.74
2026-08-23 03:45:00,94.51,94.55,94.46,94.54,18535.04
2026-08-23 03:50:00,94.54,94.56,94.46,94.51,13201.03
2026-08-23 03:55:00,94.5,94.5,94.31,94.39,27213.56
2026-08-23 04:00:00,94.4,94.4,93.53,93.72,185947.58
2026-08-23 04:05:00,93.73,93.87,93.69,93.82,54441.24
2026-08-23 04:10:00,93.82,93.83,93.48,93.52,85633.56
2026-08-23 04:15:00,93.53,93.8,93.53,93.79,47957.97
2026-08-23 04:20:00,93.78,93.93,93.75,93.77,37817.03
2026-08-23 04:25:00,93.77,93.95,93.71,93.83,25713.15
2026-08-23 04:30:00,93.84,93.86,93.35,93.55,68732.65
2026-08-23 04:35:00,93.56,93.56,93.14,93.24,95162.59
2026-08-23 04:40:00,93.25,93.37,93.05,93.36,66318.13
2026-08-23 04:45:00,93.35,93.36,92.98,93.12,60274.28
2026-08-23 04:50:00,93.12,93.13,92.73,92.9,82393.47
2026-08-23 04:55:00,92.91,92.99,92.72,92.83,50742.34
2026-08-23 05:00:00,92.83,93.23,92.58,92.98,171411.03
2026-08-23 05:05:00,92.97,93.59,92.95,93.48,128515.42
2026-08-23 05:10:00,93.49,93.71,93.4,93.59,88111.38
2026-08-23 05:15:00,93.59,93.74,93.5,93.54,49778.07
2026-08-23 05:20:00,93.55,93.83,93.55,93.81,63378.76
2026-08-23 05:25:00,93.82,93.99,93.8,93.92,52143.39
2026-08-23 05:30:00,93.92,93.95,93.54,93.76,88315.53
2026-08-23 05:35:00,93.77,94.03,93.77,93.82,50959.89
2026-08-23 05:40:00,93.82,93.92,93.74,93.76,36631.99
2026-08-23 05:45:00,93.77,93.84,93.71,93.76,38906.43
2026-08-23 05:50:00,93.76,93.99,93.71,93.88,37306.94
2026-08-23 05:55:00,93.88,93.92,93.58,93.62,57795.53
2026-08-23 06:00:00,93.62,93.77,93.36,93.73,43110.07
2026-08-23 06:05:00,93.73,93.82,93.65,93.73,28434.55
2026-08-23 06:10:00,93.72,93.81,93.54,93.65,27732.62
2026-08-23 06:15:00,93.65,93.7,93.57,93.65,16619.96
2026-08-23 06:20:00,93.65,93.78,93.63,93.71,19892.93
2026-08-23 06:25:00,93.71,93.8,93.6,93.62,21046.87
2026-08-23 06:30:00,93.62,93.68,93.37,93.38,24203.71
2026-08-23 06:35:00,93.38,93.64,93.38,93.63,24220.49
2026-08-23 06:40:00,93.62,93.75,93.6,93.68,19866.39
2026-08-23 06:45:00,93.67,93.92,93.66,93.92,21665.95
2026-08-23 06:50:00,93.92,94.01,93.87,93.99,27225.67
2026-08-23 06:55:00,93.99,94.02,93.83,93.83,24644.6
2026-08-23 07:00:00,93.84,94.01,93.83,93.93,50861.77
2026-08-23 07:05:00,93.92,94.04,93.86,93.86,27484.01
2026-08-23 07:10:00,93.86,93.87,93.58,93.77,54302.12
2026-08-23 07:15:00,93.78,94.06,93.73,93.97,39320.13
2026-08-23 07:20:00,93.96,94.17,93.9,94.14,47840.9
2026-08-23 07:25:00,94.15,94.34,94.08,94.31,68432.14
2026-08-23 07:30:00,94.3,94.64,94.29,94.58,80414.47
2026-08-23 07:35:00,94.59,100.54,94.58,96.44,1521900.91
2026-08-23 07:40:00,96.44,96.8,95.67,96.35,485276.85
2026-08-23 07:45:00,96.35,96.76,96.1,96.61,264203.66
2026-08-23 07:50:00,96.61,97.28,96.43,96.58,224392.13
2026-08-23 07:55:00,96.58,96.68,96.27,96.38,121596.26
2026-08-23 08:00:00,96.39,96.41,95.8,95.93,215843.67
2026-08-23 08:05:00,95.93,96.34,95.92,96.15,131378.1
2026-08-23 08:10:00,96.15,96.34,95.93,96.3,82878.83
2026-08-23 08:15:00,96.3,96.3,95.86,96.03,86892.19
2026-08-23 08:20:00,96.04,96.15,95.9,95.97,59357.41
2026-08-23 08:25:00,95.96,96.11,95.82,96.1,41425.03
2026-08-23 08:30:00,96.11,96.29,95.66,95.89,84221.16
2026-08-23 08:35:00,95.89,96.16,95.76,96.14,54213.78
2026-08-23 08:40:00,96.14,96.29,95.87,96.16,78878.99
2026-08-23 08:45:00,96.16,96.62,96.03,96.19,113518.45
2026-08-23 08:50:00,96.19,96.4,95.94,96.32,102638.82
2026-08-23 08:55:00,96.33,96.33,95.8,96.02,108463.07
2026-08-23 09:00:00,96.03,96.3,95.93,96.0,85483.2
2026-08-23 09:05:00,96.0,96.07,95.81,95.92,70355.19
2026-08-23 09:10:00,95.93,95.95,93.74,94.41,856458.24
2026-08-23 09:15:00,94.42,94.98,94.29,94.68,216960.12
2026-08-23 09:20:00,94.68,94.74,94.15,94.3,183418.66
2026-08-23 09:25:00,94.3,94.55,94.24,94.51,68565.25
2026-08-23 09:30:00,94.51,94.92,94.43,94.87,88193.15
2026-08-23 09:35:00,94.88,94.91,94.61,94.68,45514.67
2026-08-23 09:40:00,94.68,94.8,94.51,94.57,43982.74
2026-08-23 09:45:00,94.56,94.74,94.46,94.61,47484.92
2026-08-23 09:50:00,94.6,98.31,94.33,95.26,1149078.21
2026-08-23 09:55:00,95.25,95.27,94.86,94.92,178823.77
2026-08-23 10:00:00,94.92,95.07,94.67,94.81,110154.52
2026-08-23 10:05:00,94.8,94.8,94.47,94.58,87854.47
2026-08-23 10:10:00,94.59,94.98,94.54,94.92,75904.83
2026-08-23 10:15:00,94.91,95.07,94.77,94.83,73600.36
2026-08-23 10:20:00,94.82,94.85,94.21,94.25,131708.65
2026-08-23 10:25:00,94.26,94.44,94.23,94.25,113676.34
2026-08-23 10:30:00,94.24,94.31,93.59,93.88,257511.07
2026-08-23 10:35:00,93.89,94.11,93.84,93.93,64207.3
2026-08-23 10:40:00,93.92,93.97,93.43,93.53,163260.07
2026-08-23 10:45:00,93.54,94.02,93.53,94.0,95144.4
2026-08-23 10:50:00,94.0,94.03,93.79,93.87,47580.67
2026-08-23 10:55:00,93.88,93.91,93.69,93.74,27203.17
2026-08-23 11:00:00,93.74,93.92,93.38,93.38,96334.19
2026-08-23 11:05:00,93.39,93.73,93.17,93.41,128303.65
2026-08-23 11:10:00,93.41,94.12,93.38,94.09,99522.3
2026-08-23 11:15:00,94.1,94.14,93.35,93.35,103355.9
2026-08-23 11:20:00,93.35,93.53,93.25,93.53,73699.23
2026-08-23 11:25:00,93.53,93.74,93.53,93.62,56007.09
2026-08-23 11:30:00,93.62,93.65,93.1,93.17,87202.02
2026-08-23 11:35:00,93.17,93.26,92.97,93.08,105382.72
2026-08-23 11:40:00,93.08,93.21,92.83,93.01,92478.14
2026-08-23 11:45:00,93.0,93.05,92.23,92.3,307726.8
2026-08-23 11:50:00,92.31,92.95,92.23,92.93,265472.65
2026-08-23 11:55:00,92.93,93.03,92.56,92.56,106545.82
2026-08-23 12:00:00,92.57,92.93,92.47,92.75,149613.44
2026-08-23 12:05:00,92.75,92.94,92.11,92.48,203080.35
2026-08-23 12:10:00,92.48,92.74,92.14,92.21,140907.46
2026-08-23 12:15:00,92.2,92.91,91.57,92.89,429163.0
2026-08-23 12:20:00,92.89,93.26,92.71,93.2,177415.12
2026-08-23 12:25:00,93.2,93.33,92.98,93.03,106239.27
2026-08-23 12:30:00,93.03,93.25,92.84,92.95,80350.81
2026-08-23 12:35:00,92.94,93.04,92.55,92.7,107554.28
2026-08-23 12:40:00,92.7,92.88,92.58,92.72,50972.25
2026-08-23 12:45:00,92.73,92.85,92.6,92.75,43988.53
2026-08-23 12:50:00,92.75,92.79,92.45,92.57,49407.87
2026-08-23 12:55:00,92.58,92.61,92.31,92.31,52246.63
2026-08-23 13:00:00,92.31,92.45,92.12,92.37,72918.53
2026-08-23 13:05:00,92.38,92.4,91.81,91.83,112002.54
2026-08-23 13:10:00,91.83,92.51,91.79,92.33,98557.31
2026-08-23 13:15:00,92.33,92.57,91.97,92.44,232642.53
2026-08-23 13:20:00,92.43,92.52,92.22,92.34,67159.33
2026-08-23 13:25:00,92.34,92.35,92.14,92.31,52962.64
2026-08-23 13:30:00,92.32,92.8,92.31,92.73,113796.83
2026-08-23 13:35:00,92.73,92.75,92.37,92.52,42276.76
2026-08-23 13:40:00,92.51,92.6,92.42,92.5,40576.84
2026-08-23 13:45:00,92.51,92.6,92.24,92.28,46078.37
2026-08-23 13:50:00,92.28,92.36,92.15,92.2,63484.6
2026-08-23 13:55:00,92.2,92.27,92.02,92.26,55078.47
2026-08-23 14:00:00,92.26,92.38,92.13,92.26,51456.07
2026-08-23 14:05:00,92.27,92.58,92.23,92.51,37146.52
2026-08-23 14:10:00,92.51,92.69,92.47,92.63,55239.36
2026-08-23 14:15:00,92.64,92.99,92.64,92.92,78307.21
2026-08-23 14:20:00,92.92,92.93,92.65,92.73,60192.86
2026-08-23 14:25:00,92.73,92.84,92.66,92.75,23786.91
2026-08-23 14:30:00,92.74,92.75,92.49,92.51,28880.09
2026-08-23 14:35:00,92.51,92.63,92.41,92.61,34224.03
2026-08-23 14:40:00,92.61,92.68,92.48,92.5,42702.19
2026-08-23 14:45:00,92.5,92.67,92.33,92.56,37660.16
2026-08-23 14:50:00,92.57,92.75,92.53,92.58,26598.6
2026-08-23 14:55:00,92.57,92.59,92.34,92.49,43927.51
2026-08-23 15:00:00,92.49,92.51,92.32,92.51,36512.07
2026-08-23 15:05:00,92.51,92.94,92.48,92.9,70605.31
2026-08-23 15:10:00,92.9,93.0,92.7,92.83,93746.03
2026-08-23 15:15:00,92.84,92.97,92.79,92.85,36896.07
2026-08-23 15:20:00,92.86,92.9,92.81,92.9,34517.87
2026-08-23 15:25:00,92.9,92.95,92.82,92.89,26237.86
2026-08-23 15:30:00,92.89,93.1,92.8,93.05,73374.87
2026-08-23 15:35:00,93.04,93.32,92.94,93.26,77993.7
2026-08-23 15:40:00,93.25,93.56,93.21,93.33,175417.99
2026-08-23 15:45:00,93.33,93.38,93.17,93.27,78126.89
2026-08-23 15:50:00,93.26,93.37,93.21,93.28,31982.77
2026-08-23 15:55:00,93.28,93.3,93.05,93.2,38810.17
2026-08-23 16:00:00,93.21,93.47,93.12,93.38,56055.83
2026-08-23 16:05:00,93.38,93.44,93.27,93.29,27197.77
2026-08-23 16:10:00,93.28,93.36,93.25,93.29,35420.31
2026-08-23 16:15:00,93.3,93.4,93.17,93.24,35325.96
2026-08-23 16:20:00,93.23,93.28,93.12,93.13,22807.04
2026-08-23 16:25:00,93.12,93.3,93.12,93.24,39120.67
2026-08-23 16:30:00,93.25,93.25,93.0,93.05,34684.43
2026-08-23 16:35:00,93.05,93.23,92.9,93.18,32351.03
2026-08-23 16:40:00,93.19,93.29,93.17,93.26,32433.86
2026-08-23 16:45:00,93.26,93.41,93.13,93.34,44170.27
2026-08-23 16:50:00,93.33,93.56,93.32,93.47,64132.62
2026-08-23 16:55:00,93.46,93.5,93.29,93.33,26756.05
2026-08-23 17:00:00,93.33,93.53,93.29,93.44,63135.0
2026-08-23 17:05:00,93.45,93.82,93.42,93.67,106775.03
2026-08-23 17:10:00,93.67,93.78,93.6,93.77,62804.91
2026-08-23 17:15:00,93.78,93.9,93.68,93.71,70975.2
2026-08-23 17:20:00,93.71,94.13,93.7,93.87,162598.59
2026-08-23 17:25:00,93.88,93.96,93.65,93.7,56233.84
2026-08-23 17:30:00,93.69,93.92,93.61,93.89,60546.57
2026-08-23 17:35:00,93.9,93.91,93.68,93.75,46419.86
2026-08-23 17:40:00,93.75,93.83,93.67,93.78,26232.33
2026-08-23 17:45:00,93.78,93.81,93.7,93.81,26896.71
2026-08-23 17:50:00,93.81,93.86,93.58,93.69,49970.89
2026-08-23 17:55:00,93.69,93.75,93.62,93.63,14502.68
2026-08-23 18:00:00,93.63,93.75,93.54,93.57,29088.82
2026-08-23 18:05:00,93.58,93.79,93.57,93.76,22211.79
2026-08-23 18:10:00,93.76,93.89,93.69,93.85,27119.4
2026-08-23 18:15:00,93.86,93.98,93.73,93.96,29437.58
2026-08-23 18:20:00,93.96,94.59,93.95,94.49,272164.68
2026-08-23 18:25:00,94.49,94.49,94.26,94.32,77550.11
2026-08-23 18:30:00,94.32,94.54,94.26,94.5,57262.74
2026-08-23 18:35:00,94.5,94.82,94.5,94.81,117403.46
2026-08-23 18:40:00,94.8,94.85,94.55,94.69,108196.27
2026-08-23 18:45:00,94.69,94.73,94.52,94.6,47761.64
2026-08-23 18:50:00,94.6,94.74,94.57,94.68,51584.59
2026-08-23 18:55:00,94.69,94.69,94.57,94.62,36382.03
2026-08-23 19:00:00,94.62,94.62,94.36,94.39,91505.97
2026-08-23 19:05:00,94.4,94.48,94.09,94.35,149443.22
2026-08-23 19:10:00,94.35,94.38,94.15,94.33,83757.91
2026-08-23 19:15:00,94.34,94.44,94.29,94.43,32477.2
2026-08-23 19:20:00,94.43,94.58,94.43,94.5,45551.56
2026-08-23 19:25:00,94.51,94.53,94.35,94.49,48043.04
2026-08-23 19:30:00,94.49,94.73,94.44,94.59,63365.4
2026-08-23 19:35:00,94.58,94.6,94.47,94.6,32208.81
2026-08-23 19:40:00,94.59,94.81,94.59,94.77,41662.47
2026-08-23 19:45:00,94.76,94.77,94.54,94.6,30422.19
2026-08-23 19:50:00,94.59,94.66,94.42,94.45,36588.91
2026-08-23 19:55:00,94.45,94.63,94.45,94.58,20834.28
2026-08-23 20:00:00,94.58,94.74,94.57,94.74,30250.31
2026-08-23 20:05:00,94.74,94.81,94.67,94.75,38633.57
2026-08-23 20:10:00,94.75,94.97,94.73,94.9,71339.98
2026-08-23 20:15:00,94.91,95.84,94.88,95.55,283261.53
2026-08-23 20:20:00,95.54,95.58,95.08,95.3,166758.8
2026-08-23 20:25:00,95.3,95.31,94.98,95.06,83395.23
2026-08-23 20:30:00,95.07,95.2,94.86,94.97,90691.24
2026-08-23 20:35:00,94.98,95.26,94.84,95.23,75355.67
2026-08-23 20:40:00,95.22,95.3,95.1,95.3,58727.5
2026-08-23 20:45:00,95.3,95.56,95.12,95.38,84437.59
2026-08-23 20:50:00,95.38,95.44,95.23,95.42,66960.56
2026-08-23 20:55:00,95.42,95.49,95.35,95.38,48632.94
2026-08-23 21:00:00,95.39,95.58,95.35,95.47,77289.36
2026-08-23 21:05:00,95.46,95.54,95.08,95.38,128236.34
2026-08-23 21:10:00,95.39,95.7,95.38,95.56,97115.23
2026-08-23 21:15:00,95.55,95.68,95.35,95.36,65153.81
2026-08-23 21:20:00,95.35,95.51,95.17,95.23,67735.36
2026-08-23 21:25:00,95.22,95.52,95.22,95.38,51408.9
2026-08-23 21:30:00,95.38,95.44,95.17,95.23,52925.49
2026-08-23 21:35:00,95.22,95.52,95.22,95.36,49831.3
2026-08-23 21:40:00,95.37,95.42,93.0,94.41,813414.35
2026-08-23 21:45:00,94.42,94.89,94.4,94.85,212467.81
2026-08-23 21:50:00,94.84,95.19,94.79,95.14,188584.14
2026-08-23 21:55:00,95.13,95.13,94.87,95.06,72028.35
2026-08-23 22:00:00,95.05,95.18,94.65,95.15,146143.74
2026-08-23 22:05:00,95.15,95.44,95.12,95.4,107501.32
2026-08-23 22:10:00,95.4,95.47,95.22,95.28,80385.16
2026-08-23 22:15:00,95.28,95.38,94.85,95.03,112088.75
2026-08-23 22:20:00,95.03,95.42,94.92,95.38,85732.26
2026-08-23 22:25:00,95.39,95.48,95.35,95.45,47542.28
2026-08-23 22:30:00,95.46,95.89,95.45,95.55,169763.09
2026-08-23 22:35:00,95.55,95.86,95.55,95.85,86276.55
2026-08-23 22:40:00,95.86,95.9,95.6,95.71,87770.98
2026-08-23 22:45:00,95.71,95.76,95.52,95.54,66452.71
2026-08-23 22:50:00,95.54,95.64,95.47,95.49,29999.24
2026-08-23 22:55:00,95.49,95.62,95.28,95.35,65949.64
2026-08-23 23:00:00,95.36,95.55,95.35,95.47,36859.32
2026-08-23 23:05:00,95.46,95.48,95.26,95.28,47843.87
2026-08-23 23:10:00,95.28,95.48,95.26,95.42,41645.06
2026-08-23 23:15:00,95.43,95.43,95.23,95.26,42703.68
2026-08-23 23:20:00,95.26,95.43,95.16,95.38,39297.87
2026-08-23 23:25:00,95.38,95.43,95.27,95.41,26848.82
2026-08-23 23:30:00,95.42,95.68,95.33,95.68,64299.58
2026-08-23 23:35:00,95.69,95.71,95.49,95.54,39777.65
2026-08-23 23:40:00,95.53,95.62,95.49,95.54,25907.32
2026-08-23 23:45:00,95.55,95.62,95.27,95.32,50325.02
2026-08-23 23:50:00,95.32,95.64,95.32,95.4,51835.68
2026-08-23 23:55:00,95.4,95.45,95.32,95.41,19005.44
2026-08-24 00:00:00,95.41,95.48,94.81,95.12,153621.3
2026-08-24 00:05:00,95.12,95.47,95.12,95.43,65576.15
2026-08-24 00:10:00,95.43,95.44,95.28,95.38,33338.3
2026-08-24 00:15:00,95.38,95.49,95.08,95.47,49922.29
2026-08-24 00:20:00,95.46,95.52,95.24,95.25,39233.21
2026-08-24 00:25:00,95.26,95.32,95.12,95.18,33372.25
2026-08-24 00:30:00,95.18,95.2,94.81,95.06,74899.55
2026-08-24 00:35:00,95.06,95.26,95.06,95.11,20424.54
2026-08-24 00:40:00,95.11,95.21,95.09,95.11,22059.65
2026-08-24 00:45:00,95.11,95.29,95.05,95.11,25173.67
2026-08-24 00:50:00,95.1,95.24,95.06,95.14,33867.01
2026-08-24 00:55:00,95.15,95.24,95.08,95.11,41212.56
2026-08-24 01:00:00,95.1,95.16,95.01,95.1,40564.21
2026-08-24 01:05:00,95.1,95.15,94.94,95.15,42474.7
2026-08-24 01:10:00,95.14,95.39,95.13,95.24,58772.12
2026-08-24 01:15:00,95.23,95.3,95.16,95.17,57882.89
2026-08-24 01:20:00,95.18,95.28,95.12,95.27,31156.17
2026-08-24 01:25:00,95.26,95.47,95.24,95.36,32247.47
2026-08-24 01:30:00,95.37,95.4,95.09,95.09,36193.92
2026-08-24 01:35:00,95.1,95.34,95.1,95.22,31877.81
2026-08-24 01:40:00,95.21,95.4,95.21,95.28,16480.3
2026-08-24 01:45:00,95.29,95.3,95.17,95.25,20912.69
2026-08-24 01:50:00,95.25,95.3,95.1,95.2,27106.51
2026-08-24 01:55:00,95.19,95.35,95.18,95.3,17764.05
2026-08-24 02:00:00,95.3,95.43,95.18,95.23,34737.88
2026-08-24 02:05:00,95.23,95.25,95.07,95.08,21307.67
2026-08-24 02:10:00,95.07,95.09,94.86,95.04,64276.67
2026-08-24 02:15:00,95.05,95.08,94.94,95.03,28305.15
2026-08-24 02:20:00,95.02,95.12,95.02,95.03,12415.38
2026-08-24 02:25:00,95.04,95.08,94.96,95.04,14489.89
2026-08-24 02:30:00,95.04,95.09,94.81,95.08,49755.3
2026-08-24 02:35:00,95.08,95.17,95.05,95.17,18867.06
2026-08-24 02:40:00,95.17,95.37,95.12,95.3,45495.42
2026-08-24 02:45:00,95.3,95.48,95.21,95.23,94253.58
2026-08-24 02:50:00,95.24,95.33,95.2,95.23,34605.33
2026-08-24 02:55:00,95.24,95.24,95.03,95.06,31272.62
2026-08-24 03:00:00,95.07,95.08,94.72,94.83,120085.56
2026-08-24 03:05:00,94.83,95.06,94.83,95.05,36726.88
2026-08-24 03:10:00,95.05,95.15,95.01,95.05,17211.96
2026-08-24 03:15:00,95.05,95.2,95.0,95.2,16849.41
2026-08-24 03:20:00,95.2,95.31,95.2,95.31,22411.55
2026-08-24 03:25:00,95.31,95.4,95.25,95.27,32258.75
2026-08-24 03:30:00,95.28,95.37,95.19,95.21,37217.09
2026-08-24 03:35:00,95.22,95.26,95.18,95.2,17989.27
2026-08-24 03:40:00,95.21,95.21,95.13,95.19,22606.27
2026-08-24 03:45:00,95.18,95.19,95.05,95.06,14728.46
2026-08-24 03:50:00,95.07,95.12,95.0,95.05,12200.08
2026-08-24 03:55:00,95.05,95.13,95.03,95.07,12221.15
2026-08-24 04:00:00,95.07,95.55,95.07,95.55,82290.82
2026-08-24 04:05:00,95.55,95.66,95.36,95.62,87740.14
2026-08-24 04:10:00,95.61,95.89,95.55,95.65,104014.75
2026-08-24 04:15:00,95.65,96.12,95.64,96.07,201412.73
2026-08-24 04:20:00,96.06,96.13,95.93,96.01,58975.41
2026-08-24 04:25:00,96.01,96.25,95.92,96.11,71205.57
2026-08-24 04:30:00,96.11,96.27,95.94,96.01,108056.68
2026-08-24 04:35:00,96.0,96.01,95.2,95.38,153354.17
2026-08-24 04:40:00,95.38,95.43,95.18,95.27,65917.35
2026-08-24 04:45:00,95.28,95.47,95.27,95.43,37323.45
2026-08-24 04:50:00,95.44,95.68,95.41,95.55,37863.67
2026-08-24 04:55:00,95.54,95.57,95.22,95.34,58048.44
2026-08-24 05:00:00,95.35,95.72,94.76,94.99,287833.5
2026-08-24 05:05:00,95.0,95.25,94.94,95.18,82265.9
2026-08-24 05:10:00,95.17,95.34,95.09,95.24,44425.45
2026-08-24 05:15:00,95.24,95.45,95.08,95.33,82020.5
2026-08-24 05:20:00,95.34,95.56,95.26,95.55,85378.1
2026-08-24 05:25:00,95.55,95.77,95.49,95.56,38665.06
2026-08-24 05:30:00,95.56,95.69,95.37,95.49,38907.58
2026-08-24 05:35:00,95.5,95.68,95.41,95.63,31074.7
2026-08-24 05:40:00,95.64,95.68,95.51,95.53,36398.34
2026-08-24 05:45:00,95.54,95.68,95.33,95.66,49964.19
2026-08-24 05:50:00,95.66,95.73,95.53,95.59,48179.47
2026-08-24 05:55:00,95.58,95.63,95.48,95.59,19763.53
2026-08-24 06:00:00,95.6,95.69,95.33,95.46,77664.7
2026-08-24 06:05:00,95.45,95.54,95.08,95.4,41478.98
2026-08-24 06:10:00,95.4,95.51,95.01,95.16,53354.85
2026-08-24 06:15:00,95.16,95.65,95.13,95.52,45391.79
2026-08-24 06:20:00,95.52,95.59,95.21,95.25,19681.08
2026-08-24 06:25:00,95.24,95.51,95.02,95.48,63898.33
2026-08-24 06:30:00,95.48,95.89,95.46,95.56,114713.24
2026-08-24 06:35:00,95.56,95.62,95.18,95.25,31938.48
2026-08-24 06:40:00,95.25,95.3,95.02,95.18,52330.42
2026-08-24 06:45:00,95.18,95.4,95.15,95.34,30125.69
2026-08-24 06:50:00,95.35,95.53,95.26,95.33,32449.96
2026-08-24 06:55:00,95.33,95.62,95.33,95.44,51763.43
2026-08-24 07:00:00,95.45,95.52,95.08,95.11,56407.6
2026-08-24 07:05:00,95.11,95.33,94.92,95.29,90577.76
2026-08-24 07:10:00,95.3,95.32,95.14,95.23,25654.69
2026-08-24 07:15:00,95.22,95.25,94.9,94.96,32145.69
2026-08-24 07:20:00,94.96,95.0,94.8,94.88,44743.34
2026-08-24 07:25:00,94.87,94.88,93.51,94.52,467538.78
2026-08-24 07:30:00,94.52,94.94,94.39,94.93,164127.08
2026-08-24 07:35:00,94.94,95.1,94.65,94.7,149197.15
2026-08-24 07:40:00,94.7,94.79,94.33,94.35,85217.91
2026-08-24 07:45:00,94.35,94.92,94.13,94.71,217308.57
2026-08-24 07:50:00,94.72,95.15,94.67,95.13,114822.4
2026-08-24 07:55:00,95.14,95.56,95.06,95.54,171630.47
2026-08-24 08:00:00,95.54,95.56,95.2,95.21,118044.28
2026-08-24 08:05:00,95.21,95.3,94.86,94.92,70364.05
2026-08-24 08:10:00,94.92,95.25,94.89,94.9,65511.12
2026-08-24 08:15:00,94.9,94.95,94.63,94.84,75591.14
2026-08-24 08:20:00,94.83,94.84,94.45,94.46,76162.13
2026-08-24 08:25:00,94.46,94.79,94.46,94.49,61079.01
2026-08-24 08:30:00,94.48,94.67,94.39,94.64,56456.22
2026-08-24 08:35:00,94.64,94.65,94.18,94.4,117938.15
2026-08-24 08:40:00,94.4,94.47,94.18,94.2,50046.22
2026-08-24 08:45:00,94.2,94.29,94.05,94.18,72824.52
2026-08-24 08:50:00,94.19,94.25,94.01,94.19,118624.19
2026-08-24 08:55:00,94.19,94.21,93.7,93.85,126423.69
2026-08-24 09:00:00,93.86,94.1,93.65,93.98,166746.36
2026-08-24 09:05:00,93.97,94.13,93.84,94.05,53541.21
2026-08-24 09:10:00,94.05,94.54,93.95,94.43,77072.22
2026-08-24 09:15:00,94.44,94.74,94.43,94.66,89996.2
2026-08-24 09:20:00,94.67,94.72,94.54,94.65,27585.93
2026-08-24 09:25:00,94.65,94.78,94.62,94.78,28568.6
2026-08-24 09:30:00,94.78,94.98,94.7,94.98,50911.55
2026-08-24 09:35:00,94.98,95.05,94.77,94.84,48399.82
2026-08-24 09:40:00,94.84,94.91,94.62,94.73,40238.36
2026-08-24 09:45:00,94.73,94.74,94.02,94.34,204101.02
2026-08-24 09:50:00,94.34,94.38,94.21,94.34,39588.14
2026-08-24 09:55:00,94.34,94.59,94.33,94.57,47024.09
2026-08-24 10:00:00,94.58,94.65,94.2,94.25,51239.73
2026-08-24 10:05:00,94.26,94.26,94.01,94.07,49849.33
2026-08-24 10:10:00,94.07,94.18,93.84,93.86,60172.56
2026-08-24 10:15:00,93.86,93.93,93.75,93.85,62124.2
2026-08-24 10:20:00,93.86,94.14,93.79,94.09,34047.49
2026-08-24 10:25:00,94.1,94.23,93.75,93.76,45003.3
2026-08-24 10:30:00,93.76,93.91,93.42,93.89,142540.22
2026-08-24 10:35:00,93.9,94.0,93.63,93.86,52029.49
2026-08-24 10:40:00,93.86,93.91,93.7,93.75,32657.72
2026-08-24 10:45:00,93.75,93.97,93.71,93.92,34907.18
2026-08-24 10:50:00,93.92,94.09,93.76,93.83,46145.02
2026-08-24 10:55:00,93.83,93.88,93.63,93.66,36512.49
2026-08-24 11:00:00,93.66,93.96,93.63,93.95,52770.36
2026-08-24 11:05:00,93.95,94.04,93.86,93.86,32387.25
2026-08-24 11:10:00,93.87,93.97,93.71,93.96,47878.07
2026-08-24 11:15:00,93.96,94.23,93.96,94.11,55643.89
2026-08-24 11:20:00,94.11,94.31,94.05,94.05,31754.46
2026-08-24 11:25:00,94.05,94.29,94.03,94.27,42854.1
2026-08-24 11:30:00,94.28,94.33,94.11,94.18,40631.49
2026-08-24 11:35:00,94.18,94.22,94.04,94.13,31468.98
2026-08-24 11:40:00,94.13,94.25,93.97,94.24,36495.55
2026-08-24 11:45:00,94.24,94.34,94.01,94.05,39920.03
2026-08-24 11:50:00,94.05,94.07,93.64,93.98,115416.48
2026-08-24 11:55:00,93.97,94.22,93.85,94.2,35252.86
2026-08-24 12:00:00,94.2,94.22,93.96,94.06,51832.33
2026-08-24 12:05:00,94.06,94.22,93.69,94.12,152303.27
2026-08-24 12:10:00,94.12,94.56,94.01,94.5,125089.06
2026-08-24 12:15:00,94.5,94.66,94.24,94.25,105720.83
2026-08-24 12:20:00,94.25,94.3,93.95,94.04,87892.65
2026-08-24 12:25:00,94.04,94.17,93.97,94.03,54772.14
2026-08-24 12:30:00,94.03,94.03,93.66,93.69,96180.76
2026-08-24 12:35:00,93.69,94.03,93.44,93.94,121513.9
2026-08-24 12:40:00,93.93,94.38,93.87,94.12,92934.61
2026-08-24 12:45:00,94.12,94.25,94.05,94.05,32421.41
2026-08-24 12:50:00,94.05,94.23,93.98,94.21,52742.58
2026-08-24 12:55:00,94.22,94.31,94.08,94.26,33774.96
2026-08-24 13:00:00,94.25,94.36,93.94,93.95,47600.25
2026-08-24 13:05:00,93.95,94.24,93.76,94.16,67487.08
2026-08-24 13:10:00,94.15,94.39,94.01,94.32,76654.69
2026-08-24 13:15:00,94.33,94.46,94.2,94.22,70856.83
2026-08-24 13:20:00,94.23,94.37,94.11,94.36,67272.26
2026-08-24 13:25:00,94.36,94.37,94.23,94.23,32812.06
2026-08-24 13:30:00,94.22,94.27,94.04,94.06,37171.97
2026-08-24 13:35:00,94.05,94.16,93.91,93.93,39314.78
2026-08-24 13:40:00,93.92,94.04,93.85,93.96,44910.92
2026-08-24 13:45:00,93.96,94.56,93.92,94.47,108876.3
2026-08-24 13:50:00,94.47,94.56,94.27,94.38,64664.23
2026-08-24 13:55:00,94.38,94.63,94.27,94.54,83854.21
2026-08-24 14:00:00,94.54,94.86,94.48,94.77,78954.51
2026-08-24 14:05:00,94.76,94.92,94.69,94.85,82221.41
2026-08-24 14:10:00,94.85,95.46,94.85,95.31,161892.98
2026-08-24 14:15:00,95.32,95.32,94.95,95.02,74927.94
2026-08-24 14:20:00,95.03,95.03,94.62,94.77,139565.98
2026-08-24 14:25:00,94.76,94.85,94.25,94.3,129797.59
2026-08-24 14:30:00,94.3,94.41,94.07,94.28,134424.1
2026-08-24 14:35:00,94.28,94.28,94.05,94.16,53893.04
2026-08-24 14:40:00,94.16,94.17,93.96,94.01,74766.14
2026-08-24 14:45:00,94.02,94.27,93.98,94.12,75790.75
2026-08-24 14:50:00,94.13,94.43,94.05,94.38,162211.61
2026-08-24 14:55:00,94.38,94.38,94.02,94.1,69062.17
2026-08-24 15:00:00,94.11,94.17,93.92,93.97,78567.2
2026-08-24 15:05:00,93.97,94.37,93.97,94.14,40149.83
2026-08-24 15:10:00,94.14,94.15,93.95,94.04,44386.22
2026-08-24 15:15:00,94.04,94.04,93.5,93.72,203004.78
2026-08-24 15:20:00,93.72,93.77,93.51,93.52,64032.52
2026-08-24 15:25:00,93.52,93.55,93.22,93.38,155097.98
2026-08-24 15:30:00,93.37,93.54,93.34,93.52,59708.55
2026-08-24 15:35:00,93.52,93.85,93.51,93.81,56022.3
2026-08-24 15:40:00,93.81,93.98,93.74,93.97,43572.26
2026-08-24 15:45:00,93.96,94.03,93.81,94.01,46278.84
2026-08-24 15:50:00,94.0,94.08,93.92,93.93,35543.95
2026-08-24 15:55:00,93.93,94.0,93.82,93.92,26108.45
2026-08-24 16:00:00,93.91,94.27,93.86,94.18,76062.31
2026-08-24 16:05:00,94.18,94.59,94.17,94.52,96213.18
2026-08-24 16:10:00,94.51,94.57,94.37,94.55,60571.95
2026-08-24 16:15:00,94.56,94.62,94.32,94.47,80502.79
2026-08-24 16:20:00,94.47,94.56,94.43,94.48,35634.44
2026-08-24 16:25:00,94.49,94.69,94.39,94.64,40827.16
2026-08-24 16:30:00,94.63,94.9,94.62,94.79,100534.4
2026-08-24 16:35:00,94.78,94.8,94.7,94.77,28287.44
2026-08-24 16:40:00,94.78,94.82,94.65,94.69,26286.92
2026-08-24 16:45:00,94.7,94.82,94.63,94.79,30703.57
2026-08-24 16:50:00,94.78,94.79,94.66,94.74,32924.63
2026-08-24 16:55:00,94.74,94.75,94.63,94.67,22064.15
2026-08-24 17:00:00,94.66,95.0,94.58,94.84,109834.29
2026-08-24 17:05:00,94.85,94.92,94.59,94.77,61608.66
2026-08-24 17:10:00,94.77,95.14,94.75,95.03,122039.82
2026-08-24 17:15:00,95.03,95.05,94.79,95.01,41124.49
2026-08-24 17:20:00,95.0,95.03,94.79,94.85,67674.87
2026-08-24 17:25:00,94.85,94.95,94.78,94.83,42329.2
2026-08-24 17:30:00,94.83,95.02,94.78,94.93,43555.7
2026-08-24 17:35:00,94.93,94.97,94.76,94.8,58087.33
2026-08-24 17:40:00,94.8,94.95,94.71,94.81,68758.23
2026-08-24 17:45:00,94.8,94.92,94.79,94.86,34398.28
2026-08-24 17:50:00,94.87,94.91,94.56,94.69,54284.87
2026-08-24 17:55:00,94.69,94.73,94.58,94.71,35986.15
2026-08-24 18:00:00,94.7,94.71,94.23,94.69,120156.32
2026-08-24 18:05:00,94.68,94.72,94.52,94.59,41152.8
2026-08-24 18:10:00,94.59,94.74,94.55,94.67,80919.49
2026-08-24 18:15:00,94.67,94.71,94.5,94.69,43892.77
2026-08-24 18:20:00,94.68,94.9,94.62,94.8,31857.72
2026-08-24 18:25:00,94.8,94.94,94.76,94.89,37210.23
2026-08-24 18:30:00,94.89,95.44,94.84,95.43,117470.64
2026-08-24 18:35:00,95.43,96.06,95.41,95.82,296198.22
2026-08-24 18:40:00,95.83,96.3,95.7,96.25,269485.14
2026-08-24 18:45:00,96.24,96.32,95.59,95.67,179407.8
2026-08-24 18:50:00,95.67,95.72,95.45,95.63,105488.57
2026-08-24 18:55:00,95.63,95.85,95.52,95.84,111556.99
2026-08-24 19:00:00,95.83,95.84,95.45,95.46,85568.72
2026-08-24 19:05:00,95.45,95.54,95.35,95.53,57323.33
2026-08-24 19:10:00,95.52,95.59,95.23,95.28,95034.91
2026-08-24 19:15:00,95.28,95.41,93.6,94.95,911129.92
2026-08-24 19:20:00,94.95,95.39,94.9,95.34,108610.37
2026-08-24 19:25:00,95.34,95.58,95.29,95.41,99223.0
2026-08-24 19:30:00,95.42,95.9,95.26,95.66,270180.4
2026-08-24 19:35:00,95.65,96.0,95.63,96.0,76557.7
2026-08-24 19:40:00,95.99,96.14,95.86,95.93,109371.48
2026-08-24 19:45:00,95.93,96.27,95.9,96.26,102973.26
2026-08-24 19:50:00,96.27,96.67,96.0,96.33,310226.52
2026-08-24 19:55:00,96.34,96.45,96.15,96.26,123557.63
2026-08-24 20:00:00,96.27,96.32,95.86,95.94,197360.54
2026-08-24 20:05:00,95.94,96.28,95.94,96.27,54939.72
2026-08-24 20:10:00,96.27,96.51,96.11,96.36,79277.51
2026-08-24 20:15:00,96.36,96.42,95.96,96.12,116448.41
2026-08-24 20:20:00,96.12,96.28,96.05,96.15,43666.15
2026-08-24 20:25:00,96.15,96.22,95.98,96.05,51123.82
2026-08-24 20:30:00,96.05,96.07,95.1,95.5,372568.57
2026-08-24 20:35:00,95.5,95.68,95.22,95.31,136078.25
2026-08-24 20:40:00,95.31,95.36,94.53,94.77,356821.3
2026-08-24 20:45:00,94.76,95.02,94.24,94.93,330814.24
2026-08-24 20:50:00,94.92,95.08,94.45,94.78,156654.23
2026-08-24 20:55:00,94.78,95.09,94.46,94.99,144793.8
2026-08-24 21:00:00,94.99,95.34,94.8,95.02,138327.75
2026-08-24 21:05:00,95.03,95.33,94.96,95.31,69825.76
2026-08-24 21:10:00,95.31,95.66,95.24,95.64,161643.65
2026-08-24 21:15:00,95.64,95.74,95.36,95.39,141832.62
2026-08-24 21:20:00,95.4,96.12,95.26,95.31,209078.1
2026-08-24 21:25:00,95.31,95.83,95.29,95.75,102372.93
2026-08-24 21:30:00,95.75,96.49,95.71,96.24,232261.24
2026-08-24 21:35:00,96.23,96.54,96.2,96.5,173961.45
2026-08-24 21:40:00,96.5,96.72,96.15,96.45,146732.83
2026-08-24 21:45:00,96.45,96.55,96.2,96.31,118279.68
2026-08-24 21:50:00,96.3,96.32,95.48,95.83,303164.2
2026-08-24 21:55:00,95.83,96.22,95.79,96.07,115880.97
2026-08-24 22:00:00,96.08,96.39,95.97,96.18,77889.44
2026-08-24 22:05:00,96.17,96.53,96.01,96.31,76323.46
2026-08-24 22:10:00,96.31,96.48,96.19,96.26,56988.39
2026-08-24 22:15:00,96.25,96.75,96.21,96.65,129263.82
2026-08-24 22:20:00,96.65,97.55,96.58,97.45,290483.37
2026-08-24 22:25:00,97.44,97.57,97.04,97.3,248288.29
2026-08-24 22:30:00,97.29,97.31,96.73,96.79,238804.49
2026-08-24 22:35:00,96.79,97.11,96.58,96.81,148922.58
2026-08-24 22:40:00,96.81,97.06,96.12,96.47,241002.37
2026-08-24 22:45:00,96.46,96.82,96.12,96.6,187804.66
2026-08-24 22:50:00,96.59,96.74,96.36,96.55,161045.44
2026-08-24 22:55:00,96.54,96.54,96.12,96.43,201485.09
2026-08-24 23:00:00,96.43,96.88,96.43,96.81,140299.36
2026-08-24 23:05:00,96.8,97.14,96.77,96.83,133392.76
2026-08-24 23:10:00,96.83,96.91,96.58,96.76,56194.0
2026-08-24 23:15:00,96.76,97.48,96.68,97.47,183759.73
2026-08-24 23:20:00,97.46,97.56,97.12,97.14,148493.82
2026-08-24 23:25:00,97.14,97.21,96.91,97.04,70134.21
2026-08-24 23:30:00,97.03,97.38,96.99,97.08,124630.48
2026-08-24 23:35:00,97.09,97.26,96.77,96.88,78365.7
2026-08-24 23:40:00,96.87,96.91,96.58,96.7,97647.06
2026-08-24 23:45:00,96.7,96.76,96.46,96.54,100950.28
2026-08-24 23:50:00,96.53,96.61,95.7,95.88,194342.94
2026-08-24 23:55:00,95.88,96.33,95.83,96.03,137869.98
2026-08-25 00:00:00,96.04,96.07,95.22,95.66,332909.05
2026-08-25 00:05:00,95.66,96.17,95.54,96.17,132567.21
2026-08-25 00:10:00,96.17,96.18,95.86,95.88,62761.67
2026-08-25 00:15:00,95.88,96.08,95.27,95.81,312085.17
2026-08-25 00:20:00,95.81,95.81,94.8,94.98,343920.02
2026-08-25 00:25:00,94.98,95.28,94.76,94.9,168964.26
2026-08-25 00:30:00,94.91,95.16,94.85,94.91,127360.12
2026-08-25 00:35:00,94.92,95.25,94.87,95.18,132578.99
2026-08-25 00:40:00,95.19,95.32,94.81,94.83,66698.51
2026-08-25 00:45:00,94.82,95.19,94.78,95.19,68057.94
2026-08-25 00:50:00,95.19,95.31,95.07,95.24,79764.8
2026-08-25 00:55:00,95.23,95.39,95.07,95.36,67234.53
2026-08-25 01:00:00,95.35,95.81,95.35,95.79,102050.18
2026-08-25 01:05:00,95.79,95.98,95.62,95.75,143682.46
2026-08-25 01:10:00,95.75,96.04,95.74,95.97,81260.28
2026-08-25 01:15:00,95.97,96.39,95.91,96.21,108928.95
2026-08-25 01:20:00,96.21,96.26,95.99,95.99,62390.0
2026-08-25 01:25:00,95.99,96.34,95.99,96.25,67443.26
2026-08-25 01:30:00,96.25,96.4,96.09,96.1,62968.04
2026-08-25 01:35:00,96.1,96.18,95.72,95.92,72677.53
2026-08-25 01:40:00,95.92,96.2,95.92,96.19,84298.13
2026-08-25 01:45:00,96.19,96.32,96.02,96.16,54699.89
2026-08-25 01:50:00,96.15,96.2,95.66,95.86,70364.59
2026-08-25 01:55:00,95.86,95.97,95.77,95.88,40364.16
2026-08-25 02:00:00,95.88,96.24,95.77,95.78,128717.55
2026-08-25 02:05:00,95.78,95.8,95.37,95.48,229916.2
2026-08-25 02:10:00,95.48,95.93,95.43,95.79,51856.03
2026-08-25 02:15:00,95.78,95.89,95.38,95.52,94795.49
2026-08-25 02:20:00,95.53,95.72,95.42,95.53,72222.27
2026-08-25 02:25:00,95.54,95.94,95.54,95.91,39867.47
2026-08-25 02:30:00,95.91,96.09,95.83,96.02,42654.33
2026-08-25 02:35:00,96.01,96.57,95.94,96.31,178897.57
2026-08-25 02:40:00,96.32,96.36,96.07,96.24,40433.5
2026-08-25 02:45:00,96.25,96.52,96.05,96.39,75934.45
2026-08-25 02:50:00,96.4,96.5,96.09,96.4,66825.25
2026-08-25 02:55:00,96.4,96.62,96.28,96.5,158075.05
2026-08-25 03:00:00,96.51,96.65,96.05,96.09,104095.86
2026-08-25 03:05:00,96.1,96.45,96.08,96.42,63218.2
2026-08-25 03:10:00,96.43,96.46,96.07,96.19,31305.37
2026-08-25 03:15:00,96.19,96.19,95.99,96.1,37312.85
2026-08-25 03:20:00,96.1,96.14,95.95,96.03,29158.32
2026-08-25 03:25:00,96.03,96.05,95.69,95.89,58594.46
2026-08-25 03:30:00,95.9,96.12,95.83,96.11,33939.49
2026-08-25 03:35:00,96.1,96.74,96.1,96.54,226467.65
2026-08-25 03:40:00,96.54,96.65,96.46,96.58,54619.22
2026-08-25 03:45:00,96.58,96.59,96.44,96.44,20060.91
2026-08-25 03:50:00,96.44,96.47,96.31,96.42,22623.77
2026-08-25 03:55:00,96.42,96.52,96.42,96.52,17195.48
2026-08-25 04:00:00,96.52,96.74,96.51,96.72,54793.83
2026-08-25 04:05:00,96.72,96.85,96.66,96.74,74690.56
2026-08-25 04:10:00,96.74,96.99,96.72,96.87,66232.21
2026-08-25 04:15:00,96.86,96.89,96.64,96.7,46766.2
2026-08-25 04:20:00,96.69,96.75,96.57,96.66,28103.26
2026-08-25 04:25:00,96.66,96.76,96.61,96.73,22365.85
2026-08-25 04:30:00,96.74,96.92,96.71,96.88,31519.15
2026-08-25 04:35:00,96.88,96.91,96.76,96.88,31991.89
2026-08-25 04:40:00,96.87,96.93,96.83,96.88,26354.79
2026-08-25 04:45:00,96.87,97.33,96.79,97.24,92448.87
2026-08-25 04:50:00,97.23,97.29,97.1,97.28,44510.0
2026-08-25 04:55:00,97.29,97.55,97.18,97.45,96042.36
2026-08-25 05:00:00,97.44,97.75,97.1,97.46,210182.72
2026-08-25 05:05:00,97.46,97.81,97.4,97.45,98012.03
2026-08-25 05:10:00,97.45,97.51,97.36,97.4,36130.19
2026-08-25 05:15:00,97.39,97.65,97.35,97.44,79386.4
2026-08-25 05:20:00,97.44,97.56,97.36,97.44,35517.54
2026-08-25 05:25:00,97.45,97.51,97.34,97.51,35729.7
2026-08-25 05:30:00,97.5,98.27,97.46,98.15,203366.15
2026-08-25 05:35:00,98.15,98.72,98.11,98.43,327002.1
2026-08-25 05:40:00,98.42,98.42,97.59,97.64,284951.28
2026-08-25 05:45:00,97.64,97.96,97.61,97.86,117516.96
2026-08-25 05:50:00,97.86,97.9,97.4,97.6,162176.67
2026-08-25 05:55:00,97.6,97.64,97.27,97.42,140185.29
2026-08-25 06:00:00,97.42,97.59,97.24,97.47,166487.87
2026-08-25 06:05:00,97.47,97.91,97.4,97.79,65089.23
2026-08-25 06:10:00,97.8,97.89,97.5,97.54,73723.48
2026-08-25 06:15:00,97.54,97.64,97.45,97.59,48345.64
2026-08-25 06:20:00,97.6,98.32,97.59,98.21,123417.9
2026-08-25 06:25:00,98.21,98.48,98.01,98.19,114917.33
2026-08-25 06:30:00,98.18,98.39,97.98,98.13,62083.35
2026-08-25 06:35:00,98.13,98.65,98.04,98.6,90766.64
2026-08-25 06:40:00,98.61,98.8,98.44,98.51,123527.87
2026-08-25 06:45:00,98.51,98.73,98.4,98.46,96517.39
2026-08-25 06:50:00,98.45,98.53,98.2,98.39,67255.93
2026-08-25 06:55:00,98.38,98.99,98.29,98.96,167179.07
2026-08-25 07:00:00,98.95,98.99,98.62,98.71,135655.32
2026-08-25 07:05:00,98.72,101.86,98.53,99.82,1209267.58
2026-08-25 07:10:00,99.82,102.47,99.51,100.58,1089275.13
2026-08-25 07:15:00,100.57,100.58,99.38,99.76,439440.82
2026-08-25 07:20:00,99.77,100.19,99.58,99.95,213557.93
2026-08-25 07:25:00,99.95,100.53,99.5,99.78,463378.08
2026-08-25 07:30:00,99.78,100.4,99.54,100.29,250958.73
2026-08-25 07:35:00,100.28,100.89,100.18,100.76,635412.54
2026-08-25 07:40:00,100.76,102.46,100.64,101.9,818394.97
2026-08-25 07:45:00,101.9,102.84,101.74,101.84,718361.16
2026-08-25 07:50:00,101.84,102.14,101.36,102.12,293830.55
2026-08-25 07:55:00,102.12,102.22,101.68,101.76,149576.08
2026-08-25 08:00:00,101.76,102.4,101.74,102.2,177761.81
2026-08-25 08:05:00,102.2,102.2,101.87,101.98,131121.15
2026-08-25 08:10:00,101.99,102.04,101.52,101.82,154996.82
2026-08-25 08:15:00,101.82,102.14,101.37,102.01,146128.74
2026-08-25 08:20:00,102.02,102.13,101.73,101.81,66836.82
2026-08-25 08:25:00,101.81,102.59,101.73,102.1,140237.07
2026-08-25 08:30:00,102.09,102.36,101.76,101.83,108987.39
2026-08-25 08:35:00,101.83,101.99,101.57,101.76,93238.66
2026-08-25 08:40:00,101.75,101.89,100.9,100.95,185741.98
2026-08-25 08:45:00,100.94,101.3,100.94,101.19,119692.58
2026-08-25 08:50:00,101.19,101.23,100.07,100.46,345276.99
2026-08-25 08:55:00,100.46,100.57,100.35,100.47,100259.44
2026-08-25 09:00:00,100.48,100.63,100.29,100.44,123087.68
2026-08-25 09:05:00,100.44,100.53,100.24,100.41,99183.85
2026-08-25 09:10:00,100.41,100.65,100.29,100.36,99239.04
2026-08-25 09:15:00,100.37,102.15,100.21,102.13,486388.0
2026-08-25 09:20:00,102.14,102.33,101.39,101.76,387510.03
2026-08-25 09:25:00,101.76,102.33,101.7,102.25,263621.73
2026-08-25 09:30:00,102.25,102.33,101.76,101.94,204892.96
2026-08-25 09:35:00,101.93,102.03,101.57,101.77,139876.77
2026-08-25 09:40:00,101.77,102.24,101.57,101.64,217924.04
2026-08-25 09:45:00,101.63,101.74,101.37,101.47,133401.11
2026-08-25 09:50:00,101.46,101.46,100.27,100.79,432758.4
2026-08-25 09:55:00,100.78,101.0,100.73,100.9,181142.0
2026-08-25 10:00:00,100.9,101.37,100.84,101.31,173669.75
2026-08-25 10:05:00,101.31,101.49,101.25,101.32,61890.91
2026-08-25 10:10:00,101.33,101.59,101.3,101.44,108039.5
2026-08-25 10:15:00,101.45,101.69,101.2,101.67,76725.85
2026-08-25 10:20:00,101.66,101.8,101.37,101.45,92132.39
2026-08-25 10:25:00,101.45,101.65,101.26,101.64,58049.43
2026-08-25 10:30:00,101.64,102.08,101.54,101.78,159643.79
2026-08-25 10:35:00,101.78,101.91,101.59,101.85,75846.16
2026-08-25 10:40:00,101.85,101.87,101.37,101.46,96767.29
2026-08-25 10:45:00,101.45,101.82,101.16,101.42,130089.07
2026-08-25 10:50:00,101.42,101.74,101.42,101.64,68959.49
2026-08-25 10:55:00,101.64,101.64,101.32,101.6,84334.51
2026-08-25 11:00:00,101.61,101.74,101.29,101.34,120810.95
2026-08-25 11:05:00,101.34,101.4,100.97,101.3,114663.54
2026-08-25 11:10:00,101.31,101.56,101.2,101.54,71917.46
2026-08-25 11:15:00,101.54,101.58,101.19,101.32,70544.61
2026-08-25 11:20:00,101.33,101.69,101.2,101.68,65674.49
2026-08-25 11:25:00,101.68,101.72,101.4,101.42,69577.96
2026-08-25 11:30:00,101.41,101.51,101.01,101.28,88015.77
2026-08-25 11:35:00,101.28,101.42,101.09,101.16,97264.49
2026-08-25 11:40:00,101.16,102.0,100.82,100.91,312690.82
2026-08-25 11:45:00,100.91,101.11,100.81,101.06,82294.57
2026-08-25 11:50:00,101.06,101.3,101.01,101.14,193093.68
2026-08-25 11:55:00,101.14,101.35,101.0,101.32,66796.77
2026-08-25 12:00:00,101.32,101.74,101.23,101.71,162088.74
2026-08-25 12:05:00,101.71,102.01,101.71,101.94,91997.81
2026-08-25 12:10:00,101.94,102.09,101.79,101.87,91321.92
2026-08-25 12:15:00,101.86,102.03,101.76,101.98,82882.76
2026-08-25 12:20:00,101.99,102.05,101.78,101.93,52011.54
2026-08-25 12:25:00,101.94,103.26,101.92,102.68,429322.76
2026-08-25 12:30:00,102.68,102.76,102.21,102.34,179755.36
2026-08-25 12:35:00,102.35,102.44,102.08,102.17,81041.15
2026-08-25 12:40:00,102.18,102.23,101.67,101.69,159022.82
2026-08-25 12:45:00,101.7,102.03,101.67,102.02,69459.96
2026-08-25 12:50:00,102.02,102.45,101.92,102.29,96384.7
2026-08-25 12:55:00,102.29,102.44,101.87,101.88,56682.55
2026-08-25 13:00:00,101.89,102.03,101.69,101.74,101563.04
2026-08-25 13:05:00,101.73,101.73,101.53,101.61,71206.35
2026-08-25 13:10:00,101.62,101.72,101.39,101.67,71790.85
2026-08-25 13:15:00,101.68,102.07,101.65,101.85,111676.58
2026-08-25 13:20:00,101.84,101.85,101.56,101.67,52588.7
2026-08-25 13:25:00,101.67,101.68,101.54,101.57,33282.68
2026-08-25 13:30:00,101.58,101.58,101.15,101.38,120596.21
2026-08-25 13:35:00,101.38,101.39,101.04,101.21,61243.25
2026-08-25 13:40:00,101.22,101.24,101.08,101.13,45733.51
2026-08-25 13:45:00,101.12,101.17,100.98,101.0,66693.16
2026-08-25 13:50:00,101.0,101.05,100.72,100.82,153076.26
2026-08-25 13:55:00,100.82,100.82,100.41,100.75,155393.08
2026-08-25 14:00:00,100.75,101.57,100.58,101.43,198154.72
2026-08-25 14:05:00,101.43,101.63,101.43,101.48,70043.26
2026-08-25 14:10:00,101.49,101.66,101.43,101.45,83000.76
2026-08-25 14:15:00,101.44,101.58,101.35,101.4,40927.21
2026-08-25 14:20:00,101.4,101.54,101.27,101.43,59232.79
2026-08-25 14:25:00,101.44,101.95,101.43,101.64,81515.17
2026-08-25 14:30:00,101.65,101.65,101.45,101.53,44259.51
2026-08-25 14:35:00,101.53,101.6,101.35,101.37,44631.33
2026-08-25 14:40:00,101.36,101.71,101.36,101.67,39932.46
2026-08-25 14:45:00,101.67,101.75,100.55,100.71,191206.31
2026-08-25 14:50:00,100.71,100.75,99.48,100.48,612780.97
2026-08-25 14:55:00,100.49,100.5,100.22,100.22,115808.36
2026-08-25 15:00:00,100.22,100.43,99.71,100.18,186763.91
2026-08-25 15:05:00,100.17,100.19,99.91,100.08,125073.88
2026-08-25 15:10:00,100.08,100.33,99.98,100.28,83196.17
2026-08-25 15:15:00,100.28,100.57,100.22,100.39,117625.72
2026-08-25 15:20:00,100.4,100.96,100.39,100.92,189898.15
2026-08-25 15:25:00,100.92,101.08,100.85,100.99,104060.02
2026-08-25 15:30:00,101.0,101.12,100.85,100.94,64414.75
2026-08-25 15:35:00,100.94,100.99,100.29,100.29,120729.66
2026-08-25 15:40:00,100.3,100.76,100.23,100.74,102771.64
2026-08-25 15:45:00,100.74,100.75,100.47,100.5,51733.09
2026-08-25 15:50:00,100.5,100.57,100.37,100.44,57906.98
2026-08-25 15:55:00,100.45,100.52,100.32,100.38,74340.85
2026-08-25 16:00:00,100.38,100.41,99.97,100.12,87055.16
2026-08-25 16:05:00,100.12,100.28,99.97,100.23,52615.34
2026-08-25 16:10:00,100.23,100.46,100.09,100.34,51463.95
2026-08-25 16:15:00,100.34,100.44,100.22,100.36,46701.71
2026-08-25 16:20:00,100.35,100.56,100.34,100.49,23430.98
2026-08-25 16:25:00,100.48,100.48,100.02,100.13,53066.41
2026-08-25 16:30:00,100.14,100.48,100.14,100.4,50059.06
2026-08-25 16:35:00,100.41,100.47,100.28,100.39,33041.88
2026-08-25 16:40:00,100.38,100.64,100.38,100.41,41303.85
2026-08-25 16:45:00,100.41,100.54,100.28,100.31,49764.01
2026-08-25 16:50:00,100.31,100.32,99.25,99.53,332388.99
2026-08-25 16:55:00,99.52,99.83,99.48,99.79,117774.4
2026-08-25 17:00:00,99.78,99.88,99.38,99.68,95551.14
2026-08-25 17:05:00,99.69,99.84,99.54,99.68,60400.04
2026-08-25 17:10:00,99.68,99.77,99.04,99.43,256388.98
2026-08-25 17:15:00,99.42,99.55,99.26,99.47,92995.96
2026-08-25 17:20:00,99.47,99.76,99.42,99.57,118939.97
2026-08-25 17:25:00,99.57,99.65,99.46,99.53,55135.09
2026-08-25 17:30:00,99.53,99.58,99.41,99.41,37877.79
2026-08-25 17:35:00,99.41,99.48,99.27,99.48,36669.86
2026-08-25 17:40:00,99.48,99.64,99.46,99.57,55255.65
2026-08-25 17:45:00,99.56,99.8,99.48,99.59,66184.3
2026-08-25 17:50:00,99.58,99.84,99.52,99.77,42082.21
2026-08-25 17:55:00,99.76,99.84,99.59,99.6,42283.86
2026-08-25 18:00:00,99.6,99.64,99.31,99.33,51066.28
2026-08-25 18:05:00,99.34,99.69,99.24,99.41,49060.8
2026-08-25 18:10:00,99.42,99.46,98.74,98.96,187897.93
2026-08-25 18:15:00,98.96,99.03,98.84,98.87,104531.75
2026-08-25 18:20:00,98.87,99.11,98.83,98.97,98569.23
2026-08-25 18:25:00,98.96,98.97,98.46,98.85,237978.83
2026-08-25 18:30:00,98.85,99.03,98.75,99.0,94064.18
2026-08-25 18:35:00,99.0,99.23,98.89,98.92,73583.54
2026-08-25 18:40:00,98.91,98.94,98.65,98.66,56706.85
2026-08-25 18:45:00,98.66,98.82,98.51,98.61,63352.94
2026-08-25 18:50:00,98.61,98.83,98.52,98.57,52904.85
2026-08-25 18:55:00,98.58,98.75,98.51,98.6,49321.34
2026-08-25 19:00:00,98.59,98.83,98.23,98.48,194198.27
2026-08-25 19:05:00,98.47,98.48,97.77,98.16,271672.16
2026-08-25 19:10:00,98.15,98.6,98.11,98.49,121187.47
2026-08-25 19:15:00,98.48,98.54,98.06,98.24,82234.69
2026-08-25 19:20:00,98.24,98.36,97.64,97.96,207659.71
2026-08-25 19:25:00,97.96,98.22,97.43,98.18,329189.45
2026-08-25 19:30:00,98.19,98.3,97.91,98.23,78984.82
2026-08-25 19:35:00,98.23,98.28,98.08,98.12,55432.2
2026-08-25 19:40:00,98.12,98.35,97.79,98.29,97466.35
2026-08-25 19:45:00,98.29,98.58,98.2,98.51,136802.53
2026-08-25 19:50:00,98.51,98.69,98.49,98.63,79531.0
2026-08-25 19:55:00,98.63,98.69,98.53,98.57,43565.47
2026-08-25 20:00:00,98.56,98.78,98.47,98.78,70840.64
2026-08-25 20:05:00,98.78,98.78,98.23,98.29,83894.37
2026-08-25 20:10:00,98.3,98.36,97.98,98.1,105808.47
2026-08-25 20:15:00,98.1,98.11,97.56,97.78,177989.35
2026-08-25 20:20:00,97.79,97.96,97.47,97.64,145221.52
2026-08-25 20:25:00,97.65,97.76,96.52,96.94,592097.35
2026-08-25 20:30:00,96.94,97.8,96.87,97.79,274095.6
2026-08-25 20:35:00,97.79,98.23,97.67,97.9,268382.86
2026-08-25 20:40:00,97.89,98.07,97.4,97.46,154904.45
2026-08-25 20:45:00,97.46,97.54,96.86,97.07,254578.92
2026-08-25 20:50:00,97.08,97.12,96.17,96.64,438153.68
2026-08-25 20:55:00,96.63,97.16,96.42,97.12,186687.25
2026-08-25 21:00:00,97.12,97.41,96.87,97.3,149939.65
2026-08-25 21:05:00,97.31,97.74,97.3,97.73,167285.81
2026-08-25 21:10:00,97.73,97.93,97.65,97.74,164550.24
2026-08-25 21:15:00,97.74,97.75,97.41,97.42,166769.07
2026-08-25 21:20:00,97.42,97.81,97.36,97.8,89424.04
2026-08-25 21:25:00,97.8,98.17,97.71,97.97,170125.88
2026-08-25 21:30:00,97.96,98.4,97.63,98.17,232925.65
2026-08-25 21:35:00,98.18,98.24,97.91,98.0,89667.09
2026-08-25 21:40:00,98.0,98.1,97.83,97.96,82908.16
2026-08-25 21:45:00,97.97,98.29,97.96,98.11,57148.8
2026-08-25 21:50:00,98.1,98.23,98.05,98.12,46612.08
2026-08-25 21:55:00,98.12,98.33,98.02,98.18,67886.51
2026-08-25 22:00:00,98.18,98.28,97.78,97.94,106317.0
2026-08-25 22:05:00,97.94,98.2,97.94,98.12,53529.52
2026-08-25 22:10:00,98.12,98.2,97.69,97.72,86353.54
2026-08-25 22:15:00,97.72,98.05,97.57,97.96,66479.17
2026-08-25 22:20:00,97.96,98.06,97.78,97.79,45242.15
2026-08-25 22:25:00,97.79,97.94,97.59,97.93,53372.53
2026-08-25 22:30:00,97.92,98.13,97.81,98.03,44981.26
2026-08-25 22:35:00,98.04,98.47,98.01,98.16,107970.77
2026-08-25 22:40:00,98.15,98.15,97.9,98.03,50339.59
2026-08-25 22:45:00,98.02,98.07,97.8,97.86,42661.12
2026-08-25 22:50:00,97.85,98.01,97.77,97.99,33779.3
2026-08-25 22:55:00,97.99,98.38,97.98,98.32,77700.44
2026-08-25 23:00:00,98.33,98.54,98.23,98.29,123172.97
2026-08-25 23:05:00,98.3,98.38,98.1,98.23,52429.52
2026-08-25 23:10:00,98.23,98.28,97.96,98.0,54726.66
2026-08-25 23:15:00,98.0,98.25,97.97,98.19,40069.85
2026-08-25 23:20:00,98.19,98.22,97.81,97.92,57110.65
2026-08-25 23:25:00,97.92,98.05,97.72,98.01,45611.7
2026-08-25 23:30:00,98.01,98.36,97.98,98.24,52501.39
2026-08-25 23:35:00,98.24,98.37,98.15,98.32,22194.68
2026-08-25 23:40:00,98.32,98.64,98.27,98.35,57612.29
2026-08-25 23:45:00,98.35,98.55,98.33,98.41,45219.9
2026-08-25 23:50:00,98.42,98.43,98.2,98.24,36128.83
2026-08-25 23:55:00,98.24,98.26,98.06,98.16,51542.64
2026-08-26 00:00:00,98.15,98.17,97.81,97.84,59283.41
2026-08-26 00:05:00,97.84,97.94,97.39,97.58,130232.88
2026-08-26 00:10:00,97.58,97.66,97.41,97.62,65039.93
2026-08-26 00:15:00,97.62,97.92,97.59,97.83,55810.17
2026-08-26 00:20:00,97.83,97.97,97.56,97.61,64890.06
2026-08-26 00:25:00,97.61,97.77,97.46,97.59,61101.77
2026-08-26 00:30:00,97.58,98.08,97.58,97.92,70679.3
2026-08-26 00:35:00,97.92,97.93,97.68,97.72,38357.94
2026-08-26 00:40:00,97.72,98.02,97.69,98.0,33620.46
2026-08-26 00:45:00,98.01,98.15,97.95,98.09,43493.68
2026-08-26 00:50:00,98.1,98.13,97.97,98.04,34582.12
2026-08-26 00:55:00,98.05,98.18,98.01,98.16,25353.8
2026-08-26 01:00:00,98.16,98.28,98.02,98.16,41002.56
2026-08-26 01:05:00,98.16,98.29,98.09,98.24,48727.6
2026-08-26 01:10:00,98.25,98.5,98.21,98.41,78005.95
2026-08-26 01:15:00,98.42,98.54,98.36,98.46,62966.77
2026-08-26 01:20:00,98.46,98.8,98.44,98.69,98648.49
2026-08-26 01:25:00,98.68,98.71,98.56,98.67,50016.1
2026-08-26 01:30:00,98.66,98.68,98.45,98.46,49314.9
2026-08-26 01:35:00,98.46,98.61,98.4,98.58,44790.68
2026-08-26 01:40:00,98.57,98.64,98.46,98.6,23571.54
2026-08-26 01:45:00,98.6,98.74,98.46,98.53,49288.46
2026-08-26 01:50:00,98.52,98.6,98.33,98.39,52455.49
2026-08-26 01:55:00,98.39,98.52,98.32,98.44,48099.0
2026-08-26 02:00:00,98.45,98.58,98.21,98.21,37759.06
2026-08-26 02:05:00,98.22,98.42,98.21,98.41,39255.06
2026-08-26 02:10:00,98.4,98.55,98.31,98.45,37420.4
2026-08-26 02:15:00,98.45,98.54,98.4,98.5,25938.82
2026-08-26 02:20:00,98.5,98.55,98.31,98.4,32189.88
2026-08-26 02:25:00,98.4,98.4,97.82,97.82,71127.41
2026-08-26 02:30:00,97.83,97.84,97.56,97.79,94291.64
2026-08-26 02:35:00,97.78,97.96,97.69,97.69,73911.5
2026-08-26 02:40:00,97.7,97.73,97.42,97.5,115782.14
2026-08-26 02:45:00,97.5,97.72,97.49,97.59,63971.61
2026-08-26 02:50:00,97.58,97.84,97.54,97.77,53786.49
2026-08-26 02:55:00,97.77,97.93,97.69,97.9,46204.27
2026-08-26 03:00:00,97.91,98.01,96.99,97.5,243725.92
2026-08-26 03:05:00,97.51,97.71,97.28,97.7,70575.81
2026-08-26 03:10:00,97.69,97.76,97.6,97.7,30702.3
2026-08-26 03:15:00,97.71,97.96,97.65,97.95,30572.45
2026-08-26 03:20:00,97.95,97.98,97.71,97.89,30129.5
2026-08-26 03:25:00,97.89,97.93,97.64,97.65,28090.78
2026-08-26 03:30:00,97.64,97.68,97.4,97.6,51450.43
2026-08-26 03:35:00,97.59,97.69,96.93,97.01,101067.41
2026-08-26 03:40:00,97.02,97.14,96.69,96.98,169021.8
2026-08-26 03:45:00,96.98,97.1,96.59,96.66,212108.88
2026-08-26 03:50:00,96.65,96.99,96.65,96.75,98691.62
2026-08-26 03:55:00,96.74,96.8,96.61,96.63,92477.48
2026-08-26 04:00:00,96.63,96.92,96.58,96.7,101039.62
2026-08-26 04:05:00,96.71,96.85,95.21,96.02,638185.7
2026-08-26 04:10:00,96.03,96.52,95.92,96.48,148395.26
2026-08-26 04:15:00,96.48,96.72,96.26,96.64,115118.74
2026-08-26 04:20:00,96.64,96.65,96.09,96.22,92798.92
2026-08-26 04:25:00,96.21,96.72,96.1,96.72,61947.96
2026-08-26 04:30:00,96.71,96.84,96.58,96.78,79797.31
2026-08-26 04:35:00,96.78,97.16,96.77,97.13,144012.16
2026-08-26 04:40:00,97.14,97.21,96.97,97.01,55256.16
2026-08-26 04:45:00,97.01,97.15,97.0,97.12,32490.78
2026-08-26 04:50:00,97.12,97.16,96.96,97.16,29695.67
2026-08-26 04:55:00,97.16,97.23,96.99,97.14,68598.76
2026-08-26 05:00:00,97.14,97.4,97.14,97.33,65161.97
2026-08-26 05:05:00,97.33,97.55,97.31,97.48,64415.87
2026-08-26 05:10:00,97.48,97.61,97.46,97.6,41965.24
2026-08-26 05:15:00,97.59,97.7,97.57,97.68,64426.02
2026-08-26 05:20:00,97.69,97.72,97.43,97.44,53769.44
2026-08-26 05:25:00,97.44,97.45,97.11,97.29,75654.9
2026-08-26 05:30:00,97.29,97.49,97.17,97.47,36618.69
2026-08-26 05:35:00,97.47,97.52,97.3,97.3,24056.31
2026-08-26 05:40:00,97.3,97.32,97.16,97.21,34934.94
2026-08-26 05:45:00,97.21,97.3,97.16,97.25,39347.38
2026-08-26 05:50:00,97.25,97.3,97.22,97.24,13065.39
2026-08-26 05:55:00,97.24,97.33,97.16,97.16,22832.94
2026-08-26 06:00:00,97.16,97.38,97.08,97.27,57987.86
2026-08-26 06:05:00,97.26,97.31,97.05,97.07,26289.64
2026-08-26 06:10:00,97.07,97.2,96.94,97.13,62832.78
2026-08-26 06:15:00,97.13,97.25,97.0,97.06,42828.68
2026-08-26 06:20:00,97.05,97.06,96.81,96.87,65079.88
2026-08-26 06:25:00,96.87,97.08,96.83,97.03,48631.57
2026-08-26 06:30:00,97.03,97.05,96.87,96.94,47231.06
2026-08-26 06:35:00,96.94,96.98,96.85,96.86,21059.4
2026-08-26 06:40:00,96.86,96.9,96.51,96.68,69625.92
2026-08-26 06:45:00,96.69,96.73,96.58,96.62,52583.28
2026-08-26 06:50:00,96.63,96.67,96.33,96.49,83239.48
2026-08-26 06:55:00,96.48,96.62,96.43,96.56,59069.26
2026-08-26 07:00:00,96.56,96.76,96.34,96.72,118556.3
2026-08-26 07:05:00,96.72,96.73,96.39,96.42,64955.07
2026-08-26 07:10:00,96.43,96.5,96.13,96.21,107682.49
2026-08-26 07:15:00,96.21,96.42,96.12,96.31,60781.95
2026-08-26 07:20:00,96.31,96.38,96.21,96.36,37829.56
2026-08-26 07:25:00,96.37,96.5,96.25,96.5,34246.64
2026-08-26 07:30:00,96.5,96.7,96.47,96.5,65348.39
2026-08-26 07:35:00,96.49,96.54,96.13,96.24,71389.48
2026-08-26 07:40:00,96.24,96.62,96.18,96.48,56218.11
2026-08-26 07:45:00,96.49,96.65,96.37,96.62,47548.89
2026-08-26 07:50:00,96.62,96.9,96.62,96.84,62668.38
2026-08-26 07:55:00,96.84,96.84,96.59,96.61,39636.45
2026-08-26 08:00:00,96.61,97.04,96.57,97.03,66803.04
2026-08-26 08:05:00,97.04,97.24,96.99,97.0,83571.83
2026-08-26 08:10:00,97.0,97.06,96.81,96.89,36811.56
2026-08-26 08:15:00,96.89,97.06,96.83,96.96,38060.68
2026-08-26 08:20:00,96.97,97.04,96.88,96.92,20100.54
2026-08-26 08:25:00,96.91,96.91,96.71,96.74,40991.46
2026-08-26 08:30:00,96.75,97.13,96.72,97.12,36816.44
2026-08-26 08:35:00,97.12,97.23,96.99,97.04,43504.35
2026-08-26 08:40:00,97.04,97.07,96.94,97.03,24172.23
2026-08-26 08:45:00,97.03,97.04,96.9,97.01,29946.92
2026-08-26 08:50:00,97.01,97.01,96.87,96.95,13793.32
2026-08-26 08:55:00,96.94,96.99,96.89,96.97,15606.35
2026-08-26 09:00:00,96.98,97.02,96.85,96.9,25110.88
2026-08-26 09:05:00,96.9,96.94,96.74,96.77,28556.43
2026-08-26 09:10:00,96.78,96.95,96.76,96.87,16544.18
2026-08-26 09:15:00,96.87,97.23,96.86,97.06,54955.63
2026-08-26 09:20:00,97.06,97.19,97.05,97.17,26922.58
2026-08-26 09:25:00,97.17,97.49,97.17,97.48,73779.22
2026-08-26 09:30:00,97.49,97.5,97.3,97.36,61610.59
2026-08-26 09:35:00,97.37,97.4,97.25,97.33,31518.32
2026-08-26 09:40:00,97.32,97.37,97.29,97.33,17949.98
2026-08-26 09:45:00,97.33,97.37,97.26,97.29,25788.96
2026-08-26 09:50:00,97.29,97.29,97.11,97.12,45343.75
2026-08-26 09:55:00,97.13,97.25,97.13,97.23,13558.83
2026-08-26 10:00:00,97.24,97.32,97.11,97.11,24559.0
2026-08-26 10:05:00,97.11,97.18,97.09,97.12,18058.42
2026-08-26 10:10:00,97.13,97.16,97.04,97.06,21671.52
2026-08-26 10:15:00,97.06,97.1,96.84,96.98,48070.14
2026-08-26 10:20:00,96.98,97.22,96.91,97.19,35731.14
2026-08-26 10:25:00,97.2,97.2,97.01,97.04,21509.59
2026-08-26 10:30:00,97.05,97.05,96.76,96.93,52184.04
2026-08-26 10:35:00,96.94,97.17,96.93,97.02,42571.4
2026-08-26 10:40:00,97.02,97.09,96.86,97.06,33334.92
2026-08-26 10:45:00,97.07,97.12,96.87,96.9,27219.19
2026-08-26 10:50:00,96.9,97.01,96.86,96.99,31337.6
2026-08-26 10:55:00,96.99,97.11,96.99,97.01,36992.02
2026-08-26 11:00:00,97.0,97.03,96.78,96.91,42496.25
2026-08-26 11:05:00,96.91,97.15,96.87,97.13,39491.94
2026-08-26 11:10:00,97.13,97.19,96.82,96.91,32713.23
2026-08-26 11:15:00,96.92,97.12,96.84,97.11,23958.93
2026-08-26 11:20:00,97.12,97.14,96.96,97.13,41788.38
2026-08-26 11:25:00,97.14,97.2,97.0,97.05,22524.25
2026-08-26 11:30:00,97.06,97.14,96.9,96.98,36899.91
2026-08-26 11:35:00,96.98,97.28,96.97,97.06,46149.56
2026-08-26 11:40:00,97.05,97.21,97.05,97.08,27572.68
2026-08-26 11:45:00,97.08,97.08,96.66,96.83,114346.4
2026-08-26 11:50:00,96.83,96.88,96.56,96.69,101475.43
2026-08-26 11:55:00,96.7,96.71,96.51,96.57,44786.42
2026-08-26 12:00:00,96.58,96.66,96.43,96.49,76367.04
2026-08-26 12:05:00,96.5,96.51,96.2,96.47,93637.57
2026-08-26 12:10:00,96.48,96.65,96.46,96.55,37183.91
2026-08-26 12:15:00,96.55,96.58,96.33,96.34,40061.36
2026-08-26 12:20:00,96.33,96.89,96.33,96.86,47836.16
2026-08-26 12:25:00,96.86,96.92,96.63,96.8,47950.59
2026-08-26 12:30:00,96.79,96.96,96.73,96.88,49983.32
2026-08-26 12:35:00,96.88,97.05,96.87,97.04,75387.22
2026-08-26 12:40:00,97.05,97.17,97.01,97.14,43025.79
2026-08-26 12:45:00,97.14,97.14,97.0,97.08,27984.84
2026-08-26 12:50:00,97.08,97.09,96.95,96.95,21829.59
2026-08-26 12:55:00,96.95,97.05,96.95,97.04,13812.18
2026-08-26 13:00:00,97.03,97.14,96.98,97.09,32385.34
2026-08-26 13:05:00,97.08,97.34,97.08,97.19,94971.38
2026-08-26 13:10:00,97.19,97.19,96.94,96.99,52592.62
2026-08-26 13:15:00,96.98,97.05,96.73,96.73,37032.18
2026-08-26 13:20:00,96.73,96.89,96.66,96.66,24922.72
2026-08-26 13:25:00,96.66,96.79,96.6,96.69,21794.55
2026-08-26 13:30:00,96.68,96.8,96.59,96.68,43904.2
2026-08-26 13:35:00,96.68,96.73,96.46,96.57,44990.09
2026-08-26 13:40:00,96.56,96.79,96.55,96.71,31568.13
2026-08-26 13:45:00,96.71,96.79,96.6,96.66,34410.97
2026-08-26 13:50:00,96.66,96.76,96.62,96.75,16302.08
2026-08-26 13:55:00,96.76,96.79,96.68,96.76,19391.79
2026-08-26 14:00:00,96.75,96.9,96.62,96.87,112490.68
2026-08-26 14:05:00,96.87,97.02,96.72,96.74,55732.93
2026-08-26 14:10:00,96.73,96.91,96.73,96.9,15483.31
2026-08-26 14:15:00,96.9,97.02,96.89,96.89,32662.5
2026-08-26 14:20:00,96.89,97.01,96.81,96.94,28879.64
2026-08-26 14:25:00,96.94,97.1,96.92,96.93,31189.87
2026-08-26 14:30:00,96.92,97.07,96.88,97.06,50989.3
2026-08-26 14:35:00,97.06,97.12,96.95,96.99,36554.4
2026-08-26 14:40:00,96.99,97.04,96.88,96.98,43198.61
2026-08-26 14:45:00,96.99,97.01,96.9,97.0,34615.18
2026-08-26 14:50:00,97.0,97.08,96.89,96.9,27000.12
2026-08-26 14:55:00,96.91,97.02,96.88,96.88,46700.21
2026-08-26 15:00:00,96.89,97.0,96.86,96.98,38704.39
2026-08-26 15:05:00,96.99,97.22,96.89,97.19,32947.31
2026-08-26 15:10:00,97.19,97.28,97.16,97.18,50068.62
2026-08-26 15:15:00,97.18,97.35,97.1,97.12,37868.96
2026-08-26 15:20:00,97.12,97.13,96.94,97.04,27198.82
2026-08-26 15:25:00,97.03,97.19,97.03,97.12,16638.96
2026-08-26 15:30:00,97.13,97.16,96.94,97.09,29912.08
2026-08-26 15:35:00,97.09,97.13,97.02,97.08,20071.09
2026-08-26 15:40:00,97.08,97.17,97.02,97.15,17987.54
2026-08-26 15:45:00,97.16,97.17,97.01,97.06,13287.82
2026-08-26 15:50:00,97.07,97.11,96.7,96.7,57318.09
2026-08-26 15:55:00,96.71,96.78,96.64,96.76,56851.86
2026-08-26 16:00:00,96.77,96.96,96.73,96.85,35017.4
2026-08-26 16:05:00,96.85,96.97,96.8,96.8,21280.25
2026-08-26 16:10:00,96.81,96.92,96.76,96.76,20034.17
2026-08-26 16:15:00,96.76,96.76,96.31,96.35,106815.28
2026-08-26 16:20:00,96.36,96.5,96.17,96.23,104859.67
2026-08-26 16:25:00,96.23,96.45,96.23,96.27,46884.25
2026-08-26 16:30:00,96.26,96.43,96.15,96.35,56391.4
2026-08-26 16:35:00,96.36,96.38,96.13,96.21,31216.24
2026-08-26 16:40:00,96.2,96.21,95.91,95.91,101666.44
2026-08-26 16:45:00,95.92,96.08,95.73,96.08,77209.44
2026-08-26 16:50:00,96.08,96.21,95.98,95.98,46604.99
2026-08-26 16:55:00,95.99,96.16,95.96,96.13,32986.66
2026-08-26 17:00:00,96.13,96.13,95.94,95.99,36328.37
2026-08-26 17:05:00,96.0,96.12,95.96,96.04,33201.27
2026-08-26 17:10:00,96.05,96.15,95.96,96.1,19717.81
2026-08-26 17:15:00,96.1,96.53,96.1,96.52,66134.78
2026-08-26 17:20:00,96.52,96.59,96.39,96.58,48478.17
2026-08-26 17:25:00,96.59,96.7,96.54,96.63,46067.25
2026-08-26 17:30:00,96.64,96.69,96.49,96.69,37806.46
2026-08-26 17:35:00,96.69,97.41,96.67,97.19,181910.94
2026-08-26 17:40:00,97.19,97.38,97.03,97.35,123242.64
2026-08-26 17:45:00,97.36,97.83,97.31,97.74,224557.85
2026-08-26 17:50:00,97.74,97.84,97.55,97.56,118303.42
2026-08-26 17:55:00,97.56,97.59,97.42,97.43,47368.75
2026-08-26 18:00:00,97.42,97.6,97.34,97.53,56070.67
2026-08-26 18:05:00,97.52,97.52,97.27,97.35,40970.23
2026-08-26 18:10:00,97.35,97.49,97.3,97.49,22735.08
2026-08-26 18:15:00,97.49,97.55,97.4,97.42,42184.59
2026-08-26 18:20:00,97.41,97.5,97.31,97.36,37194.1
2026-08-26 18:25:00,97.36,97.37,97.18,97.23,38478.81
2026-08-26 18:30:00,97.22,97.26,97.14,97.17,34762.17
2026-08-26 18:35:00,97.17,97.3,96.62,96.79,118469.03
2026-08-26 18:40:00,96.79,96.99,96.69,96.94,87595.34
2026-08-26 18:45:00,96.93,96.94,96.74,96.78,49178.29
2026-08-26 18:50:00,96.78,97.13,96.78,97.01,80752.06
2026-08-26 18:55:00,97.02,97.18,96.95,96.99,46988.11
2026-08-26 19:00:00,96.98,97.07,96.77,96.88,64123.52
2026-08-26 19:05:00,96.88,96.89,96.57,96.68,51303.03
2026-08-26 19:10:00,96.69,96.88,96.69,96.75,35502.0
2026-08-26 19:15:00,96.75,96.91,96.6,96.83,52116.56
2026-08-26 19:20:00,96.83,97.3,96.83,97.26,66312.67
2026-08-26 19:25:00,97.26,97.52,97.24,97.47,76877.43
2026-08-26 19:30:00,97.46,97.49,96.02,96.97,521695.85
2026-08-26 19:35:00,96.96,97.11,96.5,96.65,133091.29
2026-08-26 19:40:00,96.64,96.97,96.63,96.78,53645.52
2026-08-26 19:45:00,96.77,97.09,96.77,97.06,62354.83
2026-08-26 19:50:00,97.05,97.2,96.92,96.99,55917.28
2026-08-26 19:55:00,96.99,97.24,96.96,96.97,54670.02
2026-08-26 20:00:00,96.97,97.18,96.82,96.82,67183.79
2026-08-26 20:05:00,96.82,96.86,96.46,96.57,109144.91
2026-08-26 20:10:00,96.56,96.64,96.39,96.47,105329.06
2026-08-26 20:15:00,96.47,96.52,96.16,96.26,128411.7
2026-08-26 20:20:00,96.27,96.34,95.91,95.97,127067.12
2026-08-26 20:25:00,95.98,96.14,95.78,95.94,203908.2
2026-08-26 20:30:00,95.94,96.56,95.94,96.39,187026.71
2026-08-26 20:35:00,96.39,96.69,96.18,96.49,110942.65
2026-08-26 20:40:00,96.5,96.69,96.41,96.63,82172.41
2026-08-26 20:45:00,96.62,96.83,96.48,96.49,86170.93
2026-08-26 20:50:00,96.49,96.49,96.03,96.25,76681.48
2026-08-26 20:55:00,96.25,96.57,96.2,96.51,43840.84
2026-08-26 21:00:00,96.5,96.86,96.26,96.79,87516.87
2026-08-26 21:05:00,96.8,96.94,96.65,96.78,63460.93
2026-08-26 21:10:00,96.79,96.92,96.59,96.62,47345.79
2026-08-26 21:15:00,96.61,96.85,96.58,96.69,41903.03
2026-08-26 21:20:00,96.69,96.73,96.35,96.35,63532.66
2026-08-26 21:25:00,96.35,96.42,96.04,96.22,90678.04
2026-08-26 21:30:00,96.22,96.32,95.85,95.97,133495.54
2026-08-26 21:35:00,95.96,96.14,95.59,95.85,165596.64
2026-08-26 21:40:00,95.85,95.98,95.51,95.75,111979.3
2026-08-26 21:45:00,95.74,95.83,95.35,95.58,162920.03
2026-08-26 21:50:00,95.57,95.75,95.43,95.49,79251.56
2026-08-26 21:55:00,95.49,95.56,95.34,95.42,88511.67
2026-08-26 22:00:00,95.41,95.53,94.82,95.18,302394.0
2026-08-26 22:05:00,95.18,95.69,95.09,95.63,161752.47
2026-08-26 22:10:00,95.62,95.71,95.41,95.54,105105.98
2026-08-26 22:15:00,95.54,95.59,95.27,95.5,85859.07
2026-08-26 22:20:00,95.5,95.83,95.5,95.8,66648.67
2026-08-26 22:25:00,95.81,96.25,95.8,96.21,102574.74
2026-08-26 22:30:00,96.2,96.31,95.76,95.79,87396.01
2026-08-26 22:35:00,95.78,95.9,95.7,95.85,62274.39
2026-08-26 22:40:00,95.85,96.21,95.85,95.98,75693.91
2026-08-26 22:45:00,95.98,96.24,95.98,96.21,36027.23
2026-08-26 22:50:00,96.21,96.21,95.99,96.01,26493.85
2026-08-26 22:55:00,96.01,96.1,95.86,95.9,36972.47
2026-08-26 23:00:00,95.9,96.01,95.72,95.99,69699.53
2026-08-26 23:05:00,95.98,96.15,95.93,95.93,52646.62
2026-08-26 23:10:00,95.94,95.95,95.75,95.81,35588.35
2026-08-26 23:15:00,95.81,95.9,95.67,95.76,38190.59
2026-08-26 23:20:00,95.76,96.03,95.61,95.63,48082.62
2026-08-26 23:25:00,95.62,95.75,95.55,95.74,36400.34
2026-08-26 23:30:00,95.73,95.87,95.66,95.84,39040.0
2026-08-26 23:35:00,95.84,96.03,95.57,95.57,62158.29
2026-08-26 23:40:00,95.57,95.73,95.43,95.47,53545.08
2026-08-26 23:45:00,95.47,96.05,95.47,95.87,78154.64
2026-08-26 23:50:00,95.87,95.95,95.75,95.85,32464.06
2026-08-26 23:55:00,95.85,96.03,95.79,95.91,33244.36
2026-08-27 00:00:00,95.91,96.05,95.82,95.96,65452.54
2026-08-27 00:05:00,95.96,96.24,95.88,96.17,40672.71
2026-08-27 00:10:00,96.16,96.37,96.12,96.29,57006.26
2026-08-27 00:15:00,96.3,96.57,96.28,96.53,74483.3
2026-08-27 00:20:00,96.53,96.69,96.47,96.63,69210.06
2026-08-27 00:25:00,96.62,97.2,96.62,97.06,202120.51
2026-08-27 00:30:00,97.05,97.12,96.9,97.08,98058.14
2026-08-27 00:35:00,97.09,97.15,96.88,97.15,60090.78
2026-08-27 00:40:00,97.15,97.2,97.05,97.12,60555.84
2026-08-27 00:45:00,97.13,97.17,96.87,96.94,77100.38
2026-08-27 00:50:00,96.93,97.05,96.9,96.96,35451.43
2026-08-27 00:55:00,96.97,97.04,96.87,96.93,26873.97
2026-08-27 01:00:00,96.93,96.96,96.73,96.79,43219.25
2026-08-27 01:05:00,96.78,97.02,96.75,96.93,36708.59
2026-08-27 01:10:00,96.94,97.12,96.84,96.88,57830.2
2026-08-27 01:15:00,96.89,96.95,96.76,96.84,30887.98
2026-08-27 01:20:00,96.83,96.96,96.79,96.81,39092.31
2026-08-27 01:25:00,96.81,96.87,96.64,96.71,40771.97
2026-08-27 01:30:00,96.71,96.9,96.71,96.74,35358.53
2026-08-27 01:35:00,96.73,96.79,96.62,96.7,40719.82
2026-08-27 01:40:00,96.7,96.71,96.59,96.68,26847.18
2026-08-27 01:45:00,96.69,96.81,96.67,96.76,14645.84
2026-08-27 01:50:00,96.77,96.81,96.66,96.77,25821.29
2026-08-27 01:55:00,96.77,96.91,96.73,96.8,23965.69
2026-08-27 02:00:00,96.8,96.82,96.63,96.66,33286.51
2026-08-27 02:05:00,96.67,96.68,96.45,96.45,42495.48
2026-08-27 02:10:00,96.45,96.61,96.44,96.48,44476.57
2026-08-27 02:15:00,96.48,96.51,96.29,96.48,51248.97
2026-08-27 02:20:00,96.47,96.52,96.4,96.46,23536.93
2026-08-27 02:25:00,96.46,96.89,96.41,96.74,79871.62
2026-08-27 02:30:00,96.75,96.87,96.68,96.77,71814.61
2026-08-27 02:35:00,96.77,96.81,96.55,96.56,32899.73
2026-08-27 02:40:00,96.55,96.59,96.47,96.49,23207.95
2026-08-27 02:45:00,96.49,96.75,96.49,96.71,33110.79
2026-08-27 02:50:00,96.72,96.75,96.61,96.65,30638.9
2026-08-27 02:55:00,96.64,96.79,96.63,96.75,61359.23
2026-08-27 03:00:00,96.75,96.83,96.56,96.8,34478.7
2026-08-27 03:05:00,96.8,96.91,96.77,96.81,35248.26
2026-08-27 03:10:00,96.81,96.99,96.79,96.79,48633.39
2026-08-27 03:15:00,96.8,96.88,96.66,96.71,27409.9
2026-08-27 03:20:00,96.72,96.73,96.24,96.54,97743.47
2026-08-27 03:25:00,96.54,96.71,96.53,96.69,28077.0
2026-08-27 03:30:00,96.7,96.72,96.38,96.48,28334.68
2026-08-27 03:35:00,96.48,96.58,96.39,96.52,23301.38
2026-08-27 03:40:00,96.52,96.67,96.52,96.57,22977.18
2026-08-27 03:45:00,96.58,96.69,96.57,96.69,13204.69
2026-08-27 03:50:00,96.69,96.78,96.64,96.76,16553.52
2026-08-27 03:55:00,96.76,96.9,96.76,96.88,31198.14
2026-08-27 04:00:00,96.88,97.0,96.84,96.94,75010.38
2026-08-27 04:05:00,96.94,97.32,96.94,97.28,77664.75
2026-08-27 04:10:00,97.28,97.49,97.21,97.48,102580.16
2026-08-27 04:15:00,97.47,97.82,97.39,97.6,214266.84
2026-08-27 04:20:00,97.59,97.86,97.45,97.64,113390.61
2026-08-27 04:25:00,97.63,97.76,97.45,97.65,78962.65
2026-08-27 04:30:00,97.65,97.71,97.48,97.6,65335.7
2026-08-27 04:35:00,97.59,97.92,97.57,97.77,64300.52
2026-08-27 04:40:00,97.76,97.76,97.56,97.56,28783.63
2026-08-27 04:45:00,97.56,97.71,97.55,97.7,19603.35
2026-08-27 04:50:00,97.71,98.31,97.7,98.15,250498.32
2026-08-27 04:55:00,98.14,98.28,98.01,98.2,74169.3
2026-08-27 05:00:00,98.2,98.4,98.02,98.4,107339.37
2026-08-27 05:05:00,98.39,98.44,98.31,98.35,83465.95
2026-08-27 05:10:00,98.35,98.94,98.33,98.93,212360.53
2026-08-27 05:15:00,98.94,101.25,98.93,100.3,856622.23
2026-08-27 05:20:00,100.3,100.93,99.93,99.96,521376.41
2026-08-27 05:25:00,99.96,100.57,99.8,99.99,239994.9
2026-08-27 05:30:00,99.99,100.24,99.8,100.17,177817.2
2026-08-27 05:35:00,100.17,100.2,99.55,99.61,196262.52
2026-08-27 05:40:00,99.6,100.22,99.51,100.16,165224.44
2026-08-27 05:45:00,100.16,100.16,99.81,99.85,198859.84
2026-08-27 05:50:00,99.86,99.93,99.58,99.65,111634.53
2026-08-27 05:55:00,99.66,99.77,99.51,99.65,86055.75
2026-08-27 06:00:00,99.65,100.47,99.47,100.29,179986.24
2026-08-27 06:05:00,100.28,100.29,99.77,99.87,92903.45
2026-08-27 06:10:00,99.86,100.42,99.86,100.32,133262.57
2026-08-27 06:15:00,100.32,100.68,100.27,100.56,162759.23
2026-08-27 06:20:00,100.56,100.96,100.43,100.79,189913.1
2026-08-27 06:25:00,100.79,100.96,100.56,100.84,172262.46
2026-08-27 06:30:00,100.84,101.02,100.58,100.65,264917.44
2026-08-27 06:35:00,100.65,100.95,100.59,100.88,112799.07
2026-08-27 06:40:00,100.88,101.53,100.66,101.38,202616.18
2026-08-27 06:45:00,101.39,101.6,101.2,101.59,176788.13
2026-08-27 06:50:00,101.6,102.06,101.55,102.0,236800.27
2026-08-27 06:55:00,101.99,102.43,101.77,102.05,231683.45
2026-08-27 07:00:00,102.04,102.12,101.56,101.67,177811.05
2026-08-27 07:05:00,101.67,101.8,101.55,101.57,106392.23
2026-08-27 07:10:00,101.58,101.6,100.8,101.15,306870.13
2026-08-27 07:15:00,101.14,101.54,100.94,101.45,166972.91
2026-08-27 07:20:00,101.45,101.75,101.29,101.33,148204.64
2026-08-27 07:25:00,101.33,101.33,101.07,101.19,78681.02
2026-08-27 07:30:00,101.18,101.21,100.94,101.02,54770.25
2026-08-27 07:35:00,101.02,101.12,100.92,101.0,67782.04
2026-08-27 07:40:00,101.0,101.1,100.9,101.01,82873.97
2026-08-27 07:45:00,101.01,101.06,100.87,101.01,55312.6
2026-08-27 07:50:00,101.01,101.25,100.87,100.92,72260.01
2026-08-27 07:55:00,100.92,100.97,100.57,100.57,112412.76
2026-08-27 08:00:00,100.57,100.86,100.47,100.66,117274.42
2026-08-27 08:05:00,100.66,100.75,100.51,100.64,55341.21
2026-08-27 08:10:00,100.65,100.75,100.61,100.74,38698.41
2026-08-27 08:15:00,100.73,100.89,100.52,100.87,59705.86
2026-08-27 08:20:00,100.87,101.06,100.83,101.06,67255.36
2026-08-27 08:25:00,101.06,101.68,101.01,101.6,120352.91
2026-08-27 08:30:00,101.59,101.9,101.32,101.65,130824.17
2026-08-27 08:35:00,101.65,101.84,101.6,101.6,65304.97
2026-08-27 08:40:00,101.6,101.6,101.21,101.21,59700.72
2026-08-27 08:45:00,101.21,101.72,101.21,101.67,65283.26
2026-08-27 08:50:00,101.67,101.93,101.56,101.61,89075.39
2026-08-27 08:55:00,101.61,101.72,101.41,101.44,48460.96
2026-08-27 09:00:00,101.43,101.72,101.41,101.69,41772.27
2026-08-27 09:05:00,101.7,101.88,101.65,101.81,42125.62
2026-08-27 09:10:00,101.81,101.95,101.62,101.66,68516.09
2026-08-27 09:15:00,101.66,101.7,101.43,101.55,39871.94
2026-08-27 09:20:00,101.55,101.55,101.18,101.23,47588.16
2026-08-27 09:25:00,101.23,101.31,101.08,101.12,56115.34
2026-08-27 09:30:00,101.12,101.32,101.05,101.28,61008.2
2026-08-27 09:35:00,101.28,101.28,100.97,101.04,63274.81
2026-08-27 09:40:00,101.04,101.04,100.85,100.87,51014.81
2026-08-27 09:45:00,100.87,101.32,100.85,101.18,103298.35
2026-08-27 09:50:00,101.19,101.41,101.13,101.26,40659.21
2026-08-27 09:55:00,101.26,101.31,101.08,101.15,16996.97
2026-08-27 10:00:00,101.15,101.18,101.07,101.16,32160.94
2026-08-27 10:05:00,101.17,101.23,101.08,101.17,31426.14
2026-08-27 10:10:00,101.17,101.21,100.95,101.01,35826.98
2026-08-27 10:15:00,101.01,101.31,100.93,101.31,41812.08
2026-08-27 10:20:00,101.32,101.75,101.17,101.66,116499.13
2026-08-27 10:25:00,101.65,101.81,101.47,101.63,86244.68
2026-08-27 10:30:00,101.63,101.66,101.35,101.38,60714.26
2026-08-27 10:35:00,101.39,101.44,101.31,101.32,37310.54
2026-08-27 10:40:00,101.31,101.41,101.28,101.29,29169.1
2026-08-27 10:45:00,101.29,101.55,101.05,101.07,118186.81
2026-08-27 10:50:00,101.06,101.08,100.86,101.04,68532.37
2026-08-27 10:55:00,101.04,101.07,100.9,101.06,35474.07
2026-08-27 11:00:00,101.06,101.2,101.04,101.11,33564.71
2026-08-27 11:05:00,101.12,101.34,101.06,101.27,35703.32
2026-08-27 11:10:00,101.27,101.4,101.22,101.37,43341.22
2026-08-27 11:15:00,101.36,101.52,101.04,101.22,190144.68
2026-08-27 11:20:00,101.22,101.28,101.06,101.26,49923.15
2026-08-27 11:25:00,101.26,101.38,101.18,101.18,50923.45
2026-08-27 11:30:00,101.17,101.17,100.78,100.83,74383.96
2026-08-27 11:35:00,100.83,101.21,100.66,101.19,146077.66
2026-08-27 11:40:00,101.19,101.47,101.16,101.29,50048.17
2026-08-27 11:45:00,101.29,101.31,100.88,100.98,89879.58
2026-08-27 11:50:00,100.99,101.02,100.82,100.97,58317.76
2026-08-27 11:55:00,100.96,101.08,100.95,101.06,23200.24
2026-08-27 12:00:00,101.06,101.36,100.98,100.98,75387.11
2026-08-27 12:05:00,100.99,101.21,100.81,101.14,82810.79
2026-08-27 12:10:00,101.15,101.2,100.95,100.95,35295.13
2026-08-27 12:15:00,100.95,100.97,100.8,100.89,30215.74
2026-08-27 12:20:00,100.89,101.15,100.89,101.14,40909.56
2026-08-27 12:25:00,101.15,101.32,100.9,100.97,165087.75
2026-08-27 12:30:00,100.97,101.05,100.74,100.81,85982.86
2026-08-27 12:35:00,100.82,101.39,100.77,101.29,115198.77
2026-08-27 12:40:00,101.3,101.48,101.14,101.23,60322.36
2026-08-27 12:45:00,101.23,101.68,101.17,101.65,71717.67
2026-08-27 12:50:00,101.66,102.08,101.64,101.82,183334.9
2026-08-27 12:55:00,101.83,102.27,101.54,102.02,218489.99
2026-08-27 13:00:00,102.01,102.04,101.64,101.64,75986.1
2026-08-27 13:05:00,101.64,101.74,101.49,101.5,51578.05
2026-08-27 13:10:00,101.5,101.51,101.11,101.4,118662.19
2026-08-27 13:15:00,101.39,101.41,100.84,100.97,213745.07
2026-08-27 13:20:00,100.98,101.22,100.94,100.99,60728.42
2026-08-27 13:25:00,101.0,101.06,100.91,100.96,67769.36
2026-08-27 13:30:00,100.96,101.13,100.96,101.12,73467.67
2026-08-27 13:35:00,101.13,101.24,101.03,101.06,114063.63
2026-08-27 13:40:00,101.06,101.15,101.02,101.1,29892.3
2026-08-27 13:45:00,101.1,101.33,101.1,101.21,96071.57
2026-08-27 13:50:00,101.21,101.33,101.2,101.22,25184.18
2026-08-27 13:55:00,101.22,101.31,101.2,101.26,16061.03
2026-08-27 14:00:00,101.25,101.31,101.18,101.23,30402.44
2026-08-27 14:05:00,101.23,101.24,101.12,101.15,22829.85
2026-08-27 14:10:00,101.16,101.35,101.14,101.24,17338.69
2026-08-27 14:15:00,101.24,101.27,101.09,101.22,24995.59
2026-08-27 14:20:00,101.21,101.34,101.01,101.04,36703.22
2026-08-27 14:25:00,101.04,101.18,101.0,101.13,31355.98
2026-08-27 14:30:00,101.12,101.44,101.03,101.35,146740.58
2026-08-27 14:35:00,101.36,101.54,101.26,101.5,63668.6
2026-08-27 14:40:00,101.5,101.51,101.29,101.42,87678.09
2026-08-27 14:45:00,101.42,101.56,101.37,101.54,30945.84
2026-08-27 14:50:00,101.54,101.89,101.5,101.82,162643.66
2026-08-27 14:55:00,101.82,102.08,101.55,101.77,256161.76
2026-08-27 15:00:00,101.78,102.8,101.69,102.57,282216.96
2026-08-27 15:05:00,102.58,104.17,102.12,104.01,725750.89
2026-08-27 15:10:00,104.01,104.18,102.64,102.99,615146.41
2026-08-27 15:15:00,102.99,103.03,102.66,102.98,156316.86
2026-08-27 15:20:00,102.98,103.73,102.91,103.48,333772.02
2026-08-27 15:25:00,103.48,104.19,103.43,104.14,245585.44
2026-08-27 15:30:00,104.14,104.83,104.12,104.27,391111.91
2026-08-27 15:35:00,104.28,104.28,103.76,103.87,235071.74
2026-08-27 15:40:00,103.87,104.26,103.75,104.25,140767.23
2026-08-27 15:45:00,104.25,105.08,104.17,104.5,767608.31
2026-08-27 15:50:00,104.49,104.72,104.28,104.48,173711.35
2026-08-27 15:55:00,104.49,104.73,104.39,104.64,137400.2
2026-08-27 16:00:00,104.65,104.71,103.9,104.21,270912.1
2026-08-27 16:05:00,104.2,104.64,104.12,104.58,132959.69
2026-08-27 16:10:00,104.57,104.96,104.52,104.96,156022.21
2026-08-27 16:15:00,104.96,105.04,104.64,104.95,178455.47
2026-08-27 16:20:00,104.95,105.68,104.82,105.28,583301.89
2026-08-27 16:25:00,105.27,105.85,105.12,105.36,295250.15
2026-08-27 16:30:00,105.36,105.42,104.82,104.86,199424.72
2026-08-27 16:35:00,104.86,105.09,104.73,104.85,129717.94
2026-08-27 16:40:00,104.85,105.01,104.62,104.87,87192.31
2026-08-27 16:45:00,104.87,105.01,104.7,104.74,64366.34
2026-08-27 16:50:00,104.75,104.79,104.46,104.59,148687.45
2026-08-27 16:55:00,104.59,104.59,104.2,104.39,137845.12
2026-08-27 17:00:00,104.39,104.53,104.25,104.53,78614.66
2026-08-27 17:05:00,104.54,105.0,104.47,104.97,184100.14
2026-08-27 17:10:00,104.98,105.02,104.27,104.5,122332.28
2026-08-27 17:15:00,104.5,104.68,104.33,104.35,83339.75
2026-08-27 17:20:00,104.35,104.48,104.14,104.25,77160.12
2026-08-27 17:25:00,104.24,104.24,103.01,103.96,616376.27
2026-08-27 17:30:00,103.96,104.07,103.68,103.88,114303.23
2026-08-27 17:35:00,103.88,103.92,103.29,103.38,261665.76
2026-08-27 17:40:00,103.38,104.17,103.37,104.07,149695.29
2026-08-27 17:45:00,104.07,104.24,103.84,103.9,104399.12
2026-08-27 17:50:00,103.91,104.02,103.84,104.02,41742.73
2026-08-27 17:55:00,104.01,104.11,103.96,104.09,65344.57
2026-08-27 18:00:00,104.09,104.59,103.94,104.42,192107.88
2026-08-27 18:05:00,104.43,104.66,104.32,104.38,122511.52
2026-08-27 18:10:00,104.38,104.45,104.2,104.36,65709.97
2026-08-27 18:15:00,104.37,104.61,104.34,104.61,64460.17
2026-08-27 18:20:00,104.61,104.93,104.55,104.69,150666.83
2026-08-27 18:25:00,104.69,104.72,103.95,104.05,162400.58
2026-08-27 18:30:00,104.05,104.18,103.71,104.02,149494.78
2026-08-27 18:35:00,104.03,104.04,103.6,103.69,82701.29
2026-08-27 18:40:00,103.69,103.98,103.6,103.91,84890.38
2026-08-27 18:45:00,103.92,103.95,103.66,103.71,70659.53
2026-08-27 18:50:00,103.7,103.95,103.36,103.95,126504.57
2026-08-27 18:55:00,103.95,103.97,103.85,103.91,40427.5
2026-08-27 19:00:00,103.91,104.27,103.9,104.14,100537.6
2026-08-27 19:05:00,104.14,104.24,103.95,104.24,66907.55
2026-08-27 19:10:00,104.24,104.41,104.1,104.21,65973.7
2026-08-27 19:15:00,104.21,104.32,104.07,104.08,34375.62
2026-08-27 19:20:00,104.08,104.36,104.08,104.28,54111.04
2026-08-27 19:25:00,104.28,104.69,104.28,104.46,129567.55
2026-08-27 19:30:00,104.47,104.58,104.29,104.32,53514.24
2026-08-27 19:35:00,104.31,104.35,104.0,104.24,107451.61
2026-08-27 19:40:00,104.25,104.4,104.21,104.24,45481.59
2026-08-27 19:45:00,104.23,104.61,104.23,104.61,55083.48
2026-08-27 19:50:00,104.61,104.73,104.45,104.5,70878.74
2026-08-27 19:55:00,104.5,104.57,104.3,104.4,73541.17
2026-08-27 20:00:00,104.39,104.65,104.35,104.4,60601.85
2026-08-27 20:05:00,104.4,104.78,104.38,104.51,66881.91
2026-08-27 20:10:00,104.51,104.64,104.33,104.42,56743.68
2026-08-27 20:15:00,104.42,104.77,104.42,104.57,108999.65
2026-08-27 20:20:00,104.56,104.85,104.52,104.7,111911.33
2026-08-27 20:25:00,104.69,104.95,104.62,104.79,154773.2
2026-08-27 20:30:00,104.8,104.89,104.11,104.3,224140.23
2026-08-27 20:35:00,104.29,104.63,104.2,104.57,123326.12
2026-08-27 20:40:00,104.57,104.76,104.3,104.57,138900.47
2026-08-27 20:45:00,104.58,105.15,104.36,104.59,311773.31
2026-08-27 20:50:00,104.6,105.22,104.6,105.08,251018.36
2026-08-27 20:55:00,105.08,106.3,105.06,105.99,781161.67
2026-08-27 21:00:00,105.99,106.68,105.66,106.28,576896.15
2026-08-27 21:05:00,106.28,106.47,105.24,105.43,635158.19
2026-08-27 21:10:00,105.43,105.72,105.15,105.39,243208.7
2026-08-27 21:15:00,105.39,105.95,105.17,105.79,210574.59
2026-08-27 21:20:00,105.79,106.24,105.7,105.95,181818.85
2026-08-27 21:25:00,105.95,106.01,105.65,105.95,147650.93
2026-08-27 21:30:00,105.95,106.43,105.82,106.39,228565.38
2026-08-27 21:35:00,106.39,107.26,106.35,106.89,623653.44
2026-08-27 21:40:00,106.88,107.88,106.84,107.39,492724.27
2026-08-27 21:45:00,107.39,107.39,106.87,106.94,297612.42
2026-08-27 21:50:00,106.94,107.09,106.55,106.64,276957.59
2026-08-27 21:55:00,106.65,106.96,106.5,106.74,298842.62
2026-08-27 22:00:00,106.73,107.29,106.64,106.91,393433.13
2026-08-27 22:05:00,106.91,107.38,106.66,107.29,333587.41
2026-08-27 22:10:00,107.29,107.99,107.12,107.19,289994.68
2026-08-27 22:15:00,107.2,107.54,107.04,107.39,169785.15
2026-08-27 22:20:00,107.39,107.46,106.97,107.26,140477.54
2026-08-27 22:25:00,107.26,107.58,107.08,107.38,127568.16
2026-08-27 22:30:00,107.38,107.39,106.4,106.52,227355.48
2026-08-27 22:35:00,106.53,107.43,106.51,107.38,194441.15
2026-08-27 22:40:00,107.39,107.39,106.76,107.1,250017.32
2026-08-27 22:45:00,107.1,107.16,106.76,106.86,99846.78
2026-08-27 22:50:00,106.87,107.12,106.84,107.1,84836.32
2026-08-27 22:55:00,107.11,107.35,107.05,107.12,123650.5
2026-08-27 23:00:00,107.13,107.28,106.84,107.27,89597.27
2026-08-27 23:05:00,107.27,107.46,106.81,107.11,152024.74
2026-08-27 23:10:00,107.11,107.34,106.96,107.07,92414.44
2026-08-27 23:15:00,107.07,107.81,107.01,107.6,175222.85
2026-08-27 23:20:00,107.6,108.48,107.51,108.35,572704.03
2026-08-27 23:25:00,108.35,108.4,107.86,107.91,228656.88
2026-08-27 23:30:00,107.91,108.29,107.78,108.05,155513.28
2026-08-27 23:35:00,108.04,108.44,107.86,108.31,135776.98
2026-08-27 23:40:00,108.3,108.88,108.28,108.71,320147.33
2026-08-27 23:45:00,108.72,108.92,108.45,108.76,145012.24
2026-08-27 23:50:00,108.75,109.5,108.6,109.23,430566.65
2026-08-27 23:55:00,109.23,109.23,108.82,108.87,170896.24
2026-08-28 00:00:00,108.87,109.03,108.5,108.84,230429.49
2026-08-28 00:05:00,108.84,109.58,108.56,109.29,225642.65
2026-08-28 00:10:00,109.29,109.38,108.94,109.22,171795.05
2026-08-28 00:15:00,109.23,109.59,109.04,109.32,189925.3
2026-08-28 00:20:00,109.31,109.44,109.08,109.22,179105.75
2026-08-28 00:25:00,109.22,109.29,107.93,108.1,532933.34
2026-08-28 00:30:00,108.1,108.41,107.79,107.88,244272.18
2026-08-28 00:35:00,107.88,108.16,107.71,107.96,216601.29
2026-08-28 00:40:00,107.96,108.09,107.72,107.78,110749.38
2026-08-28 00:45:00,107.78,108.15,107.6,108.15,125824.47
2026-08-28 00:50:00,108.15,108.27,108.11,108.25,108128.81
2026-08-28 00:55:00,108.25,108.43,108.08,108.11,71942.28
2026-08-28 01:00:00,108.12,108.23,107.86,108.0,112236.52
2026-08-28 01:05:00,108.0,108.12,107.86,108.06,55559.04
2026-08-28 01:10:00,108.05,108.08,106.78,107.41,393208.66
2026-08-28 01:15:00,107.4,107.69,106.66,107.1,369439.86
2026-08-28 01:20:00,107.11,107.35,106.62,107.27,226813.51
2026-08-28 01:25:00,107.28,107.56,107.01,107.07,130827.92
2026-08-28 01:30:00,107.06,107.43,107.01,107.18,97587.38
2026-08-28 01:35:00,107.19,107.63,107.15,107.55,70162.64
2026-08-28 01:40:00,107.55,107.63,107.33,107.48,77582.07
2026-08-28 01:45:00,107.48,107.74,107.35,107.6,71611.01
2026-08-28 01:50:00,107.6,107.7,107.5,107.69,47642.5
2026-08-28 01:55:00,107.69,108.34,107.66,108.33,148207.3
2026-08-28 02:00:00,108.34,108.79,108.21,108.44,188873.98
2026-08-28 02:05:00,108.43,108.96,108.41,108.56,146702.85
2026-08-28 02:10:00,108.56,108.96,108.53,108.91,92481.02
2026-08-28 02:15:00,108.92,109.18,108.79,108.94,108921.66
2026-08-28 02:20:00,108.94,109.13,108.69,108.95,85824.93
2026-08-28 02:25:00,108.96,109.07,108.85,109.06,76599.76
2026-08-28 02:30:00,109.06,109.19,108.86,108.98,90840.24
2026-08-28 02:35:00,108.98,109.13,108.84,109.05,89690.69
2026-08-28 02:40:00,109.05,109.12,108.86,109.1,95877.95
2026-08-28 02:45:00,109.1,109.9,109.1,109.34,460726.87
2026-08-28 02:50:00,109.33,109.34,108.97,109.22,129877.14
2026-08-28 02:55:00,109.23,109.43,108.85,109.33,235187.93
2026-08-28 03:00:00,109.32,109.33,108.81,108.9,127502.7
2026-08-28 03:05:00,108.89,109.14,108.73,108.87,116684.89
2026-08-28 03:10:00,108.87,108.98,108.74,108.81,32221.75
2026-08-28 03:15:00,108.81,109.26,108.8,109.21,58308.2
2026-08-28 03:20:00,109.21,109.72,109.17,109.39,185288.79
2026-08-28 03:25:00,109.38,109.54,108.95,109.01,83547.27
2026-08-28 03:30:00,109.01,109.14,108.84,109.04,58119.17
2026-08-28 03:35:00,109.03,109.1,108.83,108.96,40835.79
2026-08-28 03:40:00,108.96,109.17,108.91,109.04,55628.81
2026-08-28 03:45:00,109.05,109.23,108.95,109.01,71429.7
2026-08-28 03:50:00,109.0,109.13,108.38,108.51,167001.4
2026-08-28 03:55:00,108.5,108.96,108.49,108.96,66140.0
2026-08-28 04:00:00,108.96,109.09,108.72,108.83,72264.18
2026-08-28 04:05:00,108.83,108.96,108.64,108.84,58202.38
2026-08-28 04:10:00,108.84,109.04,108.7,108.7,55933.12
2026-08-28 04:15:00,108.7,108.77,108.48,108.5,62885.74
2026-08-28 04:20:00,108.51,108.74,108.33,108.59,87045.1
2026-08-28 04:25:00,108.6,108.65,108.4,108.41,44755.46
2026-08-28 04:30:00,108.41,108.66,108.4,108.49,46836.63
2026-08-28 04:35:00,108.49,108.49,108.15,108.28,69548.69
2026-08-28 04:40:00,108.28,108.41,108.16,108.22,49761.91
2026-08-28 04:45:00,108.21,108.53,108.17,108.51,37146.13
2026-08-28 04:50:00,108.5,108.58,108.3,108.46,28353.76
2026-08-28 04:55:00,108.46,108.76,108.46,108.68,40691.79
2026-08-28 05:00:00,108.69,109.82,108.69,109.78,218450.38
2026-08-28 05:05:00,109.78,109.88,109.46,109.46,130072.16
2026-08-28 05:10:00,109.46,109.68,109.36,109.54,99410.79
2026-08-28 05:15:00,109.55,110.6,109.52,109.72,468389.73
2026-08-28 05:20:00,109.71,110.02,109.21,109.32,152225.54
2026-08-28 05:25:00,109.32,109.4,108.99,109.22,79250.85
2026-08-28 05:30:00,109.22,109.54,109.13,109.32,80036.51
2026-08-28 05:35:00,109.31,109.37,109.14,109.36,37381.58
2026-08-28 05:40:00,109.36,109.41,109.2,109.28,33391.54
2026-08-28 05:45:00,109.29,109.29,109.03,109.08,55373.62
2026-08-28 05:50:00,109.07,109.27,109.01,109.12,28138.7
2026-08-28 05:55:00,109.11,109.18,109.04,109.12,22341.92
2026-08-28 06:00:00,109.12,109.16,108.91,108.97,71961.97
2026-08-28 06:05:00,108.98,109.22,108.97,109.01,53082.08
2026-08-28 06:10:00,109.02,109.07,108.83,108.87,45519.5
2026-08-28 06:15:00,108.86,109.28,108.79,109.26,81408.82
2026-08-28 06:20:00,109.27,109.7,109.26,109.62,121477.95
2026-08-28 06:25:00,109.62,110.03,109.59,109.85,154810.37
2026-08-28 06:30:00,109.85,109.99,109.59,109.64,65110.75
2026-08-28 06:35:00,109.65,109.69,109.36,109.41,77491.92
2026-08-28 06:40:00,109.41,109.52,109.12,109.12,104945.48
2026-08-28 06:45:00,109.12,109.21,109.01,109.16,69059.36
2026-08-28 06:50:00,109.16,109.38,109.16,109.18,40677.55
2026-08-28 06:55:00,109.18,109.19,109.01,109.08,37411.58
2026-08-28 07:00:00,109.08,109.16,108.81,108.94,102453.6
2026-08-28 07:05:00,108.95,108.95,108.63,108.79,89365.5
2026-08-28 07:10:00,108.79,109.11,108.74,109.03,62977.69
2026-08-28 07:15:00,109.02,109.63,109.02,109.51,111716.03
2026-08-28 07:20:00,109.5,109.65,109.18,109.18,95698.86
2026-08-28 07:25:00,109.18,109.83,109.12,109.72,96371.8
2026-08-28 07:30:00,109.71,110.04,109.38,109.51,199013.39
2026-08-28 07:35:00,109.51,109.86,109.34,109.86,86193.54
2026-08-28 07:40:00,109.86,109.92,109.31,109.39,142713.1
2026-08-28 07:45:00,109.38,109.47,109.22,109.38,52900.94
2026-08-28 07:50:00,109.37,109.48,109.23,109.29,20667.29
2026-08-28 07:55:00,109.28,109.45,109.01,109.05,81061.19
2026-08-28 08:00:00,109.05,109.27,108.99,109.13,78210.56
2026-08-28 08:05:00,109.13,109.14,108.77,108.97,81671.95
2026-08-28 08:10:00,108.98,109.16,108.91,108.91,70817.27
2026-08-28 08:15:00,108.91,109.42,108.77,109.33,102021.07
2026-08-28 08:20:00,109.32,109.52,109.17,109.41,79310.58
2026-08-28 08:25:00,109.41,109.52,109.28,109.38,63058.69
2026-08-28 08:30:00,109.38,109.71,109.06,109.15,146891.43
2026-08-28 08:35:00,109.16,109.3,108.48,108.66,208193.83
2026-08-28 08:40:00,108.66,108.69,108.23,108.34,152968.1
2026-08-28 08:45:00,108.34,108.5,108.15,108.39,127234.35
2026-08-28 08:50:00,108.39,108.49,108.25,108.39,79966.42
2026-08-28 08:55:00,108.4,108.5,107.65,107.8,266460.83
2026-08-28 09:00:00,107.79,107.9,107.67,107.84,119182.11
2026-08-28 09:05:00,107.84,107.95,107.61,107.76,82889.25
2026-08-28 09:10:00,107.75,107.81,107.35,107.37,135042.18
2026-08-28 09:15:00,107.37,107.53,107.25,107.39,167704.54
2026-08-28 09:20:00,107.39,107.4,106.81,106.96,234787.78
2026-08-28 09:25:00,106.96,107.57,106.95,107.11,157088.53
2026-08-28 09:30:00,107.12,107.15,106.5,107.07,237000.95
2026-08-28 09:35:00,107.07,107.34,107.03,107.16,101453.99
2026-08-28 09:40:00,107.17,107.2,106.87,106.96,50489.58
2026-08-28 09:45:00,106.96,106.96,106.38,106.55,188385.55
2026-08-28 09:50:00,106.56,106.66,106.1,106.42,246354.05
2026-08-28 09:55:00,106.42,106.57,106.33,106.47,91967.61
2026-08-28 10:00:00,106.47,106.57,105.75,106.07,227087.61
2026-08-28 10:05:00,106.07,106.32,105.8,105.9,128895.38
2026-08-28 10:10:00,105.89,106.31,105.85,106.12,95577.67
2026-08-28 10:15:00,106.11,107.07,106.11,106.98,179485.74
2026-08-28 10:20:00,106.98,107.3,106.93,107.08,186394.33
2026-08-28 10:25:00,107.08,107.09,106.8,106.95,66156.71
2026-08-28 10:30:00,106.96,107.2,106.85,106.85,94603.07
2026-08-28 10:35:00,106.85,107.01,106.76,106.9,49340.72
2026-08-28 10:40:00,106.91,107.09,106.72,106.84,72196.98
2026-08-28 10:45:00,106.84,107.05,106.69,106.88,39042.45
2026-08-28 10:50:00,106.88,106.99,106.81,106.86,42025.02
2026-08-28 10:55:00,106.85,106.88,106.61,106.79,52938.28
2026-08-28 11:00:00,106.79,107.06,106.77,106.82,55551.38
2026-08-28 11:05:00,106.82,106.96,106.26,106.39,151075.44
2026-08-28 11:10:00,106.39,107.27,106.21,107.2,173710.48
2026-08-28 11:15:00,107.19,107.58,107.15,107.35,166798.78
2026-08-28 11:20:00,107.36,107.42,107.12,107.17,66784.71
2026-08-28 11:25:00,107.18,107.19,106.86,106.93,53168.73
2026-08-28 11:30:00,106.93,107.16,106.74,106.82,65299.44
2026-08-28 11:35:00,106.83,106.9,106.42,106.56,91202.57
2026-08-28 11:40:00,106.56,106.87,106.56,106.82,61603.12
2026-08-28 11:45:00,106.81,106.88,106.6,106.69,58554.97
2026-08-28 11:50:00,106.7,106.92,106.7,106.73,38606.92
2026-08-28 11:55:00,106.74,106.8,106.62,106.72,38839.32
2026-08-28 12:00:00,106.73,106.94,106.57,106.89,65928.3
2026-08-28 12:05:00,106.88,106.92,106.6,106.73,33510.69
2026-08-28 12:10:00,106.73,106.97,106.7,106.96,45485.03
2026-08-28 12:15:00,106.97,106.98,106.83,106.87,40277.93
2026-08-28 12:20:00,106.86,106.87,106.66,106.83,36937.31
2026-08-28 12:25:00,106.82,106.88,106.68,106.84,27432.89
2026-08-28 12:30:00,106.85,107.26,106.83,107.23,92459.33
2026-08-28 12:35:00,107.22,107.27,107.0,107.03,48800.67
2026-08-28 12:40:00,107.03,107.19,107.0,107.15,37003.47
2026-08-28 12:45:00,107.16,107.43,107.1,107.33,74006.84
2026-08-28 12:50:00,107.34,107.39,107.11,107.14,42072.37
2026-08-28 12:55:00,107.14,107.22,106.98,107.15,55321.16
2026-08-28 13:00:00,107.15,107.38,107.14,107.29,40692.51
2026-08-28 13:05:00,107.29,107.49,107.24,107.38,67576.71
2026-08-28 13:10:00,107.37,107.43,107.21,107.42,40082.37
2026-08-28 13:15:00,107.43,107.43,107.21,107.3,39739.19
2026-08-28 13:20:00,107.3,107.41,107.14,107.27,48596.28
2026-08-28 13:25:00,107.26,107.28,107.2,107.21,15856.12
2026-08-28 13:30:00,107.2,107.34,107.11,107.31,37309.66
2026-08-28 13:35:00,107.3,107.48,107.14,107.48,57307.77
2026-08-28 13:40:00,107.48,107.74,107.31,107.61,122911.24
2026-08-28 13:45:00,107.6,107.76,107.47,107.71,60955.92
2026-08-28 13:50:00,107.71,107.77,107.51,107.57,58248.86
2026-08-28 13:55:00,107.56,107.6,107.45,107.47,33560.53
2026-08-28 14:00:00,107.48,107.49,107.21,107.22,45232.49
2026-08-28 14:05:00,107.22,107.22,106.68,106.75,136139.75
2026-08-28 14:10:00,106.75,106.82,106.53,106.67,126507.26
2026-08-28 14:15:00,106.68,106.87,106.48,106.54,101198.16
2026-08-28 14:20:00,106.55,106.69,106.53,106.68,39116.31
2026-08-28 14:25:00,106.68,106.82,106.67,106.76,37895.04
2026-08-28 14:30:00,106.77,106.78,106.6,106.6,57950.11
2026-08-28 14:35:00,106.6,106.8,106.59,106.71,43809.05
2026-08-28 14:40:00,106.72,106.76,106.61,106.63,36904.69
2026-08-28 14:45:00,106.63,106.73,106.6,106.63,38978.57
2026-08-28 14:50:00,106.64,106.69,106.5,106.57,51931.29
2026-08-28 14:55:00,106.57,106.57,106.26,106.31,106098.35
2026-08-28 15:00:00,106.3,106.84,106.3,106.63,93028.42
2026-08-28 15:05:00,106.63,106.63,106.37,106.52,48016.46
2026-08-28 15:10:00,106.52,106.59,106.4,106.49,44511.6
2026-08-28 15:15:00,106.49,106.57,106.46,106.56,28301.05
2026-08-28 15:20:00,106.57,106.6,106.38,106.57,25800.61
2026-08-28 15:25:00,106.57,106.61,106.44,106.44,21108.34
2026-08-28 15:30:00,106.45,106.56,106.44,106.55,24026.03
2026-08-28 15:35:00,106.56,106.61,106.47,106.52,20232.69
2026-08-28 15:40:00,106.52,106.56,106.4,106.4,29063.36
2026-08-28 15:45:00,106.4,106.45,105.84,105.93,230028.32
2026-08-28 15:50:00,105.92,106.26,105.71,106.22,142123.5
2026-08-28 15:55:00,106.22,106.23,105.9,106.01,70042.96
2026-08-28 16:00:00,106.0,106.07,105.78,105.97,106494.57
2026-08-28 16:05:00,105.97,106.38,105.93,106.25,91944.8
2026-08-28 16:10:00,106.26,106.51,106.25,106.36,78756.28
2026-08-28 16:15:00,106.36,106.56,106.35,106.53,55660.72
2026-08-28 16:20:00,106.53,106.54,106.39,106.49,33375.15
2026-08-28 16:25:00,106.49,106.51,106.24,106.26,37374.22
2026-08-28 16:30:00,106.26,106.32,106.1,106.23,50619.65
2026-08-28 16:35:00,106.23,106.36,106.1,106.32,55083.09
2026-08-28 16:40:00,106.32,106.37,105.43,105.56,218511.37
2026-08-28 16:45:00,105.57,105.85,105.56,105.65,85530.92
2026-08-28 16:50:00,105.66,106.0,105.6,105.98,85078.4
2026-08-28 16:55:00,105.97,106.0,105.85,105.89,34041.69
2026-08-28 17:00:00,105.89,105.95,104.69,104.93,442554.01
2026-08-28 17:05:00,104.94,105.1,104.45,104.72,418108.73
2026-08-28 17:10:00,104.72,105.26,104.72,105.26,130826.61
2026-08-28 17:15:00,105.26,105.32,105.09,105.19,70231.88
2026-08-28 17:20:00,105.18,105.34,105.1,105.29,53959.83
2026-08-28 17:25:00,105.29,105.52,105.2,105.49,62383.86
2026-08-28 17:30:00,105.49,105.77,105.47,105.77,91591.33
2026-08-28 17:35:00,105.76,105.86,105.64,105.83,99660.8
2026-08-28 17:40:00,105.84,105.85,105.7,105.7,34378.56
2026-08-28 17:45:00,105.7,105.86,105.7,105.79,46570.93
2026-08-28 17:50:00,105.78,106.05,105.77,106.05,65296.9
2026-08-28 17:55:00,106.05,106.19,106.0,106.13,121860.7
2026-08-28 18:00:00,106.13,106.8,106.1,106.54,348957.94
2026-08-28 18:05:00,106.54,106.55,106.32,106.33,82965.69
2026-08-28 18:10:00,106.32,106.41,106.3,106.39,37959.53
2026-08-28 18:15:00,106.38,106.54,106.38,106.54,57909.8
2026-08-28 18:20:00,106.54,106.54,106.21,106.34,85691.91
2026-08-28 18:25:00,106.35,106.35,106.06,106.15,65923.32
2026-08-28 18:30:00,106.14,106.25,106.1,106.17,46241.45
2026-08-28 18:35:00,106.17,106.18,105.73,105.76,104210.09
2026-08-28 18:40:00,105.75,105.92,105.73,105.89,40800.94
2026-08-28 18:45:00,105.89,105.97,105.74,105.78,47819.01
2026-08-28 18:50:00,105.77,105.82,105.5,105.54,121535.06
2026-08-28 18:55:00,105.54,105.79,105.5,105.75,58391.16
2026-08-28 19:00:00,105.75,105.86,105.65,105.84,46079.94
2026-08-28 19:05:00,105.84,105.95,105.56,105.61,70495.63
2026-08-28 19:10:00,105.62,105.62,105.33,105.41,142829.47
2026-08-28 19:15:00,105.41,105.77,105.4,105.49,89948.1
2026-08-28 19:20:00,105.5,105.64,105.21,105.29,114102.82
2026-08-28 19:25:00,105.29,105.33,104.81,104.88,192206.85
2026-08-28 19:30:00,104.88,105.01,104.75,104.84,167521.41
2026-08-28 19:35:00,104.83,104.99,104.71,104.97,129826.1
2026-08-28 19:40:00,104.97,105.08,104.46,105.01,207921.42
2026-08-28 19:45:00,105.01,105.14,104.43,104.72,192854.4
2026-08-28 19:50:00,104.72,104.8,104.6,104.79,73909.79
2026-08-28 19:55:00,104.79,104.98,104.77,104.8,96329.47
2026-08-28 20:00:00,104.8,105.01,104.68,105.0,106981.54
2026-08-28 20:05:00,105.0,105.08,104.76,104.83,84727.31
2026-08-28 20:10:00,104.82,104.86,104.78,104.83,37784.16
2026-08-28 20:15:00,104.83,104.96,104.67,104.95,54853.61
2026-08-28 20:20:00,104.96,104.97,104.77,104.84,48233.11
2026-08-28 20:25:00,104.83,105.1,104.68,104.96,100729.98
2026-08-28 20:30:00,104.96,105.3,104.89,105.01,284577.07
2026-08-28 20:35:00,105.02,105.11,104.58,104.79,138199.74
2026-08-28 20:40:00,104.78,104.97,104.62,104.74,192781.55
2026-08-28 20:45:00,104.75,105.15,104.71,104.87,166214.87
2026-08-28 20:50:00,104.86,105.48,104.83,105.38,155237.94
2026-08-28 20:55:00,105.37,105.56,105.08,105.09,181815.99
2026-08-28 21:00:00,105.08,106.0,103.81,103.93,1262680.25
2026-08-28 21:05:00,103.92,104.5,103.66,104.29,622146.21
2026-08-28 21:10:00,104.29,104.37,103.58,103.97,349021.12
2026-08-28 21:15:00,103.96,104.61,103.57,104.55,344568.57
2026-08-28 21:20:00,104.54,104.68,103.84,104.19,398683.11
2026-08-28 21:25:00,104.19,104.58,103.7,104.5,455637.52
2026-08-28 21:30:00,104.5,105.33,104.11,105.27,513349.84
2026-08-28 21:35:00,105.26,106.64,105.16,106.04,771060.92
2026-08-28 21:40:00,106.05,106.26,105.7,106.18,366705.79
2026-08-28 21:45:00,106.18,106.29,105.41,105.65,275075.52
2026-08-28 21:50:00,105.64,106.52,105.6,106.36,284771.07
2026-08-28 21:55:00,106.36,106.58,106.05,106.22,194136.67
2026-08-28 22:00:00,106.23,106.51,105.7,105.79,282898.12
2026-08-28 22:05:00,105.78,105.83,105.21,105.27,195551.51
2026-08-28 22:10:00,105.27,105.54,105.16,105.25,131529.52
2026-08-28 22:15:00,105.26,107.06,105.23,106.93,574143.04
2026-08-28 22:20:00,106.93,107.66,106.57,107.58,1082404.64
2026-08-28 22:25:00,107.57,107.93,106.41,106.7,535632.98
2026-08-28 22:30:00,106.7,106.95,106.28,106.51,210428.36
2026-08-28 22:35:00,106.5,106.65,106.01,106.18,156020.57
2026-08-28 22:40:00,106.18,106.24,105.51,105.59,279078.01
2026-08-28 22:45:00,105.6,106.12,105.52,105.7,272945.37
2026-08-28 22:50:00,105.7,105.84,105.25,105.62,230229.99
2026-08-28 22:55:00,105.63,105.65,105.07,105.19,196569.35
2026-08-28 23:00:00,105.18,105.41,104.12,104.51,748794.01
2026-08-28 23:05:00,104.52,105.33,104.51,105.08,355854.12
2026-08-28 23:10:00,105.09,105.17,104.26,104.29,287582.73
2026-08-28 23:15:00,104.29,104.55,103.88,104.03,399004.23
2026-08-28 23:20:00,104.03,104.32,103.01,103.29,572086.0
2026-08-28 23:25:00,103.29,104.58,102.83,104.42,662941.85
2026-08-28 23:30:00,104.43,105.23,104.36,104.57,360549.64
2026-08-28 23:35:00,104.56,105.49,104.43,105.4,348325.46
2026-08-28 23:40:00,105.39,105.57,105.03,105.04,236028.15
2026-08-28 23:45:00,105.04,105.67,105.01,105.57,256499.2
2026-08-28 23:50:00,105.57,105.58,105.05,105.22,177035.15
2026-08-28 23:55:00,105.21,105.43,105.1,105.11,75726.28
2026-08-29 00:00:00,105.11,105.2,104.71,104.77,139812.99
2026-08-29 00:05:00,104.78,105.08,104.54,104.88,91667.24
2026-08-29 00:10:00,104.88,105.06,104.76,104.98,62571.87
2026-08-29 00:15:00,104.99,105.12,104.7,105.06,96347.27
2026-08-29 00:20:00,105.06,105.09,104.62,104.7,74440.46
2026-08-29 00:25:00,104.71,104.72,104.47,104.55,71409.95
2026-08-29 00:30:00,104.56,104.7,104.3,104.47,111717.07
2026-08-29 00:35:00,104.46,104.53,104.23,104.38,61956.45
2026-08-29 00:40:00,104.38,104.58,104.3,104.58,46831.28
2026-08-29 00:45:00,104.58,105.06,104.52,104.99,99787.1
2026-08-29 00:50:00,105.0,105.01,104.67,104.67,37904.56
2026-08-29 00:55:00,104.68,104.9,104.61,104.61,65434.84
2026-08-29 01:00:00,104.61,104.68,104.33,104.33,59316.93
2026-08-29 01:05:00,104.32,104.45,104.21,104.29,57197.98
2026-08-29 01:10:00,104.3,104.33,103.89,103.94,133588.6
2026-08-29 01:15:00,103.95,103.99,103.52,103.61,156688.25
2026-08-29 01:20:00,103.6,103.74,103.39,103.5,136070.65
2026-08-29 01:25:00,103.51,103.86,103.49,103.86,94623.16
2026-08-29 01:30:00,103.85,103.86,103.44,103.45,127212.58
2026-08-29 01:35:00,103.44,103.45,103.0,103.16,217470.94
2026-08-29 01:40:00,103.16,103.32,102.94,103.14,119415.61
2026-08-29 01:45:00,103.14,103.23,102.18,102.57,411428.68
2026-08-29 01:50:00,102.57,102.93,102.49,102.91,130915.93
2026-08-29 01:55:00,102.9,103.13,102.57,103.07,155306.73
2026-08-29 02:00:00,103.07,103.41,102.96,103.01,165860.29
2026-08-29 02:05:00,103.02,103.49,102.96,103.48,81899.08
2026-08-29 02:10:00,103.48,103.48,103.21,103.28,59987.08
2026-08-29 02:15:00,103.28,103.29,103.04,103.17,48144.89
2026-08-29 02:20:00,103.18,103.42,103.1,103.2,92474.61
2026-08-29 02:25:00,103.2,103.45,103.2,103.34,44144.52
2026-08-29 02:30:00,103.35,103.43,103.24,103.39,64993.17
2026-08-29 02:35:00,103.39,103.85,103.33,103.69,166535.31
2026-08-29 02:40:00,103.7,103.76,103.52,103.53,40756.5
2026-08-29 02:45:00,103.54,103.63,103.26,103.31,90584.71
2026-08-29 02:50:00,103.3,103.51,103.28,103.36,38211.94
2026-08-29 02:55:00,103.37,103.63,103.28,103.36,58859.09
2026-08-29 03:00:00,103.36,103.54,102.86,103.04,163246.24
2026-08-29 03:05:00,103.04,103.4,102.76,103.37,152722.73
2026-08-29 03:10:00,103.37,103.54,103.35,103.43,52368.06
2026-08-29 03:15:00,103.43,103.46,103.26,103.26,27118.09
2026-08-29 03:20:00,103.26,103.62,103.24,103.52,32092.84
2026-08-29 03:25:00,103.52,103.58,103.5,103.51,19481.98
2026-08-29 03:30:00,103.51,103.51,103.29,103.41,60122.79
2026-08-29 03:35:00,103.42,103.74,103.41,103.7,41738.06
2026-08-29 03:40:00,103.69,103.9,103.69,103.84,78152.04
2026-08-29 03:45:00,103.83,104.29,103.77,104.09,156960.96
2026-08-29 03:50:00,104.09,104.09,103.72,103.74,47583.02
2026-08-29 03:55:00,103.74,103.83,103.72,103.81,26898.3
2026-08-29 04:00:00,103.82,103.88,103.64,103.66,34027.12
2026-08-29 04:05:00,103.65,103.89,103.62,103.68,19986.34
2026-08-29 04:10:00,103.68,103.77,103.63,103.76,37115.09
2026-08-29 04:15:00,103.77,103.77,103.52,103.67,41012.81
2026-08-29 04:20:00,103.66,103.69,103.38,103.62,36848.61
2026-08-29 04:25:00,103.62,103.76,103.61,103.76,26813.37
2026-08-29 04:30:00,103.76,103.98,103.75,103.96,66747.1
2026-08-29 04:35:00,103.96,103.96,103.75,103.84,26943.19
2026-08-29 04:40:00,103.84,103.87,103.44,103.54,32899.29
2026-08-29 04:45:00,103.55,103.56,103.29,103.41,38187.0
2026-08-29 04:50:00,103.42,103.43,103.25,103.34,22742.36
2026-08-29 04:55:00,103.34,103.4,103.23,103.4,24903.7
2026-08-29 05:00:00,103.41,103.51,103.35,103.39,33457.79
2026-08-29 05:05:00,103.38,103.74,103.38,103.69,41750.3
2026-08-29 05:10:00,103.7,103.82,103.67,103.76,25040.5
2026-08-29 05:15:00,103.77,103.81,103.58,103.58,24144.93
2026-08-29 05:20:00,103.58,103.66,103.51,103.6,23327.89
2026-08-29 05:25:00,103.6,103.91,103.6,103.85,60283.71
2026-08-29 05:30:00,103.85,103.92,103.69,103.72,67011.23
2026-08-29 05:35:00,103.72,103.82,103.69,103.81,24265.85
2026-08-29 05:40:00,103.81,104.08,103.78,104.01,88438.99
2026-08-29 05:45:00,104.02,104.16,103.99,104.02,54271.16
2026-08-29 05:50:00,104.03,104.1,103.94,104.1,42903.14
2026-08-29 05:55:00,104.09,104.11,103.9,104.07,36384.38
2026-08-29 06:00:00,104.07,104.13,103.97,103.99,42631.43
2026-08-29 06:05:00,104.0,104.18,103.97,104.18,29937.21
2026-08-29 06:10:00,104.17,104.34,104.12,104.31,59643.52
2026-08-29 06:15:00,104.31,104.33,104.06,104.08,39886.52
2026-08-29 06:20:00,104.08,104.21,104.0,104.18,50633.8
2026-08-29 06:25:00,104.17,104.18,104.02,104.03,25243.69
2026-08-29 06:30:00,104.03,104.2,103.99,104.1,41115.96
2026-08-29 06:35:00,104.1,104.1,103.95,103.99,14134.53
2026-08-29 06:40:00,103.99,104.04,103.95,103.98,12559.4
2026-08-29 06:45:00,103.98,103.99,103.93,103.95,10551.47
2026-08-29 06:50:00,103.95,104.09,103.94,104.05,15076.53
2026-08-29 06:55:00,104.06,104.12,104.03,104.1,33914.59
2026-08-29 07:00:00,104.1,104.24,104.05,104.16,37623.45
2026-08-29 07:05:00,104.17,104.49,104.12,104.45,74269.71
2026-08-29 07:10:00,104.45,104.45,104.22,104.25,42508.17
2026-08-29 07:15:00,104.26,104.55,104.23,104.36,90318.45
2026-08-29 07:20:00,104.37,104.44,104.26,104.37,38575.79
2026-08-29 07:25:00,104.37,104.51,104.32,104.35,36616.44
2026-08-29 07:30:00,104.36,104.36,104.11,104.14,32687.87
2026-08-29 07:35:00,104.14,104.21,104.09,104.13,17345.99
2026-08-29 07:40:00,104.12,104.14,104.0,104.03,28252.77
2026-08-29 07:45:00,104.03,104.03,103.92,103.96,44299.78
2026-08-29 07:50:00,103.97,103.97,103.81,103.95,53627.08
2026-08-29 07:55:00,103.96,103.99,103.86,103.87,15941.11
2026-08-29 08:00:00,103.87,103.87,103.75,103.82,31601.25
2026-08-29 08:05:00,103.82,103.95,103.8,103.95,22648.11
2026-08-29 08:10:00,103.94,103.99,103.82,103.84,29455.48
2026-08-29 08:15:00,103.85,103.92,103.77,103.86,25560.99
2026-08-29 08:20:00,103.86,103.98,103.86,103.97,24959.7
2026-08-29 08:25:00,103.98,104.09,103.96,104.08,25926.22
2026-08-29 08:30:00,104.09,104.18,104.05,104.18,25998.45
2026-08-29 08:35:00,104.18,104.2,104.0,104.1,33004.17
2026-08-29 08:40:00,104.09,104.15,104.01,104.14,27746.49
2026-08-29 08:45:00,104.15,104.18,103.95,104.1,34561.39
2026-08-29 08:50:00,104.1,104.32,104.08,104.14,79503.47
2026-08-29 08:55:00,104.15,104.16,103.98,104.1,29958.01
2026-08-29 09:00:00,104.11,104.28,104.08,104.15,30939.25
2026-08-29 09:05:00,104.14,104.26,104.06,104.24,33709.58
2026-08-29 09:10:00,104.24,104.35,104.16,104.17,36178.71
2026-08-29 09:15:00,104.17,104.21,103.92,103.92,34473.91
2026-08-29 09:20:00,103.92,103.96,103.81,103.83,66724.62
2026-08-29 09:25:00,103.83,103.87,103.67,103.82,41316.26
2026-08-29 09:30:00,103.83,103.88,103.63,103.69,32158.71
2026-08-29 09:35:00,103.69,103.92,103.58,103.89,27269.83
2026-08-29 09:40:00,103.88,103.94,103.8,103.82,23012.72
2026-08-29 09:45:00,103.82,103.85,103.72,103.79,26342.88
2026-08-29 09:50:00,103.78,104.06,103.78,104.01,31834.87
2026-08-29 09:55:00,104.02,104.1,103.88,103.89,32385.29
2026-08-29 10:00:00,103.89,103.97,103.86,103.87,22329.12
2026-08-29 10:05:00,103.86,104.05,103.86,103.88,64373.57
2026-08-29 10:10:00,103.89,104.03,103.87,103.9,17033.34
2026-08-29 10:15:00,103.9,103.94,103.77,103.9,21275.43
2026-08-29 10:20:00,103.91,104.07,103.9,103.99,28215.52
2026-08-29 10:25:00,104.0,104.04,103.91,104.02,24060.07
2026-08-29 10:30:00,104.03,104.1,103.94,103.96,42229.67
2026-08-29 10:35:00,103.97,103.98,103.78,103.95,43072.91
2026-08-29 10:40:00,103.95,104.19,103.92,104.06,51809.32
2026-08-29 10:45:00,104.06,104.08,103.86,103.97,42875.68
2026-08-29 10:50:00,103.97,104.04,103.91,103.94,22358.14
2026-08-29 10:55:00,103.94,103.95,103.78,103.83,20137.05
2026-08-29 11:00:00,103.82,103.87,103.72,103.77,37765.23
2026-08-29 11:05:00,103.77,103.8,103.47,103.58,114100.42
2026-08-29 11:10:00,103.58,103.72,103.57,103.64,21190.95
2026-08-29 11:15:00,103.65,103.67,103.44,103.46,56604.72
2026-08-29 11:20:00,103.46,103.6,103.46,103.54,23364.17
2026-08-29 11:25:00,103.55,103.64,103.48,103.55,44405.68
2026-08-29 11:30:00,103.56,103.62,103.5,103.58,20218.83
2026-08-29 11:35:00,103.59,103.64,103.41,103.64,52549.87
2026-08-29 11:40:00,103.64,103.77,103.57,103.7,38771.94
2026-08-29 11:45:00,103.71,103.84,103.66,103.74,34062.21
2026-08-29 11:50:00,103.75,103.94,103.75,103.94,41412.69
2026-08-29 11:55:00,103.94,104.0,103.76,103.82,47824.71
2026-08-29 12:00:00,103.83,104.04,103.77,103.92,51729.75
2026-08-29 12:05:00,103.92,103.98,103.89,103.92,37682.86
2026-08-29 12:10:00,103.92,104.13,103.88,104.05,47168.78
2026-08-29 12:15:00,104.05,104.16,104.05,104.13,44006.82
2026-08-29 12:20:00,104.13,104.14,103.95,104.06,27646.05
2026-08-29 12:25:00,104.06,104.15,104.0,104.02,22874.14
2026-08-29 12:30:00,104.02,104.03,103.83,103.84,33795.54
2026-08-29 12:35:00,103.84,104.03,103.83,104.0,33381.14
2026-08-29 12:40:00,104.0,104.1,103.92,104.03,36997.94
2026-08-29 12:45:00,104.04,104.06,103.94,103.97,13116.1
2026-08-29 12:50:00,103.98,103.98,103.88,103.89,11327.0
2026-08-29 12:55:00,103.88,103.97,103.85,103.96,12670.14
2026-08-29 13:00:00,103.96,103.99,103.67,103.67,33214.52
2026-08-29 13:05:00,103.67,103.7,103.49,103.6,65646.74
2026-08-29 13:10:00,103.59,103.59,103.35,103.41,60830.88
2026-08-29 13:15:00,103.4,103.59,103.35,103.45,63516.13
2026-08-29 13:20:00,103.45,103.47,103.26,103.4,66333.86
2026-08-29 13:25:00,103.41,103.44,103.3,103.43,21567.71
2026-08-29 13:30:00,103.43,103.57,103.43,103.57,24893.92
2026-08-29 13:35:00,103.56,103.61,103.49,103.51,19464.82
2026-08-29 13:40:00,103.51,103.62,103.5,103.54,25272.81
2026-08-29 13:45:00,103.54,103.55,103.47,103.51,19156.23
2026-08-29 13:50:00,103.5,103.56,103.44,103.45,13227.54
2026-08-29 13:55:00,103.46,103.55,103.42,103.53,20338.52
2026-08-29 14:00:00,103.53,103.76,103.52,103.75,22581.47
2026-08-29 14:05:00,103.74,103.85,103.61,103.62,58759.32
2026-08-29 14:10:00,103.62,103.69,103.6,103.65,33812.92
2026-08-29 14:15:00,103.65,103.83,103.6,103.78,50783.46
2026-08-29 14:20:00,103.78,103.85,103.72,103.73,25007.12
2026-08-29 14:25:00,103.74,103.78,103.64,103.65,18446.67
2026-08-29 14:30:00,103.65,103.75,103.61,103.72,26121.41
2026-08-29 14:35:00,103.72,103.94,103.71,103.84,31542.85
2026-08-29 14:40:00,103.83,103.86,103.65,103.76,38217.75
2026-08-29 14:45:00,103.76,103.88,103.71,103.74,28122.86
2026-08-29 14:50:00,103.74,103.75,103.57,103.61,15552.33
2026-08-29 14:55:00,103.61,103.73,103.56,103.67,38586.5
2026-08-29 15:00:00,103.68,103.68,103.34,103.38,50411.3
2026-08-29 15:05:00,103.39,103.46,103.23,103.32,62226.56
2026-08-29 15:10:00,103.33,103.43,103.26,103.33,48026.28
2026-08-29 15:15:00,103.33,103.43,103.29,103.4,26330.14
2026-08-29 15:20:00,103.39,103.45,103.3,103.42,22294.57
2026-08-29 15:25:00,103.42,103.47,103.4,103.42,17076.04
2026-08-29 15:30:00,103.42,103.43,103.19,103.28,32847.1
2026-08-29 15:35:00,103.28,103.32,103.22,103.26,17800.13
2026-08-29 15:40:00,103.27,103.34,103.18,103.24,27278.6
2026-08-29 15:45:00,103.24,103.37,103.07,103.24,44400.05
2026-08-29 15:50:00,103.24,103.34,103.18,103.21,31580.14
2026-08-29 15:55:00,103.2,103.41,103.19,103.41,31301.78
2026-08-29 16:00:00,103.41,103.43,103.27,103.31,34154.26
2026-08-29 16:05:00,103.32,103.42,103.26,103.29,33791.81
2026-08-29 16:10:00,103.29,103.41,103.28,103.41,20769.01
2026-08-29 16:15:00,103.4,103.42,103.29,103.32,22148.35
2026-08-29 16:20:00,103.32,103.34,103.23,103.3,17861.69
2026-08-29 16:25:00,103.3,103.34,103.27,103.29,13399.82
2026-08-29 16:30:00,103.29,103.42,103.28,103.42,16775.93
2026-08-29 16:35:00,103.41,103.49,103.35,103.43,51909.62
2026-08-29 16:40:00,103.44,103.57,103.41,103.43,54281.16
2026-08-29 16:45:00,103.44,103.44,103.33,103.37,17648.42
2026-08-29 16:50:00,103.36,103.43,103.27,103.4,30960.46
2026-08-29 16:55:00,103.39,103.49,103.25,103.25,46458.74
2026-08-29 17:00:00,103.25,103.26,103.08,103.09,28291.81
2026-08-29 17:05:00,103.1,103.13,102.95,103.1,84389.42
2026-08-29 17:10:00,103.09,103.23,103.09,103.2,25750.34
2026-08-29 17:15:00,103.21,103.53,103.2,103.49,66323.32
2026-08-29 17:20:00,103.49,103.54,103.34,103.39,57478.6
2026-08-29 17:25:00,103.39,103.48,103.32,103.4,60879.68
2026-08-29 17:30:00,103.4,103.41,103.3,103.35,20517.96
2026-08-29 17:35:00,103.35,103.45,103.31,103.32,14470.53
2026-08-29 17:40:00,103.32,103.36,103.25,103.35,23595.69
2026-08-29 17:45:00,103.36,103.48,103.35,103.47,21433.29
2026-08-29 17:50:00,103.47,103.55,103.44,103.51,14161.99
2026-08-29 17:55:00,103.52,103.52,103.39,103.39,24207.51
2026-08-29 18:00:00,103.4,103.5,103.35,103.48,17641.74
2026-08-29 18:05:00,103.48,103.53,103.4,103.43,14509.59
2026-08-29 18:10:00,103.43,103.6,103.43,103.59,29858.88
2026-08-29 18:15:00,103.6,103.67,103.5,103.51,28307.87
2026-08-29 18:20:00,103.51,103.55,103.44,103.46,12742.76
2026-08-29 18:25:00,103.46,103.51,103.45,103.49,8146.67
2026-08-29 18:30:00,103.49,103.58,103.46,103.55,12486.79
2026-08-29 18:35:00,103.55,103.59,103.45,103.54,10296.21
2026-08-29 18:40:00,103.55,103.6,103.46,103.47,10722.06
2026-08-29 18:45:00,103.48,103.59,103.47,103.59,10599.41
2026-08-29 18:50:00,103.59,103.65,103.55,103.57,11930.29
2026-08-29 18:55:00,103.58,103.6,103.43,103.44,25835.51
2026-08-29 19:00:00,103.44,103.48,103.4,103.48,19295.37
2026-08-29 19:05:00,103.47,103.5,103.3,103.37,31634.98
2026-08-29 19:10:00,103.37,103.58,103.34,103.58,29641.09
2026-08-29 19:15:00,103.57,103.96,103.57,103.89,140228.75
2026-08-29 19:20:00,103.9,103.97,103.46,103.5,106816.27
2026-08-29 19:25:00,103.51,103.51,103.38,103.43,48725.42
2026-08-29 19:30:00,103.44,103.49,103.35,103.36,38635.06
2026-08-29 19:35:00,103.36,103.48,103.33,103.48,19105.98
2026-08-29 19:40:00,103.48,103.56,103.45,103.56,11692.65
2026-08-29 19:45:00,103.56,103.64,103.52,103.64,20714.8
2026-08-29 19:50:00,103.64,103.64,103.44,103.54,36180.51
2026-08-29 19:55:00,103.54,103.62,103.51,103.57,19082.09
2026-08-29 20:00:00,103.57,103.58,103.49,103.5,15696.51
2026-08-29 20:05:00,103.51,103.58,103.51,103.58,13434.68
2026-08-29 20:10:00,103.58,103.59,103.46,103.56,27515.41
2026-08-29 20:15:00,103.56,103.72,103.53,103.61,32061.12
2026-08-29 20:20:00,103.61,103.73,103.6,103.71,18198.79
2026-08-29 20:25:00,103.71,103.73,103.64,103.65,16422.55
2026-08-29 20:30:00,103.66,103.68,103.58,103.63,14496.91
2026-08-29 20:35:00,103.63,103.82,103.62,103.67,57012.37
2026-08-29 20:40:00,103.67,103.7,103.61,103.62,10174.93
2026-08-29 20:45:00,103.63,103.76,103.62,103.75,31161.64
2026-08-29 20:50:00,103.75,103.92,103.71,103.85,46124.16
2026-08-29 20:55:00,103.85,103.91,103.74,103.75,41339.53
2026-08-29 21:00:00,103.76,103.84,103.72,103.77,25704.81
2026-08-29 21:05:00,103.77,104.04,103.76,103.9,73291.57
2026-08-29 21:10:00,103.9,104.03,103.79,103.95,67159.17
2026-08-29 21:15:00,103.96,104.15,103.93,104.06,64686.76
2026-08-29 21:20:00,104.05,104.38,104.05,104.33,84960.58
2026-08-29 21:25:00,104.32,104.33,104.09,104.24,74257.48
2026-08-29 21:30:00,104.23,104.55,104.2,104.55,81883.41
2026-08-29 21:35:00,104.54,104.79,104.47,104.75,157058.43
2026-08-29 21:40:00,104.75,105.32,104.64,104.92,431667.71
2026-08-29 21:45:00,104.92,105.38,104.9,105.08,160531.01
2026-08-29 21:50:00,105.07,105.35,104.95,105.14,161192.91
2026-08-29 21:55:00,105.15,105.45,105.11,105.31,162496.09
2026-08-29 22:00:00,105.32,105.45,104.97,105.08,161130.06
2026-08-29 22:05:00,105.08,105.25,105.0,105.02,76055.45
2026-08-29 22:10:00,105.02,105.09,104.84,105.03,93695.46
2026-08-29 22:15:00,105.04,105.05,104.59,104.88,101076.6
2026-08-29 22:20:00,104.88,105.19,104.87,105.13,82014.98
2026-08-29 22:25:00,105.12,105.16,104.89,105.02,85361.49
2026-08-29 22:30:00,105.02,105.03,104.79,104.98,54432.43
2026-08-29 22:35:00,104.98,105.0,104.89,104.95,26890.03
2026-08-29 22:40:00,104.95,105.02,104.86,104.87,26870.2
2026-08-29 22:45:00,104.87,105.05,104.81,105.05,51759.3
2026-08-29 22:50:00,105.05,105.14,104.91,104.96,44512.96
2026-08-29 22:55:00,104.95,104.97,104.75,104.95,45904.03
2026-08-29 23:00:00,104.95,105.16,104.93,105.05,55891.98
2026-08-29 23:05:00,105.04,105.17,104.97,105.16,30144.28
2026-08-29 23:10:00,105.16,105.28,105.03,105.21,98588.09
2026-08-29 23:15:00,105.2,105.32,104.94,104.97,74557.05
2026-08-29 23:20:00,104.97,105.13,104.77,104.87,59580.47
2026-08-29 23:25:00,104.87,105.0,104.76,105.0,36009.45
2026-08-29 23:30:00,105.0,105.24,104.83,105.04,58993.16
2026-08-29 23:35:00,105.05,105.18,104.96,105.04,35488.86
2026-08-29 23:40:00,105.05,105.14,104.87,104.96,61220.3
2026-08-29 23:45:00,104.97,105.03,104.89,104.97,33942.48
2026-08-29 23:50:00,104.97,105.1,104.83,104.83,53401.68
2026-08-29 23:55:00,104.84,104.89,104.77,104.78,36204.73
2026-08-30 00:00:00,104.79,105.02,104.78,104.99,33273.62
2026-08-30 00:05:00,104.99,105.02,104.94,104.97,25158.28
2026-08-30 00:10:00,104.98,105.08,104.91,104.95,23789.62
2026-08-30 00:15:00,104.96,105.04,104.78,104.87,48573.17
2026-08-30 00:20:00,104.87,104.88,104.6,104.67,59010.26
2026-08-30 00:25:00,104.67,104.73,104.53,104.61,63726.13
2026-08-30 00:30:00,104.6,104.78,104.57,104.64,35636.64
2026-08-30 00:35:00,104.64,104.69,104.28,104.46,150349.24
2026-08-30 00:40:00,104.47,104.72,104.46,104.6,35264.07
2026-08-30 00:45:00,104.6,104.74,104.59,104.73,26040.25
2026-08-30 00:50:00,104.73,104.77,104.62,104.68,20610.39
2026-08-30 00:55:00,104.68,104.79,104.6,104.78,19057.19
2026-08-30 01:00:00,104.79,105.002,104.75,104.81,83370.06
2026-08-30 01:05:00,104.81,104.89,104.79,104.79,17105.74
2026-08-30 01:10:00,104.79,104.84,104.76,104.8,18669.27
2026-08-30 01:15:00,104.81,104.87,104.69,104.81,27939.69
2026-08-30 01:20:00,104.82,105.01,104.8,104.95,30534.53
2026-08-30 01:25:00,104.95,104.96,104.77,104.78,17553.07
2026-08-30 01:30:00,104.77,104.88,104.68,104.82,35663.74
2026-08-30 01:35:00,104.83,105.04,104.82,104.99,28193.3
2026-08-30 01:40:00,104.99,105.09,104.86,104.94,87806.01
2026-08-30 01:45:00,104.95,105.18,104.92,105.14,39691.16
2026-08-30 01:50:00,105.14,105.23,105.1,105.17,72629.9
2026-08-30 01:55:00,105.17,105.18,105.01,105.04,22148.25
2026-08-30 02:00:00,105.04,105.13,105.04,105.11,20016.87
2026-08-30 02:05:00,105.11,105.28,105.07,105.17,65246.72
2026-08-30 02:10:00,105.16,105.49,105.13,105.45,62852.24
2026-08-30 02:15:00,105.45,105.82,105.42,105.6,137328.56
2026-08-30 02:20:00,105.6,105.65,105.42,105.63,69914.19
2026-08-30 02:25:00,105.63,105.69,105.54,105.68,48317.57
2026-08-30 02:30:00,105.69,105.72,105.53,105.61,58478.48
2026-08-30 02:35:00,105.61,105.74,105.46,105.47,57216.8
2026-08-30 02:40:00,105.48,105.62,105.41,105.52,48028.46
2026-08-30 02:45:00,105.52,105.53,105.28,105.35,85886.95
2026-08-30 02:50:00,105.34,105.36,105.17,105.3,59685.95
2026-08-30 02:55:00,105.3,105.3,105.19,105.27,31080.87
2026-08-30 03:00:00,105.28,105.36,105.25,105.31,28728.24
2026-08-30 03:05:00,105.31,105.45,105.31,105.31,42510.18
2026-08-30 03:10:00,105.31,105.35,105.13,105.18,52089.4
2026-08-30 03:15:00,105.18,105.32,105.15,105.31,23198.11
2026-08-30 03:20:00,105.3,105.32,105.13,105.17,28387.54
2026-08-30 03:25:00,105.17,105.22,105.14,105.14,28212.77
2026-08-30 03:30:00,105.14,105.16,104.99,105.11,24615.26
2026-08-30 03:35:00,105.11,105.25,105.1,105.13,34288.39
2026-08-30 03:40:00,105.13,105.26,105.12,105.19,32690.01
2026-08-30 03:45:00,105.19,105.25,105.14,105.15,19663.04
2026-08-30 03:50:00,105.15,105.21,105.09,105.15,22557.14
2026-08-30 03:55:00,105.16,105.24,105.12,105.15,11176.24
2026-08-30 04:00:00,105.16,105.2,104.91,104.94,57417.18
2026-08-30 04:05:00,104.95,105.19,104.94,105.16,22143.7
2026-08-30 04:10:00,105.17,105.34,105.12,105.21,22533.4
2026-08-30 04:15:00,105.21,105.31,105.17,105.28,10674.75
2026-08-30 04:20:00,105.28,105.29,105.06,105.06,11634.18
2026-08-30 04:25:00,105.06,105.06,104.95,104.96,18735.14
2026-08-30 04:30:00,104.95,104.97,104.86,104.89,20204.95
2026-08-30 04:35:00,104.89,104.92,104.84,104.86,20343.68
2026-08-30 04:40:00,104.85,104.95,104.72,104.93,36317.31
2026-08-30 04:45:00,104.93,105.03,104.9,104.9,10451.78
2026-08-30 04:50:00,104.91,105.02,104.86,104.99,33382.36
2026-08-30 04:55:00,104.99,105.04,104.94,104.98,20851.74
2026-08-30 05:00:00,104.98,105.03,104.89,104.92,22806.9
2026-08-30 05:05:00,104.92,104.95,104.84,104.9,19062.89
2026-08-30 05:10:00,104.91,105.02,104.87,104.95,25872.46
2026-08-30 05:15:00,104.94,105.01,104.88,104.88,16674.03
2026-08-30 05:20:00,104.88,104.98,104.88,104.95,8881.15
2026-08-30 05:25:00,104.94,105.12,104.89,105.07,17093.32
2026-08-30 05:30:00,105.08,105.17,105.07,105.13,19951.26
2026-08-30 05:35:00,105.14,105.16,105.13,105.14,7567.3
2026-08-30 05:40:00,105.14,105.22,105.14,105.19,16630.84
2026-08-30 05:45:00,105.19,105.27,105.19,105.26,10666.36
2026-08-30 05:50:00,105.26,105.37,105.25,105.36,29834.22
2026-08-30 05:55:00,105.36,105.5,105.35,105.44,23234.21
2026-08-30 06:00:00,105.44,105.56,105.43,105.47,22039.21
2026-08-30 06:05:00,105.47,105.68,105.47,105.62,38583.24
2026-08-30 06:10:00,105.61,105.65,105.49,105.56,39699.4
2026-08-30 06:15:00,105.56,105.72,105.56,105.68,33549.8
2026-08-30 06:20:00,105.68,105.69,105.52,105.52,38957.48
2026-08-30 06:25:00,105.52,105.63,105.41,105.61,39843.07
2026-08-30 06:30:00,105.62,105.69,105.33,105.44,68281.86
2026-08-30 06:35:00,105.44,105.58,105.39,105.56,26390.02
2026-08-30 06:40:00,105.57,105.63,105.5,105.5,20582.83
2026-08-30 06:45:00,105.5,105.7,105.5,105.7,22345.88
2026-08-30 06:50:00,105.69,105.72,105.52,105.59,54974.41
2026-08-30 06:55:00,105.58,105.62,105.55,105.56,9590.87
2026-08-30 07:00:00,105.56,105.56,105.33,105.34,32810.87
2026-08-30 07:05:00,105.34,105.41,105.23,105.3,81929.97
2026-08-30 07:10:00,105.3,105.32,105.2,105.28,64087.54
2026-08-30 07:15:00,105.27,105.65,105.27,105.56,54976.9
2026-08-30 07:20:00,105.55,105.56,105.3,105.3,22851.11
2026-08-30 07:25:00,105.31,105.36,105.27,105.3,16924.51
2026-08-30 07:30:00,105.3,105.34,105.2,105.28,28035.96
2026-08-30 07:35:00,105.28,105.46,105.27,105.31,24884.66
2026-08-30 07:40:00,105.31,105.36,105.16,105.23,42255.37
2026-08-30 07:45:00,105.22,105.36,105.16,105.36,15537.42
2026-08-30 07:50:00,105.35,105.41,105.22,105.38,47943.26
2026-08-30 07:55:00,105.38,105.38,105.19,105.21,25618.31
2026-08-30 08:00:00,105.21,105.3,105.12,105.28,24028.28
2026-08-30 08:05:00,105.28,105.28,105.11,105.16,15370.63
2026-08-30 08:10:00,105.16,105.25,105.07,105.14,37779.62
2026-08-30 08:15:00,105.14,105.21,105.05,105.18,37082.38
2026-08-30 08:20:00,105.17,105.32,105.17,105.23,26426.75
2026-08-30 08:25:00,105.23,105.27,105.05,105.08,57839.57
2026-08-30 08:30:00,105.07,105.11,104.97,105.11,45430.93
2026-08-30 08:35:00,105.11,105.27,105.08,105.22,31770.32
2026-08-30 08:40:00,105.21,105.22,105.11,105.12,13827.33
2026-08-30 08:45:00,105.11,105.25,105.11,105.25,25931.92
2026-08-30 08:50:00,105.25,105.3,105.17,105.22,25673.39
2026-08-30 08:55:00,105.22,105.22,105.05,105.19,25951.26
2026-08-30 09:00:00,105.19,105.37,105.15,105.36,21969.21
2026-08-30 09:05:00,105.37,105.38,105.12,105.28,40015.14
2026-08-30 09:10:00,105.28,105.32,105.21,105.32,8129.4
2026-08-30 09:15:00,105.31,105.39,105.26,105.31,12586.13
2026-08-30 09:20:00,105.31,105.44,105.29,105.29,33917.6
2026-08-30 09:25:00,105.3,105.41,105.16,105.3,41409.41
2026-08-30 09:30:00,105.29,105.33,105.13,105.23,22833.78
2026-08-30 09:35:00,105.23,105.28,105.19,105.28,9563.18
2026-08-30 09:40:00,105.27,105.32,105.17,105.28,23168.55
2026-08-30 09:45:00,105.28,105.28,105.16,105.24,20442.85
2026-08-30 09:50:00,105.24,105.42,105.22,105.37,27779.95
2026-08-30 09:55:00,105.36,105.37,105.16,105.17,17235.43
2026-08-30 10:00:00,105.17,105.19,105.0,105.01,55696.68
2026-08-30 10:05:00,105.01,105.05,104.89,105.03,30321.91
2026-08-30 10:10:00,105.03,105.07,105.0,105.03,18171.27
2026-08-30 10:15:00,105.02,105.12,105.0,105.09,16689.16
2026-08-30 10:20:00,105.09,105.16,105.0,105.14,31198.86
2026-08-30 10:25:00,105.13,105.24,105.12,105.23,6375.98
2026-08-30 10:30:00,105.24,105.29,105.12,105.27,50259.3
2026-08-30 10:35:00,105.27,105.28,105.16,105.18,16582.31
2026-08-30 10:40:00,105.17,105.27,105.13,105.16,23344.45
2026-08-30 10:45:00,105.15,105.16,105.05,105.06,23945.74
2026-08-30 10:50:00,105.07,105.08,105.02,105.04,12992.28
2026-08-30 10:55:00,105.04,105.06,104.97,105.02,30090.86
2026-08-30 11:00:00,105.01,105.07,104.96,105.05,16909.15
2026-08-30 11:05:00,105.05,105.07,104.92,104.93,14614.39
2026-08-30 11:10:00,104.94,104.97,104.9,104.96,20644.04
2026-08-30 11:15:00,104.95,104.99,104.83,104.94,27439.74
2026-08-30 11:20:00,104.94,104.98,104.86,104.93,19630.2
2026-08-30 11:25:00,104.93,105.02,104.92,104.96,16256.69
2026-08-30 11:30:00,104.96,104.96,104.85,104.85,31188.65
2026-08-30 11:35:00,104.85,104.91,104.77,104.81,40335.15
2026-08-30 11:40:00,104.8,104.92,104.8,104.81,31456.85
2026-08-30 11:45:00,104.8,104.83,104.6,104.69,67742.21
2026-08-30 11:50:00,104.69,104.88,104.68,104.85,40921.78
2026-08-30 11:55:00,104.85,105.07,104.84,105.07,34799.42
2026-08-30 12:00:00,105.07,105.19,104.98,105.17,35137.76
2026-08-30 12:05:00,105.18,105.21,105.05,105.12,43531.8
2026-08-30 12:10:00,105.11,105.12,104.96,104.98,21215.62
2026-08-30 12:15:00,104.98,105.09,104.96,104.98,14428.65
2026-08-30 12:20:00,104.99,105.03,104.93,104.95,12261.32
2026-08-30 12:25:00,104.95,105.01,104.93,105.01,8480.04
2026-08-30 12:30:00,105.01,105.01,104.94,104.94,9618.78
2026-08-30 12:35:00,104.95,104.97,104.86,104.95,22433.8
2026-08-30 12:40:00,104.96,105.01,104.9,104.92,13318.68
2026-08-30 12:45:00,104.91,105.0,104.91,104.95,17387.63
2026-08-30 12:50:00,104.94,104.98,104.91,104.94,9944.56
2026-08-30 12:55:00,104.94,105.02,104.93,105.01,9159.11
2026-08-30 13:00:00,105.02,105.05,104.94,105.02,12690.86
2026-08-30 13:05:00,105.03,105.03,104.94,104.94,7021.67
2026-08-30 13:10:00,104.94,104.95,104.86,104.93,13592.78
2026-08-30 13:15:00,104.92,104.94,104.89,104.93,7250.41
2026-08-30 13:20:00,104.93,105.04,104.93,105.04,7161.7
2026-08-30 13:25:00,105.03,105.05,104.95,104.96,7921.76
2026-08-30 13:30:00,104.95,104.99,104.9,104.91,19144.67
2026-08-30 13:35:00,104.9,104.98,104.87,104.89,28501.05
2026-08-30 13:40:00,104.9,105.09,104.9,104.91,53483.14
2026-08-30 13:45:00,104.9,105.09,104.9,105.02,23657.84
2026-08-30 13:50:00,105.03,105.07,104.96,105.03,38185.6
2026-08-30 13:55:00,105.04,105.37,105.03,105.37,136423.46
2026-08-30 14:00:00,105.36,105.41,105.13,105.22,50335.41
2026-08-30 14:05:00,105.23,105.3,105.16,105.17,26546.3
2026-08-30 14:10:00,105.17,105.28,105.16,105.27,10332.66
2026-08-30 14:15:00,105.27,105.28,105.15,105.16,8506.7
2026-08-30 14:20:00,105.15,105.19,105.08,105.08,10594.68
2026-08-30 14:25:00,105.08,105.13,105.05,105.08,22050.36
2026-08-30 14:30:00,105.07,105.11,104.97,105.02,23550.33
2026-08-30 14:35:00,105.01,105.02,104.92,104.94,25795.98
2026-08-30 14:40:00,104.95,104.95,104.78,104.84,43506.93
2026-08-30 14:45:00,104.83,104.84,104.65,104.75,48427.55
2026-08-30 14:50:00,104.75,104.95,104.74,104.93,36672.51
2026-08-30 14:55:00,104.93,104.94,104.78,104.78,33641.04
2026-08-30 15:00:00,104.78,104.89,104.73,104.89,36853.27
2026-08-30 15:05:00,104.88,104.98,104.84,104.96,29830.37
2026-08-30 15:10:00,104.96,104.96,104.79,104.8,32408.05
2026-08-30 15:15:00,104.8,105.0,104.8,104.97,21536.46
2026-08-30 15:20:00,104.98,105.02,104.87,104.92,9770.44
2026-08-30 15:25:00,104.93,104.96,104.89,104.95,9078.82
2026-08-30 15:30:00,104.96,104.99,104.9,104.96,10544.5
2026-08-30 15:35:00,104.97,104.97,104.8,104.8,13361.17
2026-08-30 15:40:00,104.81,104.81,104.66,104.74,21322.93
2026-08-30 15:45:00,104.74,104.74,104.39,104.5,85756.8
2026-08-30 15:50:00,104.5,104.68,104.49,104.66,59866.43
2026-08-30 15:55:00,104.65,104.74,104.65,104.7,18838.29
2026-08-30 16:00:00,104.71,104.85,104.67,104.8,29397.02
2026-08-30 16:05:00,104.8,104.81,104.75,104.77,17916.36
2026-08-30 16:10:00,104.77,104.85,104.76,104.84,12604.43
2026-08-30 16:15:00,104.84,104.84,104.75,104.81,13329.86
2026-08-30 16:20:00,104.8,104.91,104.63,104.66,66010.35
2026-08-30 16:25:00,104.65,104.69,104.43,104.45,66787.03
2026-08-30 16:30:00,104.46,104.7,104.45,104.62,45661.63
2026-08-30 16:35:00,104.61,104.65,104.53,104.54,12071.84
2026-08-30 16:40:00,104.53,104.66,104.42,104.64,30092.02
2026-08-30 16:45:00,104.65,104.7,104.52,104.53,24354.87
2026-08-30 16:50:00,104.53,104.58,104.51,104.54,14294.54
2026-08-30 16:55:00,104.54,104.62,104.54,104.55,13135.14
2026-08-30 17:00:00,104.55,104.57,104.46,104.46,24609.38
2026-08-30 17:05:00,104.46,104.68,104.45,104.68,56975.71
2026-08-30 17:10:00,104.67,104.75,104.53,104.53,35473.24
2026-08-30 17:15:00,104.54,104.63,104.49,104.63,51182.88
2026-08-30 17:20:00,104.63,104.81,104.58,104.81,27803.4
2026-08-30 17:25:00,104.81,104.96,104.73,104.78,54212.95
2026-08-30 17:30:00,104.77,104.93,104.77,104.84,28124.38
2026-08-30 17:35:00,104.85,104.89,104.81,104.84,26413.08
2026-08-30 17:40:00,104.83,105.02,104.82,104.99,34322.51
2026-08-30 17:45:00,104.98,105.15,104.98,105.11,41782.65
2026-08-30 17:50:00,105.11,105.17,105.05,105.11,24731.89
2026-08-30 17:55:00,105.12,105.2,105.02,105.06,36183.78
2026-08-30 18:00:00,105.06,105.2,105.06,105.16,34673.12
2026-08-30 18:05:00,105.15,105.28,105.15,105.22,28732.25
2026-08-30 18:10:00,105.21,105.23,105.03,105.14,29326.02
2026-08-30 18:15:00,105.14,105.15,105.07,105.11,20603.04
2026-08-30 18:20:00,105.1,105.15,105.05,105.09,14009.07
2026-08-30 18:25:00,105.1,105.18,105.07,105.18,15223.73
2026-08-30 18:30:00,105.18,105.2,105.05,105.05,34539.14
2026-08-30 18:35:00,105.05,105.07,104.88,104.97,53647.55
2026-08-30 18:40:00,104.97,105.11,104.96,105.01,22801.01
2026-08-30 18:45:00,105.02,105.07,104.93,104.94,12246.51
2026-08-30 18:50:00,104.93,105.03,104.9,104.98,47199.12
2026-08-30 18:55:00,104.98,105.06,104.94,105.05,12004.56
2026-08-30 19:00:00,105.06,105.24,105.01,105.24,53873.55
2026-08-30 19:05:00,105.23,105.75,105.23,105.71,188097.72
2026-08-30 19:10:00,105.7,105.8,105.57,105.7,146140.29
2026-08-30 19:15:00,105.69,105.7,105.3,105.33,190582.89
2026-08-30 19:20:00,105.32,105.41,105.25,105.3,55630.2
2026-08-30 19:25:00,105.3,105.41,105.18,105.38,43695.47
2026-08-30 19:30:00,105.39,105.63,105.24,105.28,127039.92
2026-08-30 19:35:00,105.29,105.38,105.17,105.36,57662.06
2026-08-30 19:40:00,105.36,105.63,105.28,105.47,61947.55
2026-08-30 19:45:00,105.48,105.6,105.4,105.42,42383.17
2026-08-30 19:50:00,105.42,105.57,105.34,105.54,38688.25
2026-08-30 19:55:00,105.54,106.16,105.48,106.04,190519.63
2026-08-30 20:00:00,106.05,106.19,105.88,106.05,149787.71
2026-08-30 20:05:00,106.04,106.06,105.89,105.91,60576.68
2026-08-30 20:10:00,105.91,106.04,105.82,105.96,75316.78
2026-08-30 20:15:00,105.97,106.26,105.86,106.09,104254.56
2026-08-30 20:20:00,106.1,106.38,106.05,106.29,85987.36
2026-08-30 20:25:00,106.3,106.37,106.22,106.31,68232.2
2026-08-30 20:30:00,106.32,106.88,106.2,106.49,282998.77
2026-08-30 20:35:00,106.5,107.0,106.44,106.78,244033.96
2026-08-30 20:40:00,106.77,107.18,106.65,106.97,189778.96
2026-08-30 20:45:00,106.96,107.36,106.94,107.26,251623.11
2026-08-30 20:50:00,107.26,107.44,106.98,107.15,150440.38
2026-08-30 20:55:00,107.15,107.35,107.05,107.06,130395.35
2026-08-30 21:00:00,107.05,107.19,106.76,106.94,141380.7
2026-08-30 21:05:00,106.94,107.04,106.76,106.96,113313.82
2026-08-30 21:10:00,106.96,107.18,106.91,107.08,66942.42
2026-08-30 21:15:00,107.08,107.08,106.69,106.7,74564.35
2026-08-30 21:20:00,106.69,106.94,106.64,106.91,69063.86
2026-08-30 21:25:00,106.91,107.01,106.84,106.87,50828.55
2026-08-30 21:30:00,106.88,106.99,106.75,106.75,52038.74
2026-08-30 21:35:00,106.75,106.78,106.56,106.66,65199.97
2026-08-30 21:40:00,106.66,106.85,106.65,106.76,41513.86
2026-08-30 21:45:00,106.76,106.83,106.61,106.71,34547.1
2026-08-30 21:50:00,106.71,106.82,106.67,106.8,32350.98
2026-08-30 21:55:00,106.8,106.86,106.65,106.68,33230.25
2026-08-30 22:00:00,106.68,106.8,106.43,106.47,113385.72
2026-08-30 22:05:00,106.46,106.74,106.45,106.52,72611.49
2026-08-30 22:10:00,106.52,106.54,106.03,106.08,114285.24
2026-08-30 22:15:00,106.08,106.32,105.91,106.15,127937.04
2026-08-30 22:20:00,106.15,106.39,106.15,106.36,66499.58
2026-08-30 22:25:00,106.36,106.6,106.3,106.35,104518.98
2026-08-30 22:30:00,106.35,106.55,106.34,106.45,73959.77
2026-08-30 22:35:00,106.45,106.59,106.36,106.46,32159.2
2026-08-30 22:40:00,106.45,106.52,106.36,106.43,19125.25
2026-08-30 22:45:00,106.43,106.52,106.22,106.27,47821.14
2026-08-30 22:50:00,106.27,106.36,106.17,106.18,57159.84
2026-08-30 22:55:00,106.17,106.22,106.08,106.22,59866.06
2026-08-30 23:00:00,106.21,106.58,106.05,106.49,87044.08
2026-08-30 23:05:00,106.48,106.65,106.34,106.37,111395.85
2026-08-30 23:10:00,106.38,106.97,106.24,106.94,184531.95
2026-08-30 23:15:00,106.94,107.09,106.68,106.82,177193.35
2026-08-30 23:20:00,106.82,106.82,106.57,106.75,94551.97
2026-08-30 23:25:00,106.75,106.82,106.49,106.49,126256.33
2026-08-30 23:30:00,106.5,106.74,106.41,106.65,85715.74
2026-08-30 23:35:00,106.65,106.78,106.48,106.52,85586.49
2026-08-30 23:40:00,106.51,106.79,106.47,106.62,90224.28
2026-08-30 23:45:00,106.61,106.79,106.55,106.61,124904.91
2026-08-30 23:50:00,106.6,106.75,106.55,106.62,78161.41
2026-08-30 23:55:00,106.63,106.94,106.62,106.83,95583.63
2026-08-31 00:00:00,106.82,106.83,106.44,106.59,113947.74
2026-08-31 00:05:00,106.59,106.6,106.38,106.54,42055.23
2026-08-31 00:10:00,106.54,106.57,106.47,106.53,30011.69
2026-08-31 00:15:00,106.54,106.54,106.12,106.23,116137.15
2026-08-31 00:20:00,106.22,106.22,105.03,105.53,359322.25
2026-08-31 00:25:00,105.54,105.82,105.38,105.78,161063.21
2026-08-31 00:30:00,105.78,105.91,105.6,105.89,85651.61
2026-08-31 00:35:00,105.89,106.0,105.83,106.0,68180.86
2026-08-31 00:40:00,106.0,106.08,105.86,106.06,74360.25
2026-08-31 00:45:00,106.07,106.14,105.93,106.04,56225.54
2026-08-31 00:50:00,106.05,106.11,105.85,106.01,51461.98
2026-08-31 00:55:00,106.02,106.35,105.96,106.33,41755.42
2026-08-31 01:00:00,106.34,106.63,106.19,106.6,108699.81
2026-08-31 01:05:00,106.59,106.6,106.13,106.13,54466.83
2026-08-31 01:10:00,106.13,106.21,105.95,106.18,67659.54
2026-08-31 01:15:00,106.19,106.38,106.16,106.37,35738.26
2026-08-31 01:20:00,106.38,106.5,106.3,106.44,35563.12
2026-08-31 01:25:00,106.44,106.77,106.44,106.68,50220.39
2026-08-31 01:30:00,106.69,106.82,106.65,106.72,88920.62
2026-08-31 01:35:00,106.72,106.78,106.58,106.67,107831.31
2026-08-31 01:40:00,106.66,106.72,106.54,106.69,52060.16
2026-08-31 01:45:00,106.68,106.69,106.5,106.59,27987.81
2026-08-31 01:50:00,106.59,106.63,106.4,106.55,38353.68
2026-08-31 01:55:00,106.55,106.77,106.54,106.63,47280.71
2026-08-31 02:00:00,106.62,106.67,106.46,106.49,34358.44
2026-08-31 02:05:00,106.48,106.58,106.33,106.53,60131.85
2026-08-31 02:10:00,106.54,106.75,106.52,106.74,25409.13
2026-08-31 02:15:00,106.75,106.75,106.5,106.5,27204.16
2026-08-31 02:20:00,106.5,106.5,106.18,106.21,40629.12
2026-08-31 02:25:00,106.21,106.24,106.19,106.19,25087.31
2026-08-31 02:30:00,106.19,106.33,106.08,106.16,67203.96
2026-08-31 02:35:00,106.16,106.19,105.68,105.68,97326.04
2026-08-31 02:40:00,105.68,105.83,105.54,105.57,69551.61
2026-08-31 02:45:00,105.56,105.66,105.33,105.45,82653.21
2026-08-31 02:50:00,105.44,105.57,105.42,105.53,31476.52
2026-08-31 02:55:00,105.52,105.76,105.52,105.75,54424.68
2026-08-31 03:00:00,105.75,105.84,105.66,105.67,59725.39
2026-08-31 03:05:00,105.68,105.8,105.61,105.78,137767.44
2026-08-31 03:10:00,105.78,105.96,105.74,105.77,51254.88
2026-08-31 03:15:00,105.78,105.83,105.51,105.66,37600.43
2026-08-31 03:20:00,105.66,105.75,105.59,105.73,19710.36
2026-08-31 03:25:00,105.74,105.78,105.35,105.35,56169.51
2026-08-31 03:30:00,105.35,105.41,104.84,105.15,239257.85
2026-08-31 03:35:00,105.15,105.39,105.05,105.08,55982.64
2026-08-31 03:40:00,105.07,105.07,104.28,104.56,256927.66
2026-08-31 03:45:00,104.57,104.93,104.57,104.91,118387.13
2026-08-31 03:50:00,104.91,105.09,104.9,104.96,59954.74
2026-08-31 03:55:00,104.96,105.0,104.68,104.7,57461.68
2026-08-31 04:00:00,104.71,104.72,103.1,103.88,719925.95
2026-08-31 04:05:00,103.89,104.05,103.72,104.04,105592.91
2026-08-31 04:10:00,104.03,104.17,103.79,104.0,81717.04
2026-08-31 04:15:00,103.99,104.16,103.83,103.97,44978.65
2026-08-31 04:20:00,103.98,104.1,103.84,104.07,45084.82
2026-08-31 04:25:00,104.06,104.26,104.01,104.19,30312.52
2026-08-31 04:30:00,104.2,104.43,104.17,104.43,62631.48
2026-08-31 04:35:00,104.43,104.47,104.26,104.34,60414.69
2026-08-31 04:40:00,104.34,104.38,104.25,104.32,28855.32
2026-08-31 04:45:00,104.33,104.33,104.12,104.14,29488.53
2026-08-31 04:50:00,104.15,104.3,104.08,104.26,30715.96
2026-08-31 04:55:00,104.27,104.42,104.26,104.39,22166.52
2026-08-31 05:00:00,104.38,104.7,104.12,104.54,162178.66
2026-08-31 05:05:00,104.55,104.64,104.2,104.23,47823.08
2026-08-31 05:10:00,104.23,104.24,103.87,103.94,57428.52
2026-08-31 05:15:00,103.94,103.94,103.49,103.78,156872.45
2026-08-31 05:20:00,103.77,103.89,103.33,103.51,103510.52
2026-08-31 05:25:00,103.5,103.62,103.4,103.57,85919.6
2026-08-31 05:30:00,103.58,103.64,103.26,103.43,96426.74
2026-08-31 05:35:00,103.42,103.66,103.36,103.64,64187.34
2026-08-31 05:40:00,103.64,103.87,103.6,103.64,58451.66
2026-08-31 05:45:00,103.64,103.72,103.55,103.66,43299.29
2026-08-31 05:50:00,103.65,103.78,103.58,103.74,45619.14
2026-08-31 05:55:00,103.74,103.86,103.67,103.74,41273.1
2026-08-31 06:00:00,103.75,103.75,103.44,103.44,60723.67
2026-08-31 06:05:00,103.44,103.61,103.41,103.5,42558.54
2026-08-31 06:10:00,103.49,103.62,103.41,103.46,27087.41
2026-08-31 06:15:00,103.47,103.55,102.72,103.34,272412.27
2026-08-31 06:20:00,103.34,103.43,102.25,102.44,310924.37
2026-08-31 06:25:00,102.44,102.69,101.14,101.73,583752.98
2026-08-31 06:30:00,101.73,102.15,101.45,101.99,283807.17
2026-08-31 06:35:00,101.99,102.09,101.44,101.49,274240.47
2026-08-31 06:40:00,101.48,101.67,101.1,101.36,248347.72
2026-08-31 06:45:00,101.36,101.41,100.26,100.88,628556.63
2026-08-31 06:50:00,100.88,101.75,100.86,101.66,294325.72
2026-08-31 06:55:00,101.66,101.97,101.58,101.69,179166.6
2026-08-31 07:00:00,101.7,101.85,101.05,101.82,325653.53
2026-08-31 07:05:00,101.81,101.89,101.13,101.14,149691.29
2026-08-31 07:10:00,101.15,101.67,101.11,101.66,120707.32
2026-08-31 07:15:00,101.65,102.12,101.65,102.07,168945.21
2026-08-31 07:20:00,102.06,102.31,102.05,102.27,137495.67
2026-08-31 07:25:00,102.27,102.27,102.03,102.07,59618.17
2026-08-31 07:30:00,102.06,102.2,101.99,102.18,56552.01
2026-08-31 07:35:00,102.18,102.55,102.18,102.35,153708.91
2026-08-31 07:40:00,102.34,102.48,102.27,102.28,59139.49
2026-08-31 07:45:00,102.28,102.29,102.08,102.16,61080.56
2026-08-31 07:50:00,102.17,102.31,102.13,102.24,31538.26
2026-08-31 07:55:00,102.25,102.29,102.05,102.07,53948.15
2026-08-31 08:00:00,102.07,102.18,101.72,101.76,129747.41
2026-08-31 08:05:00,101.76,101.8,101.52,101.55,90011.43
2026-08-31 08:10:00,101.55,101.74,101.45,101.64,74572.7
2026-08-31 08:15:00,101.64,101.87,101.42,101.87,75208.87
2026-08-31 08:20:00,101.88,102.05,101.66,101.99,100631.42
2026-08-31 08:25:00,101.98,102.03,101.84,101.93,36885.07
2026-08-31 08:30:00,101.93,101.95,101.56,101.61,52987.37
2026-08-31 08:35:00,101.61,102.14,101.58,101.83,72223.28
2026-08-31 08:40:00,101.82,102.01,101.62,101.68,80438.47
2026-08-31 08:45:00,101.68,101.86,101.58,101.68,44688.63
2026-08-31 08:50:00,101.69,101.74,101.47,101.47,66233.8
2026-08-31 08:55:00,101.48,101.61,101.32,101.46,59046.3
2026-08-31 09:00:00,101.45,101.6,101.26,101.56,104262.1
2026-08-31 09:05:00,101.56,101.81,101.52,101.76,59984.14
2026-08-31 09:10:00,101.77,102.29,101.76,102.16,126969.33
2026-08-31 09:15:00,102.16,102.19,101.9,101.93,79420.87
2026-08-31 09:20:00,101.94,102.02,101.87,101.93,54686.7
2026-08-31 09:25:00,101.92,102.07,101.88,102.0,23298.35
2026-08-31 09:30:00,102.0,102.11,101.88,101.88,44910.42
2026-08-31 09:35:00,101.88,101.94,101.8,101.91,47603.95
2026-08-31 09:40:00,101.9,101.96,101.8,101.85,32599.89
2026-08-31 09:45:00,101.86,101.94,101.66,101.68,40637.25
2026-08-31 09:50:00,101.68,101.74,101.19,101.33,150061.76
2026-08-31 09:55:00,101.33,101.44,101.14,101.39,82674.99
2026-08-31 10:00:00,101.4,101.65,101.22,101.51,71787.82
2026-08-31 10:05:00,101.5,101.71,101.43,101.7,48869.69
2026-08-31 10:10:00,101.71,101.73,101.59,101.64,41864.28
2026-08-31 10:15:00,101.64,101.78,101.48,101.49,44246.1
2026-08-31 10:20:00,101.48,101.89,101.48,101.87,52694.07
2026-08-31 10:25:00,101.86,101.87,101.68,101.7,18061.13
2026-08-31 10:30:00,101.7,101.77,101.61,101.66,21695.2
2026-08-31 10:35:00,101.66,101.87,101.65,101.83,36146.32
2026-08-31 10:40:00,101.84,102.06,101.82,102.05,68182.0
2026-08-31 10:45:00,102.04,102.15,102.04,102.11,64197.38
2026-08-31 10:50:00,102.11,102.13,102.0,102.01,32077.15
2026-08-31 10:55:00,102.01,102.02,101.83,101.89,48982.24
2026-08-31 11:00:00,101.9,101.96,101.45,101.46,72670.03
2026-08-31 11:05:00,101.46,101.64,101.37,101.4,82424.25
2026-08-31 11:10:00,101.39,101.44,101.3,101.37,45376.9
2026-08-31 11:15:00,101.37,101.38,101.15,101.17,86270.51
2026-08-31 11:20:00,101.17,101.27,100.86,101.08,106676.67
2026-08-31 11:25:00,101.09,101.16,100.81,101.04,133281.78
2026-08-31 11:30:00,101.04,101.3,100.97,101.16,131548.43
2026-08-31 11:35:00,101.16,101.37,101.1,101.37,74956.95
2026-08-31 11:40:00,101.37,101.43,101.21,101.34,43900.86
2026-08-31 11:45:00,101.34,101.39,101.13,101.15,80411.74
2026-08-31 11:50:00,101.14,101.48,101.12,101.47,40269.61
2026-08-31 11:55:00,101.46,101.5,101.34,101.4,38898.51
2026-08-31 12:00:00,101.39,101.53,101.21,101.53,77650.12
2026-08-31 12:05:00,101.52,101.66,101.48,101.55,84168.47
2026-08-31 12:10:00,101.55,101.74,101.48,101.63,51219.13
2026-08-31 12:15:00,101.64,102.27,101.59,102.26,138265.0
2026-08-31 12:20:00,102.27,102.74,102.18,102.65,290371.1
2026-08-31 12:25:00,102.64,103.07,102.43,102.63,359188.63
2026-08-31 12:30:00,102.62,102.71,102.48,102.56,62797.68
2026-08-31 12:35:00,102.57,102.65,102.24,102.31,72956.76
2026-08-31 12:40:00,102.32,102.55,102.3,102.47,45760.76
2026-08-31 12:45:00,102.47,102.66,102.47,102.63,37807.38
2026-08-31 12:50:00,102.63,102.75,102.53,102.67,51884.03
2026-08-31 12:55:00,102.67,102.72,102.5,102.59,56095.33
2026-08-31 13:00:00,102.59,102.75,102.53,102.65,66591.47
2026-08-31 13:05:00,102.66,102.67,102.29,102.5,104257.23
2026-08-31 13:10:00,102.5,102.69,102.45,102.57,67542.72
2026-08-31 13:15:00,102.58,102.84,102.57,102.73,67536.93
2026-08-31 13:20:00,102.72,102.73,102.41,102.41,58705.62
2026-08-31 13:25:00,102.42,102.71,102.39,102.69,42214.16
2026-08-31 13:30:00,102.7,102.7,102.45,102.55,70223.06
2026-08-31 13:35:00,102.55,102.76,102.48,102.76,49982.38
2026-08-31 13:40:00,102.77,102.86,102.7,102.71,43088.35
2026-08-31 13:45:00,102.71,102.78,102.65,102.71,20995.76
2026-08-31 13:50:00,102.72,102.75,102.57,102.75,17543.95
2026-08-31 13:55:00,102.76,102.77,102.59,102.66,33665.68
2026-08-31 14:00:00,102.66,102.81,102.58,102.69,60341.08
2026-08-31 14:05:00,102.68,102.79,102.63,102.75,40149.64
2026-08-31 14:10:00,102.74,102.92,102.74,102.8,46349.44
2026-08-31 14:15:00,102.81,102.97,102.78,102.84,36907.47
2026-08-31 14:20:00,102.83,103.01,102.78,102.97,84652.2
2026-08-31 14:25:00,102.97,103.16,102.89,102.89,94412.51
2026-08-31 14:30:00,102.89,102.9,102.66,102.8,52196.88
2026-08-31 14:35:00,102.8,102.86,102.72,102.83,23092.68
2026-08-31 14:40:00,102.82,103.03,102.69,102.93,61899.3
2026-08-31 14:45:00,102.94,102.96,102.8,102.83,23519.82
2026-08-31 14:50:00,102.82,102.9,102.82,102.9,12967.01
2026-08-31 14:55:00,102.9,102.97,102.86,102.91,23896.0
2026-08-31 15:00:00,102.91,103.04,102.74,102.75,58609.95
2026-08-31 15:05:00,102.74,102.75,102.4,102.69,123710.11
2026-08-31 15:10:00,102.69,103.02,102.64,102.73,55576.26
2026-08-31 15:15:00,102.73,102.73,102.47,102.55,49116.92
2026-08-31 15:20:00,102.56,102.59,102.4,102.54,44538.95
2026-08-31 15:25:00,102.53,102.74,102.49,102.66,73949.3
2026-08-31 15:30:00,102.66,102.87,102.63,102.82,53311.34
2026-08-31 15:35:00,102.82,102.91,102.74,102.9,52639.0
2026-08-31 15:40:00,102.89,103.43,102.85,103.17,126702.31
2026-08-31 15:45:00,103.17,103.26,103.03,103.13,72127.01
2026-08-31 15:50:00,103.13,103.2,103.04,103.16,34686.07
2026-08-31 15:55:00,103.16,103.27,103.12,103.16,47702.39
2026-08-31 16:00:00,103.16,103.2,102.99,103.02,32196.56
2026-08-31 16:05:00,103.01,103.44,102.97,103.29,93944.96
2026-08-31 16:10:00,103.29,103.29,102.95,102.97,40253.54
2026-08-31 16:15:00,102.97,103.16,102.93,103.12,53256.8
2026-08-31 16:20:00,103.12,103.28,103.06,103.23,44865.88
2026-08-31 16:25:00,103.22,103.31,103.04,103.08,59089.27
2026-08-31 16:30:00,103.09,103.29,103.05,103.18,24073.33
2026-08-31 16:35:00,103.17,103.19,103.04,103.13,14575.54
2026-08-31 16:40:00,103.14,103.22,103.08,103.12,16734.24
2026-08-31 16:45:00,103.13,103.31,103.09,103.24,42989.77
2026-08-31 16:50:00,103.24,103.24,103.05,103.1,78175.14
2026-08-31 16:55:00,103.11,103.11,102.97,103.02,63468.31
2026-08-31 17:00:00,103.03,103.06,102.78,102.9,74340.96
2026-08-31 17:05:00,102.89,102.92,102.58,102.76,93045.23
2026-08-31 17:10:00,102.76,103.03,102.71,103.01,32165.8
2026-08-31 17:15:00,103.02,103.03,102.77,102.81,36867.66
2026-08-31 17:20:00,102.82,102.87,102.75,102.77,20701.44
2026-08-31 17:25:00,102.77,102.9,102.75,102.83,25748.5
2026-08-31 17:30:00,102.84,102.86,102.75,102.82,21049.31
2026-08-31 17:35:00,102.82,103.17,102.82,103.13,64568.89
2026-08-31 17:40:00,103.13,103.25,103.04,103.19,54834.14
2026-08-31 17:45:00,103.19,103.35,103.15,103.29,47096.78
2026-08-31 17:50:00,103.29,104.07,103.22,103.84,395451.14
2026-08-31 17:55:00,103.84,103.91,103.53,103.62,101104.39
2026-08-31 18:00:00,103.62,103.78,103.5,103.51,85983.7
2026-08-31 18:05:00,103.52,103.85,103.45,103.75,74097.07
2026-08-31 18:10:00,103.74,104.02,103.74,103.87,66763.25
2026-08-31 18:15:00,103.87,104.11,103.74,104.08,87953.28
2026-08-31 18:20:00,104.08,104.1,103.95,104.05,48870.32
2026-08-31 18:25:00,104.05,104.07,103.83,103.86,43924.25
2026-08-31 18:30:00,103.86,103.87,103.66,103.66,55882.97
2026-08-31 18:35:00,103.65,103.86,103.64,103.79,35817.62
2026-08-31 18:40:00,103.8,103.83,103.59,103.61,42031.73
2026-08-31 18:45:00,103.61,103.73,103.42,103.43,57347.41
2026-08-31 18:50:00,103.42,103.45,103.28,103.31,62512.38
2026-08-31 18:55:00,103.31,103.38,103.2,103.34,57315.83
2026-08-31 19:00:00,103.35,103.7,103.17,103.7,78129.55
2026-08-31 19:05:00,103.69,103.71,103.36,103.47,97274.61
2026-08-31 19:10:00,103.48,103.6,103.39,103.47,37562.81
2026-08-31 19:15:00,103.48,103.6,103.25,103.57,74875.91
2026-08-31 19:20:00,103.56,103.6,103.22,103.26,76619.04
2026-08-31 19:25:00,103.26,103.3,102.85,103.14,223554.91
2026-08-31 19:30:00,103.14,103.18,102.72,103.16,176206.64
2026-08-31 19:35:00,103.16,103.2,102.76,102.78,77953.93
2026-08-31 19:40:00,102.78,102.84,102.38,102.74,173715.44
2026-08-31 19:45:00,102.73,102.74,102.44,102.45,91554.54
2026-08-31 19:50:00,102.45,102.7,102.45,102.56,55455.3
2026-08-31 19:55:00,102.56,102.74,102.48,102.71,50980.33
2026-08-31 20:00:00,102.72,103.03,102.71,102.78,93029.55
2026-08-31 20:05:00,102.79,102.91,102.73,102.81,46741.34
2026-08-31 20:10:00,102.81,102.85,102.73,102.79,27459.06
2026-08-31 20:15:00,102.79,102.93,102.57,102.63,62795.06
2026-08-31 20:20:00,102.63,102.84,102.6,102.7,43466.86
2026-08-31 20:25:00,102.7,102.77,102.53,102.68,111183.46
2026-08-31 20:30:00,102.68,103.01,102.48,102.69,161748.69
2026-08-31 20:35:00,102.68,102.84,102.32,102.75,99869.88
2026-08-31 20:40:00,102.75,102.89,102.48,102.48,60852.95
2026-08-31 20:45:00,102.49,102.63,102.06,102.41,162062.54
2026-08-31 20:50:00,102.4,102.48,102.11,102.34,98076.84
2026-08-31 20:55:00,102.34,102.56,102.26,102.32,57604.7
2026-08-31 21:00:00,102.32,102.67,102.28,102.52,67158.59
2026-08-31 21:05:00,102.51,102.66,102.2,102.55,61297.8
2026-08-31 21:10:00,102.54,102.62,102.29,102.38,53576.1
2026-08-31 21:15:00,102.37,102.64,102.23,102.63,54053.96
2026-08-31 21:20:00,102.63,102.74,102.25,102.26,65534.08
2026-08-31 21:25:00,102.26,102.55,102.14,102.54,55168.39
2026-08-31 21:30:00,102.55,102.71,102.29,102.3,79198.95
2026-08-31 21:35:00,102.31,102.87,102.31,102.74,91551.08
2026-08-31 21:40:00,102.74,103.62,102.73,103.41,299903.53
2026-08-31 21:45:00,103.41,103.89,103.33,103.44,216175.72
2026-08-31 21:50:00,103.44,103.47,103.12,103.32,114061.52
2026-08-31 21:55:00,103.31,103.66,103.18,103.45,103500.94
2026-08-31 22:00:00,103.46,103.61,103.3,103.37,88777.29
2026-08-31 22:05:00,103.37,103.53,103.27,103.38,58656.34
2026-08-31 22:10:00,103.39,103.39,102.87,102.89,116626.69
2026-08-31 22:15:00,102.88,103.11,102.74,102.87,88997.25
2026-08-31 22:20:00,102.88,103.2,102.8,103.09,65207.1
2026-08-31 22:25:00,103.1,103.36,102.93,103.21,58773.57
2026-08-31 22:30:00,103.2,103.32,103.04,103.05,54273.37
2026-08-31 22:35:00,103.05,103.15,102.93,103.04,48803.16
2026-08-31 22:40:00,103.04,103.45,102.98,103.35,71893.23
2026-08-31 22:45:00,103.34,103.45,103.01,103.07,55075.69
2026-08-31 22:50:00,103.07,103.1,102.76,102.9,44165.6
2026-08-31 22:55:00,102.9,102.94,102.71,102.81,65636.31
2026-08-31 23:00:00,102.82,103.02,102.64,102.84,61477.62
2026-08-31 23:05:00,102.83,102.94,102.59,102.64,55825.21
2026-08-31 23:10:00,102.64,102.94,102.51,102.57,87351.29
2026-08-31 23:15:00,102.58,102.83,102.38,102.74,85529.98
2026-08-31 23:20:00,102.75,102.75,102.42,102.43,48585.84
2026-08-31 23:25:00,102.44,102.59,102.39,102.58,74839.23
2026-08-31 23:30:00,102.58,102.75,102.41,102.53,87646.39
2026-08-31 23:35:00,102.54,102.77,102.53,102.64,35905.15
2026-08-31 23:40:00,102.64,102.96,102.6,102.94,46024.97
2026-08-31 23:45:00,102.93,103.06,102.77,102.94,67682.29
2026-08-31 23:50:00,102.93,102.97,102.81,102.91,26122.52
2026-08-31 23:55:00,102.91,103.28,102.75,102.77,88962.07
2026-09-01 00:00:00,102.77,102.94,102.73,102.79,35674.06
2026-09-01 00:05:00,102.8,102.89,102.76,102.85,14926.28
2026-09-01 00:10:00,102.86,103.16,102.85,103.01,46384.01
2026-09-01 00:15:00,103.01,103.03,102.69,102.87,53367.5
2026-09-01 00:20:00,102.88,103.01,102.8,102.83,52920.97
2026-09-01 00:25:00,102.83,102.85,102.58,102.7,50141.19
2026-09-01 00:30:00,102.7,103.04,102.7,102.91,41714.39
2026-09-01 00:35:00,102.92,103.28,102.83,103.28,75498.41
2026-09-01 00:40:00,103.29,103.6,103.27,103.48,113718.33
2026-09-01 00:45:00,103.47,103.75,103.47,103.6,95257.92
2026-09-01 00:50:00,103.61,103.76,103.57,103.7,64458.66
2026-09-01 00:55:00,103.7,103.72,103.57,103.58,34744.34
2026-09-01 01:00:00,103.58,103.62,103.33,103.4,65572.25
2026-09-01 01:05:00,103.41,103.54,103.37,103.54,27885.89
2026-09-01 01:10:00,103.53,103.66,103.44,103.65,23134.67
2026-09-01 01:15:00,103.65,104.06,103.65,104.0,142282.89
2026-09-01 01:20:00,104.0,104.01,103.57,103.58,74082.51
2026-09-01 01:25:00,103.57,103.82,103.52,103.73,59483.05
2026-09-01 01:30:00,103.73,103.9,103.66,103.88,34471.03
2026-09-01 01:35:00,103.89,104.57,103.86,104.45,253143.72
2026-09-01 01:40:00,104.45,104.98,104.36,104.91,211941.73
2026-09-01 01:45:00,104.92,104.94,104.33,104.39,163053.23
2026-09-01 01:50:00,104.39,104.46,104.22,104.31,45319.4
2026-09-01 01:55:00,104.3,104.71,104.26,104.42,87664.87
2026-09-01 02:00:00,104.42,104.72,104.39,104.45,77636.01
2026-09-01 02:05:00,104.46,104.66,104.44,104.54,58196.13
2026-09-01 02:10:00,104.54,104.63,104.38,104.43,31238.02
2026-09-01 02:15:00,104.43,104.44,104.03,104.04,62298.25
2026-09-01 02:20:00,104.03,104.14,103.88,104.1,94945.7
2026-09-01 02:25:00,104.1,104.1,103.9,104.06,22769.16
2026-09-01 02:30:00,104.07,104.07,103.8,103.96,59275.95
2026-09-01 02:35:00,103.96,104.03,103.8,103.87,61111.14
2026-09-01 02:40:00,103.87,103.87,103.6,103.64,88506.96
2026-09-01 02:45:00,103.64,103.78,103.59,103.78,37411.39
2026-09-01 02:50:00,103.78,103.84,103.58,103.63,77189.61
2026-09-01 02:55:00,103.62,103.72,103.5,103.56,68484.08
2026-09-01 03:00:00,103.56,103.78,103.5,103.72,48513.8
2026-09-01 03:05:00,103.71,103.72,103.6,103.66,27323.35
2026-09-01 03:10:00,103.66,103.76,103.61,103.75,13371.07
2026-09-01 03:15:00,103.76,104.16,103.74,104.1,61251.13
2026-09-01 03:20:00,104.1,104.24,104.05,104.18,49561.95
2026-09-01 03:25:00,104.18,104.18,103.93,103.96,57026.96
2026-09-01 03:30:00,103.97,104.07,103.73,103.74,36592.81
2026-09-01 03:35:00,103.75,103.77,103.52,103.54,54463.8
2026-09-01 03:40:00,103.54,103.76,103.54,103.69,48979.66
2026-09-01 03:45:00,103.69,103.82,103.56,103.56,34518.24
2026-09-01 03:50:00,103.56,103.74,103.48,103.74,48287.97
2026-09-01 03:55:00,103.74,103.78,103.54,103.7,36683.68
2026-09-01 04:00:00,103.69,103.73,103.24,103.47,100298.91
2026-09-01 04:05:00,103.48,103.59,103.26,103.56,60146.56
2026-09-01 04:10:00,103.57,103.57,103.31,103.39,57037.77
2026-09-01 04:15:00,103.38,103.4,103.21,103.22,26297.48
2026-09-01 04:20:00,103.22,103.43,103.17,103.33,50496.4
2026-09-01 04:25:00,103.33,103.61,103.23,103.61,41004.54
2026-09-01 04:30:00,103.61,103.84,103.59,103.73,59227.9
2026-09-01 04:35:00,103.74,103.86,103.68,103.75,32576.89
2026-09-01 04:40:00,103.75,103.88,103.73,103.78,18080.07
2026-09-01 04:45:00,103.78,103.94,103.77,103.84,26503.9
2026-09-01 04:50:00,103.85,103.88,103.53,103.58,36914.13
2026-09-01 04:55:00,103.58,103.65,103.57,103.62,18316.39
2026-09-01 05:00:00,103.62,103.74,103.32,103.4,83785.28
2026-09-01 05:05:00,103.4,103.53,103.4,103.47,34224.78
2026-09-01 05:10:00,103.47,103.52,103.35,103.36,20136.29
2026-09-01 05:15:00,103.36,103.4,103.26,103.27,26934.45
2026-09-01 05:20:00,103.28,103.31,103.22,103.26,27764.46
2026-09-01 05:25:00,103.26,103.33,103.24,103.29,14661.58
2026-09-01 05:30:00,103.3,103.34,103.25,103.31,22323.11
2026-09-01 05:35:00,103.31,103.32,103.21,103.28,15090.18
2026-09-01 05:40:00,103.28,103.29,103.15,103.23,55426.28
2026-09-01 05:45:00,103.23,103.24,103.06,103.07,41843.62
2026-09-01 05:50:00,103.07,103.22,103.07,103.21,26547.69
2026-09-01 05:55:00,103.21,103.25,103.14,103.15,20902.53
2026-09-01 06:00:00,103.14,103.16,102.82,102.88,93000.56
2026-09-01 06:05:00,102.87,103.12,102.87,103.12,24945.63
2026-09-01 06:10:00,103.12,103.12,102.95,102.99,27680.82
2026-09-01 06:15:00,103.0,103.1,102.97,103.1,30433.26
2026-09-01 06:20:00,103.11,103.13,103.01,103.04,17815.87
2026-09-01 06:25:00,103.04,103.15,103.0,103.14,40957.78
2026-09-01 06:30:00,103.15,103.15,102.99,103.03,18369.28
2026-09-01 06:35:00,103.03,103.05,102.95,103.02,14271.34
2026-09-01 06:40:00,103.02,103.06,102.93,102.93,19592.11
2026-09-01 06:45:00,102.93,102.98,102.87,102.95,24976.81
2026-09-01 06:50:00,102.95,103.0,102.94,102.96,14645.75
2026-09-01 06:55:00,102.96,103.0,102.94,103.0,16806.67
2026-09-01 07:00:00,102.99,103.04,102.9,103.03,28031.98
2026-09-01 07:05:00,103.03,103.15,103.02,103.14,33631.94
2026-09-01 07:10:00,103.14,103.22,103.1,103.17,36545.42
2026-09-01 07:15:00,103.17,103.4,103.17,103.33,46406.93
2026-09-01 07:20:00,103.34,103.45,103.32,103.42,50094.0
2026-09-01 07:25:00,103.43,103.49,103.32,103.35,38482.62
2026-09-01 07:30:00,103.36,103.43,103.22,103.35,54110.12
2026-09-01 07:35:00,103.35,103.44,103.25,103.26,40186.23
2026-09-01 07:40:00,103.25,103.28,103.15,103.23,30439.87
2026-09-01 07:45:00,103.24,103.44,103.21,103.43,19392.93
2026-09-01 07:50:00,103.44,103.44,103.13,103.13,29197.13
2026-09-01 07:55:00,103.13,103.16,102.97,103.14,48836.7
2026-09-01 08:00:00,103.14,103.23,103.02,103.22,42665.42
2026-09-01 08:05:00,103.21,103.48,103.18,103.24,54658.48
2026-09-01 08:10:00,103.24,103.25,102.93,102.97,30849.17
2026-09-01 08:15:00,102.97,103.16,102.9,103.14,61318.38
2026-09-01 08:20:00,103.14,103.15,103.01,103.03,23317.28
2026-09-01 08:25:00,103.03,103.03,102.66,102.91,55801.17
2026-09-01 08:30:00,102.9,103.05,102.77,103.04,49818.92
2026-09-01 08:35:00,103.04,103.23,103.03,103.17,47299.61
2026-09-01 08:40:00,103.17,103.42,103.16,103.35,42572.3
2026-09-01 08:45:00,103.34,103.44,103.26,103.34,19416.4
2026-09-01 08:50:00,103.33,103.39,103.18,103.19,24529.79
2026-09-01 08:55:00,103.19,103.23,103.08,103.19,25589.72
2026-09-01 09:00:00,103.19,103.19,102.92,103.11,50724.3
2026-09-01 09:05:00,103.11,103.16,102.96,103.02,31471.88
2026-09-01 09:10:00,103.03,103.06,102.75,103.03,72579.94
2026-09-01 09:15:00,103.03,103.05,102.9,103.02,23986.85
2026-09-01 09:20:00,103.02,103.15,102.97,103.15,21265.67
2026-09-01 09:25:00,103.15,103.25,103.03,103.04,56248.56
2026-09-01 09:30:00,103.04,103.25,103.04,103.1,32459.27
2026-09-01 09:35:00,103.1,103.13,103.02,103.04,28543.2
2026-09-01 09:40:00,103.05,103.13,103.0,103.01,25904.69
2026-09-01 09:45:00,103.02,103.32,103.01,103.26,31054.22
2026-09-01 09:50:00,103.26,103.32,103.24,103.31,15740.95
2026-09-01 09:55:00,103.3,103.4,103.26,103.34,35656.77
2026-09-01 10:00:00,103.34,103.35,103.22,103.31,13560.81
2026-09-01 10:05:00,103.31,103.39,103.22,103.31,13331.29
2026-09-01 10:10:00,103.31,103.37,103.23,103.36,39163.04
2026-09-01 10:15:00,103.36,103.51,103.32,103.51,27338.58
2026-09-01 10:20:00,103.51,103.52,103.36,103.36,23739.11
2026-09-01 10:25:00,103.36,103.47,103.26,103.46,37971.94
2026-09-01 10:30:00,103.46,103.88,103.42,103.88,75511.5
2026-09-01 10:35:00,103.87,104.14,103.83,104.0,138568.64
2026-09-01 10:40:00,104.0,104.01,103.86,103.86,62202.48
2026-09-01 10:45:00,103.86,103.87,103.62,103.67,57109.01
2026-09-01 10:50:00,103.68,103.69,103.57,103.62,19574.17
2026-09-01 10:55:00,103.62,103.64,103.56,103.59,20530.45
2026-09-01 11:00:00,103.59,103.71,103.58,103.58,43224.99
2026-09-01 11:05:00,103.58,103.72,103.51,103.71,32866.31
2026-09-01 11:10:00,103.72,103.75,103.59,103.67,21176.97
2026-09-01 11:15:00,103.67,103.88,103.67,103.8,28156.23
2026-09-01 11:20:00,103.8,103.95,103.78,103.89,51573.56
2026-09-01 11:25:00,103.9,104.03,103.78,103.79,74033.51
2026-09-01 11:30:00,103.79,103.88,103.74,103.78,43464.25
2026-09-01 11:35:00,103.78,103.82,103.71,103.71,17733.19
2026-09-01 11:40:00,103.71,103.85,103.69,103.77,20939.33
2026-09-01 11:45:00,103.76,103.77,103.65,103.74,29201.53
2026-09-01 11:50:00,103.73,103.75,103.57,103.6,48975.24
2026-09-01 11:55:00,103.6,103.64,103.46,103.56,47139.23
2026-09-01 12:00:00,103.57,103.91,103.52,103.91,29671.3
2026-09-01 12:05:00,103.91,104.04,103.86,103.97,60234.5
2026-09-01 12:10:00,103.97,103.99,103.74,103.77,62196.83
2026-09-01 12:15:00,103.78,103.92,103.77,103.78,32649.36
2026-09-01 12:20:00,103.78,103.79,103.7,103.75,17877.97
2026-09-01 12:25:00,103.75,103.94,103.74,103.91,22818.76
2026-09-01 12:30:00,103.91,104.16,103.89,104.12,149061.33
2026-09-01 12:35:00,104.12,104.14,103.97,104.01,96165.0
2026-09-01 12:40:00,104.02,104.23,103.86,104.22,75197.26
2026-09-01 12:45:00,104.23,104.35,104.12,104.28,65055.52
2026-09-01 12:50:00,104.29,104.29,104.13,104.24,46586.15
2026-09-01 12:55:00,104.24,104.3,104.15,104.24,33334.65
2026-09-01 13:00:00,104.25,104.25,104.11,104.21,34016.24
2026-09-01 13:05:00,104.2,104.22,103.97,104.0,59402.54
2026-09-01 13:10:00,103.99,104.11,103.92,104.09,45794.64
2026-09-01 13:15:00,104.09,104.1,103.83,103.86,47829.64
2026-09-01 13:20:00,103.87,103.92,103.67,103.71,45665.5
2026-09-01 13:25:00,103.72,103.97,103.68,103.87,49690.3
2026-09-01 13:30:00,103.87,104.02,103.84,103.97,36681.93
2026-09-01 13:35:00,103.96,103.99,103.77,103.88,31336.68
2026-09-01 13:40:00,103.89,103.91,103.76,103.78,28759.09
2026-09-01 13:45:00,103.79,103.79,103.63,103.67,44907.71
2026-09-01 13:50:00,103.67,103.72,103.55,103.56,51783.09
2026-09-01 13:55:00,103.57,103.57,103.29,103.32,75719.47
2026-09-01 14:00:00,103.32,103.51,103.27,103.43,89635.49
2026-09-01 14:05:00,103.42,103.52,103.34,103.42,35381.86
2026-09-01 14:10:00,103.41,103.43,103.25,103.29,52905.08
2026-09-01 14:15:00,103.3,103.41,103.26,103.37,43033.76
2026-09-01 14:20:00,103.36,103.51,103.26,103.43,98203.23
2026-09-01 14:25:00,103.42,103.46,103.17,103.26,80830.95
2026-09-01 14:30:00,103.27,103.29,103.17,103.19,42073.36
2026-09-01 14:35:00,103.19,103.21,102.74,102.86,199385.27
2026-09-01 14:40:00,102.85,103.0,102.81,102.99,87195.53
2026-09-01 14:45:00,103.0,103.15,102.91,103.11,86003.34
2026-09-01 14:50:00,103.11,103.19,103.0,103.04,40826.77
2026-09-01 14:55:00,103.04,103.12,103.02,103.09,27502.35
2026-09-01 15:00:00,103.1,103.14,102.98,103.07,48676.68
2026-09-01 15:05:00,103.07,103.16,102.53,102.6,147469.21
2026-09-01 15:10:00,102.6,102.69,102.5,102.57,105358.35
2026-09-01 15:15:00,102.58,102.72,102.33,102.58,111074.68
2026-09-01 15:20:00,102.59,102.7,102.42,102.45,52908.44
2026-09-01 15:25:00,102.44,102.5,102.03,102.05,211654.56
2026-09-01 15:30:00,102.05,102.22,101.85,102.2,193327.01
2026-09-01 15:35:00,102.2,102.5,102.15,102.19,114653.44
2026-09-01 15:40:00,102.19,102.19,101.63,102.1,315139.67
2026-09-01 15:45:00,102.11,102.29,101.92,102.01,150127.36
2026-09-01 15:50:00,102.02,102.18,101.92,102.06,86354.68
2026-09-01 15:55:00,102.07,102.2,101.97,102.03,66461.47
2026-09-01 16:00:00,102.03,102.15,101.87,102.09,49496.27
2026-09-01 16:05:00,102.08,102.11,101.83,102.01,69391.51
2026-09-01 16:10:00,102.01,102.09,101.87,101.87,43326.37
2026-09-01 16:15:00,101.87,101.95,101.77,101.88,73497.41
2026-09-01 16:20:00,101.88,102.23,101.86,102.19,75356.78
2026-09-01 16:25:00,102.19,102.23,102.05,102.05,69624.59
2026-09-01 16:30:00,102.06,102.18,102.02,102.18,42492.88
2026-09-01 16:35:00,102.18,102.2,102.03,102.07,34369.03
2026-09-01 16:40:00,102.06,102.19,102.06,102.15,61677.91
2026-09-01 16:45:00,102.15,102.16,101.98,101.98,54137.13
2026-09-01 16:50:00,101.98,102.08,101.98,101.98,29352.04
2026-09-01 16:55:00,101.99,102.07,101.9,101.9,28576.37
2026-09-01 17:00:00,101.91,102.09,101.9,101.91,26940.33
2026-09-01 17:05:00,101.92,102.03,101.91,101.98,62463.42
2026-09-01 17:10:00,101.97,102.2,101.91,102.05,48467.26
2026-09-01 17:15:00,102.05,102.13,101.87,102.11,63431.66
2026-09-01 17:20:00,102.12,102.43,102.1,102.43,75896.98
2026-09-01 17:25:00,102.42,102.45,102.22,102.3,42631.54
2026-09-01 17:30:00,102.29,102.59,102.29,102.49,87152.11
2026-09-01 17:35:00,102.49,102.68,102.42,102.68,63721.3
2026-09-01 17:40:00,102.67,102.68,102.43,102.5,92974.95
2026-09-01 17:45:00,102.51,102.63,102.44,102.44,31612.65
2026-09-01 17:50:00,102.44,102.52,102.15,102.25,82189.38
2026-09-01 17:55:00,102.25,102.34,102.19,102.31,30908.39
2026-09-01 18:00:00,102.31,102.36,102.17,102.33,46574.14
2026-09-01 18:05:00,102.32,102.33,102.14,102.23,33367.48
2026-09-01 18:10:00,102.24,102.27,102.17,102.21,18753.14
2026-09-01 18:15:00,102.22,102.3,102.21,102.26,15606.74
2026-09-01 18:20:00,102.26,102.32,102.01,102.17,63122.28
2026-09-01 18:25:00,102.17,102.23,102.05,102.16,25571.77
2026-09-01 18:30:00,102.17,102.31,102.06,102.28,32158.08
2026-09-01 18:35:00,102.28,102.42,102.27,102.42,46062.81
2026-09-01 18:40:00,102.42,102.59,102.37,102.41,106756.5
2026-09-01 18:45:00,102.4,102.48,102.13,102.23,92270.92
2026-09-01 18:50:00,102.23,102.46,102.21,102.34,59468.12
2026-09-01 18:55:00,102.33,102.37,102.05,102.22,88566.38
2026-09-01 19:00:00,102.22,102.26,102.03,102.25,43818.95
2026-09-01 19:05:00,102.25,102.44,102.15,102.24,56212.8
2026-09-01 19:10:00,102.23,102.3,102.09,102.17,18227.73
2026-09-01 19:15:00,102.17,102.35,102.14,102.15,26171.95
2026-09-01 19:20:00,102.16,102.25,102.09,102.18,19126.26
2026-09-01 19:25:00,102.17,102.33,102.17,102.25,18479.77
2026-09-01 19:30:00,102.24,102.25,102.02,102.04,32694.08
2026-09-01 19:35:00,102.04,102.04,101.35,101.55,294290.35
2026-09-01 19:40:00,101.55,101.93,101.39,101.92,107091.69
2026-09-01 19:45:00,101.92,102.22,101.86,102.02,66660.83
2026-09-01 19:50:00,102.01,102.05,101.89,101.98,56949.07
2026-09-01 19:55:00,101.98,102.04,101.84,101.86,46345.86
2026-09-01 20:00:00,101.87,101.91,101.51,101.57,74405.33
2026-09-01 20:05:00,101.57,101.94,101.2,101.75,193666.29
2026-09-01 20:10:00,101.74,101.94,101.71,101.79,61548.95
2026-09-01 20:15:00,101.8,101.93,101.66,101.79,57666.65
2026-09-01 20:20:00,101.8,101.82,101.71,101.74,20362.37
2026-09-01 20:25:00,101.74,101.86,101.65,101.8,34582.04
2026-09-01 20:30:00,101.8,102.15,101.78,101.91,81140.9
2026-09-01 20:35:00,101.91,101.97,101.51,101.58,111298.67
2026-09-01 20:40:00,101.59,101.92,101.28,101.81,130417.84
2026-09-01 20:45:00,101.81,102.25,101.79,102.16,148661.99
2026-09-01 20:50:00,102.16,102.44,101.84,101.91,144198.1
2026-09-01 20:55:00,101.91,101.94,101.71,101.89,55005.9
2026-09-01 21:00:00,101.9,102.2,101.8,102.07,80573.48
2026-09-01 21:05:00,102.06,102.55,101.97,102.44,187856.0
2026-09-01 21:10:00,102.43,102.49,102.18,102.19,162916.6
2026-09-01 21:15:00,102.2,102.48,102.08,102.16,78170.73
2026-09-01 21:20:00,102.16,102.3,102.09,102.24,51036.05
2026-09-01 21:25:00,102.24,102.52,102.13,102.14,52010.94
2026-09-01 21:30:00,102.14,102.36,102.08,102.33,44579.17
2026-09-01 21:35:00,102.32,102.38,102.2,102.25,31991.93
2026-09-01 21:40:00,102.25,102.36,102.16,102.35,65036.9
2026-09-01 21:45:00,102.36,102.45,102.21,102.22,102342.09
2026-09-01 21:50:00,102.22,102.29,102.01,102.14,40094.12
2026-09-01 21:55:00,102.13,102.13,101.83,101.96,82337.74
2026-09-01 22:00:00,101.95,101.96,101.29,101.33,223927.66
2026-09-01 22:05:00,101.33,101.43,100.92,101.21,329808.31
2026-09-01 22:10:00,101.21,101.43,101.09,101.38,115601.36
2026-09-01 22:15:00,101.37,101.52,101.26,101.37,103529.9
2026-09-01 22:20:00,101.37,101.58,101.36,101.57,47399.66
2026-09-01 22:25:00,101.58,101.79,101.53,101.78,57380.64
2026-09-01 22:30:00,101.77,102.09,101.63,102.0,102669.91
2026-09-01 22:35:00,102.01,102.07,101.9,101.94,47996.76
2026-09-01 22:40:00,101.93,102.19,101.92,102.18,44280.21
2026-09-01 22:45:00,102.19,102.23,102.07,102.22,41327.06
2026-09-01 22:50:00,102.23,102.3,102.05,102.07,40934.18
2026-09-01 22:55:00,102.07,102.12,101.96,101.98,32636.38
2026-09-01 23:00:00,101.98,102.01,101.67,101.82,129528.88
2026-09-01 23:05:00,101.83,101.96,101.61,101.64,45325.88
2026-09-01 23:10:00,101.64,101.72,101.35,101.4,84412.6
2026-09-01 23:15:00,101.4,101.56,101.23,101.27,94714.81
2026-09-01 23:20:00,101.27,101.3,101.06,101.12,137849.69
2026-09-01 23:25:00,101.12,101.42,101.08,101.3,89804.85
2026-09-01 23:30:00,101.3,101.31,101.03,101.04,62661.64
2026-09-01 23:35:00,101.04,101.2,100.5,101.15,310020.19
2026-09-01 23:40:00,101.16,101.16,100.67,100.77,91315.32
2026-09-01 23:45:00,100.77,101.05,100.76,100.99,72776.48
2026-09-01 23:50:00,100.98,101.09,100.97,101.06,44130.14
2026-09-01 23:55:00,101.07,101.08,100.82,100.87,60984.23
2026-09-02 00:00:00,100.87,101.06,100.81,100.86,68202.29
2026-09-02 00:05:00,100.86,100.94,100.75,100.83,39151.46
2026-09-02 00:10:00,100.83,100.88,100.72,100.72,38002.85
2026-09-02 00:15:00,100.72,100.93,100.46,100.91,96135.04
2026-09-02 00:20:00,100.9,101.12,100.9,101.06,76722.13
2026-09-02 00:25:00,101.05,101.07,100.8,100.98,39213.22
2026-09-02 00:30:00,100.98,101.18,100.94,101.1,48684.79
2026-09-02 00:35:00,101.1,101.15,100.97,101.05,23291.08
2026-09-02 00:40:00,101.04,101.16,100.87,100.89,67863.1
2026-09-02 00:45:00,100.89,101.01,100.61,100.85,118112.69
2026-09-02 00:50:00,100.85,100.89,100.36,100.45,132890.18
2026-09-02 00:55:00,100.46,100.65,100.44,100.55,128041.07
2026-09-02 01:00:00,100.55,100.66,100.47,100.5,110904.68
2026-09-02 01:05:00,100.5,100.53,100.22,100.32,193389.54
2026-09-02 01:10:00,100.32,100.49,99.7,100.0,496904.72
2026-09-02 01:15:00,100.0,100.08,99.51,99.73,297903.19
2026-09-02 01:20:00,99.73,99.96,99.73,99.84,121363.1
2026-09-02 01:25:00,99.85,99.85,99.02,99.44,413040.77
2026-09-02 01:30:00,99.44,99.51,99.06,99.2,218211.13
2026-09-02 01:35:00,99.19,99.25,98.36,98.63,559546.3
2026-09-02 01:40:00,98.64,98.83,98.54,98.56,207725.78
2026-09-02 01:45:00,98.55,98.98,98.26,98.96,253096.46
2026-09-02 01:50:00,98.96,99.55,98.95,99.35,346365.58
2026-09-02 01:55:00,99.35,99.58,99.28,99.55,118236.76
2026-09-02 02:00:00,99.56,99.93,99.47,99.92,162507.65
2026-09-02 02:05:00,99.93,99.95,99.54,99.64,98847.05
2026-09-02 02:10:00,99.64,99.85,99.64,99.76,37251.03
2026-09-02 02:15:00,99.76,99.97,99.62,99.84,90224.55
2026-09-02 02:20:00,99.85,100.26,99.8,99.9,171043.08
2026-09-02 02:25:00,99.91,100.29,99.87,100.09,116591.09
2026-09-02 02:30:00,100.09,100.15,99.85,99.89,85471.82
2026-09-02 02:35:00,99.89,100.0,99.74,99.77,56608.82
2026-09-02 02:40:00,99.76,99.94,99.76,99.88,65941.86
2026-09-02 02:45:00,99.87,99.93,99.74,99.89,52268.73
2026-09-02 02:50:00,99.88,99.92,99.79,99.89,41061.13
2026-09-02 02:55:00,99.88,100.07,99.88,100.02,87561.77
2026-09-02 03:00:00,100.03,100.1,99.72,99.88,66961.2
2026-09-02 03:05:00,99.89,100.06,99.8,99.88,23247.94
2026-09-02 03:10:00,99.88,100.1,99.88,100.09,52945.29
2026-09-02 03:15:00,100.09,100.22,100.01,100.2,60721.2
2026-09-02 03:20:00,100.2,100.29,100.0,100.02,48282.92
2026-09-02 03:25:00,100.02,100.03,99.82,100.03,61998.93
2026-09-02 03:30:00,100.03,100.07,99.95,100.0,20554.57
2026-09-02 03:35:00,100.01,100.13,99.89,99.99,50168.43
2026-09-02 03:40:00,99.99,100.0,99.76,99.78,27218.89
2026-09-02 03:45:00,99.78,99.81,99.61,99.61,41475.8
2026-09-02 03:50:00,99.61,100.0,99.59,100.0,62981.58
2026-09-02 03:55:00,99.99,100.12,99.95,100.05,37646.45
2026-09-02 04:00:00,100.06,100.17,99.85,99.9,72490.73
2026-09-02 04:05:00,99.9,99.91,99.63,99.63,61412.84
2026-09-02 04:10:00,99.63,99.64,99.13,99.2,132398.22
2026-09-02 04:15:00,99.2,99.3,98.83,99.22,181545.62
2026-09-02 04:20:00,99.22,99.57,99.22,99.54,79738.22
2026-09-02 04:25:00,99.54,99.65,99.36,99.42,45888.08
2026-09-02 04:30:00,99.43,99.49,99.1,99.17,75656.78
2026-09-02 04:35:00,99.17,99.35,99.12,99.35,31415.62
2026-09-02 04:40:00,99.35,99.41,99.26,99.32,31444.48
2026-09-02 04:45:00,99.33,99.51,99.32,99.43,24082.53
2026-09-02 04:50:00,99.44,99.66,99.43,99.57,33789.65
2026-09-02 04:55:00,99.57,99.69,99.48,99.54,23888.96
2026-09-02 05:00:00,99.55,99.89,99.48,99.75,90401.47
2026-09-02 05:05:00,99.75,99.75,99.53,99.71,25160.01
2026-09-02 05:10:00,99.72,99.79,99.68,99.73,25147.62
2026-09-02 05:15:00,99.73,99.73,99.56,99.69,31180.69
2026-09-02 05:20:00,99.69,99.69,99.34,99.52,45794.04
2026-09-02 05:25:00,99.51,99.56,99.35,99.36,21393.71
2026-09-02 05:30:00,99.36,99.5,99.29,99.43,54768.2
2026-09-02 05:35:00,99.43,99.59,99.42,99.44,45282.58
2026-09-02 05:40:00,99.44,99.52,99.36,99.49,42572.83
2026-09-02 05:45:00,99.5,99.79,99.49,99.77,32900.72
2026-09-02 05:50:00,99.77,99.87,99.6,99.61,46680.94
2026-09-02 05:55:00,99.62,99.67,99.57,99.64,30854.43
2026-09-02 06:00:00,99.63,99.73,99.55,99.64,59339.52
2026-09-02 06:05:00,99.64,99.84,99.62,99.82,23806.26
2026-09-02 06:10:00,99.82,99.82,99.63,99.68,16501.17
2026-09-02 06:15:00,99.67,99.78,99.67,99.78,17009.0
2026-09-02 06:20:00,99.77,99.8,99.68,99.78,12759.27
2026-09-02 06:25:00,99.79,99.96,99.72,99.88,41235.65
2026-09-02 06:30:00,99.88,100.04,99.84,99.95,37981.52
2026-09-02 06:35:00,99.95,100.15,99.92,100.08,53050.43
2026-09-02 06:40:00,100.07,100.17,100.05,100.09,42465.96
2026-09-02 06:45:00,100.09,100.21,100.0,100.17,33134.31
2026-09-02 06:50:00,100.16,100.18,99.99,99.99,47862.18
2026-09-02 06:55:00,99.99,100.0,99.92,99.93,11758.53
2026-09-02 07:00:00,99.93,100.06,99.88,99.96,40675.0
2026-09-02 07:05:00,99.97,100.05,99.93,100.03,17116.71
2026-09-02 07:10:00,100.03,100.04,99.94,100.01,31529.51
2026-09-02 07:15:00,100.02,100.19,100.01,100.02,27579.92
2026-09-02 07:20:00,100.02,100.1,99.85,99.94,33878.21
2026-09-02 07:25:00,99.95,99.95,99.67,99.72,64312.27
2026-09-02 07:30:00,99.72,99.88,99.62,99.74,40387.56
2026-09-02 07:35:00,99.74,99.85,99.61,99.69,32328.19
2026-09-02 07:40:00,99.69,99.75,99.55,99.66,50517.34
2026-09-02 07:45:00,99.66,99.76,99.66,99.73,31086.68
2026-09-02 07:50:00,99.72,99.72,99.61,99.62,17506.55
2026-09-02 07:55:00,99.62,99.77,99.6,99.6,17927.61
2026-09-02 08:00:00,99.6,99.7,99.57,99.58,18667.02
2026-09-02 08:05:00,99.59,99.66,99.51,99.64,31953.76
2026-09-02 08:10:00,99.65,99.84,99.63,99.76,42717.51
2026-09-02 08:15:00,99.75,99.8,99.59,99.74,34562.9
2026-09-02 08:20:00,99.74,99.91,99.67,99.89,26802.9
2026-09-02 08:25:00,99.88,99.89,99.47,99.48,40129.48
2026-09-02 08:30:00,99.47,99.7,99.42,99.49,70241.1
2026-09-02 08:35:00,99.49,99.49,99.1,99.14,102418.92
2026-09-02 08:40:00,99.14,99.22,98.91,98.96,99592.94
2026-09-02 08:45:00,98.96,99.03,98.62,98.65,195883.21
2026-09-02 08:50:00,98.65,98.84,98.45,98.79,136368.73
2026-09-02 08:55:00,98.79,99.14,98.74,99.05,62889.94
2026-09-02 09:00:00,99.05,99.09,98.73,98.79,68059.31
2026-09-02 09:05:00,98.78,99.33,98.71,98.88,120569.66
2026-09-02 09:10:00,98.88,99.25,98.84,99.01,103687.51
2026-09-02 09:15:00,99.01,99.24,98.99,99.15,54486.62
2026-09-02 09:20:00,99.16,99.42,99.16,99.38,46523.87
2026-09-02 09:25:00,99.39,99.57,99.28,99.56,61344.91
2026-09-02 09:30:00,99.56,99.68,99.32,99.68,99059.11
2026-09-02 09:35:00,99.68,99.77,99.56,99.7,150734.98
2026-09-02 09:40:00,99.7,99.81,99.55,99.81,78478.39
2026-09-02 09:45:00,99.81,99.84,99.73,99.78,25181.87
2026-09-02 09:50:00,99.77,99.88,99.69,99.82,44602.43
2026-09-02 09:55:00,99.81,99.88,99.79,99.87,19953.67
2026-09-02 10:00:00,99.88,100.05,99.78,100.04,59632.79
2026-09-02 10:05:00,100.03,100.07,99.93,99.97,30682.17
2026-09-02 10:10:00,99.97,100.49,99.97,100.49,143800.47
2026-09-02 10:15:00,100.49,100.56,100.28,100.33,107073.89
2026-09-02 10:20:00,100.33,100.51,100.32,100.32,46654.35
2026-09-02 10:25:00,100.32,100.67,100.32,100.53,80508.19
2026-09-02 10:30:00,100.53,100.56,100.25,100.28,61026.9
2026-09-02 10:35:00,100.27,100.4,100.15,100.4,63730.82
2026-09-02 10:40:00,100.39,100.41,100.16,100.22,45481.38
2026-09-02 10:45:00,100.23,100.34,100.22,100.31,21041.13
2026-09-02 10:50:00,100.31,100.31,100.11,100.17,42711.03
2026-09-02 10:55:00,100.17,100.28,100.04,100.23,58325.55
2026-09-02 11:00:00,100.23,100.26,100.05,100.14,65655.84
2026-09-02 11:05:00,100.14,100.16,99.83,99.83,82211.6
2026-09-02 11:10:00,99.84,99.88,99.69,99.87,78169.07
2026-09-02 11:15:00,99.88,99.93,99.68,99.93,36463.73
2026-09-02 11:20:00,99.93,100.01,99.82,99.91,43007.53
2026-09-02 11:25:00,99.91,99.94,99.81,99.9,21540.26
2026-09-02 11:30:00,99.9,100.07,99.88,100.06,23370.55
2026-09-02 11:35:00,100.06,100.07,99.93,100.04,20055.08
2026-09-02 11:40:00,100.04,100.08,99.97,100.02,24565.52
2026-09-02 11:45:00,100.03,100.09,99.99,100.06,23631.22
2026-09-02 11:50:00,100.06,100.08,99.98,99.99,15246.56
2026-09-02 11:55:00,99.99,100.09,99.95,100.03,35447.74
2026-09-02 12:00:00,100.04,100.07,99.78,99.8,48733.6
2026-09-02 12:05:00,99.8,99.85,99.71,99.82,36003.38
2026-09-02 12:10:00,99.82,100.06,99.8,100.04,35509.54
2026-09-02 12:15:00,100.03,100.36,100.02,100.16,73984.64
2026-09-02 12:20:00,100.16,100.22,100.07,100.22,22812.47
2026-09-02 12:25:00,100.22,100.3,100.14,100.25,28167.5
2026-09-02 12:30:00,100.25,100.28,100.11,100.13,28588.43
2026-09-02 12:35:00,100.12,100.21,100.07,100.14,20896.45
2026-09-02 12:40:00,100.13,100.24,100.12,100.17,16205.69
2026-09-02 12:45:00,100.18,100.33,100.17,100.32,31844.54
2026-09-02 12:50:00,100.33,100.33,100.21,100.23,21111.71
2026-09-02 12:55:00,100.23,100.26,100.11,100.21,44548.9
2026-09-02 13:00:00,100.22,100.33,100.11,100.13,31794.18
2026-09-02 13:05:00,100.14,100.19,100.01,100.04,39230.11
2026-09-02 13:10:00,100.04,100.13,99.88,99.9,54051.79
2026-09-02 13:15:00,99.9,99.98,99.79,99.79,39177.42
2026-09-02 13:20:00,99.8,99.92,99.79,99.86,56530.21
2026-09-02 13:25:00,99.86,100.07,99.79,99.79,44820.12
2026-09-02 13:30:00,99.8,99.82,99.62,99.79,77680.59
2026-09-02 13:35:00,99.79,99.89,99.72,99.89,25241.64
2026-09-02 13:40:00,99.89,100.24,99.88,100.06,65809.94
2026-09-02 13:45:00,100.07,100.09,99.97,100.0,20052.81
2026-09-02 13:50:00,100.0,100.06,99.89,99.89,17196.27
2026-09-02 13:55:00,99.9,100.03,99.84,100.02,20460.18
2026-09-02 14:00:00,100.03,100.15,100.0,100.1,21171.46
2026-09-02 14:05:00,100.09,100.24,100.09,100.21,49445.69
2026-09-02 14:10:00,100.21,100.38,100.18,100.22,64224.71
2026-09-02 14:15:00,100.23,100.23,100.01,100.04,32017.89
2026-09-02 14:20:00,100.05,100.11,99.96,100.01,17476.12
2026-09-02 14:25:00,100.01,100.06,99.92,99.99,23079.86
2026-09-02 14:30:00,99.99,100.07,99.94,100.01,14224.18
2026-09-02 14:35:00,100.01,100.05,99.95,100.01,11014.99
2026-09-02 14:40:00,100.0,100.05,99.94,99.94,13510.53
2026-09-02 14:45:00,99.94,100.06,99.92,99.92,27338.78
2026-09-02 14:50:00,99.91,99.97,99.87,99.88,38885.1
2026-09-02 14:55:00,99.89,99.94,99.77,99.79,35216.94
2026-09-02 15:00:00,99.79,99.85,99.62,99.85,40957.83
2026-09-02 15:05:00,99.85,99.95,99.82,99.89,24175.33
2026-09-02 15:10:00,99.89,99.89,99.74,99.82,22374.46
2026-09-02 15:15:00,99.82,99.96,99.82,99.83,23435.51
2026-09-02 15:20:00,99.84,99.84,99.66,99.7,27669.36
2026-09-02 15:25:00,99.7,99.76,99.67,99.67,17525.71
2026-09-02 15:30:00,99.67,99.68,99.24,99.33,145989.13
2026-09-02 15:35:00,99.34,99.38,99.08,99.12,83891.74
2026-09-02 15:40:00,99.12,99.13,98.8,98.88,133441.69
2026-09-02 15:45:00,98.87,99.22,98.78,98.97,131209.01
2026-09-02 15:50:00,98.98,99.06,98.72,98.89,122502.65
2026-09-02 15:55:00,98.88,99.02,98.79,98.96,79538.13
2026-09-02 16:00:00,98.95,99.26,98.95,99.21,89526.68
2026-09-02 16:05:00,99.21,99.29,99.11,99.2,45254.87
2026-09-02 16:10:00,99.21,99.21,99.05,99.07,44674.53
2026-09-02 16:15:00,99.07,99.12,98.93,99.04,40060.3
2026-09-02 16:20:00,99.03,99.16,98.58,98.91,115888.84
2026-09-02 16:25:00,98.91,99.19,98.9,99.18,55376.52
2026-09-02 16:30:00,99.19,99.2,98.73,98.92,88455.94
2026-09-02 16:35:00,98.91,98.93,98.5,98.58,141916.89
2026-09-02 16:40:00,98.59,98.7,98.3,98.35,156867.74
2026-09-02 16:45:00,98.35,98.76,98.13,98.66,219835.63
2026-09-02 16:50:00,98.66,98.77,98.6,98.6,77614.27
2026-09-02 16:55:00,98.61,98.66,98.5,98.58,39884.95
2026-09-02 17:00:00,98.59,98.64,98.34,98.37,85710.28
2026-09-02 17:05:00,98.37,98.5,98.22,98.4,74925.84
2026-09-02 17:10:00,98.39,98.54,98.32,98.51,48553.27
2026-09-02 17:15:00,98.52,98.55,98.37,98.5,29393.39
2026-09-02 17:20:00,98.51,98.51,98.3,98.31,41661.52
2026-09-02 17:25:00,98.3,98.41,98.26,98.26,38197.34
2026-09-02 17:30:00,98.26,98.32,97.7,98.18,259075.96
2026-09-02 17:35:00,98.18,98.32,97.91,97.93,113147.28
2026-09-02 17:40:00,97.92,98.06,97.8,98.03,137549.52
2026-09-02 17:45:00,98.04,98.06,97.58,97.65,214354.31
2026-09-02 17:50:00,97.64,97.97,97.4,97.89,344994.98
2026-09-02 17:55:00,97.89,98.23,97.85,98.19,159221.06
2026-09-02 18:00:00,98.18,98.24,97.88,97.92,93739.12
2026-09-02 18:05:00,97.92,98.07,97.68,98.02,164054.74
2026-09-02 18:10:00,98.01,98.07,97.82,98.07,59326.45
2026-09-02 18:15:00,98.08,98.12,97.82,97.84,101879.79
2026-09-02 18:20:00,97.84,97.85,97.34,97.49,164015.18
2026-09-02 18:25:00,97.5,97.72,97.34,97.7,94366.39
2026-09-02 18:30:00,97.7,97.97,97.59,97.96,95655.65
2026-09-02 18:35:00,97.95,98.17,97.88,98.08,138261.66
2026-09-02 18:40:00,98.08,98.15,97.89,97.94,34482.92
2026-09-02 18:45:00,97.95,97.98,97.78,97.79,47718.62
2026-09-02 18:50:00,97.79,97.96,97.73,97.89,31489.31
2026-09-02 18:55:00,97.88,98.1,97.88,98.06,62579.11
2026-09-02 19:00:00,98.06,98.08,97.91,97.95,43610.63
2026-09-02 19:05:00,97.95,98.04,97.84,97.96,66419.99
2026-09-02 19:10:00,97.95,98.18,97.9,98.14,54379.52
2026-09-02 19:15:00,98.15,98.27,97.92,98.06,117339.67
2026-09-02 19:20:00,98.05,98.43,97.99,98.29,166918.77
2026-09-02 19:25:00,98.3,98.33,98.22,98.28,53560.03
2026-09-02 19:30:00,98.28,98.29,98.01,98.04,45397.67
2026-09-02 19:35:00,98.04,98.08,97.8,97.88,58542.98
2026-09-02 19:40:00,97.88,97.95,97.83,97.87,36218.72
2026-09-02 19:45:00,97.88,97.9,97.64,97.74,71882.21
2026-09-02 19:50:00,97.74,97.76,97.68,97.68,34496.93
2026-09-02 19:55:00,97.68,97.71,97.57,97.66,58504.51
2026-09-02 20:00:00,97.66,98.01,97.65,97.99,55213.42
2026-09-02 20:05:00,97.99,98.2,97.96,97.98,69474.35
2026-09-02 20:10:00,97.97,98.02,97.9,97.9,17482.61
2026-09-02 20:15:00,97.91,98.15,97.85,98.09,32827.66
2026-09-02 20:20:00,98.08,98.16,97.96,98.15,38913.89
2026-09-02 20:25:00,98.15,98.39,98.07,98.24,76938.25
2026-09-02 20:30:00,98.25,98.36,98.14,98.33,90437.99
2026-09-02 20:35:00,98.34,98.34,97.93,98.15,82504.62
2026-09-02 20:40:00,98.15,99.62,98.11,99.62,456228.07
2026-09-02 20:45:00,99.62,99.64,98.93,98.99,298239.89
2026-09-02 20:50:00,98.99,99.29,98.87,99.05,118066.31
2026-09-02 20:55:00,99.06,99.2,98.88,99.17,77654.25
2026-09-02 21:00:00,99.17,99.31,98.98,99.2,64944.78
2026-09-02 21:05:00,99.19,99.51,99.14,99.34,144943.24
2026-09-02 21:10:00,99.33,99.5,99.23,99.46,73499.52
2026-09-02 21:15:00,99.47,99.55,99.29,99.45,57087.56
2026-09-02 21:20:00,99.46,99.77,99.32,99.36,131586.75
2026-09-02 21:25:00,99.35,99.41,99.24,99.38,42714.68
2026-09-02 21:30:00,99.38,99.38,98.9,99.12,141936.07
2026-09-02 21:35:00,99.11,99.17,99.01,99.15,60192.47
2026-09-02 21:40:00,99.16,99.45,99.15,99.42,64133.92
2026-09-02 21:45:00,99.41,99.44,99.14,99.19,28385.59
2026-09-02 21:50:00,99.2,99.25,98.97,99.09,46403.14
2026-09-02 21:55:00,99.09,99.24,98.84,98.87,64084.65
2026-09-02 22:00:00,98.86,99.16,98.58,98.96,160994.54
2026-09-02 22:05:00,98.96,99.09,98.63,98.74,118555.06
2026-09-02 22:10:00,98.75,98.75,98.4,98.6,143488.98
2026-09-02 22:15:00,98.61,99.21,98.56,99.14,132290.41
2026-09-02 22:20:00,99.14,99.16,98.74,98.82,108824.44
2026-09-02 22:25:00,98.82,99.11,98.75,98.94,66359.68
2026-09-02 22:30:00,98.94,99.4,98.84,99.3,88726.11
2026-09-02 22:35:00,99.3,99.38,99.09,99.12,57037.08
2026-09-02 22:40:00,99.12,99.47,99.04,99.39,78940.22
2026-09-02 22:45:00,99.4,99.4,99.08,99.12,68804.75
2026-09-02 22:50:00,99.11,99.23,98.98,99.19,56425.41
2026-09-02 22:55:00,99.19,99.3,99.15,99.27,18468.24
2026-09-02 23:00:00,99.28,99.29,99.06,99.25,44705.5
2026-09-02 23:05:00,99.25,99.56,99.08,99.37,172650.13
2026-09-02 23:10:00,99.38,99.64,99.33,99.46,126970.92
2026-09-02 23:15:00,99.47,99.67,99.32,99.61,116400.48
2026-09-02 23:20:00,99.6,99.77,99.53,99.73,67515.01
2026-09-02 23:25:00,99.72,99.77,99.46,99.52,54901.51
2026-09-02 23:30:00,99.52,99.63,99.4,99.41,96154.46
2026-09-02 23:35:00,99.42,99.42,99.18,99.26,88944.01
2026-09-02 23:40:00,99.25,99.26,98.88,98.91,157475.55
2026-09-02 23:45:00,98.9,99.08,98.9,99.03,45566.38
2026-09-02 23:50:00,99.02,99.05,98.95,99.01,16583.69
2026-09-02 23:55:00,99.0,99.06,98.73,98.75,60577.97
2026-09-03 00:00:00,98.76,98.89,98.56,98.66,125705.36
2026-09-03 00:05:00,98.66,98.71,98.36,98.49,193255.54
2026-09-03 00:10:00,98.5,98.58,98.24,98.4,113323.94
2026-09-03 00:15:00,98.4,98.53,98.14,98.33,95689.49
2026-09-03 00:20:00,98.32,98.48,98.16,98.38,62345.9
2026-09-03 00:25:00,98.38,98.53,98.37,98.52,32095.23
2026-09-03 00:30:00,98.53,98.81,98.51,98.78,72148.76
2026-09-03 00:35:00,98.79,98.86,98.63,98.7,43282.26
2026-09-03 00:40:00,98.71,99.08,98.68,99.03,62359.43
2026-09-03 00:45:00,99.03,99.28,99.02,99.19,52607.03
2026-09-03 00:50:00,99.18,99.25,99.14,99.17,27915.72
2026-09-03 00:55:00,99.17,99.28,99.11,99.27,27451.11
2026-09-03 01:00:00,99.28,99.37,99.14,99.28,85738.91
2026-09-03 01:05:00,99.28,99.52,99.21,99.5,94767.23
2026-09-03 01:10:00,99.49,99.53,99.31,99.47,89495.08
2026-09-03 01:15:00,99.46,99.65,99.34,99.43,84114.55
2026-09-03 01:20:00,99.42,99.52,99.32,99.44,54680.33
2026-09-03 01:25:00,99.43,99.59,99.33,99.38,54222.36
2026-09-03 01:30:00,99.38,99.46,99.33,99.37,28646.9
2026-09-03 01:35:00,99.37,99.43,99.15,99.16,46936.65
2026-09-03 01:40:00,99.16,99.29,99.1,99.25,47844.05
2026-09-03 01:45:00,99.24,99.51,99.21,99.46,38167.2
2026-09-03 01:50:00,99.46,99.49,99.31,99.44,16080.36
2026-09-03 01:55:00,99.43,99.5,99.33,99.48,22274.58
2026-09-03 02:00:00,99.48,99.48,99.35,99.42,19158.23
2026-09-03 02:05:00,99.41,99.54,99.38,99.53,17953.44
2026-09-03 02:10:00,99.52,99.58,99.44,99.52,46299.76
2026-09-03 02:15:00,99.53,99.59,99.31,99.39,29321.72
2026-09-03 02:20:00,99.38,99.5,99.33,99.34,30270.52
2026-09-03 02:25:00,99.34,99.38,99.08,99.1,66183.95
2026-09-03 02:30:00,99.09,99.17,99.01,99.12,47711.55
2026-09-03 02:35:00,99.11,99.22,99.04,99.21,22975.26
2026-09-03 02:40:00,99.22,99.31,99.19,99.24,18335.36
2026-09-03 02:45:00,99.23,99.29,99.16,99.18,14490.16
2026-09-03 02:50:00,99.18,99.34,99.14,99.16,31227.69
2026-09-03 02:55:00,99.17,99.39,99.1,99.38,41482.79
2026-09-03 03:00:00,99.38,99.87,99.31,99.81,129996.27
2026-09-03 03:05:00,99.82,99.98,99.68,99.69,100524.77
2026-09-03 03:10:00,99.69,99.73,99.48,99.6,37142.73
2026-09-03 03:15:00,99.61,99.61,99.28,99.53,80950.05
2026-09-03 03:20:00,99.52,99.96,99.51,99.87,70265.91
2026-09-03 03:25:00,99.87,99.88,99.6,99.6,22735.52
2026-09-03 03:30:00,99.6,99.81,99.57,99.76,55296.36
2026-09-03 03:35:00,99.77,99.86,99.69,99.76,56197.8
2026-09-03 03:40:00,99.75,99.76,99.46,99.52,53296.32
2026-09-03 03:45:00,99.51,99.67,99.41,99.56,52966.9
2026-09-03 03:50:00,99.56,99.8,99.55,99.63,43643.29
2026-09-03 03:55:00,99.64,99.77,99.58,99.65,21313.64
2026-09-03 04:00:00,99.65,99.67,99.51,99.51,36104.42
2026-09-03 04:05:00,99.51,99.65,99.49,99.54,15693.31
2026-09-03 04:10:00,99.54,99.64,99.52,99.55,9627.26
2026-09-03 04:15:00,99.55,99.63,99.5,99.55,15176.43
2026-09-03 04:20:00,99.55,99.69,99.52,99.68,12905.74
2026-09-03 04:25:00,99.68,99.69,99.5,99.5,45712.72
2026-09-03 04:30:00,99.5,99.6,99.37,99.4,40311.69
2026-09-03 04:35:00,99.4,99.68,99.4,99.68,14002.22
2026-09-03 04:40:00,99.67,99.8,99.61,99.73,29644.32
2026-09-03 04:45:00,99.74,99.74,99.48,99.5,18957.02
2026-09-03 04:50:00,99.51,99.68,99.5,99.67,24410.03
2026-09-03 04:55:00,99.67,99.82,99.59,99.59,30924.83
2026-09-03 05:00:00,99.59,99.63,99.44,99.45,46544.12
2026-09-03 05:05:00,99.45,99.45,99.24,99.24,39489.18
2026-09-03 05:10:00,99.24,99.4,99.18,99.32,52018.7
2026-09-03 05:15:00,99.32,99.46,99.27,99.34,20225.41
2026-09-03 05:20:00,99.33,99.33,99.17,99.25,31418.07
2026-09-03 05:25:00,99.26,99.28,99.13,99.18,25930.34
2026-09-03 05:30:00,99.18,99.46,99.17,99.46,41982.68
2026-09-03 05:35:00,99.46,99.59,99.42,99.56,28735.29
2026-09-03 05:40:00,99.57,99.71,99.56,99.68,25049.18
2026-09-03 05:45:00,99.68,99.68,99.56,99.65,31635.36
2026-09-03 05:50:00,99.65,99.67,99.51,99.58,48484.86
2026-09-03 05:55:00,99.58,99.59,99.48,99.5,21819.91
2026-09-03 06:00:00,99.49,99.64,99.36,99.62,63436.74
2026-09-03 06:05:00,99.61,99.86,99.61,99.85,28089.31
2026-09-03 06:10:00,99.84,99.9,99.79,99.87,21462.65
2026-09-03 06:15:00,99.87,99.88,99.65,99.72,43624.06
2026-09-03 06:20:00,99.71,99.86,99.71,99.81,9883.49
2026-09-03 06:25:00,99.81,99.93,99.77,99.9,26096.03
2026-09-03 06:30:00,99.91,100.09,99.77,99.81,63204.84
2026-09-03 06:35:00,99.81,99.9,99.8,99.88,26070.4
2026-09-03 06:40:00,99.87,99.9,99.75,99.86,31464.26
2026-09-03 06:45:00,99.87,100.14,99.86,100.13,47230.16
2026-09-03 06:50:00,100.13,100.48,100.12,100.34,129797.59
2026-09-03 06:55:00,100.33,100.48,100.28,100.38,47079.67
2026-09-03 07:00:00,100.39,100.41,100.27,100.29,59901.93
2026-09-03 07:05:00,100.28,100.33,100.03,100.07,37197.29
2026-09-03 07:10:00,100.07,100.16,99.99,100.01,41325.97
2026-09-03 07:15:00,100.02,100.03,99.94,100.01,28283.46
2026-09-03 07:20:00,100.0,100.0,99.75,99.89,73227.53
2026-09-03 07:25:00,99.88,99.89,99.6,99.67,52592.7
2026-09-03 07:30:00,99.68,99.73,99.52,99.52,85923.92
2026-09-03 07:35:00,99.52,99.74,99.43,99.68,52973.08
2026-09-03 07:40:00,99.68,99.8,99.66,99.69,35717.05
2026-09-03 07:45:00,99.69,99.69,99.52,99.54,28728.78
2026-09-03 07:50:00,99.53,99.64,99.48,99.58,23820.55
2026-09-03 07:55:00,99.57,99.68,99.45,99.47,55984.29
2026-09-03 08:00:00,99.47,99.53,99.14,99.49,100484.6
2026-09-03 08:05:00,99.49,100.09,99.49,99.98,64245.05
2026-09-03 08:10:00,99.99,100.36,99.89,100.33,80785.84
2026-09-03 08:15:00,100.33,100.35,100.12,100.12,52326.35
2026-09-03 08:20:00,100.12,100.34,100.06,100.18,60913.62
2026-09-03 08:25:00,100.18,100.32,100.1,100.31,45368.1
2026-09-03 08:30:00,100.32,100.56,100.22,100.49,83794.88
2026-09-03 08:35:00,100.5,100.57,100.06,100.26,85285.68
2026-09-03 08:40:00,100.25,100.44,100.1,100.11,48225.15
2026-09-03 08:45:00,100.1,100.12,99.93,99.96,48833.72
2026-09-03 08:50:00,99.97,100.31,99.89,100.17,64376.11
2026-09-03 08:55:00,100.17,100.4,100.1,100.1,56243.29
2026-09-03 09:00:00,100.1,100.14,99.97,99.99,34328.63
2026-09-03 09:05:00,99.99,100.19,99.89,100.1,36112.24
2026-09-03 09:10:00,100.09,100.37,100.08,100.37,23973.72
2026-09-03 09:15:00,100.37,100.38,100.23,100.24,31737.92
2026-09-03 09:20:00,100.24,100.44,100.22,100.35,27749.07
2026-09-03 09:25:00,100.35,100.44,100.24,100.41,38691.44
2026-09-03 09:30:00,100.41,101.17,100.32,101.08,309024.27
2026-09-03 09:35:00,101.08,101.08,100.58,100.63,95354.6
2026-09-03 09:40:00,100.63,100.84,100.61,100.71,55354.64
2026-09-03 09:45:00,100.71,100.91,100.63,100.87,60571.2
2026-09-03 09:50:00,100.87,101.03,100.8,100.85,68348.12
2026-09-03 09:55:00,100.84,101.33,100.83,101.06,108983.22
2026-09-03 10:00:00,101.07,101.1,100.84,100.87,57765.63
2026-09-03 10:05:00,100.86,100.95,100.81,100.85,39071.92
2026-09-03 10:10:00,100.86,101.17,100.74,101.03,100697.56
2026-09-03 10:15:00,101.02,101.14,100.8,101.14,53142.46
2026-09-03 10:20:00,101.13,101.14,100.77,100.8,61449.42
2026-09-03 10:25:00,100.81,100.94,100.57,100.58,92602.13
2026-09-03 10:30:00,100.58,100.73,100.46,100.57,101887.65
2026-09-03 10:35:00,100.56,100.56,100.36,100.42,114691.12
2026-09-03 10:40:00,100.42,100.51,100.12,100.31,94282.26
2026-09-03 10:45:00,100.32,100.46,100.26,100.42,29510.29
2026-09-03 10:50:00,100.43,100.55,100.4,100.54,23881.56
2026-09-03 10:55:00,100.54,100.57,100.46,100.46,17593.09
2026-09-03 11:00:00,100.47,100.55,100.45,100.51,24699.11
2026-09-03 11:05:00,100.51,100.61,100.46,100.54,28454.66
2026-09-03 11:10:00,100.55,100.65,100.33,100.35,55293.98
2026-09-03 11:15:00,100.36,100.41,100.16,100.16,58763.28
2026-09-03 11:20:00,100.16,100.31,100.07,100.25,115143.98
2026-09-03 11:25:00,100.25,100.27,100.12,100.16,19447.36
2026-09-03 11:30:00,100.16,100.27,100.16,100.16,21773.32
2026-09-03 11:35:00,100.16,100.18,100.11,100.12,16855.39
2026-09-03 11:40:00,100.12,100.16,100.02,100.05,29532.89
2026-09-03 11:45:00,100.06,100.26,100.05,100.23,20762.27
2026-09-03 11:50:00,100.24,100.68,100.24,100.65,101267.6
2026-09-03 11:55:00,100.64,100.95,100.5,100.94,142220.4
2026-09-03 12:00:00,100.93,101.0,100.75,100.77,70865.5
2026-09-03 12:05:00,100.77,100.79,100.57,100.6,52226.29
2026-09-03 12:10:00,100.6,100.69,100.41,100.5,39711.66
2026-09-03 12:15:00,100.5,100.54,100.25,100.37,80467.69
2026-09-03 12:20:00,100.38,100.38,99.75,99.93,174151.74
2026-09-03 12:25:00,99.93,99.93,99.65,99.86,102315.61
2026-09-03 12:30:00,99.87,100.32,99.83,100.3,41804.55
2026-09-03 12:35:00,100.3,100.5,100.3,100.34,72900.25
2026-09-03 12:40:00,100.34,100.43,100.21,100.38,42001.98
2026-09-03 12:45:00,100.39,100.39,100.18,100.37,29809.71
2026-09-03 12:50:00,100.38,100.7,100.37,100.64,59975.64
2026-09-03 12:55:00,100.64,100.94,100.64,100.83,70076.91
2026-09-03 13:00:00,100.83,100.89,100.55,100.6,65141.73
2026-09-03 13:05:00,100.6,100.76,100.59,100.63,37386.34
2026-09-03 13:10:00,100.62,100.76,100.58,100.58,34343.86
2026-09-03 13:15:00,100.59,100.77,100.55,100.75,50613.04
2026-09-03 13:20:00,100.75,100.81,100.7,100.74,32378.11
2026-09-03 13:25:00,100.74,100.93,100.73,100.88,59515.86
2026-09-03 13:30:00,100.87,100.91,100.75,100.9,30321.24
2026-09-03 13:35:00,100.9,100.94,100.84,100.88,18045.35
2026-09-03 13:40:00,100.88,100.95,100.84,100.94,16858.16
2026-09-03 13:45:00,100.94,100.96,100.84,100.92,15459.16
2026-09-03 13:50:00,100.92,100.93,100.78,100.8,24443.31
2026-09-03 13:55:00,100.81,100.9,100.8,100.85,16694.08
2026-09-03 14:00:00,100.85,101.23,100.78,101.22,78857.84
2026-09-03 14:05:00,101.22,101.27,101.02,101.07,155561.66
2026-09-03 14:10:00,101.07,101.32,101.01,101.13,157193.21
2026-09-03 14:15:00,101.14,101.14,100.85,100.99,107039.56
2026-09-03 14:20:00,100.99,101.09,100.8,100.82,62927.46
2026-09-03 14:25:00,100.82,100.88,100.66,100.82,106095.13
2026-09-03 14:30:00,100.81,100.81,100.61,100.77,59342.21
2026-09-03 14:35:00,100.76,100.91,100.73,100.88,19158.66
2026-09-03 14:40:00,100.89,101.06,100.7,100.73,52455.73
2026-09-03 14:45:00,100.72,100.8,100.39,100.47,52982.89
2026-09-03 14:50:00,100.47,100.48,100.31,100.31,79475.67
2026-09-03 14:55:00,100.32,100.45,100.21,100.34,73849.15
2026-09-03 15:00:00,100.35,100.73,100.35,100.65,53909.52
2026-09-03 15:05:00,100.66,101.1,100.66,100.79,72868.31
2026-09-03 15:10:00,100.8,100.96,100.66,100.82,60548.83
2026-09-03 15:15:00,100.82,100.86,100.61,100.77,31830.84
2026-09-03 15:20:00,100.77,100.82,100.5,100.61,25546.65
2026-09-03 15:25:00,100.62,100.85,100.55,100.81,24393.77
2026-09-03 15:30:00,100.81,100.87,100.73,100.8,19241.69
2026-09-03 15:35:00,100.8,100.83,100.67,100.68,15882.91
2026-09-03 15:40:00,100.68,100.76,100.63,100.66,14312.22
2026-09-03 15:45:00,100.66,100.77,100.54,100.6,21511.28
2026-09-03 15:50:00,100.6,100.65,100.47,100.56,24155.15
2026-09-03 15:55:00,100.56,100.65,100.55,100.58,19247.54
2026-09-03 16:00:00,100.58,100.61,100.42,100.52,20085.29
2026-09-03 16:05:00,100.51,100.61,100.36,100.59,56934.89
2026-09-03 16:10:00,100.6,100.76,100.52,100.58,56643.82
2026-09-03 16:15:00,100.59,100.71,100.41,100.41,27856.98
2026-09-03 16:20:00,100.41,100.52,100.36,100.45,52896.37
2026-09-03 16:25:00,100.45,100.48,100.26,100.28,25372.97
2026-09-03 16:30:00,100.28,100.36,100.25,100.31,23525.09
2026-09-03 16:35:00,100.31,100.35,100.23,100.3,18439.8
2026-09-03 16:40:00,100.31,100.32,100.13,100.31,30965.6
2026-09-03 16:45:00,100.31,100.44,100.11,100.13,29935.77
2026-09-03 16:50:00,100.14,100.25,100.13,100.2,17562.59
2026-09-03 16:55:00,100.2,100.2,100.06,100.12,25502.08
2026-09-03 17:00:00,100.12,100.19,100.02,100.19,53536.42
2026-09-03 17:05:00,100.19,100.25,99.94,100.12,63233.73
2026-09-03 17:10:00,100.12,100.14,99.96,100.0,27756.81
2026-09-03 17:15:00,100.0,100.1,99.95,100.06,43639.81
2026-09-03 17:20:00,100.06,100.34,100.06,100.13,61034.99
2026-09-03 17:25:00,100.13,100.18,100.04,100.08,27403.32
2026-09-03 17:30:00,100.09,100.21,99.91,99.92,55860.28
2026-09-03 17:35:00,99.93,100.03,99.89,100.01,29402.96
2026-09-03 17:40:00,100.02,100.02,99.87,99.9,27022.97
2026-09-03 17:45:00,99.89,100.03,99.88,99.97,19254.19
2026-09-03 17:50:00,99.96,100.27,99.94,100.18,23076.85
2026-09-03 17:55:00,100.17,100.44,100.17,100.39,73228.3
2026-09-03 18:00:00,100.4,100.54,100.28,100.4,50767.5
2026-09-03 18:05:00,100.4,100.5,100.28,100.46,44149.34
2026-09-03 18:10:00,100.45,100.46,100.3,100.32,24176.15
2026-09-03 18:15:00,100.33,100.72,100.32,100.67,92307.87
2026-09-03 18:20:00,100.67,100.69,100.51,100.63,24368.09
2026-09-03 18:25:00,100.63,100.84,100.6,100.77,46574.79
2026-09-03 18:30:00,100.78,100.88,100.57,100.81,63542.41
2026-09-03 18:35:00,100.81,100.86,100.74,100.83,38828.65
2026-09-03 18:40:00,100.83,100.94,100.78,100.84,35722.28
2026-09-03 18:45:00,100.85,100.97,100.75,100.8,54473.19
2026-09-03 18:50:00,100.8,100.9,100.75,100.77,56965.08
2026-09-03 18:55:00,100.76,100.9,100.76,100.76,47090.95
2026-09-03 19:00:00,100.76,100.81,100.62,100.72,81311.91
2026-09-03 19:05:00,100.72,100.77,100.66,100.74,25312.06
2026-09-03 19:10:00,100.74,100.96,100.73,100.91,57998.38
2026-09-03 19:15:00,100.9,100.99,100.68,100.74,45196.53
2026-09-03 19:20:00,100.74,100.77,100.59,100.73,39611.18
2026-09-03 19:25:00,100.74,100.77,100.68,100.7,23738.78
2026-09-03 19:30:00,100.71,101.49,100.71,101.18,287823.97
2026-09-03 19:35:00,101.18,101.34,100.99,101.2,71905.61
2026-09-03 19:40:00,101.19,101.26,100.88,100.94,64375.05
2026-09-03 19:45:00,100.95,101.26,100.9,101.2,49220.36
2026-09-03 19:50:00,101.21,101.55,101.1,101.49,126155.01
2026-09-03 19:55:00,101.48,101.81,101.47,101.62,202678.54
2026-09-03 20:00:00,101.63,101.67,101.28,101.48,140627.3
2026-09-03 20:05:00,101.48,101.57,101.37,101.42,63608.93
2026-09-03 20:10:00,101.42,101.62,101.41,101.53,57627.27
2026-09-03 20:15:00,101.53,101.59,101.36,101.43,40331.06
2026-09-03 20:20:00,101.43,101.6,101.31,101.53,33251.82
2026-09-03 20:25:00,101.53,101.53,101.35,101.36,36084.24
2026-09-03 20:30:00,101.36,101.65,101.31,101.51,91370.42
2026-09-03 20:35:00,101.5,101.6,101.04,101.59,129558.37
2026-09-03 20:40:00,101.6,101.97,101.54,101.91,195923.19
2026-09-03 20:45:00,101.91,101.98,101.53,101.58,160820.12
2026-09-03 20:50:00,101.57,101.76,101.38,101.42,70473.32
2026-09-03 20:55:00,101.42,101.5,101.3,101.42,59812.75
2026-09-03 21:00:00,101.42,101.45,101.18,101.37,96091.38
2026-09-03 21:05:00,101.37,101.5,101.28,101.38,69685.58
2026-09-03 21:10:00,101.38,101.67,101.2,101.67,70651.07
2026-09-03 21:15:00,101.68,101.99,101.67,101.81,105340.15
2026-09-03 21:20:00,101.81,102.48,101.8,102.41,327349.22
2026-09-03 21:25:00,102.41,102.81,102.27,102.63,396442.19
2026-09-03 21:30:00,102.62,103.12,102.5,102.72,402429.51
2026-09-03 21:35:00,102.72,102.76,102.31,102.41,270931.1
2026-09-03 21:40:00,102.4,102.88,102.36,102.72,143090.92
2026-09-03 21:45:00,102.71,103.82,102.71,103.74,391909.66
2026-09-03 21:50:00,103.73,103.92,103.39,103.83,348067.55
2026-09-03 21:55:00,103.83,104.81,103.48,104.77,488460.42
2026-09-03 22:00:00,104.77,105.62,104.75,105.26,774628.34
2026-09-03 22:05:00,105.25,105.46,104.64,104.66,390509.59
2026-09-03 22:10:00,104.65,104.69,104.13,104.5,280203.53
2026-09-03 22:15:00,104.5,104.68,104.17,104.33,196134.8
2026-09-03 22:20:00,104.34,104.54,103.93,104.45,181841.78
2026-09-03 22:25:00,104.45,104.47,104.25,104.28,71739.19
2026-09-03 22:30:00,104.27,104.67,104.19,104.48,192652.71
2026-09-03 22:35:00,104.48,104.67,104.27,104.52,137904.4
2026-09-03 22:40:00,104.53,104.57,104.19,104.21,111567.73
2026-09-03 22:45:00,104.21,104.3,103.71,104.08,191850.66
2026-09-03 22:50:00,104.09,105.15,104.03,105.06,261241.19
2026-09-03 22:55:00,105.06,105.2,104.89,105.14,144305.38
2026-09-03 23:00:00,105.13,105.17,104.17,104.24,299160.11
2026-09-03 23:05:00,104.25,104.53,104.08,104.44,142982.98
2026-09-03 23:10:00,104.44,104.56,104.19,104.24,96128.13
2026-09-03 23:15:00,104.23,104.27,103.79,103.97,142443.99
2026-09-03 23:20:00,103.97,104.21,103.92,104.03,100523.24
2026-09-03 23:25:00,104.04,104.12,103.86,103.95,104277.75
2026-09-03 23:30:00,103.95,104.32,103.95,104.32,88612.3
2026-09-03 23:35:00,104.32,104.34,104.07,104.23,81598.23
2026-09-03 23:40:00,104.24,104.31,104.18,104.24,43056.04
2026-09-03 23:45:00,104.25,104.59,104.23,104.51,53719.97
2026-09-03 23:50:00,104.51,104.66,104.42,104.65,46793.54
2026-09-03 23:55:00,104.65,104.74,104.5,104.51,40865.59
2026-09-04 00:00:00,104.52,104.58,104.35,104.56,50419.93
2026-09-04 00:05:00,104.55,104.74,104.39,104.72,53478.43
2026-09-04 00:10:00,104.72,104.83,104.57,104.77,40339.17
2026-09-04 00:15:00,104.77,104.82,104.52,104.55,56709.58
2026-09-04 00:20:00,104.56,104.79,104.53,104.79,42745.23
2026-09-04 00:25:00,104.79,104.94,104.71,104.79,68271.29
2026-09-04 00:30:00,104.79,105.01,104.79,104.99,69954.32
2026-09-04 00:35:00,104.99,105.12,104.87,105.1,84451.17
2026-09-04 00:40:00,105.1,105.17,104.98,104.98,55544.78
2026-09-04 00:45:00,104.99,105.17,104.91,105.11,52709.01
2026-09-04 00:50:00,105.12,105.17,104.9,104.9,72282.18
2026-09-04 00:55:00,104.9,105.08,104.89,105.07,58662.75
2026-09-04 01:00:00,105.08,105.13,104.86,105.0,79820.74
2026-09-04 01:05:00,105.01,105.22,104.93,105.18,61904.61
2026-09-04 01:10:00,105.18,105.18,104.8,104.95,69847.49
2026-09-04 01:15:00,104.95,105.0,104.68,104.7,68694.09
2026-09-04 01:20:00,104.71,104.83,104.67,104.79,52057.88
2026-09-04 01:25:00,104.78,104.79,104.58,104.73,42856.49
2026-09-04 01:30:00,104.74,104.87,104.63,104.77,42333.37
2026-09-04 01:35:00,104.78,104.82,104.7,104.8,28884.01
2026-09-04 01:40:00,104.79,104.85,104.72,104.8,19533.19
2026-09-04 01:45:00,104.8,104.98,104.76,104.94,25918.99
2026-09-04 01:50:00,104.95,105.25,104.9,105.15,55157.0
2026-09-04 01:55:00,105.14,105.22,105.07,105.17,27285.57
2026-09-04 02:00:00,105.18,105.62,105.12,105.62,148712.8
2026-09-04 02:05:00,105.62,105.88,105.14,105.22,187166.05
2026-09-04 02:10:00,105.22,105.27,105.0,105.04,38230.71
2026-09-04 02:15:00,105.04,105.31,105.0,105.31,34415.94
2026-09-04 02:20:00,105.31,105.52,105.28,105.44,64350.11
2026-09-04 02:25:00,105.44,105.44,105.22,105.43,52636.71
2026-09-04 02:30:00,105.43,105.47,105.16,105.24,35950.71
2026-09-04 02:35:00,105.23,105.4,105.18,105.36,44899.87
2026-09-04 02:40:00,105.35,105.45,105.26,105.34,33454.28
2026-09-04 02:45:00,105.35,105.43,105.05,105.08,41025.78
2026-09-04 02:50:00,105.09,105.32,105.05,105.11,70830.75
2026-09-04 02:55:00,105.1,105.29,105.03,105.26,91375.86
2026-09-04 03:00:00,105.26,105.27,104.69,105.13,135376.48
2026-09-04 03:05:00,105.13,105.38,105.02,105.32,37912.15
2026-09-04 03:10:00,105.31,105.41,105.18,105.18,53342.63
2026-09-04 03:15:00,105.19,105.44,105.17,105.29,66812.57
2026-09-04 03:20:00,105.3,105.36,105.03,105.04,31616.45
2026-09-04 03:25:00,105.04,105.41,105.02,105.33,50053.23
2026-09-04 03:30:00,105.32,105.42,105.08,105.08,39696.4
2026-09-04 03:35:00,105.09,105.18,104.88,105.08,68033.21
2026-09-04 03:40:00,105.09,105.09,104.93,104.93,31570.58
2026-09-04 03:45:00,104.93,105.11,104.86,105.07,31012.57
2026-09-04 03:50:00,105.07,105.14,104.9,104.94,29777.53
2026-09-04 03:55:00,104.95,105.05,104.86,104.88,40257.24
2026-09-04 04:00:00,104.87,104.98,104.73,104.83,54556.16
2026-09-04 04:05:00,104.83,104.98,104.78,104.92,32945.06
2026-09-04 04:10:00,104.93,105.32,104.92,105.24,51053.45
2026-09-04 04:15:00,105.23,105.4,105.13,105.26,41436.06
2026-09-04 04:20:00,105.26,105.36,104.98,105.0,36875.95
2026-09-04 04:25:00,105.0,105.25,104.95,105.21,36676.27
2026-09-04 04:30:00,105.21,105.69,105.17,105.43,122430.5
2026-09-04 04:35:00,105.43,105.43,104.99,105.02,103749.48
2026-09-04 04:40:00,105.02,105.05,104.86,104.9,78144.84
2026-09-04 04:45:00,104.91,105.0,104.83,105.0,28398.0
2026-09-04 04:50:00,104.99,105.29,104.98,105.26,19320.53
2026-09-04 04:55:00,105.26,105.27,105.12,105.16,27340.5
2026-09-04 05:00:00,105.15,105.27,104.84,105.02,102187.51
2026-09-04 05:05:00,105.02,105.1,104.82,104.87,37348.98
2026-09-04 05:10:00,104.87,104.9,104.62,104.82,67992.22
2026-09-04 05:15:00,104.82,105.0,104.82,104.85,40440.52
2026-09-04 05:20:00,104.84,105.09,104.84,104.85,49149.44
2026-09-04 05:25:00,104.86,104.9,104.15,104.24,214002.78
2026-09-04 05:30:00,104.24,104.38,103.53,104.0,333394.48
2026-09-04 05:35:00,104.01,104.21,103.94,103.98,97655.29
2026-09-04 05:40:00,103.99,104.11,103.96,104.02,44709.87
2026-09-04 05:45:00,104.02,104.24,104.02,104.07,63750.12
2026-09-04 05:50:00,104.07,104.13,103.96,104.02,51264.39
2026-09-04 05:55:00,104.02,104.2,104.02,104.11,37907.66
2026-09-04 06:00:00,104.11,104.15,104.01,104.1,38871.02
2026-09-04 06:05:00,104.1,104.19,104.01,104.04,38903.8
2026-09-04 06:10:00,104.04,104.07,103.91,103.96,40320.07
2026-09-04 06:15:00,103.96,104.1,103.94,103.98,39832.19
2026-09-04 06:20:00,103.98,104.0,103.79,103.83,59865.08
2026-09-04 06:25:00,103.83,104.07,103.8,104.05,48459.71
2026-09-04 06:30:00,104.05,104.07,103.81,104.0,78072.29
2026-09-04 06:35:00,103.99,104.19,103.97,104.14,49718.09
2026-09-04 06:40:00,104.14,104.14,103.87,103.88,83275.85
2026-09-04 06:45:00,103.88,104.02,103.87,103.96,37675.93
2026-09-04 06:50:00,103.96,104.0,103.81,103.86,53551.19
2026-09-04 06:55:00,103.85,103.98,103.78,103.86,74662.1
2026-09-04 07:00:00,103.86,103.94,103.67,103.73,78986.93
2026-09-04 07:05:00,103.72,103.81,103.55,103.74,117481.81
2026-09-04 07:10:00,103.74,103.79,103.61,103.75,70555.18
2026-09-04 07:15:00,103.75,103.96,103.69,103.77,71746.14
2026-09-04 07:20:00,103.76,103.88,103.73,103.75,42803.45
2026-09-04 07:25:00,103.75,103.75,103.55,103.61,42528.94
2026-09-04 07:30:00,103.6,103.96,103.58,103.96,80486.35
2026-09-04 07:35:00,103.96,104.28,103.91,104.23,128804.39
2026-09-04 07:40:00,104.23,104.23,103.66,103.79,111830.48
2026-09-04 07:45:00,103.79,103.81,103.47,103.52,119407.81
2026-09-04 07:50:00,103.52,103.86,103.42,103.68,145826.81
2026-09-04 07:55:00,103.67,103.71,103.36,103.43,63255.21
2026-09-04 08:00:00,103.44,103.71,103.36,103.36,67422.74
2026-09-04 08:05:00,103.37,103.72,103.22,103.65,105226.86
2026-09-04 08:10:00,103.65,103.81,103.54,103.65,40303.91
2026-09-04 08:15:00,103.64,103.73,103.58,103.62,17971.77
2026-09-04 08:20:00,103.62,103.76,103.46,103.48,41369.12
2026-09-04 08:25:00,103.48,103.56,103.33,103.45,39810.57
2026-09-04 08:30:00,103.45,103.61,103.28,103.31,42495.9
2026-09-04 08:35:00,103.31,103.5,103.27,103.39,35953.16
2026-09-04 08:40:00,103.39,103.4,103.2,103.27,63165.85
2026-09-04 08:45:00,103.27,103.5,103.23,103.44,32241.27
2026-09-04 08:50:00,103.43,103.71,103.41,103.7,34860.04
2026-09-04 08:55:00,103.69,103.83,103.62,103.76,37457.96
2026-09-04 09:00:00,103.75,103.76,103.5,103.5,35217.75
2026-09-04 09:05:00,103.51,103.64,103.44,103.5,18351.6
2026-09-04 09:10:00,103.5,103.61,103.48,103.61,14741.29
2026-09-04 09:15:00,103.6,103.72,103.42,103.5,46163.07
2026-09-04 09:20:00,103.5,103.51,103.31,103.31,32400.75
2026-09-04 09:25:00,103.32,103.42,103.29,103.4,25578.75
2026-09-04 09:30:00,103.4,103.56,103.4,103.44,23307.6
2026-09-04 09:35:00,103.43,103.65,103.36,103.59,27074.78
2026-09-04 09:40:00,103.58,103.63,103.47,103.48,18490.58
2026-09-04 09:45:00,103.47,103.48,103.38,103.39,14432.07
2026-09-04 09:50:00,103.4,103.64,103.4,103.64,30837.85
2026-09-04 09:55:00,103.63,103.74,103.61,103.74,33863.33
2026-09-04 10:00:00,103.73,103.95,103.73,103.83,54518.57
2026-09-04 10:05:00,103.83,104.09,103.81,103.98,66350.76
2026-09-04 10:10:00,103.98,103.98,103.69,103.77,53021.54
2026-09-04 10:15:00,103.77,103.82,103.75,103.76,19219.99
2026-09-04 10:20:00,103.76,103.91,103.76,103.87,49667.86
2026-09-04 10:25:00,103.87,103.88,103.73,103.77,44082.67
2026-09-04 10:30:00,103.78,103.89,103.7,103.7,27412.16
2026-09-04 10:35:00,103.7,103.82,103.69,103.79,17324.63
2026-09-04 10:40:00,103.79,103.86,103.74,103.83,13937.18
2026-09-04 10:45:00,103.82,103.84,103.75,103.79,17204.81
2026-09-04 10:50:00,103.78,103.81,103.71,103.75,19664.64
2026-09-04 10:55:00,103.75,103.77,103.62,103.63,25214.69
2026-09-04 11:00:00,103.63,103.65,103.58,103.62,17930.97
2026-09-04 11:05:00,103.62,103.66,103.54,103.56,28579.99
2026-09-04 11:10:00,103.57,103.75,103.53,103.74,35550.58
2026-09-04 11:15:00,103.74,103.9,103.73,103.83,62677.91
2026-09-04 11:20:00,103.82,104.05,103.82,104.04,41703.26
2026-09-04 11:25:00,104.04,104.25,103.95,104.24,113362.4
2026-09-04 11:30:00,104.24,104.33,104.13,104.16,59008.35
2026-09-04 11:35:00,104.16,104.17,103.89,103.93,57268.11
2026-09-04 11:40:00,103.93,103.99,103.82,103.82,31789.28
2026-09-04 11:45:00,103.83,103.92,103.77,103.81,40801.29
2026-09-04 11:50:00,103.81,103.89,103.76,103.85,16161.5
2026-09-04 11:55:00,103.85,103.97,103.82,103.84,25317.57
2026-09-04 12:00:00,103.84,103.85,103.64,103.72,39728.46
2026-09-04 12:05:00,103.72,103.87,103.67,103.79,32468.06
2026-09-04 12:10:00,103.79,103.87,103.67,103.7,44999.05
2026-09-04 12:15:00,103.7,103.94,103.62,103.89,44936.62
2026-09-04 12:20:00,103.89,104.0,103.77,103.99,27547.16
2026-09-04 12:25:00,103.99,104.01,103.67,103.67,58503.75
2026-09-04 12:30:00,103.67,103.67,103.46,103.61,60749.02
2026-09-04 12:35:00,103.6,103.72,103.51,103.57,48925.31
2026-09-04 12:40:00,103.56,103.77,103.54,103.77,38985.52
2026-09-04 12:45:00,103.77,103.92,103.38,103.46,80186.99
2026-09-04 12:50:00,103.46,103.52,103.39,103.39,40306.41
2026-09-04 12:55:00,103.39,103.71,103.39,103.63,29119.41
2026-09-04 13:00:00,103.63,103.74,103.6,103.74,38542.97
2026-09-04 13:05:00,103.74,103.82,103.67,103.82,26113.46
2026-09-04 13:10:00,103.82,104.04,103.81,103.85,57564.14
2026-09-04 13:15:00,103.84,103.85,103.75,103.8,19868.41
2026-09-04 13:20:00,103.8,103.8,103.51,103.54,39672.38
2026-09-04 13:25:00,103.53,103.55,103.34,103.36,82629.38
2026-09-04 13:30:00,103.36,103.54,103.33,103.46,48392.81
2026-09-04 13:35:00,103.47,103.58,103.28,103.53,67877.28
2026-09-04 13:40:00,103.53,103.65,103.49,103.64,22713.18
2026-09-04 13:45:00,103.64,103.65,103.53,103.55,21613.66
2026-09-04 13:50:00,103.56,103.57,103.46,103.57,18482.63
2026-09-04 13:55:00,103.56,103.58,103.52,103.56,14946.07
2026-09-04 14:00:00,103.57,103.81,103.55,103.81,52741.91
2026-09-04 14:05:00,103.8,103.97,103.77,103.93,66494.03
2026-09-04 14:10:00,103.94,104.02,103.88,103.91,60194.68
2026-09-04 14:15:00,103.91,103.92,103.61,103.85,107355.09
2026-09-04 14:20:00,103.85,103.9,103.7,103.71,22180.22
2026-09-04 14:25:00,103.7,103.8,103.66,103.75,35739.92
2026-09-04 14:30:00,103.75,103.88,103.72,103.76,25994.62
2026-09-04 14:35:00,103.76,103.76,103.5,103.63,54286.12
2026-09-04 14:40:00,103.63,103.7,103.61,103.68,20901.82
2026-09-04 14:45:00,103.68,103.75,103.55,103.67,29283.45
2026-09-04 14:50:00,103.66,103.74,103.54,103.54,66819.16
2026-09-04 14:55:00,103.54,103.64,103.48,103.55,44089.11
2026-09-04 15:00:00,103.56,103.58,103.4,103.45,43762.37
2026-09-04 15:05:00,103.46,103.6,103.13,103.49,159148.04
2026-09-04 15:10:00,103.49,103.69,103.47,103.68,43884.28
2026-09-04 15:15:00,103.69,103.85,103.64,103.84,51950.94
2026-09-04 15:20:00,103.84,103.85,103.76,103.82,51962.67
2026-09-04 15:25:00,103.82,103.89,103.77,103.87,29174.25
2026-09-04 15:30:00,103.87,103.95,103.72,103.92,60250.58
2026-09-04 15:35:00,103.92,103.96,103.77,103.8,45855.14
2026-09-04 15:40:00,103.81,103.91,103.72,103.75,38730.42
2026-09-04 15:45:00,103.75,104.27,103.72,104.06,183120.12
2026-09-04 15:50:00,104.06,104.48,104.06,104.4,118242.32
2026-09-04 15:55:00,104.4,104.41,104.21,104.32,73192.77
2026-09-04 16:00:00,104.33,104.53,104.22,104.39,107656.29
2026-09-04 16:05:00,104.39,104.42,104.22,104.24,52806.77
2026-09-04 16:10:00,104.24,104.35,104.11,104.16,77750.93
2026-09-04 16:15:00,104.17,104.73,104.16,104.49,142900.75
2026-09-04 16:20:00,104.49,104.53,103.97,103.98,98642.64
2026-09-04 16:25:00,103.97,104.17,103.9,104.06,58727.87
2026-09-04 16:30:00,104.06,104.33,103.91,104.25,76537.54
2026-09-04 16:35:00,104.25,104.56,104.1,104.46,86400.9
2026-09-04 16:40:00,104.46,104.5,104.3,104.3,30026.51
2026-09-04 16:45:00,104.31,104.4,104.08,104.15,38062.76
2026-09-04 16:50:00,104.15,104.27,104.0,104.24,71626.48
2026-09-04 16:55:00,104.23,104.3,104.0,104.0,40271.32
2026-09-04 17:00:00,104.01,104.08,103.89,104.03,62832.34
2026-09-04 17:05:00,104.04,104.04,103.68,103.7,62492.48
2026-09-04 17:10:00,103.7,103.87,103.58,103.78,47093.23
2026-09-04 17:15:00,103.77,103.79,103.5,103.54,52766.01
2026-09-04 17:20:00,103.55,103.69,103.52,103.61,31224.98
2026-09-04 17:25:00,103.61,103.88,103.56,103.81,31708.28
2026-09-04 17:30:00,103.82,104.0,103.75,103.81,35250.83
2026-09-04 17:35:00,103.81,104.01,103.77,104.0,29226.57
2026-09-04 17:40:00,104.01,104.06,103.86,103.93,27484.71
2026-09-04 17:45:00,103.94,104.04,103.89,103.94,24780.05
2026-09-04 17:50:00,103.94,104.04,103.87,104.01,28270.83
2026-09-04 17:55:00,104.02,104.1,103.97,104.08,26731.93
2026-09-04 18:00:00,104.09,104.09,103.91,104.04,54037.05
2026-09-04 18:05:00,104.04,104.14,103.99,104.05,66106.78
2026-09-04 18:10:00,104.04,104.07,103.96,103.98,20183.86
2026-09-04 18:15:00,103.98,104.11,103.94,104.05,58240.63
2026-09-04 18:20:00,104.06,104.2,104.0,104.12,69915.19
2026-09-04 18:25:00,104.13,104.31,104.09,104.19,66587.61
2026-09-04 18:30:00,104.19,104.27,104.05,104.21,39331.57
2026-09-04 18:35:00,104.2,104.47,104.2,104.42,65301.3
2026-09-04 18:40:00,104.42,104.43,104.28,104.32,30808.97
2026-09-04 18:45:00,104.32,104.34,104.24,104.24,25354.71
2026-09-04 18:50:00,104.24,104.33,104.19,104.23,22996.77
2026-09-04 18:55:00,104.23,104.27,104.0,104.03,47959.68
2026-09-04 19:00:00,104.04,104.09,103.87,104.0,59883.43
2026-09-04 19:05:00,104.0,104.09,103.87,104.02,46994.85
2026-09-04 19:10:00,104.01,104.04,103.9,104.03,42101.26
2026-09-04 19:15:00,104.03,104.07,103.83,103.94,62317.13
2026-09-04 19:20:00,103.94,104.04,103.9,104.01,34096.22
2026-09-04 19:25:00,104.01,104.4,103.99,104.32,66947.35
2026-09-04 19:30:00,104.31,104.31,100.04,101.57,2094830.39
2026-09-04 19:35:00,101.57,101.81,100.99,101.7,399743.5
2026-09-04 19:40:00,101.71,102.17,101.34,101.4,333065.81
2026-09-04 19:45:00,101.4,101.45,100.6,101.3,518976.94
2026-09-04 19:50:00,101.3,101.8,101.09,101.73,225120.3
2026-09-04 19:55:00,101.73,101.73,101.38,101.54,176044.73
2026-09-04 20:00:00,101.54,101.72,101.3,101.5,156069.46
2026-09-04 20:05:00,101.5,101.69,101.25,101.49,93375.61
2026-09-04 20:10:00,101.49,101.58,100.94,101.06,131130.96
2026-09-04 20:15:00,101.06,101.45,101.0,101.33,83993.14
2026-09-04 20:20:00,101.34,101.57,101.33,101.49,48813.85
2026-09-04 20:25:00,101.49,101.63,101.28,101.34,79088.07
2026-09-04 20:30:00,101.35,101.78,101.3,101.46,117845.93
2026-09-04 20:35:00,101.46,101.71,101.01,101.6,183590.68
2026-09-04 20:40:00,101.59,101.74,101.45,101.66,110088.23
2026-09-04 20:45:00,101.67,102.23,101.57,102.09,175675.86
2026-09-04 20:50:00,102.08,102.09,101.43,101.56,101138.97
2026-09-04 20:55:00,101.55,101.77,101.53,101.6,80941.24
2026-09-04 21:00:00,101.6,101.77,101.53,101.55,50099.71
2026-09-04 21:05:00,101.56,101.65,101.23,101.26,74266.99
2026-09-04 21:10:00,101.26,101.43,101.08,101.33,86083.58
2026-09-04 21:15:00,101.33,101.42,100.88,100.89,98011.22
2026-09-04 21:20:00,100.89,101.27,100.77,101.2,90936.37
2026-09-04 21:25:00,101.19,101.34,101.14,101.24,37920.5
2026-09-04 21:30:00,101.25,101.3,101.05,101.18,51239.2
2026-09-04 21:35:00,101.17,101.34,100.86,101.03,88645.27
2026-09-04 21:40:00,101.04,101.05,100.41,100.7,155604.03
2026-09-04 21:45:00,100.71,100.92,100.29,100.35,140309.21
2026-09-04 21:50:00,100.36,100.73,100.26,100.51,146713.52
2026-09-04 21:55:00,100.51,100.84,100.51,100.73,47612.12
2026-09-04 22:00:00,100.74,100.97,100.6,100.88,104177.15
2026-09-04 22:05:00,100.88,100.99,100.74,100.96,58246.63
2026-09-04 22:10:00,100.97,101.06,100.8,101.06,46128.43
2026-09-04 22:15:00,101.06,101.27,101.02,101.15,74018.75
2026-09-04 22:20:00,101.15,101.3,101.13,101.3,45292.31
2026-09-04 22:25:00,101.29,101.48,101.29,101.44,90883.63
2026-09-04 22:30:00,101.45,101.48,101.29,101.32,51637.26
2026-09-04 22:35:00,101.32,101.45,101.28,101.43,55678.99
2026-09-04 22:40:00,101.44,101.6,101.43,101.57,70092.99
2026-09-04 22:45:00,101.57,101.62,101.35,101.38,95685.19
2026-09-04 22:50:00,101.37,101.51,101.35,101.42,26621.41
2026-09-04 22:55:00,101.42,101.52,101.37,101.39,29095.69
2026-09-04 23:00:00,101.4,101.48,101.29,101.36,39880.72
2026-09-04 23:05:00,101.36,101.57,101.34,101.48,27531.63
2026-09-04 23:10:00,101.47,101.54,101.46,101.49,20775.08
2026-09-04 23:15:00,101.48,101.71,101.48,101.61,43768.3
2026-09-04 23:20:00,101.61,101.73,101.61,101.65,40997.92
2026-09-04 23:25:00,101.65,101.68,101.58,101.66,36601.53
2026-09-04 23:30:00,101.65,102.06,101.65,101.89,104178.53
2026-09-04 23:35:00,101.9,101.94,101.79,101.81,45455.53
2026-09-04 23:40:00,101.81,101.98,101.76,101.91,38313.23
2026-09-04 23:45:00,101.91,101.96,101.78,101.9,35919.64
2026-09-04 23:50:00,101.89,102.02,101.82,101.85,42317.25
2026-09-04 23:55:00,101.86,101.92,101.69,101.78,45092.5
2026-09-05 00:00:00,101.78,101.8,101.55,101.65,81614.41
2026-09-05 00:05:00,101.66,101.77,101.61,101.7,23775.02
2026-09-05 00:10:00,101.69,101.77,101.55,101.57,24567.26
2026-09-05 00:15:00,101.57,101.61,101.44,101.59,47320.48
2026-09-05 00:20:00,101.59,101.65,101.52,101.61,20244.08
2026-09-05 00:25:00,101.61,101.66,101.51,101.53,24697.03
2026-09-05 00:30:00,101.53,101.59,101.44,101.5,34077.79
2026-09-05 00:35:00,101.51,101.53,101.2,101.38,90005.16
2026-09-05 00:40:00,101.37,101.42,101.12,101.32,75135.19
2026-09-05 00:45:00,101.32,101.32,101.13,101.14,52348.05
2026-09-05 00:50:00,101.15,101.22,101.02,101.22,51519.73
2026-09-05 00:55:00,101.21,101.26,101.15,101.18,28457.12
2026-09-05 01:00:00,101.19,101.38,101.16,101.36,37485.14
2026-09-05 01:05:00,101.36,101.52,101.32,101.42,52164.9
2026-09-05 01:10:00,101.42,101.42,101.18,101.25,29925.9
2026-09-05 01:15:00,101.25,101.38,101.24,101.38,15152.96
2026-09-05 01:20:00,101.38,101.43,101.36,101.4,19055.93
2026-09-05 01:25:00,101.4,101.42,101.32,101.38,17550.95
2026-09-05 01:30:00,101.38,101.63,101.38,101.63,34899.99
2026-09-05 01:35:00,101.63,101.63,101.5,101.53,16284.12
2026-09-05 01:40:00,101.53,101.62,101.52,101.58,14054.46
2026-09-05 01:45:00,101.58,101.58,101.5,101.51,9303.34
2026-09-05 01:50:00,101.51,101.57,101.48,101.53,16212.36
2026-09-05 01:55:00,101.53,101.64,101.51,101.6,20088.16
2026-09-05 02:00:00,101.59,101.74,101.59,101.71,21254.17
2026-09-05 02:05:00,101.71,101.75,101.63,101.65,17942.55
2026-09-05 02:10:00,101.66,101.72,101.57,101.67,62672.03
2026-09-05 02:15:00,101.66,101.79,101.63,101.77,19871.21
2026-09-05 02:20:00,101.78,101.88,101.74,101.87,41772.47
2026-09-05 02:25:00,101.87,101.91,101.85,101.86,20030.61
2026-09-05 02:30:00,101.85,101.85,101.63,101.72,48895.26
2026-09-05 02:35:00,101.73,101.73,101.56,101.6,25742.97
2026-09-05 02:40:00,101.6,101.68,101.57,101.65,13577.7
2026-09-05 02:45:00,101.64,101.77,101.58,101.76,23383.8
2026-09-05 02:50:00,101.76,101.85,101.64,101.73,24497.36
2026-09-05 02:55:00,101.73,101.79,101.63,101.64,40894.22
2026-09-05 03:00:00,101.64,101.8,101.61,101.72,46147.57
2026-09-05 03:05:00,101.72,101.75,101.59,101.63,18631.15
2026-09-05 03:10:00,101.62,101.72,101.56,101.6,12203.94
2026-09-05 03:15:00,101.6,101.72,101.57,101.72,15613.34
2026-09-05 03:20:00,101.72,101.75,101.57,101.57,7925.06
2026-09-05 03:25:00,101.58,101.63,101.53,101.58,23815.89
2026-09-05 03:30:00,101.58,101.65,101.57,101.64,9407.66
2026-09-05 03:35:00,101.65,101.75,101.62,101.69,29147.14
2026-09-05 03:40:00,101.7,101.78,101.66,101.75,18772.65
2026-09-05 03:45:00,101.74,101.81,101.71,101.78,12299.28
2026-09-05 03:50:00,101.78,101.78,101.61,101.74,11935.35
2026-09-05 03:55:00,101.74,101.75,101.7,101.71,12898.2
2026-09-05 04:00:00,101.7,101.8,101.67,101.74,51394.48
2026-09-05 04:05:00,101.74,101.81,101.64,101.65,26263.77
2026-09-05 04:10:00,101.64,101.68,101.62,101.63,13452.15
2026-09-05 04:15:00,101.62,101.77,101.62,101.77,14272.51
2026-09-05 04:20:00,101.78,101.81,101.71,101.72,6291.0
2026-09-05 04:25:00,101.71,101.74,101.61,101.64,30299.39
2026-09-05 04:30:00,101.63,101.79,101.63,101.75,20733.75
2026-09-05 04:35:00,101.74,101.78,101.7,101.71,9437.34
2026-09-05 04:40:00,101.71,101.86,101.71,101.81,25890.68
2026-09-05 04:45:00,101.8,101.88,101.64,101.71,16166.98
2026-09-05 04:50:00,101.71,101.73,101.39,101.52,34496.42
2026-09-05 04:55:00,101.53,101.6,101.4,101.51,30531.16
2026-09-05 05:00:00,101.51,101.7,101.51,101.61,18833.61
2026-09-05 05:05:00,101.62,101.7,101.6,101.66,12615.49
2026-09-05 05:10:00,101.66,101.68,101.55,101.62,14345.01
2026-09-05 05:15:00,101.61,101.84,101.54,101.69,77757.08
2026-09-05 05:20:00,101.69,101.73,101.62,101.69,10463.56
2026-09-05 05:25:00,101.69,101.72,101.61,101.63,45548.8
2026-09-05 05:30:00,101.64,101.68,101.58,101.59,16209.13
2026-09-05 05:35:00,101.6,101.75,101.6,101.67,27490.39
2026-09-05 05:40:00,101.67,101.73,101.63,101.64,11373.26
2026-09-05 05:45:00,101.63,101.67,101.62,101.67,6858.15
2026-09-05 05:50:00,101.67,101.68,101.57,101.62,29404.07
2026-09-05 05:55:00,101.62,101.71,101.61,101.69,34293.48
2026-09-05 06:00:00,101.69,101.72,101.59,101.72,25449.24
2026-09-05 06:05:00,101.71,101.77,101.66,101.76,9331.04
2026-09-05 06:10:00,101.76,101.77,101.72,101.75,14406.0
2026-09-05 06:15:00,101.74,101.79,101.74,101.79,5857.59
2026-09-05 06:20:00,101.79,101.87,101.79,101.85,21569.97
2026-09-05 06:25:00,101.85,101.92,101.84,101.85,13087.22
2026-09-05 06:30:00,101.84,101.88,101.78,101.79,32254.83
2026-09-05 06:35:00,101.78,101.87,101.78,101.87,5708.07
2026-09-05 06:40:00,101.87,101.89,101.79,101.82,56646.84
2026-09-05 06:45:00,101.83,101.9,101.82,101.86,15093.69
2026-09-05 06:50:00,101.87,101.9,101.8,101.83,23198.15
2026-09-05 06:55:00,101.82,101.88,101.81,101.86,9996.5
2026-09-05 07:00:00,101.85,101.86,101.79,101.79,11006.01
2026-09-05 07:05:00,101.8,101.82,101.74,101.79,12232.03
2026-09-05 07:10:00,101.8,101.86,101.75,101.75,10849.16
2026-09-05 07:15:00,101.76,101.77,101.66,101.68,20234.83
2026-09-05 07:20:00,101.68,101.76,101.68,101.76,10060.63
2026-09-05 07:25:00,101.76,101.83,101.75,101.82,13094.36
2026-09-05 07:30:00,101.81,101.83,101.72,101.78,21308.31
2026-09-05 07:35:00,101.78,101.87,101.75,101.86,19969.24
2026-09-05 07:40:00,101.87,101.91,101.8,101.81,31625.85
2026-09-05 07:45:00,101.82,101.86,101.72,101.85,36899.84
2026-09-05 07:50:00,101.85,101.95,101.84,101.93,16181.11
2026-09-05 07:55:00,101.93,101.96,101.75,101.78,33856.71
2026-09-05 08:00:00,101.78,101.83,101.69,101.81,37284.15
2026-09-05 08:05:00,101.81,101.91,101.79,101.9,18370.32
2026-09-05 08:10:00,101.91,101.96,101.79,101.81,43815.88
2026-09-05 08:15:00,101.81,101.88,101.8,101.83,11436.92
2026-09-05 08:20:00,101.83,101.86,101.79,101.86,7121.48
2026-09-05 08:25:00,101.86,101.98,101.77,101.97,42973.51
2026-09-05 08:30:00,101.97,102.02,101.93,101.93,46696.59
2026-09-05 08:35:00,101.93,102.04,101.88,102.0,23012.77
2026-09-05 08:40:00,102.01,102.12,102.01,102.05,36971.15
2026-09-05 08:45:00,102.05,102.08,101.87,101.91,41795.67
2026-09-05 08:50:00,101.91,101.97,101.85,101.85,14050.32
2026-09-05 08:55:00,101.85,101.86,101.79,101.8,22964.27
2026-09-05 09:00:00,101.79,101.81,101.71,101.76,33722.41
2026-09-05 09:05:00,101.77,101.82,101.72,101.8,15104.48
2026-09-05 09:10:00,101.81,101.83,101.77,101.8,8400.14
2026-09-05 09:15:00,101.8,101.85,101.77,101.79,12730.62
2026-09-05 09:20:00,101.79,101.84,101.71,101.84,25675.06
2026-09-05 09:25:00,101.84,101.91,101.71,101.74,28185.12
2026-09-05 09:30:00,101.74,101.81,101.63,101.81,61820.53
2026-09-05 09:35:00,101.81,101.91,101.76,101.87,13703.56
2026-09-05 09:40:00,101.87,101.91,101.86,101.88,7376.71
2026-09-05 09:45:00,101.88,101.88,101.79,101.83,8972.85
2026-09-05 09:50:00,101.83,101.85,101.75,101.85,18794.69
2026-09-05 09:55:00,101.85,101.93,101.84,101.91,34066.38
2026-09-05 10:00:00,101.9,101.93,101.81,101.84,23105.4
2026-09-05 10:05:00,101.84,101.84,101.72,101.72,12070.1
2026-09-05 10:10:00,101.72,101.83,101.71,101.82,18620.82
2026-09-05 10:15:00,101.82,101.92,101.75,101.81,22933.95
2026-09-05 10:20:00,101.82,101.92,101.74,101.87,34617.86
2026-09-05 10:25:00,101.87,101.94,101.84,101.88,12025.83
2026-09-05 10:30:00,101.89,101.97,101.88,101.92,14793.39
2026-09-05 10:35:00,101.92,101.94,101.89,101.9,7197.84
2026-09-05 10:40:00,101.9,101.94,101.86,101.94,25673.77
2026-09-05 10:45:00,101.94,101.94,101.89,101.93,7866.45
2026-09-05 10:50:00,101.94,101.96,101.85,101.86,10608.5
2026-09-05 10:55:00,101.86,101.86,101.79,101.84,15432.62
2026-09-05 11:00:00,101.84,101.85,101.72,101.79,36530.63
2026-09-05 11:05:00,101.79,101.85,101.66,101.69,31307.58
2026-09-05 11:10:00,101.68,101.71,101.64,101.71,18536.12
2026-09-05 11:15:00,101.71,101.85,101.7,101.83,27461.97
2026-09-05 11:20:00,101.83,101.87,101.82,101.84,8707.75
2026-09-05 11:25:00,101.85,101.86,101.81,101.84,12020.93
2026-09-05 11:30:00,101.84,101.89,101.83,101.86,6598.75
2026-09-05 11:35:00,101.87,101.88,101.81,101.84,7249.23
2026-09-05 11:40:00,101.84,101.87,101.8,101.85,12545.42
2026-09-05 11:45:00,101.85,101.87,101.68,101.74,45579.0
2026-09-05 11:50:00,101.74,101.83,101.7,101.83,32973.32
2026-09-05 11:55:00,101.83,101.83,101.68,101.71,28266.67
2026-09-05 12:00:00,101.71,101.73,101.54,101.58,40871.7
2026-09-05 12:05:00,101.58,101.71,101.55,101.67,39645.26
2026-09-05 12:10:00,101.68,101.78,101.67,101.77,11379.95
2026-09-05 12:15:00,101.77,101.82,101.68,101.7,55277.75
2026-09-05 12:20:00,101.69,101.72,101.6,101.66,18154.31
2026-09-05 12:25:00,101.66,101.77,101.65,101.76,10632.07
2026-09-05 12:30:00,101.76,101.81,101.75,101.79,10043.77
2026-09-05 12:35:00,101.78,101.79,101.75,101.76,7971.01
2026-09-05 12:40:00,101.77,101.83,101.69,101.71,26770.46
2026-09-05 12:45:00,101.7,101.72,101.64,101.65,16628.95
2026-09-05 12:50:00,101.65,101.81,101.64,101.8,37014.47
2026-09-05 12:55:00,101.81,101.9,101.78,101.83,44583.65
2026-09-05 13:00:00,101.82,101.87,101.79,101.86,18848.49
2026-09-05 13:05:00,101.86,101.87,101.77,101.77,12572.31
2026-09-05 13:10:00,101.77,101.96,101.77,101.85,34029.76
2026-09-05 13:15:00,101.85,101.93,101.76,101.93,15961.78
2026-09-05 13:20:00,101.93,101.98,101.91,101.96,14219.65
2026-09-05 13:25:00,101.96,102.01,101.91,101.94,30224.74
2026-09-05 13:30:00,101.93,102.04,101.93,101.97,33617.44
2026-09-05 13:35:00,101.97,102.15,101.94,102.12,48515.17
2026-09-05 13:40:00,102.11,102.12,102.03,102.05,35683.98
2026-09-05 13:45:00,102.06,102.13,102.03,102.12,24422.83
2026-09-05 13:50:00,102.12,102.17,102.1,102.12,26800.88
2026-09-05 13:55:00,102.13,102.36,102.12,102.24,41879.71
2026-09-05 14:00:00,102.23,102.27,102.15,102.27,26627.24
2026-09-05 14:05:00,102.27,102.42,102.21,102.21,43119.09
2026-09-05 14:10:00,102.22,102.39,102.19,102.34,34462.19
2026-09-05 14:15:00,102.33,102.34,102.22,102.22,20340.63
2026-09-05 14:20:00,102.22,102.44,102.22,102.43,32729.07
2026-09-05 14:25:00,102.43,102.52,102.38,102.46,51119.89
2026-09-05 14:30:00,102.46,102.56,102.38,102.55,35052.25
2026-09-05 14:35:00,102.55,102.55,102.3,102.35,41553.05
2026-09-05 14:40:00,102.35,102.36,102.23,102.33,28431.69
2026-09-05 14:45:00,102.32,102.34,102.16,102.18,28362.72
2026-09-05 14:50:00,102.18,102.24,102.14,102.19,28135.27
2026-09-05 14:55:00,102.2,102.21,102.09,102.16,40565.76
2026-09-05 15:00:00,102.16,102.22,102.03,102.07,57272.15
2026-09-05 15:05:00,102.07,102.21,102.07,102.15,22670.69
2026-09-05 15:10:00,102.14,102.26,102.11,102.17,33032.89
2026-09-05 15:15:00,102.17,102.4,102.16,102.25,58248.2
2026-09-05 15:20:00,102.25,102.32,102.16,102.17,19630.17
2026-09-05 15:25:00,102.17,102.28,102.1,102.27,37012.85
2026-09-05 15:30:00,102.27,102.27,102.1,102.12,21205.92
2026-09-05 15:35:00,102.13,102.32,102.12,102.27,18967.26
2026-09-05 15:40:00,102.27,102.38,102.26,102.38,24591.22
2026-09-05 15:45:00,102.38,102.4,102.25,102.31,13147.1
2026-09-05 15:50:00,102.3,102.44,102.29,102.43,20799.27
2026-09-05 15:55:00,102.42,102.54,102.41,102.53,22688.5
2026-09-05 16:00:00,102.54,102.76,102.52,102.71,68532.46
2026-09-05 16:05:00,102.71,102.78,102.63,102.63,33739.88
2026-09-05 16:10:00,102.63,102.77,102.61,102.71,34359.61
2026-09-05 16:15:00,102.71,102.71,102.56,102.59,31093.58
2026-09-05 16:20:00,102.58,102.64,102.56,102.61,15631.79
2026-09-05 16:25:00,102.6,102.61,102.49,102.5,18616.8
2026-09-05 16:30:00,102.51,102.6,102.5,102.57,18248.23
2026-09-05 16:35:00,102.57,102.58,102.5,102.55,12277.67
2026-09-05 16:40:00,102.55,102.57,102.46,102.57,27570.07
2026-09-05 16:45:00,102.56,102.57,102.48,102.5,13063.9
2026-09-05 16:50:00,102.5,102.52,102.48,102.48,8150.64
2026-09-05 16:55:00,102.49,102.56,102.48,102.5,13305.59
2026-09-05 17:00:00,102.5,102.52,102.48,102.5,11667.12
2026-09-05 17:05:00,102.49,102.49,102.39,102.42,36830.25
2026-09-05 17:10:00,102.43,102.49,102.34,102.35,25333.77
2026-09-05 17:15:00,102.35,102.45,102.34,102.42,21474.68
2026-09-05 17:20:00,102.43,102.48,102.33,102.44,37572.91
2026-09-05 17:25:00,102.44,102.51,102.38,102.5,35124.74
2026-09-05 17:30:00,102.5,102.66,102.48,102.65,28309.72
2026-09-05 17:35:00,102.64,102.66,102.46,102.56,33470.93
2026-09-05 17:40:00,102.56,102.6,102.54,102.58,7357.19
2026-09-05 17:45:00,102.57,102.59,102.52,102.54,22508.29
2026-09-05 17:50:00,102.54,102.55,102.45,102.52,23420.21
2026-09-05 17:55:00,102.51,102.6,102.45,102.46,36859.86
2026-09-05 18:00:00,102.47,102.51,102.45,102.49,12149.58
2026-09-05 18:05:00,102.5,102.54,102.41,102.48,34707.47
2026-09-05 18:10:00,102.48,102.5,102.37,102.41,20762.74
2026-09-05 18:15:00,102.4,102.41,102.29,102.29,23619.97
2026-09-05 18:20:00,102.29,102.31,102.23,102.26,19462.32
2026-09-05 18:25:00,102.25,102.27,102.22,102.26,15108.11
2026-09-05 18:30:00,102.25,102.26,102.16,102.23,32865.53
2026-09-05 18:35:00,102.23,102.28,102.2,102.26,12614.53
2026-09-05 18:40:00,102.26,102.27,102.16,102.21,49999.55
2026-09-05 18:45:00,102.21,102.33,102.18,102.32,25464.93
2026-09-05 18:50:00,102.32,102.4,102.3,102.3,31253.94
2026-09-05 18:55:00,102.31,102.35,102.27,102.3,19379.48
2026-09-05 19:00:00,102.3,102.37,102.27,102.36,12305.58
2026-09-05 19:05:00,102.36,102.41,102.35,102.37,14711.15
2026-09-05 19:10:00,102.37,102.39,102.36,102.38,9291.6
2026-09-05 19:15:00,102.37,102.38,102.29,102.29,10076.61
2026-09-05 19:20:00,102.29,102.36,102.29,102.35,14279.93
2026-09-05 19:25:00,102.36,102.37,102.31,102.34,20418.41
2026-09-05 19:30:00,102.34,102.54,102.25,102.51,50082.82
2026-09-05 19:35:00,102.51,102.83,102.5,102.79,97265.29
2026-09-05 19:40:00,102.79,103.05,102.78,102.8,148517.35
2026-09-05 19:45:00,102.81,103.0,102.76,102.92,64813.86
2026-09-05 19:50:00,102.92,103.21,102.85,103.21,73007.41
2026-09-05 19:55:00,103.21,103.21,103.04,103.19,66822.77
2026-09-05 20:00:00,103.19,103.34,103.12,103.32,78915.82
2026-09-05 20:05:00,103.31,103.32,103.08,103.1,52950.15
2026-09-05 20:10:00,103.1,103.25,103.0,103.23,64052.28
2026-09-05 20:15:00,103.23,103.39,103.06,103.14,106453.67
2026-09-05 20:20:00,103.14,103.32,103.11,103.17,118282.11
2026-09-05 20:25:00,103.16,103.17,103.02,103.05,35649.46
2026-09-05 20:30:00,103.05,103.19,103.01,103.07,65175.1
2026-09-05 20:35:00,103.06,103.09,102.87,102.88,56285.52
2026-09-05 20:40:00,102.88,103.08,102.74,102.82,88969.44
2026-09-05 20:45:00,102.82,102.97,102.81,102.96,35222.31
2026-09-05 20:50:00,102.97,102.97,102.55,102.72,129622.41
2026-09-05 20:55:00,102.73,102.73,102.52,102.62,53196.28
2026-09-05 21:00:00,102.61,102.79,102.61,102.72,60328.44
2026-09-05 21:05:00,102.73,102.84,102.71,102.8,34651.05
2026-09-05 21:10:00,102.8,102.84,102.67,102.69,35048.09
2026-09-05 21:15:00,102.7,102.74,102.66,102.73,20626.7
2026-09-05 21:20:00,102.73,102.75,102.66,102.74,18268.17
2026-09-05 21:25:00,102.75,102.91,102.74,102.87,58527.5
2026-09-05 21:30:00,102.87,102.87,102.78,102.84,34574.5
2026-09-05 21:35:00,102.85,102.87,102.77,102.83,22244.98
2026-09-05 21:40:00,102.84,102.87,102.69,102.72,43284.92
2026-09-05 21:45:00,102.72,102.76,102.66,102.75,29296.96
2026-09-05 21:50:00,102.75,102.85,102.74,102.83,28311.56
2026-09-05 21:55:00,102.83,102.92,102.77,102.8,31624.85
2026-09-05 22:00:00,102.8,102.87,102.77,102.77,19648.92
2026-09-05 22:05:00,102.77,102.82,102.71,102.76,38186.6
2026-09-05 22:10:00,102.76,102.94,102.76,102.77,55001.08
2026-09-05 22:15:00,102.77,102.78,102.62,102.65,32911.92
2026-09-05 22:20:00,102.65,102.85,102.63,102.68,74070.06
2026-09-05 22:25:00,102.68,102.83,102.64,102.64,27742.14
2026-09-05 22:30:00,102.64,102.72,102.57,102.6,19610.86
2026-09-05 22:35:00,102.61,102.7,102.59,102.69,14240.17
2026-09-05 22:40:00,102.69,102.75,102.62,102.68,35929.5
2026-09-05 22:45:00,102.68,102.79,102.67,102.73,16638.68
2026-09-05 22:50:00,102.73,102.8,102.69,102.78,23892.56
2026-09-05 22:55:00,102.78,102.91,102.78,102.88,19452.89
2026-09-05 23:00:00,102.87,102.96,102.83,102.96,34335.91
2026-09-05 23:05:00,102.95,102.98,102.84,102.87,28918.6
2026-09-05 23:10:00,102.87,102.93,102.79,102.82,31185.74
2026-09-05 23:15:00,102.82,102.9,102.75,102.83,19855.69
2026-09-05 23:20:00,102.84,103.04,102.84,103.03,50899.11
2026-09-05 23:25:00,103.03,103.15,103.01,103.08,35360.73
2026-09-05 23:30:00,103.08,103.26,103.08,103.26,62482.68
2026-09-05 23:35:00,103.25,103.26,103.0,103.06,54154.39
2026-09-05 23:40:00,103.06,103.13,103.02,103.04,43918.24
2026-09-05 23:45:00,103.04,103.22,103.03,103.19,59205.78
2026-09-05 23:50:00,103.19,103.38,103.16,103.37,70558.28
2026-09-05 23:55:00,103.37,103.49,103.25,103.36,114230.85
2026-09-06 00:00:00,103.37,103.48,103.2,103.28,108582.67
2026-09-06 00:05:00,103.28,103.73,103.27,103.68,160285.6
2026-09-06 00:10:00,103.68,104.04,103.63,103.99,211297.09
2026-09-06 00:15:00,103.99,104.0,103.69,103.7,124667.98
2026-09-06 00:20:00,103.7,103.9,103.55,103.83,97082.38
2026-09-06 00:25:00,103.82,103.94,103.7,103.85,40795.7
2026-09-06 00:30:00,103.86,104.28,103.84,103.98,173376.06
2026-09-06 00:35:00,103.98,104.02,103.63,103.73,88909.42
2026-09-06 00:40:00,103.73,103.82,103.61,103.7,44008.21
2026-09-06 00:45:00,103.7,103.8,103.61,103.73,54704.79
2026-09-06 00:50:00,103.72,104.08,103.7,104.03,84162.63
2026-09-06 00:55:00,104.04,104.25,103.97,104.18,96429.88
2026-09-06 01:00:00,104.18,104.37,103.99,104.01,102661.9
2026-09-06 01:05:00,104.01,104.13,103.85,103.86,43669.58
2026-09-06 01:10:00,103.86,103.96,103.81,103.9,24317.82
2026-09-06 01:15:00,103.91,103.99,103.8,103.97,42784.61
2026-09-06 01:20:00,103.96,104.05,103.9,103.98,40309.79
2026-09-06 01:25:00,103.98,104.0,103.76,103.77,18099.23
2026-09-06 01:30:00,103.78,104.0,103.78,103.91,38711.14
2026-09-06 01:35:00,103.92,103.92,103.75,103.77,14401.57
2026-09-06 01:40:00,103.77,103.83,103.7,103.8,36609.79
2026-09-06 01:45:00,103.81,103.84,103.73,103.78,22168.1
2026-09-06 01:50:00,103.77,103.8,103.73,103.78,13495.19
2026-09-06 01:55:00,103.78,103.89,103.78,103.86,13989.86
2026-09-06 02:00:00,103.86,103.87,103.65,103.67,33246.09
2026-09-06 02:05:00,103.67,103.79,103.67,103.77,15242.37
2026-09-06 02:10:00,103.77,103.85,103.75,103.77,14512.8
2026-09-06 02:15:00,103.77,103.83,103.72,103.8,9679.41
2026-09-06 02:20:00,103.79,103.82,103.66,103.82,19812.74
2026-09-06 02:25:00,103.82,103.9,103.8,103.84,23476.65
2026-09-06 02:30:00,103.83,103.91,103.67,103.69,28772.64
2026-09-06 02:35:00,103.68,103.78,103.46,103.49,78842.38
2026-09-06 02:40:00,103.5,103.68,103.49,103.65,26359.26
2026-09-06 02:45:00,103.65,103.66,103.12,103.2,188756.01
2026-09-06 02:50:00,103.19,103.41,103.18,103.34,59423.2
2026-09-06 02:55:00,103.33,103.46,103.31,103.36,34802.06
2026-09-06 03:00:00,103.35,103.48,103.23,103.23,35481.85
2026-09-06 03:05:00,103.23,103.47,103.23,103.36,41007.07
2026-09-06 03:10:00,103.36,103.57,103.32,103.39,56751.15
2026-09-06 03:15:00,103.38,103.39,103.14,103.17,43262.82
2026-09-06 03:20:00,103.17,103.31,103.12,103.28,57870.92
2026-09-06 03:25:00,103.29,103.45,103.2,103.21,61745.04
2026-09-06 03:30:00,103.2,103.29,103.07,103.12,48967.91
2026-09-06 03:35:00,103.11,103.29,103.06,103.18,46668.82
2026-09-06 03:40:00,103.18,103.34,103.12,103.34,56163.34
2026-09-06 03:45:00,103.33,103.38,103.22,103.3,30104.22
2026-09-06 03:50:00,103.3,103.38,103.21,103.25,35880.6
2026-09-06 03:55:00,103.25,103.28,103.15,103.19,12830.26
2026-09-06 04:00:00,103.19,103.25,103.14,103.19,12405.97
2026-09-06 04:05:00,103.2,103.35,103.16,103.32,15346.29
2026-09-06 04:10:00,103.31,103.5,103.31,103.4,54501.71
2026-09-06 04:15:00,103.39,103.56,103.36,103.54,27939.66
2026-09-06 04:20:00,103.53,103.73,103.53,103.7,40147.85
2026-09-06 04:25:00,103.7,103.82,103.67,103.78,28954.7
2026-09-06 04:30:00,103.78,103.85,103.73,103.73,20312.3
2026-09-06 04:35:00,103.74,103.79,103.63,103.74,31059.94
2026-09-06 04:40:00,103.75,103.92,103.7,103.88,25277.21
2026-09-06 04:45:00,103.88,103.95,103.68,103.76,33450.08
2026-09-06 04:50:00,103.76,103.77,103.68,103.69,16990.37
2026-09-06 04:55:00,103.68,103.7,103.59,103.68,25068.32
2026-09-06 05:00:00,103.68,103.81,103.62,103.68,35274.42
2026-09-06 05:05:00,103.68,103.72,103.53,103.54,23176.58
2026-09-06 05:10:00,103.54,103.7,103.54,103.68,37874.09
2026-09-06 05:15:00,103.68,103.74,103.56,103.57,35303.68
2026-09-06 05:20:00,103.56,103.58,103.39,103.43,30466.36
2026-09-06 05:25:00,103.44,103.44,103.21,103.33,45997.65
2026-09-06 05:30:00,103.34,103.47,103.27,103.27,38442.65
2026-09-06 05:35:00,103.27,103.33,103.27,103.32,19733.6
2026-09-06 05:40:00,103.32,103.32,103.21,103.22,22842.03
2026-09-06 05:45:00,103.22,103.25,103.15,103.22,25793.73
2026-09-06 05:50:00,103.22,103.35,103.22,103.32,15823.07
2026-09-06 05:55:00,103.33,103.36,103.26,103.31,28168.48
2026-09-06 06:00:00,103.31,103.32,103.21,103.22,9843.04
2026-09-06 06:05:00,103.23,103.27,103.07,103.18,30148.08
2026-09-06 06:10:00,103.18,103.19,103.14,103.16,13981.0
2026-09-06 06:15:00,103.16,103.25,103.09,103.25,22758.17
2026-09-06 06:20:00,103.25,103.3,103.07,103.09,37805.21
2026-09-06 06:25:00,103.1,103.24,103.09,103.18,34289.79
2026-09-06 06:30:00,103.19,103.31,103.18,103.27,16777.66
2026-09-06 06:35:00,103.27,103.34,102.86,103.17,90242.29
2026-09-06 06:40:00,103.17,103.17,103.07,103.11,26451.77
2026-09-06 06:45:00,103.11,103.31,103.1,103.16,32099.92
2026-09-06 06:50:00,103.16,103.27,103.14,103.23,23333.27
2026-09-06 06:55:00,103.24,103.24,103.03,103.12,37859.06
2026-09-06 07:00:00,103.11,103.21,103.11,103.19,23134.14
2026-09-06 07:05:00,103.19,103.27,103.18,103.26,12039.02
2026-09-06 07:10:00,103.27,103.32,103.25,103.31,19626.27
2026-09-06 07:15:00,103.31,103.32,103.25,103.26,16137.59
2026-09-06 07:20:00,103.26,103.33,103.26,103.27,8633.26
2026-09-06 07:25:00,103.27,103.46,103.27,103.41,27769.54
2026-09-06 07:30:00,103.41,103.46,103.33,103.35,31943.68
2026-09-06 07:35:00,103.35,103.39,103.26,103.36,43495.05
2026-09-06 07:40:00,103.35,103.42,103.29,103.31,33353.74
2026-09-06 07:45:00,103.32,103.32,103.23,103.23,16585.68
2026-09-06 07:50:00,103.23,103.38,103.19,103.24,42666.79
2026-09-06 07:55:00,103.24,103.38,103.2,103.24,49721.21
2026-09-06 08:00:00,103.24,103.55,103.21,103.37,72223.8
2026-09-06 08:05:00,103.37,103.56,103.3,103.5,51509.06
2026-09-06 08:10:00,103.49,103.69,103.44,103.55,65052.5
2026-09-06 08:15:00,103.55,103.64,103.48,103.52,45961.44
2026-09-06 08:20:00,103.52,103.56,103.38,103.5,48835.03
2026-09-06 08:25:00,103.49,103.57,103.46,103.5,16008.65
2026-09-06 08:30:00,103.5,103.67,103.49,103.64,19929.62
2026-09-06 08:35:00,103.64,103.82,103.6,103.8,82653.17
2026-09-06 08:40:00,103.81,103.89,103.76,103.76,43644.42
2026-09-06 08:45:00,103.76,103.94,103.67,103.78,103501.72
2026-09-06 08:50:00,103.78,104.13,103.77,104.02,96745.13
2026-09-06 08:55:00,104.02,104.17,103.91,103.99,54179.74
2026-09-06 09:00:00,104.0,104.16,103.81,103.88,83415.29
2026-09-06 09:05:00,103.89,104.27,103.88,104.19,79455.62
2026-09-06 09:10:00,104.2,104.2,104.03,104.04,32354.6
2026-09-06 09:15:00,104.04,104.09,103.91,103.95,40704.68
2026-09-06 09:20:00,103.94,104.03,103.86,104.03,25222.3
2026-09-06 09:25:00,104.03,104.09,103.96,104.05,45312.62
2026-09-06 09:30:00,104.05,104.48,104.05,104.41,102642.43
2026-09-06 09:35:00,104.41,104.61,104.11,104.59,125263.95
2026-09-06 09:40:00,104.59,104.71,104.21,104.21,86143.83
2026-09-06 09:45:00,104.21,104.36,104.18,104.36,48332.86
2026-09-06 09:50:00,104.36,104.4,104.27,104.31,41200.52
2026-09-06 09:55:00,104.31,104.39,104.22,104.32,21388.4
2026-09-06 10:00:00,104.33,104.4,104.32,104.4,47123.88
2026-09-06 10:05:00,104.4,104.44,104.31,104.35,25378.81
2026-09-06 10:10:00,104.35,104.45,104.3,104.44,13646.44
2026-09-06 10:15:00,104.45,104.99,104.44,104.9,118164.69
2026-09-06 10:20:00,104.9,105.1,104.72,104.92,136497.8
2026-09-06 10:25:00,104.91,105.1,104.61,104.97,99695.09
2026-09-06 10:30:00,104.98,105.78,104.97,105.53,322417.5
2026-09-06 10:35:00,105.54,106.95,105.45,106.75,559550.12
2026-09-06 10:40:00,106.76,107.0,106.33,106.45,235758.67
2026-09-06 10:45:00,106.45,106.7,106.1,106.24,214105.82
2026-09-06 10:50:00,106.25,106.27,105.97,106.15,182248.1
2026-09-06 10:55:00,106.14,106.21,105.84,105.92,128615.08
2026-09-06 11:00:00,105.92,106.12,105.85,105.92,103587.67
2026-09-06 11:05:00,105.92,105.95,105.65,105.95,85739.64
2026-09-06 11:10:00,105.95,106.32,105.93,106.13,96733.89
2026-09-06 11:15:00,106.14,106.2,105.72,105.73,71789.08
2026-09-06 11:20:00,105.73,105.87,105.53,105.87,77301.17
2026-09-06 11:25:00,105.87,106.0,105.74,105.9,55112.98
2026-09-06 11:30:00,105.9,105.91,105.62,105.68,52095.38
2026-09-06 11:35:00,105.67,106.08,105.66,105.86,51869.21
2026-09-06 11:40:00,105.87,106.09,105.85,105.98,70367.7
2026-09-06 11:45:00,105.99,106.24,105.98,106.18,95859.31
2026-09-06 11:50:00,106.17,106.18,105.71,105.8,67475.17
2026-09-06 11:55:00,105.79,105.8,105.62,105.69,44226.76
2026-09-06 12:00:00,105.69,105.89,105.59,105.77,98820.48
2026-09-06 12:05:00,105.77,105.89,105.69,105.69,37868.0
2026-09-06 12:10:00,105.69,105.78,105.41,105.51,117851.14
2026-09-06 12:15:00,105.51,105.69,105.45,105.63,42207.65
2026-09-06 12:20:00,105.63,105.98,105.6,105.94,68205.48
2026-09-06 12:25:00,105.93,106.08,105.89,106.07,58046.54
2026-09-06 12:30:00,106.07,106.1,105.82,106.05,49618.13
2026-09-06 12:35:00,106.05,106.7,106.05,106.65,168367.14
2026-09-06 12:40:00,106.65,106.8,106.31,106.4,106312.77
2026-09-06 12:45:00,106.4,106.58,106.25,106.46,68371.7
2026-09-06 12:50:00,106.46,106.64,106.41,106.5,59794.46
2026-09-06 12:55:00,106.5,106.58,106.28,106.4,57541.18
2026-09-06 13:00:00,106.4,106.41,106.17,106.3,51084.86
2026-09-06 13:05:00,106.3,106.3,106.11,106.16,26295.32
2026-09-06 13:10:00,106.17,106.31,106.14,106.15,40410.35
2026-09-06 13:15:00,106.15,106.21,105.96,106.01,46692.21
2026-09-06 13:20:00,106.01,106.01,105.74,105.8,75501.97
2026-09-06 13:25:00,105.79,105.82,105.63,105.72,48941.96
2026-09-06 13:30:00,105.73,105.73,105.26,105.31,131133.68
2026-09-06 13:35:00,105.31,105.53,105.29,105.5,81370.75
2026-09-06 13:40:00,105.5,105.54,105.39,105.51,53655.29
2026-09-06 13:45:00,105.51,105.52,105.32,105.42,36919.2
2026-09-06 13:50:00,105.42,105.55,105.41,105.54,33767.57
2026-09-06 13:55:00,105.53,105.57,105.27,105.32,64916.32
2026-09-06 14:00:00,105.33,105.52,105.32,105.35,42034.2
2026-09-06 14:05:00,105.35,105.4,105.12,105.18,71397.72
2026-09-06 14:10:00,105.18,105.21,104.59,104.69,292275.88
2026-09-06 14:15:00,104.69,105.19,104.69,105.16,145285.86
2026-09-06 14:20:00,105.16,105.34,105.01,105.03,184161.31
2026-09-06 14:25:00,105.03,105.21,105.01,105.06,35024.92
2026-09-06 14:30:00,105.06,105.14,104.93,104.96,62289.6
2026-09-06 14:35:00,104.96,104.99,104.82,104.92,67017.19
2026-09-06 14:40:00,104.92,105.05,104.9,104.99,37753.92
2026-09-06 14:45:00,104.99,105.02,104.93,104.98,30015.1
2026-09-06 14:50:00,104.99,105.02,104.95,105.0,26890.85
2026-09-06 14:55:00,104.99,105.27,104.99,105.19,57046.25
2026-09-06 15:00:00,105.18,105.23,105.08,105.19,49000.66
2026-09-06 15:05:00,105.19,105.38,105.16,105.27,65700.38
2026-09-06 15:10:00,105.27,105.34,105.2,105.26,38657.92
2026-09-06 15:15:00,105.25,105.26,105.12,105.14,32211.84
2026-09-06 15:20:00,105.15,105.22,105.06,105.2,55582.84
2026-09-06 15:25:00,105.2,105.24,105.08,105.08,17677.78
2026-09-06 15:30:00,105.08,105.09,104.96,104.98,45964.45
2026-09-06 15:35:00,104.98,105.11,104.94,104.99,39146.76
2026-09-06 15:40:00,105.0,105.22,104.98,105.1,110597.33
2026-09-06 15:45:00,105.1,105.17,105.04,105.08,17611.92
2026-09-06 15:50:00,105.07,105.23,105.06,105.22,35672.25
2026-09-06 15:55:00,105.22,105.3,105.1,105.14,40433.37
2026-09-06 16:00:00,105.13,105.41,105.12,105.36,61253.39
2026-09-06 16:05:00,105.35,105.54,105.35,105.45,61234.19
2026-09-06 16:10:00,105.45,105.83,105.38,105.73,118812.98
2026-09-06 16:15:00,105.73,105.99,105.63,105.95,116785.38
2026-09-06 16:20:00,105.95,106.37,105.9,106.26,284599.71
2026-09-06 16:25:00,106.26,107.06,106.15,106.94,298467.37
2026-09-06 16:30:00,106.94,107.28,106.71,106.75,303435.39
2026-09-06 16:35:00,106.75,106.91,106.41,106.53,128282.47
2026-09-06 16:40:00,106.53,106.53,106.17,106.3,98354.56
2026-09-06 16:45:00,106.29,106.45,106.11,106.33,67016.78
2026-09-06 16:50:00,106.34,106.59,106.33,106.4,76308.94
2026-09-06 16:55:00,106.4,106.52,106.3,106.45,45379.95
2026-09-06 17:00:00,106.46,106.67,106.38,106.64,61405.6
2026-09-06 17:05:00,106.63,106.76,106.51,106.69,63815.91
2026-09-06 17:10:00,106.69,106.69,106.52,106.52,39928.12
2026-09-06 17:15:00,106.52,106.77,106.52,106.67,45001.69
2026-09-06 17:20:00,106.68,106.89,106.51,106.74,92240.17
2026-09-06 17:25:00,106.74,106.74,106.47,106.47,35694.43
2026-09-06 17:30:00,106.47,106.56,106.32,106.38,66725.02
2026-09-06 17:35:00,106.37,106.5,106.33,106.36,35634.94
2026-09-06 17:40:00,106.35,106.64,106.35,106.57,55861.69
2026-09-06 17:45:00,106.57,106.57,106.4,106.46,27652.68
2026-09-06 17:50:00,106.47,106.62,106.33,106.57,30429.06
2026-09-06 17:55:00,106.56,106.73,106.54,106.61,55542.69
2026-09-06 18:00:00,106.61,106.61,106.43,106.46,39674.67
2026-09-06 18:05:00,106.47,106.65,106.38,106.42,33242.35
2026-09-06 18:10:00,106.43,106.55,106.3,106.53,51423.45
2026-09-06 18:15:00,106.52,106.61,106.48,106.58,21330.88
2026-09-06 18:20:00,106.57,106.64,106.41,106.58,44835.84
2026-09-06 18:25:00,106.58,106.62,106.41,106.49,49452.83
2026-09-06 18:30:00,106.49,106.69,106.45,106.69,38636.33
2026-09-06 18:35:00,106.68,106.69,106.42,106.44,48653.43
2026-09-06 18:40:00,106.44,106.47,106.19,106.45,86801.23
2026-09-06 18:45:00,106.45,106.58,106.41,106.52,43486.89
2026-09-06 18:50:00,106.53,106.54,106.4,106.43,20721.48
2026-09-06 18:55:00,106.43,106.43,106.31,106.41,22384.99
2026-09-06 19:00:00,106.42,106.49,106.38,106.4,26182.59
2026-09-06 19:05:00,106.4,106.49,106.35,106.48,29131.33
2026-09-06 19:10:00,106.49,106.55,106.42,106.52,34330.58
2026-09-06 19:15:00,106.53,106.68,106.46,106.54,48327.34
2026-09-06 19:20:00,106.54,106.64,106.44,106.5,38318.05
2026-09-06 19:25:00,106.5,106.72,106.43,106.56,57924.88
2026-09-06 19:30:00,106.57,106.79,106.56,106.76,60890.56
2026-09-06 19:35:00,106.76,107.07,106.68,107.05,144172.71
2026-09-06 19:40:00,107.05,107.23,106.9,106.95,128537.26
2026-09-06 19:45:00,106.95,106.98,106.55,106.74,104596.31
2026-09-06 19:50:00,106.74,107.11,106.74,107.06,72739.15
2026-09-06 19:55:00,107.05,107.36,106.76,106.76,130408.69
2026-09-06 20:00:00,106.77,106.8,106.45,106.67,116956.58
2026-09-06 20:05:00,106.66,106.98,106.64,106.82,86940.07
2026-09-06 20:10:00,106.82,106.84,106.54,106.58,36866.01
2026-09-06 20:15:00,106.58,106.63,106.34,106.39,106201.02
2026-09-06 20:20:00,106.39,106.39,106.04,106.11,170800.61
2026-09-06 20:25:00,106.12,106.26,106.05,106.09,79084.68
2026-09-06 20:30:00,106.08,106.14,105.84,106.01,167024.32
2026-09-06 20:35:00,106.02,106.31,106.02,106.18,72788.17
2026-09-06 20:40:00,106.18,106.54,106.18,106.44,65839.92
2026-09-06 20:45:00,106.43,106.7,106.4,106.49,64467.62
2026-09-06 20:50:00,106.49,106.75,106.49,106.7,50378.38
2026-09-06 20:55:00,106.69,107.12,106.53,107.03,145168.77
2026-09-06 21:00:00,107.02,107.09,106.72,106.82,93809.45
2026-09-06 21:05:00,106.82,106.86,106.63,106.64,48773.52
2026-09-06 21:10:00,106.65,106.75,106.32,106.37,100010.1
2026-09-06 21:15:00,106.36,106.58,105.9,106.22,159675.5
2026-09-06 21:20:00,106.21,106.21,105.51,105.83,228453.36
2026-09-06 21:25:00,105.82,106.09,105.82,105.96,78335.95
2026-09-06 21:30:00,105.96,106.01,105.0,105.84,335434.5
2026-09-06 21:35:00,105.84,105.98,105.64,105.92,114513.47
2026-09-06 21:40:00,105.93,106.26,105.87,106.21,133033.4
2026-09-06 21:45:00,106.21,106.21,105.72,105.89,77474.48
2026-09-06 21:50:00,105.89,106.1,105.88,105.97,42420.24
2026-09-06 21:55:00,105.96,105.97,105.65,105.67,69242.08
2026-09-06 22:00:00,105.68,105.69,104.8,105.26,328742.59
2026-09-06 22:05:00,105.26,105.44,105.17,105.22,95202.99
2026-09-06 22:10:00,105.22,105.42,105.16,105.33,61861.1
2026-09-06 22:15:00,105.33,105.7,105.29,105.7,78778.5
2026-09-06 22:20:00,105.69,105.9,105.63,105.72,71664.66
2026-09-06 22:25:00,105.71,105.82,105.65,105.78,27286.75
2026-09-06 22:30:00,105.77,105.84,105.46,105.68,53452.3
2026-09-06 22:35:00,105.68,105.93,105.53,105.89,45574.35
2026-09-06 22:40:00,105.89,105.9,105.8,105.85,23353.86
2026-09-06 22:45:00,105.84,105.91,105.71,105.74,32337.62
2026-09-06 22:50:00,105.73,105.87,105.6,105.67,52261.38
2026-09-06 22:55:00,105.66,105.77,105.66,105.7,26170.29
2026-09-06 23:00:00,105.69,105.75,105.45,105.45,44103.21
2026-09-06 23:05:00,105.45,105.66,105.43,105.48,79326.77
2026-09-06 23:10:00,105.48,105.88,105.47,105.74,51982.99
2026-09-06 23:15:00,105.75,105.85,105.68,105.83,23392.18
2026-09-06 23:20:00,105.83,105.89,105.63,105.68,37320.15
2026-09-06 23:25:00,105.68,105.96,105.65,105.93,39005.28
2026-09-06 23:30:00,105.93,106.26,105.83,106.22,107221.64
2026-09-06 23:35:00,106.22,106.25,106.08,106.15,41571.21
2026-09-06 23:40:00,106.15,106.33,106.11,106.24,75850.08
2026-09-06 23:45:00,106.24,106.25,106.09,106.12,32665.96
2026-09-06 23:50:00,106.12,106.16,106.04,106.04,19979.48
2026-09-06 23:55:00,106.04,106.06,105.87,106.03,46404.08
2026-09-07 00:00:00,106.03,106.05,105.8,105.84,43047.82
2026-09-07 00:05:00,105.83,105.87,105.5,105.52,82314.33
2026-09-07 00:10:00,105.52,106.05,105.51,105.99,88627.79
2026-09-07 00:15:00,105.98,106.27,105.95,106.27,40574.96
2026-09-07 00:20:00,106.27,106.39,106.06,106.17,72393.53
2026-09-07 00:25:00,106.16,106.26,105.91,105.97,40938.13
2026-09-07 00:30:00,105.96,106.13,105.78,105.92,42937.89
2026-09-07 00:35:00,105.92,106.17,105.9,106.09,38405.72
2026-09-07 00:40:00,106.09,106.13,106.01,106.02,22247.05
2026-09-07 00:45:00,106.02,106.04,105.92,105.98,22867.74
2026-09-07 00:50:00,105.97,106.17,105.94,106.06,24608.18
2026-09-07 00:55:00,106.05,106.25,106.03,106.13,30335.26
2026-09-07 01:00:00,106.13,106.26,106.13,106.19,27063.01
2026-09-07 01:05:00,106.18,106.46,106.15,106.45,50469.36
2026-09-07 01:10:00,106.46,106.48,106.29,106.3,40584.93
2026-09-07 01:15:00,106.29,106.37,106.23,106.23,23026.96
2026-09-07 01:20:00,106.23,106.32,106.21,106.21,16751.86
2026-09-07 01:25:00,106.22,106.43,106.21,106.43,30791.85
2026-09-07 01:30:00,106.43,106.56,106.32,106.39,42542.53
2026-09-07 01:35:00,106.4,106.55,106.37,106.46,26634.65
2026-09-07 01:40:00,106.46,106.5,106.11,106.15,57278.29
2026-09-07 01:45:00,106.15,106.15,105.83,105.92,97388.22
2026-09-07 01:50:00,105.91,105.97,105.82,105.83,29186.8
2026-09-07 01:55:00,105.83,106.0,105.78,105.93,61806.44
2026-09-07 02:00:00,105.93,105.93,105.77,105.88,28717.86
2026-09-07 02:05:00,105.88,105.9,105.75,105.79,24962.63
2026-09-07 02:10:00,105.79,105.82,105.71,105.74,29081.74
2026-09-07 02:15:00,105.73,105.77,105.61,105.61,33235.87
2026-09-07 02:20:00,105.61,105.7,105.47,105.68,60963.89
2026-09-07 02:25:00,105.68,105.73,105.61,105.72,28456.72
2026-09-07 02:30:00,105.72,105.72,105.55,105.58,26496.48
2026-09-07 02:35:00,105.57,105.64,105.53,105.54,33368.3
2026-09-07 02:40:00,105.53,105.57,105.44,105.46,31097.54
2026-09-07 02:45:00,105.45,105.55,105.25,105.47,51113.67
2026-09-07 02:50:00,105.48,105.51,105.43,105.44,13562.58
2026-09-07 02:55:00,105.44,105.49,105.37,105.45,21419.37
2026-09-07 03:00:00,105.44,105.49,105.32,105.33,27463.71
2026-09-07 03:05:00,105.34,105.4,105.31,105.36,16785.68
2026-09-07 03:10:00,105.36,105.45,105.33,105.39,30590.95
2026-09-07 03:15:00,105.39,105.49,105.33,105.43,22655.38
2026-09-07 03:20:00,105.43,105.66,105.42,105.57,97259.11
2026-09-07 03:25:00,105.57,105.66,105.56,105.63,24078.88
2026-09-07 03:30:00,105.63,105.74,105.62,105.66,25716.9
2026-09-07 03:35:00,105.65,105.84,105.63,105.65,30973.0
2026-09-07 03:40:00,105.65,105.7,105.52,105.62,36644.17
2026-09-07 03:45:00,105.63,105.78,105.62,105.76,27452.29
2026-09-07 03:50:00,105.77,105.84,105.64,105.68,23493.19
2026-09-07 03:55:00,105.67,105.72,105.6,105.7,16567.79
2026-09-07 04:00:00,105.7,105.94,105.7,105.94,30281.78
2026-09-07 04:05:00,105.94,106.07,105.74,105.99,59898.65
2026-09-07 04:10:00,105.99,106.03,105.91,105.99,26910.01
2026-09-07 04:15:00,105.98,106.23,105.98,106.15,50501.06
2026-09-07 04:20:00,106.16,106.16,105.96,106.07,23441.42
2026-09-07 04:25:00,106.07,106.18,105.84,105.98,39820.73
2026-09-07 04:30:00,105.98,106.15,105.97,106.12,15629.18
2026-09-07 04:35:00,106.13,106.17,106.03,106.06,19773.06
2026-09-07 04:40:00,106.06,106.2,105.95,106.08,37643.82
2026-09-07 04:45:00,106.08,106.2,106.0,106.0,17584.91
2026-09-07 04:50:00,106.0,106.02,105.83,105.89,29985.3
2026-09-07 04:55:00,105.89,105.92,105.82,105.86,21073.69
2026-09-07 05:00:00,105.86,105.89,105.55,105.67,52888.58
2026-09-07 05:05:00,105.66,105.76,105.07,105.08,116160.05
2026-09-07 05:10:00,105.08,105.29,105.05,105.23,117002.57
2026-09-07 05:15:00,105.23,105.32,104.91,105.0,85067.69
2026-09-07 05:20:00,105.01,105.25,104.99,105.24,37262.31
2026-09-07 05:25:00,105.23,105.51,105.22,105.45,54989.6
2026-09-07 05:30:00,105.46,105.86,105.43,105.85,58451.07
2026-09-07 05:35:00,105.86,106.03,105.76,105.83,130478.38
2026-09-07 05:40:00,105.82,105.98,105.81,105.84,50150.88
2026-09-07 05:45:00,105.84,105.87,105.66,105.75,60148.02
2026-09-07 05:50:00,105.74,105.86,105.7,105.83,43733.2
2026-09-07 05:55:00,105.82,105.98,105.75,105.8,44046.34
2026-09-07 06:00:00,105.8,106.26,105.75,106.05,84061.34
2026-09-07 06:05:00,106.06,106.1,105.89,106.02,33345.54
2026-09-07 06:10:00,106.02,106.12,105.96,106.03,31872.37
2026-09-07 06:15:00,106.03,106.42,105.97,106.35,50489.26
2026-09-07 06:20:00,106.36,106.44,106.27,106.3,48012.01
2026-09-07 06:25:00,106.3,106.44,106.2,106.31,41400.15
2026-09-07 06:30:00,106.31,106.45,106.26,106.44,27375.48
2026-09-07 06:35:00,106.44,106.7,106.43,106.66,111672.09
2026-09-07 06:40:00,106.66,106.68,106.52,106.57,45658.79
2026-09-07 06:45:00,106.57,106.77,106.47,106.55,82140.55
2026-09-07 06:50:00,106.54,106.67,106.43,106.54,69994.46
2026-09-07 06:55:00,106.54,106.56,106.24,106.5,83227.45
2026-09-07 07:00:00,106.49,106.52,106.32,106.35,77520.29
2026-09-07 07:05:00,106.36,106.55,106.29,106.48,39820.32
2026-09-07 07:10:00,106.49,106.6,106.42,106.44,37462.85
2026-09-07 07:15:00,106.45,106.45,105.81,106.06,150306.19
2026-09-07 07:20:00,106.05,106.26,105.96,106.17,37850.16
2026-09-07 07:25:00,106.17,106.39,106.13,106.28,34183.77
2026-09-07 07:30:00,106.29,106.43,106.01,106.03,74401.39
2026-09-07 07:35:00,106.04,106.12,105.93,106.07,86203.16
2026-09-07 07:40:00,106.07,106.12,105.9,105.91,104696.63
2026-09-07 07:45:00,105.9,106.15,105.82,106.03,114120.4
2026-09-07 07:50:00,106.04,106.22,105.96,106.02,42450.01
2026-09-07 07:55:00,106.02,106.12,105.83,106.1,47884.73
2026-09-07 08:00:00,106.1,106.24,105.88,106.24,45277.04
2026-09-07 08:05:00,106.23,106.3,105.47,105.48,111815.6
2026-09-07 08:10:00,105.48,105.74,105.41,105.47,77900.15
2026-09-07 08:15:00,105.48,105.6,105.26,105.39,92101.7
2026-09-07 08:20:00,105.38,105.53,105.26,105.34,55855.88
2026-09-07 08:25:00,105.34,105.51,105.21,105.46,74256.75
2026-09-07 08:30:00,105.45,105.58,105.31,105.49,51754.77
2026-09-07 08:35:00,105.49,105.51,105.23,105.31,31261.04
2026-09-07 08:40:00,105.31,105.31,104.95,105.08,80803.26
2026-09-07 08:45:00,105.08,105.22,104.98,105.09,50866.07
2026-09-07 08:50:00,105.08,105.32,105.08,105.26,35100.49
2026-09-07 08:55:00,105.26,105.36,105.25,105.25,32220.28
2026-09-07 09:00:00,105.25,105.34,105.15,105.15,52009.26
2026-09-07 09:05:00,105.15,105.22,104.82,104.95,138649.95
2026-09-07 09:10:00,104.95,105.15,104.89,105.14,45369.42
2026-09-07 09:15:00,105.15,105.51,105.14,105.44,76627.01
2026-09-07 09:20:00,105.43,105.61,105.41,105.58,51367.5
2026-09-07 09:25:00,105.59,105.91,105.57,105.82,85902.41
2026-09-07 09:30:00,105.81,105.87,105.66,105.68,31168.24
2026-09-07 09:35:00,105.69,106.91,105.68,106.86,260258.32
2026-09-07 09:40:00,106.85,107.03,106.59,106.72,176325.94
2026-09-07 09:45:00,106.73,106.87,106.6,106.79,77833.19
2026-09-07 09:50:00,106.79,106.8,106.14,106.23,145447.84
2026-09-07 09:55:00,106.23,106.26,105.62,105.73,139005.04
2026-09-07 10:00:00,105.74,105.83,105.44,105.81,108492.43
2026-09-07 10:05:00,105.81,105.84,105.45,105.51,54584.22
2026-09-07 10:10:00,105.51,105.53,105.28,105.34,62151.29
2026-09-07 10:15:00,105.34,105.4,105.23,105.31,43336.56
2026-09-07 10:20:00,105.3,105.43,105.16,105.23,50146.78
2026-09-07 10:25:00,105.24,105.24,105.04,105.1,67341.62
2026-09-07 10:30:00,105.1,105.23,105.03,105.15,48571.48
2026-09-07 10:35:00,105.16,105.18,104.93,104.98,92811.28
2026-09-07 10:40:00,104.97,105.09,104.91,104.92,37162.81
2026-09-07 10:45:00,104.91,105.13,104.91,105.02,46562.27
2026-09-07 10:50:00,105.02,105.05,104.91,105.03,41640.37
2026-09-07 10:55:00,105.04,105.1,104.84,104.89,72401.89
2026-09-07 11:00:00,104.89,104.94,104.64,104.89,126714.78
2026-09-07 11:05:00,104.89,104.94,104.77,104.91,31960.83
2026-09-07 11:10:00,104.92,104.96,104.77,104.92,38599.77
2026-09-07 11:15:00,104.93,105.16,104.92,105.1,71715.06
2026-09-07 11:20:00,105.09,105.24,105.07,105.17,42651.2
2026-09-07 11:25:00,105.17,105.2,105.0,105.02,39769.66
2026-09-07 11:30:00,105.02,105.16,104.97,105.11,60103.48
2026-09-07 11:35:00,105.11,105.12,104.88,104.97,33224.78
2026-09-07 11:40:00,104.97,105.07,104.91,105.07,33133.63
2026-09-07 11:45:00,105.07,105.23,105.06,105.1,49308.58
2026-09-07 11:50:00,105.09,105.11,104.87,104.9,31235.09
2026-09-07 11:55:00,104.9,105.06,104.88,105.02,54427.1
2026-09-07 12:00:00,105.02,105.25,104.97,105.24,29470.01
2026-09-07 12:05:00,105.25,105.4,105.17,105.28,65572.82
2026-09-07 12:10:00,105.27,105.28,105.07,105.26,31104.97
2026-09-07 12:15:00,105.26,105.56,105.25,105.5,80617.67
2026-09-07 12:20:00,105.5,105.7,105.38,105.66,45815.13
2026-09-07 12:25:00,105.66,105.78,105.47,105.57,74981.5
2026-09-07 12:30:00,105.57,105.62,105.47,105.48,23785.49
2026-09-07 12:35:00,105.48,105.57,105.44,105.45,18455.04
2026-09-07 12:40:00,105.44,105.46,105.35,105.45,22014.38
2026-09-07 12:45:00,105.44,105.46,105.32,105.33,27257.26
2026-09-07 12:50:00,105.34,105.34,105.1,105.13,44451.94
2026-09-07 12:55:00,105.13,105.14,105.02,105.08,46671.17
2026-09-07 13:00:00,105.07,105.19,105.03,105.18,61875.38
2026-09-07 13:05:00,105.17,105.2,105.02,105.18,34303.91
2026-09-07 13:10:00,105.17,105.36,105.13,105.32,31784.46
2026-09-07 13:15:00,105.32,105.32,105.12,105.13,15899.88
2026-09-07 13:20:00,105.13,105.25,105.06,105.19,116721.08
2026-09-07 13:25:00,105.19,105.32,105.08,105.08,40496.1
2026-09-07 13:30:00,105.09,105.17,104.98,105.04,49696.15
2026-09-07 13:35:00,105.05,105.1,104.79,104.86,69951.02
2026-09-07 13:40:00,104.86,104.97,104.84,104.95,52848.25
2026-09-07 13:45:00,104.95,105.08,104.93,105.01,35671.49
2026-09-07 13:50:00,105.01,105.09,104.99,105.05,30173.51
2026-09-07 13:55:00,105.05,105.07,104.99,105.03,18451.26
2026-09-07 14:00:00,105.04,105.07,104.98,105.03,49076.96
2026-09-07 14:05:00,105.04,105.32,105.01,105.32,73897.47
2026-09-07 14:10:00,105.31,105.5,105.28,105.38,69170.38
2026-09-07 14:15:00,105.39,105.44,105.22,105.24,48798.64
2026-09-07 14:20:00,105.25,105.29,104.86,104.89,51865.24
2026-09-07 14:25:00,104.88,105.15,104.72,104.73,83075.04
2026-09-07 14:30:00,104.74,104.97,104.13,104.59,316823.4
2026-09-07 14:35:00,104.59,104.65,104.1,104.15,156087.03
2026-09-07 14:40:00,104.15,104.44,103.69,104.41,336338.74
2026-09-07 14:45:00,104.41,104.53,104.31,104.47,85229.16
2026-09-07 14:50:00,104.48,104.49,104.2,104.28,82282.71
2026-09-07 14:55:00,104.27,104.45,104.26,104.42,55979.24
2026-09-07 15:00:00,104.41,104.49,104.37,104.41,69981.41
2026-09-07 15:05:00,104.41,104.58,104.38,104.57,37992.56
2026-09-07 15:10:00,104.56,104.65,104.48,104.49,44959.69
2026-09-07 15:15:00,104.49,104.64,104.47,104.62,47810.61
2026-09-07 15:20:00,104.61,104.67,104.48,104.55,61435.85
2026-09-07 15:25:00,104.55,104.68,104.5,104.59,44468.69
2026-09-07 15:30:00,104.59,104.76,104.57,104.62,67844.52
2026-09-07 15:35:00,104.62,104.65,104.46,104.55,34745.58
2026-09-07 15:40:00,104.54,104.75,104.54,104.75,57013.68
2026-09-07 15:45:00,104.75,104.87,104.61,104.65,63853.92
2026-09-07 15:50:00,104.65,104.73,104.57,104.72,20878.02
2026-09-07 15:55:00,104.72,104.76,104.58,104.65,29218.3
2026-09-07 16:00:00,104.65,104.71,104.56,104.62,31064.63
2026-09-07 16:05:00,104.62,104.81,104.56,104.81,24358.34
2026-09-07 16:10:00,104.81,105.05,104.8,105.0,110195.15
2026-09-07 16:15:00,105.0,105.0,104.88,104.99,26839.85
2026-09-07 16:20:00,104.98,104.98,104.83,104.9,53223.09
2026-09-07 16:25:00,104.9,105.11,104.83,105.07,44148.92
2026-09-07 16:30:00,105.07,105.13,105.0,105.0,36281.78
2026-09-07 16:35:00,105.0,105.03,104.78,104.86,51339.23
2026-09-07 16:40:00,104.87,105.01,104.86,104.89,18691.65
2026-09-07 16:45:00,104.88,104.99,104.85,104.88,38668.16
2026-09-07 16:50:00,104.88,105.04,104.59,104.71,79659.72
2026-09-07 16:55:00,104.71,104.74,104.55,104.6,44713.96
2026-09-07 17:00:00,104.61,104.88,104.61,104.85,57445.29
2026-09-07 17:05:00,104.86,104.89,104.63,104.77,50079.86
2026-09-07 17:10:00,104.77,104.89,104.71,104.83,16025.58
2026-09-07 17:15:00,104.82,105.0,104.81,105.0,18505.78
2026-09-07 17:20:00,105.0,105.0,104.88,104.93,25301.61
2026-09-07 17:25:00,104.93,104.96,104.85,104.93,24259.53
2026-09-07 17:30:00,104.92,104.96,104.85,104.89,13141.4
2026-09-07 17:35:00,104.89,104.94,104.85,104.89,16035.57
2026-09-07 17:40:00,104.9,105.07,104.89,105.01,40051.07
2026-09-07 17:45:00,105.01,105.06,104.96,105.0,19050.35
2026-09-07 17:50:00,105.0,105.1,104.99,105.06,20354.91
2026-09-07 17:55:00,105.06,105.1,104.91,104.95,30908.57
2026-09-07 18:00:00,104.96,105.1,104.9,105.0,54324.43
2026-09-07 18:05:00,105.0,105.01,104.79,104.84,27326.41
2026-09-07 18:10:00,104.83,104.86,104.75,104.85,35601.88
2026-09-07 18:15:00,104.85,104.92,104.78,104.87,15682.08
2026-09-07 18:20:00,104.88,104.92,104.77,104.85,15502.37
2026-09-07 18:25:00,104.85,104.88,104.78,104.83,24005.78
2026-09-07 18:30:00,104.82,105.04,104.81,104.93,41552.59
2026-09-07 18:35:00,104.93,104.95,104.84,104.86,19240.81
2026-09-07 18:40:00,104.86,104.91,104.79,104.81,19450.63
2026-09-07 18:45:00,104.82,104.92,104.78,104.81,43657.38
2026-09-07 18:50:00,104.81,104.87,104.69,104.87,27929.07
2026-09-07 18:55:00,104.87,104.92,104.77,104.88,27053.48
2026-09-07 19:00:00,104.88,104.99,104.86,104.88,33612.99
2026-09-07 19:05:00,104.87,105.08,104.86,105.02,26213.74
2026-09-07 19:10:00,105.02,105.03,104.93,104.96,21824.19
2026-09-07 19:15:00,104.96,105.1,104.96,105.09,17255.72
2026-09-07 19:20:00,105.09,105.35,105.09,105.22,93378.58
2026-09-07 19:25:00,105.22,105.37,105.21,105.33,48676.34
2026-09-07 19:30:00,105.34,105.37,105.23,105.24,43446.86
2026-09-07 19:35:00,105.24,105.3,105.13,105.17,53717.55
2026-09-07 19:40:00,105.17,105.22,105.13,105.14,14534.16
2026-09-07 19:45:00,105.13,105.48,105.12,105.43,53237.96
2026-09-07 19:50:00,105.42,105.65,105.42,105.63,104350.82
2026-09-07 19:55:00,105.63,105.88,105.61,105.68,144755.47
2026-09-07 20:00:00,105.68,105.76,105.51,105.75,67827.1
2026-09-07 20:05:00,105.74,105.75,105.45,105.55,78035.34
2026-09-07 20:10:00,105.55,105.72,105.55,105.71,49032.63
2026-09-07 20:15:00,105.72,105.75,105.49,105.74,57215.95
2026-09-07 20:20:00,105.74,105.81,105.61,105.66,28881.8
2026-09-07 20:25:00,105.66,105.67,105.6,105.65,14581.09
2026-09-07 20:30:00,105.66,105.69,105.05,105.07,98352.8
2026-09-07 20:35:00,105.07,105.19,104.77,105.18,124211.12
2026-09-07 20:40:00,105.19,105.19,105.04,105.05,44607.82
2026-09-07 20:45:00,105.04,105.12,104.87,104.87,60726.74
2026-09-07 20:50:00,104.87,105.16,104.86,105.14,34362.43
2026-09-07 20:55:00,105.15,105.16,104.99,105.02,26089.45
2026-09-07 21:00:00,105.03,105.13,104.9,104.93,27817.2
2026-09-07 21:05:00,104.93,104.97,104.38,104.44,153104.56
2026-09-07 21:10:00,104.45,104.65,104.36,104.49,95262.77
2026-09-07 21:15:00,104.49,104.54,104.25,104.36,86451.39
2026-09-07 21:20:00,104.37,104.48,104.28,104.31,80062.57
2026-09-07 21:25:00,104.32,104.39,104.18,104.22,89155.45
2026-09-07 21:30:00,104.22,104.26,103.95,104.21,124818.08
2026-09-07 21:35:00,104.21,104.34,104.13,104.17,82092.33
2026-09-07 21:40:00,104.17,104.22,103.98,104.14,95157.72
2026-09-07 21:45:00,104.14,104.34,103.93,104.3,137605.6
2026-09-07 21:50:00,104.31,104.75,104.28,104.62,102221.66
2026-09-07 21:55:00,104.62,104.66,104.55,104.58,51951.57
2026-09-07 22:00:00,104.59,104.6,104.36,104.38,42402.46
2026-09-07 22:05:00,104.37,104.4,104.22,104.38,50928.13
2026-09-07 22:10:00,104.38,104.4,104.18,104.18,29823.48
2026-09-07 22:15:00,104.19,104.49,103.76,104.45,117711.81
2026-09-07 22:20:00,104.45,104.47,104.25,104.3,46511.54
2026-09-07 22:25:00,104.3,104.3,104.07,104.1,36864.49
2026-09-07 22:30:00,104.11,104.11,103.4,103.55,288880.61
2026-09-07 22:35:00,103.55,103.75,103.31,103.36,160250.51
2026-09-07 22:40:00,103.37,103.44,103.15,103.37,194276.67
2026-09-07 22:45:00,103.38,103.38,103.11,103.32,152414.08
2026-09-07 22:50:00,103.31,103.4,103.21,103.27,72841.6
2026-09-07 22:55:00,103.27,103.29,102.78,103.22,227897.24
2026-09-07 23:00:00,103.21,103.57,103.16,103.4,158792.77
2026-09-07 23:05:00,103.39,103.51,103.23,103.47,68005.91
2026-09-07 23:10:00,103.47,103.58,103.47,103.54,37693.04
2026-09-07 23:15:00,103.53,103.57,103.36,103.56,37789.67
2026-09-07 23:20:00,103.55,103.58,103.45,103.5,24740.65
2026-09-07 23:25:00,103.49,103.52,103.4,103.43,21685.2
2026-09-07 23:30:00,103.44,103.58,103.36,103.55,36913.82
2026-09-07 23:35:00,103.55,103.77,103.54,103.77,64947.62
2026-09-07 23:40:00,103.76,103.8,103.67,103.7,38850.55
2026-09-07 23:45:00,103.7,103.79,103.65,103.7,18852.0
2026-09-07 23:50:00,103.7,103.79,103.66,103.73,18291.06
2026-09-07 23:55:00,103.74,103.82,103.7,103.82,22904.5
2026-09-08 00:00:00,103.82,103.89,103.71,103.79,50777.22
2026-09-08 00:05:00,103.79,103.94,103.79,103.86,31063.97
2026-09-08 00:10:00,103.86,104.07,103.86,104.05,44422.33
2026-09-08 00:15:00,104.05,104.07,103.96,104.04,36410.89
2026-09-08 00:20:00,104.04,104.09,103.97,104.01,27261.06
2026-09-08 00:25:00,104.0,104.16,103.92,104.09,52445.33
2026-09-08 00:30:00,104.08,104.08,103.94,103.95,24415.94
2026-09-08 00:35:00,103.95,104.0,103.89,103.97,23496.94
2026-09-08 00:40:00,103.96,104.05,103.96,104.05,10061.92
2026-09-08 00:45:00,104.04,104.09,103.97,104.04,17119.18
2026-09-08 00:50:00,104.04,104.21,104.04,104.11,42424.81
2026-09-08 00:55:00,104.1,104.11,103.94,103.95,15878.98
2026-09-08 01:00:00,103.95,104.0,103.79,103.89,52787.7
2026-09-08 01:05:00,103.89,104.07,103.76,103.82,49580.23
2026-09-08 01:10:00,103.83,103.89,103.77,103.82,29095.23
2026-09-08 01:15:00,103.81,103.89,103.72,103.89,55222.55
2026-09-08 01:20:00,103.89,103.94,103.76,103.8,23407.24
2026-09-08 01:25:00,103.8,103.86,103.62,103.67,31674.16
2026-09-08 01:30:00,103.68,103.69,103.52,103.56,38891.75
2026-09-08 01:35:00,103.57,103.7,103.56,103.68,22305.64
2026-09-08 01:40:00,103.68,103.84,103.65,103.82,19352.26
2026-09-08 01:45:00,103.82,103.88,103.77,103.88,12507.76
2026-09-08 01:50:00,103.89,103.97,103.81,103.91,29233.79
2026-09-08 01:55:00,103.91,103.95,103.8,103.87,12021.56
2026-09-08 02:00:00,103.87,103.89,103.76,103.85,26338.9
2026-09-08 02:05:00,103.85,103.91,103.78,103.78,9129.62
2026-09-08 02:10:00,103.78,103.93,103.78,103.93,17764.84
2026-09-08 02:15:00,103.93,104.01,103.88,103.95,14120.97
2026-09-08 02:20:00,103.96,104.13,103.96,104.13,19461.43
2026-09-08 02:25:00,104.13,104.14,104.03,104.05,15592.86
2026-09-08 02:30:00,104.04,104.37,104.03,104.31,53047.04
2026-09-08 02:35:00,104.31,104.38,104.25,104.3,40455.66
2026-09-08 02:40:00,104.3,104.34,104.27,104.31,20585.02
2026-09-08 02:45:00,104.31,104.36,104.24,104.3,42195.73
2026-09-08 02:50:00,104.3,104.34,104.23,104.27,16749.39
2026-09-08 02:55:00,104.27,104.32,104.23,104.3,19867.26
2026-09-08 03:00:00,104.31,104.36,104.13,104.14,31297.64
2026-09-08 03:05:00,104.14,104.14,103.93,104.03,62028.21
2026-09-08 03:10:00,104.04,104.04,103.88,103.95,42040.51
2026-09-08 03:15:00,103.95,104.03,103.89,104.01,22138.06
2026-09-08 03:20:00,104.01,104.01,103.88,103.9,23417.85
2026-09-08 03:25:00,103.9,103.94,103.87,103.92,11792.72
2026-09-08 03:30:00,103.92,104.06,103.91,104.03,13458.82
2026-09-08 03:35:00,104.04,104.07,104.0,104.01,8162.75
2026-09-08 03:40:00,104.01,104.08,103.98,104.04,25804.81
2026-09-08 03:45:00,104.04,104.09,103.95,104.07,45429.04
2026-09-08 03:50:00,104.06,104.18,104.03,104.11,31190.95
2026-09-08 03:55:00,104.11,104.16,104.01,104.05,12069.17
2026-09-08 04:00:00,104.05,104.12,104.02,104.02,15531.7
2026-09-08 04:05:00,104.03,104.04,103.76,103.8,42414.54
2026-09-08 04:10:00,103.81,104.0,103.73,104.0,38699.66
2026-09-08 04:15:00,104.0,104.03,103.73,104.0,56057.37
2026-09-08 04:20:00,104.0,104.07,103.97,103.97,10155.16
2026-09-08 04:25:00,103.98,104.03,103.96,103.96,11386.01
2026-09-08 04:30:00,103.97,103.97,103.91,103.92,8041.3
2026-09-08 04:35:00,103.92,103.92,103.77,103.85,20713.54
2026-09-08 04:40:00,103.85,103.92,103.75,103.9,13329.36
2026-09-08 04:45:00,103.9,103.97,103.81,103.82,8937.54
2026-09-08 04:50:00,103.82,103.9,103.79,103.85,8630.52
2026-09-08 04:55:00,103.85,103.93,103.84,103.85,13651.37
2026-09-08 05:00:00,103.86,103.87,103.6,103.75,36164.66
2026-09-08 05:05:00,103.76,103.87,103.64,103.85,36001.69
2026-09-08 05:10:00,103.86,104.03,103.77,103.77,42763.15
2026-09-08 05:15:00,103.78,103.8,103.5,103.66,85879.54
2026-09-08 05:20:00,103.65,103.88,103.59,103.87,20100.77
2026-09-08 05:25:00,103.88,103.94,103.65,103.66,61892.86
2026-09-08 05:30:00,103.65,103.67,103.5,103.59,28904.5
2026-09-08 05:35:00,103.6,103.62,103.24,103.26,67724.45
2026-09-08 05:40:00,103.25,103.35,103.13,103.3,51060.21
2026-09-08 05:45:00,103.3,103.42,103.28,103.42,41856.74
2026-09-08 05:50:00,103.42,103.51,103.38,103.47,24716.94
2026-09-08 05:55:00,103.47,103.54,103.42,103.49,16230.01
2026-09-08 06:00:00,103.48,103.69,103.44,103.61,32648.6
2026-09-08 06:05:00,103.6,103.89,103.55,103.76,51482.57
2026-09-08 06:10:00,103.76,103.89,103.73,103.89,47878.61
2026-09-08 06:15:00,103.88,103.94,103.63,103.74,61323.85
2026-09-08 06:20:00,103.74,103.75,103.52,103.57,11370.21
2026-09-08 06:25:00,103.57,103.67,103.57,103.64,9618.27
2026-09-08 06:30:00,103.64,103.66,103.55,103.6,11215.32
2026-09-08 06:35:00,103.6,103.73,103.6,103.7,10979.44
2026-09-08 06:40:00,103.71,103.85,103.7,103.84,24132.08
2026-09-08 06:45:00,103.84,103.99,103.79,103.95,19028.1
2026-09-08 06:50:00,103.95,103.98,103.84,103.85,26093.15
2026-09-08 06:55:00,103.86,103.91,103.71,103.75,91642.33
2026-09-08 07:00:00,103.75,103.83,103.56,103.64,64928.45
2026-09-08 07:05:00,103.63,103.82,103.58,103.64,39383.38
2026-09-08 07:10:00,103.64,103.71,103.55,103.68,33283.19
2026-09-08 07:15:00,103.67,103.82,103.58,103.67,43428.32
2026-09-08 07:20:00,103.67,103.7,103.41,103.57,56736.76
2026-09-08 07:25:00,103.57,103.58,103.4,103.45,19101.16
2026-09-08 07:30:00,103.45,103.78,103.39,103.75,30246.96
2026-09-08 07:35:00,103.76,103.92,103.75,103.86,28597.48
2026-09-08 07:40:00,103.86,103.98,103.74,103.79,44765.54
2026-09-08 07:45:00,103.79,103.97,103.76,103.96,27440.03
2026-09-08 07:50:00,103.96,104.05,103.9,103.96,43924.53
2026-09-08 07:55:00,103.96,104.13,103.96,104.05,44813.78
2026-09-08 08:00:00,104.05,104.14,103.96,104.03,46763.08
2026-09-08 08:05:00,104.03,104.11,103.93,104.08,27364.11
2026-09-08 08:10:00,104.08,104.23,104.03,104.08,42073.22
2026-09-08 08:15:00,104.08,104.18,103.96,104.03,37866.38
2026-09-08 08:20:00,104.04,104.27,103.99,104.16,28735.79
2026-09-08 08:25:00,104.16,104.3,104.16,104.25,27538.14
2026-09-08 08:30:00,104.24,104.25,104.11,104.12,27039.19
2026-09-08 08:35:00,104.13,104.18,104.09,104.13,11183.19
2026-09-08 08:40:00,104.12,104.12,104.08,104.09,7682.77
2026-09-08 08:45:00,104.09,104.2,104.07,104.16,24638.17
2026-09-08 08:50:00,104.16,104.19,104.04,104.15,15680.51
2026-09-08 08:55:00,104.15,104.37,104.15,104.34,34932.27
2026-09-08 09:00:00,104.34,104.34,104.16,104.16,26437.95
2026-09-08 09:05:00,104.16,104.17,104.02,104.05,22524.56
2026-09-08 09:10:00,104.05,104.14,103.92,104.13,42850.9
2026-09-08 09:15:00,104.13,104.2,104.1,104.15,16593.01
2026-09-08 09:20:00,104.15,104.46,104.1,104.44,41608.06
2026-09-08 09:25:00,104.45,104.47,103.97,103.99,49962.0
2026-09-08 09:30:00,103.99,104.03,103.81,103.87,32547.26
2026-09-08 09:35:00,103.87,103.9,103.71,103.73,32267.97
2026-09-08 09:40:00,103.73,103.74,103.52,103.66,57858.94
2026-09-08 09:45:00,103.67,103.75,103.58,103.62,45586.82
2026-09-08 09:50:00,103.63,103.63,103.25,103.28,79223.77
2026-09-08 09:55:00,103.29,103.36,103.22,103.22,40097.91
2026-09-08 10:00:00,103.22,103.3,103.08,103.12,67803.18
2026-09-08 10:05:00,103.12,103.23,103.02,103.23,45116.96
2026-09-08 10:10:00,103.22,103.24,103.02,103.02,58581.25
2026-09-08 10:15:00,103.03,103.11,102.94,102.96,98420.79
2026-09-08 10:20:00,102.96,103.06,102.71,102.94,180222.38
2026-09-08 10:25:00,102.94,103.04,102.66,102.82,143406.4
2026-09-08 10:30:00,102.81,103.25,102.8,103.16,99413.49
2026-09-08 10:35:00,103.17,103.36,103.15,103.31,174602.26
2026-09-08 10:40:00,103.31,103.38,103.21,103.26,66114.36
2026-09-08 10:45:00,103.26,103.33,103.11,103.19,32859.43
2026-09-08 10:50:00,103.19,103.32,103.18,103.27,73032.78
2026-09-08 10:55:00,103.28,103.31,103.22,103.29,15643.83
2026-09-08 11:00:00,103.3,103.3,103.11,103.13,26826.86
2026-09-08 11:05:00,103.12,103.24,103.08,103.19,37860.76
2026-09-08 11:10:00,103.19,103.3,103.07,103.13,38923.64
2026-09-08 11:15:00,103.14,103.31,103.01,103.3,42899.69
2026-09-08 11:20:00,103.31,103.32,103.04,103.04,42815.99
2026-09-08 11:25:00,103.05,103.21,103.01,103.15,40237.73
2026-09-08 11:30:00,103.15,103.34,103.08,103.31,66325.83
2026-09-08 11:35:00,103.3,103.41,103.24,103.39,24871.63
2026-09-08 11:40:00,103.39,103.4,103.23,103.27,19792.57
2026-09-08 11:45:00,103.27,103.28,103.19,103.25,17787.72
2026-09-08 11:50:00,103.25,103.27,103.04,103.08,26544.98
2026-09-08 11:55:00,103.08,103.09,102.93,102.95,46258.94
2026-09-08 12:00:00,102.94,103.29,102.82,103.03,68820.27
2026-09-08 12:05:00,103.03,103.22,102.95,103.07,62826.82
2026-09-08 12:10:00,103.06,103.19,103.0,103.0,37295.89
2026-09-08 12:15:00,103.0,103.38,102.92,103.3,103651.16
2026-09-08 12:20:00,103.31,103.39,103.23,103.34,109503.35
2026-09-08 12:25:00,103.34,103.47,103.24,103.3,60337.75
2026-09-08 12:30:00,103.3,103.38,103.07,103.07,55843.36
2026-09-08 12:35:00,103.07,103.22,102.98,103.16,57900.22
2026-09-08 12:40:00,103.17,103.23,103.01,103.03,48778.07
2026-09-08 12:45:00,103.04,103.17,103.02,103.13,20685.24
2026-09-08 12:50:00,103.13,103.18,102.97,102.98,28993.83
2026-09-08 12:55:00,102.98,103.02,102.88,102.91,31387.48
2026-09-08 13:00:00,102.91,102.96,102.72,102.85,83690.49
2026-09-08 13:05:00,102.86,103.01,102.75,102.96,45236.96
2026-09-08 13:10:00,102.97,103.02,102.83,103.01,42602.07
2026-09-08 13:15:00,103.01,103.05,102.64,102.66,88906.28
2026-09-08 13:20:00,102.65,102.74,102.35,102.72,233803.09
2026-09-08 13:25:00,102.73,102.78,102.56,102.57,33036.55
2026-09-08 13:30:00,102.56,102.7,102.53,102.55,105777.46
2026-09-08 13:35:00,102.55,102.62,102.49,102.57,49348.81
2026-09-08 13:40:00,102.56,102.6,102.47,102.53,45052.58
2026-09-08 13:45:00,102.54,102.72,102.48,102.53,54461.65
2026-09-08 13:50:00,102.53,102.7,102.52,102.53,59594.77
2026-09-08 13:55:00,102.53,102.74,102.51,102.63,70856.57
2026-09-08 14:00:00,102.64,102.67,102.58,102.63,33969.62
2026-09-08 14:05:00,102.63,102.87,102.62,102.73,50623.09
2026-09-08 14:10:00,102.74,102.77,102.72,102.73,16101.65
2026-09-08 14:15:00,102.74,102.76,102.68,102.75,18024.55
2026-09-08 14:20:00,102.74,102.86,102.74,102.85,19132.14
2026-09-08 14:25:00,102.85,102.97,102.81,102.9,69021.62
2026-09-08 14:30:00,102.89,102.97,102.81,102.94,43784.79
2026-09-08 14:35:00,102.94,103.02,102.93,102.98,28022.11
2026-09-08 14:40:00,102.97,103.1,102.8,102.83,53319.06
2026-09-08 14:45:00,102.83,102.84,102.68,102.72,35243.5
2026-09-08 14:50:00,102.71,102.81,102.55,102.75,44137.67
2026-09-08 14:55:00,102.76,102.91,102.76,102.91,31427.31
2026-09-08 15:00:00,102.9,102.91,102.53,102.58,45119.36
2026-09-08 15:05:00,102.59,102.74,102.55,102.56,31614.71
2026-09-08 15:10:00,102.56,102.66,102.42,102.64,33241.95
2026-09-08 15:15:00,102.64,102.72,102.46,102.6,62946.26
2026-09-08 15:20:00,102.61,102.78,102.58,102.78,22488.84
2026-09-08 15:25:00,102.78,102.88,102.61,102.81,52305.86
2026-09-08 15:30:00,102.82,102.95,102.75,102.95,35710.91
2026-09-08 15:35:00,102.94,103.05,102.94,103.03,23833.49
2026-09-08 15:40:00,103.03,103.05,102.95,103.04,24786.02
2026-09-08 15:45:00,103.04,103.26,103.0,103.03,65094.32
2026-09-08 15:50:00,103.03,103.04,102.88,102.95,12981.03
2026-09-08 15:55:00,102.95,103.04,102.94,103.0,15645.43
2026-09-08 16:00:00,102.99,103.04,102.93,103.0,12933.18
2026-09-08 16:05:00,102.99,103.03,102.89,103.01,14255.07
2026-09-08 16:10:00,103.01,103.17,102.91,103.14,52935.5
2026-09-08 16:15:00,103.14,103.2,103.02,103.03,59084.94
2026-09-08 16:20:00,103.02,103.1,102.97,103.09,18985.05
2026-09-08 16:25:00,103.09,103.32,103.08,103.21,126722.08
2026-09-08 16:30:00,103.21,103.5,103.14,103.5,68201.29
2026-09-08 16:35:00,103.49,103.64,103.42,103.59,64477.34
2026-09-08 16:40:00,103.59,103.66,103.54,103.59,50174.85
2026-09-08 16:45:00,103.58,103.81,103.54,103.69,98855.54
2026-09-08 16:50:00,103.68,103.72,103.54,103.67,59977.56
2026-09-08 16:55:00,103.66,103.73,103.61,103.65,32708.69
2026-09-08 17:00:00,103.64,103.66,103.5,103.63,50468.09
2026-09-08 17:05:00,103.62,103.65,103.5,103.54,31594.46
2026-09-08 17:10:00,103.53,103.64,103.52,103.64,17945.55
2026-09-08 17:15:00,103.63,103.74,103.61,103.74,20142.35
2026-09-08 17:20:00,103.73,104.05,103.73,103.81,107158.53
2026-09-08 17:25:00,103.81,103.88,103.66,103.74,63917.0
2026-09-08 17:30:00,103.74,103.77,103.51,103.54,42629.85
2026-09-08 17:35:00,103.54,103.56,103.44,103.48,51869.7
2026-09-08 17:40:00,103.48,103.48,103.37,103.42,33451.14
2026-09-08 17:45:00,103.41,103.43,103.37,103.4,15912.57
2026-09-08 17:50:00,103.41,103.45,103.35,103.37,29324.74
2026-09-08 17:55:00,103.37,103.41,103.33,103.34,20612.06
2026-09-08 18:00:00,103.33,103.41,103.26,103.27,26072.01
2026-09-08 18:05:00,103.27,103.28,102.99,103.0,71374.51
2026-09-08 18:10:00,103.0,103.0,102.74,102.79,85875.76
2026-09-08 18:15:00,102.79,102.91,102.77,102.88,75639.33
2026-09-08 18:20:00,102.88,103.08,102.87,103.05,62786.84
2026-09-08 18:25:00,103.05,103.05,102.86,102.9,32553.27
2026-09-08 18:30:00,102.9,103.0,102.84,102.96,23082.96
2026-09-08 18:35:00,102.95,102.99,102.89,102.89,12843.4
2026-09-08 18:40:00,102.89,102.94,102.81,102.88,59631.05
2026-09-08 18:45:00,102.89,102.9,102.6,102.74,64686.1
2026-09-08 18:50:00,102.73,102.82,102.62,102.67,63421.88
2026-09-08 18:55:00,102.67,102.84,102.65,102.83,47500.44
2026-09-08 19:00:00,102.82,102.83,102.57,102.59,41717.7
2026-09-08 19:05:00,102.6,102.79,102.59,102.72,52784.85
2026-09-08 19:10:00,102.72,102.76,102.42,102.47,54440.01
2026-09-08 19:15:00,102.47,102.7,102.47,102.68,47223.72
2026-09-08 19:20:00,102.67,102.79,102.65,102.76,29688.36
2026-09-08 19:25:00,102.75,102.85,102.7,102.84,17604.26
2026-09-08 19:30:00,102.85,103.08,102.77,102.98,69930.59
2026-09-08 19:35:00,102.99,103.07,102.96,103.07,24412.48
2026-09-08 19:40:00,103.07,103.07,102.93,103.0,28337.85
2026-09-08 19:45:00,103.0,103.19,102.93,103.16,37807.99
2026-09-08 19:50:00,103.17,103.24,102.95,103.23,43913.39
2026-09-08 19:55:00,103.24,103.29,102.98,103.03,54597.05
2026-09-08 20:00:00,103.04,103.11,102.99,103.03,27408.94
2026-09-08 20:05:00,103.03,103.12,102.92,102.93,22856.73
2026-09-08 20:10:00,102.93,103.04,102.9,102.98,19039.83
2026-09-08 20:15:00,102.99,103.03,102.9,102.91,15998.56
2026-09-08 20:20:00,102.9,102.94,102.64,102.76,51523.98
2026-09-08 20:25:00,102.75,102.84,102.71,102.82,27775.12
2026-09-08 20:30:00,102.83,102.88,102.25,102.43,183362.84
2026-09-08 20:35:00,102.44,102.54,101.87,101.94,395543.72
2026-09-08 20:40:00,101.95,102.05,101.64,102.04,328810.56
2026-09-08 20:45:00,102.05,102.26,101.88,102.25,167645.05
2026-09-08 20:50:00,102.24,102.27,101.9,102.26,80641.33
2026-09-08 20:55:00,102.27,102.86,102.24,102.64,167457.47
2026-09-08 21:00:00,102.64,102.74,102.37,102.62,73845.97
2026-09-08 21:05:00,102.63,102.9,102.62,102.8,89390.27
2026-09-08 21:10:00,102.79,103.06,102.69,102.96,139876.19
2026-09-08 21:15:00,102.96,103.2,102.94,102.99,84881.43
2026-09-08 21:20:00,102.99,103.06,102.91,102.91,44292.7
2026-09-08 21:25:00,102.91,102.96,102.7,102.88,48242.4
2026-09-08 21:30:00,102.87,103.0,102.75,102.98,31057.59
2026-09-08 21:35:00,102.98,103.09,102.84,102.97,58975.92
2026-09-08 21:40:00,102.96,103.14,102.89,103.04,58982.08
2026-09-08 21:45:00,103.04,103.43,102.95,103.29,127225.15
2026-09-08 21:50:00,103.3,103.38,103.1,103.27,92440.61
2026-09-08 21:55:00,103.28,103.4,103.17,103.28,65999.3
2026-09-08 22:00:00,103.28,103.54,103.26,103.28,65164.14
2026-09-08 22:05:00,103.28,103.47,103.18,103.46,33574.85
2026-09-08 22:10:00,103.46,103.59,103.43,103.59,56676.2
2026-09-08 22:15:00,103.59,103.77,103.56,103.61,100381.04
2026-09-08 22:20:00,103.62,103.63,103.36,103.48,56693.69
2026-09-08 22:25:00,103.47,103.54,103.35,103.37,48515.51
2026-09-08 22:30:00,103.37,103.54,103.36,103.49,48527.92
2026-09-08 22:35:00,103.48,103.8,103.45,103.68,82137.49
2026-09-08 22:40:00,103.68,103.94,103.58,103.86,114660.56
2026-09-08 22:45:00,103.86,103.95,103.72,103.82,75802.7
2026-09-08 22:50:00,103.82,103.99,103.77,103.96,77503.22
2026-09-08 22:55:00,103.96,104.36,103.91,104.25,225227.55
2026-09-08 23:00:00,104.25,104.26,104.05,104.15,87097.32
2026-09-08 23:05:00,104.15,104.15,103.86,103.9,132173.9
2026-09-08 23:10:00,103.89,103.93,103.62,103.71,143146.27
2026-09-08 23:15:00,103.71,103.74,103.53,103.66,59251.94
2026-09-08 23:20:00,103.65,103.82,103.56,103.7,43902.91
2026-09-08 23:25:00,103.7,103.97,103.7,103.75,72863.85
2026-09-08 23:30:00,103.76,104.05,103.75,103.95,31158.62
2026-09-08 23:35:00,103.96,104.68,103.9,104.66,160709.86
2026-09-08 23:40:00,104.66,104.79,104.22,104.24,186480.0
2026-09-08 23:45:00,104.25,104.36,104.16,104.25,81467.09
2026-09-08 23:50:00,104.24,104.33,104.07,104.21,51167.83
2026-09-08 23:55:00,104.21,104.21,103.83,104.16,102837.06
2026-09-09 00:00:00,104.16,104.39,104.13,104.16,92259.66
2026-09-09 00:05:00,104.17,104.27,103.92,103.93,115941.74
2026-09-09 00:10:00,103.93,103.99,103.85,103.93,42859.41
2026-09-09 00:15:00,103.93,104.0,103.86,103.9,28125.53
2026-09-09 00:20:00,103.91,103.91,103.71,103.77,45777.5
2026-09-09 00:25:00,103.76,103.78,103.62,103.76,48288.26
2026-09-09 00:30:00,103.76,103.85,103.68,103.83,31425.75
2026-09-09 00:35:00,103.82,103.98,103.8,103.82,25612.59
2026-09-09 00:40:00,103.81,103.82,103.62,103.63,36983.84
2026-09-09 00:45:00,103.63,103.77,103.62,103.73,45606.77
2026-09-09 00:50:00,103.74,103.97,103.7,103.81,44082.57
2026-09-09 00:55:00,103.81,103.82,103.63,103.64,17695.24
2026-09-09 01:00:00,103.64,103.88,103.58,103.76,69598.52
2026-09-09 01:05:00,103.76,104.07,103.72,103.98,71421.55
2026-09-09 01:10:00,103.99,104.06,103.96,104.06,20594.73
2026-09-09 01:15:00,104.06,104.28,104.04,104.27,37558.35
2026-09-09 01:20:00,104.27,104.45,104.25,104.34,51876.68
2026-09-09 01:25:00,104.34,104.35,104.11,104.2,26259.77
2026-09-09 01:30:00,104.2,104.31,104.16,104.18,27749.54
2026-09-09 01:35:00,104.17,104.17,103.9,103.92,47801.17
2026-09-09 01:40:00,103.91,104.08,103.87,104.08,19571.14
2026-09-09 01:45:00,104.08,104.15,103.26,103.32,167354.53
2026-09-09 01:50:00,103.32,103.65,103.11,103.39,150731.74
2026-09-09 01:55:00,103.38,103.55,103.18,103.32,124414.57
2026-09-09 02:00:00,103.31,103.55,103.19,103.5,46794.14
2026-09-09 02:05:00,103.5,103.53,103.32,103.32,27774.39
2026-09-09 02:10:00,103.32,103.43,103.26,103.33,44264.15
2026-09-09 02:15:00,103.34,103.5,103.21,103.26,52392.54
2026-09-09 02:20:00,103.26,103.31,103.01,103.16,76104.08
2026-09-09 02:25:00,103.15,103.29,103.06,103.25,72452.35
2026-09-09 02:30:00,103.26,103.3,103.03,103.25,63091.14
2026-09-09 02:35:00,103.25,103.36,103.11,103.27,32095.35
2026-09-09 02:40:00,103.26,103.41,103.07,103.07,56201.77
2026-09-09 02:45:00,103.08,103.09,102.84,103.07,128243.09
2026-09-09 02:50:00,103.06,103.07,102.84,102.88,54812.85
2026-09-09 02:55:00,102.89,103.19,102.81,103.18,63099.29
2026-09-09 03:00:00,103.19,103.23,103.06,103.19,43084.91
2026-09-09 03:05:00,103.2,103.49,103.15,103.44,35563.8
2026-09-09 03:10:00,103.44,103.76,103.44,103.6,102909.48
2026-09-09 03:15:00,103.61,103.62,103.31,103.32,25266.45
2026-09-09 03:20:00,103.32,103.4,103.17,103.32,63645.76
2026-09-09 03:25:00,103.33,103.46,103.26,103.43,40933.97
2026-09-09 03:30:00,103.44,103.46,103.03,103.05,31923.43
2026-09-09 03:35:00,103.06,103.36,103.02,103.27,36105.78
2026-09-09 03:40:00,103.27,103.31,103.12,103.22,29047.99
2026-09-09 03:45:00,103.23,103.27,103.11,103.13,25005.16
2026-09-09 03:50:00,103.13,103.25,103.06,103.06,10798.89
2026-09-09 03:55:00,103.06,103.18,103.01,103.05,23992.01
2026-09-09 04:00:00,103.05,103.24,103.01,103.13,32040.0
2026-09-09 04:05:00,103.14,103.23,103.12,103.2,17603.46
2026-09-09 04:10:00,103.2,103.29,103.2,103.23,17655.43
2026-09-09 04:15:00,103.24,103.31,103.12,103.16,41067.0
2026-09-09 04:20:00,103.16,103.18,102.95,102.98,41327.7
2026-09-09 04:25:00,102.98,103.28,102.98,102.99,63790.05
2026-09-09 04:30:00,102.99,103.04,102.82,102.97,46871.18
2026-09-09 04:35:00,102.96,103.12,102.92,103.11,24591.51
2026-09-09 04:40:00,103.11,103.11,102.89,103.01,40772.9
2026-09-09 04:45:00,103.02,103.09,102.99,103.01,15801.95
2026-09-09 04:50:00,103.01,103.02,102.76,102.83,28206.05
2026-09-09 04:55:00,102.84,102.98,102.83,102.97,19825.78
2026-09-09 05:00:00,102.98,103.39,102.92,103.27,43344.44
2026-09-09 05:05:00,103.27,103.31,103.02,103.04,19677.72
2026-09-09 05:10:00,103.05,103.28,103.02,103.25,49017.57
2026-09-09 05:15:00,103.25,103.35,103.17,103.18,31564.09
2026-09-09 05:20:00,103.18,103.41,103.18,103.27,38941.53
2026-09-09 05:25:00,103.27,103.3,103.21,103.26,8382.09
2026-09-09 05:30:00,103.26,103.3,103.16,103.18,18555.92
2026-09-09 05:35:00,103.18,103.27,103.15,103.2,11616.99
2026-09-09 05:40:00,103.2,103.37,103.2,103.2,22017.29
2026-09-09 05:45:00,103.2,103.36,103.2,103.33,13727.9
2026-09-09 05:50:00,103.33,103.39,103.32,103.32,11998.2
2026-09-09 05:55:00,103.32,103.38,103.31,103.36,16786.37
2026-09-09 06:00:00,103.36,103.54,103.34,103.42,55219.53
2026-09-09 06:05:00,103.43,103.44,103.31,103.38,18189.28
2026-09-09 06:10:00,103.38,103.41,103.21,103.35,36917.13
2026-09-09 06:15:00,103.35,103.37,103.27,103.29,15482.09
2026-09-09 06:20:00,103.29,103.37,103.26,103.29,16057.95
2026-09-09 06:25:00,103.29,103.41,103.27,103.38,22758.91
2026-09-09 06:30:00,103.39,103.4,103.3,103.32,12033.71
2026-09-09 06:35:00,103.32,103.42,103.31,103.39,9595.89
2026-09-09 06:40:00,103.39,103.4,103.31,103.32,9422.8
2026-09-09 06:45:00,103.32,103.35,103.23,103.3,10657.85
2026-09-09 06:50:00,103.3,103.39,103.27,103.28,11848.01
2026-09-09 06:55:00,103.28,103.34,103.23,103.33,18643.12
2026-09-09 07:00:00,103.33,103.58,103.3,103.57,30209.72
2026-09-09 07:05:00,103.58,103.7,103.57,103.63,32904.87
2026-09-09 07:10:00,103.63,103.78,103.61,103.74,50518.31
2026-09-09 07:15:00,103.74,103.75,103.61,103.63,21129.83
2026-09-09 07:20:00,103.63,103.79,103.62,103.64,24086.5
2026-09-09 07:25:00,103.65,103.65,103.5,103.59,31429.45
2026-09-09 07:30:00,103.6,103.61,103.4,103.48,22039.53
2026-09-09 07:35:00,103.48,103.63,103.36,103.63,16394.07
2026-09-09 07:40:00,103.63,103.68,103.5,103.66,20268.45
2026-09-09 07:45:00,103.67,103.8,103.65,103.74,27929.87
2026-09-09 07:50:00,103.75,103.77,103.59,103.73,36373.63
2026-09-09 07:55:00,103.74,103.83,103.63,103.72,43194.43
2026-09-09 08:00:00,103.73,103.77,103.55,103.55,34580.64
2026-09-09 08:05:00,103.56,103.82,103.53,103.82,43725.79
2026-09-09 08:10:00,103.82,103.9,103.62,103.64,50437.35
2026-09-09 08:15:00,103.64,103.68,103.36,103.41,31123.89
2026-09-09 08:20:00,103.41,103.48,103.32,103.39,37491.11
2026-09-09 08:25:00,103.39,103.55,103.36,103.47,14080.45
2026-09-09 08:30:00,103.46,103.5,103.3,103.48,25317.56
2026-09-09 08:35:00,103.47,103.72,103.44,103.7,28797.38
2026-09-09 08:40:00,103.71,103.79,103.6,103.69,28299.19
2026-09-09 08:45:00,103.68,103.87,103.68,103.72,57845.18
2026-09-09 08:50:00,103.72,103.81,103.59,103.79,44987.19
2026-09-09 08:55:00,103.78,103.85,103.67,103.73,54823.33
2026-09-09 09:00:00,103.73,103.77,103.6,103.73,44083.61
2026-09-09 09:05:00,103.74,103.91,103.63,103.9,47621.41
2026-09-09 09:10:00,103.9,103.98,103.57,103.61,51493.93
2026-09-09 09:15:00,103.6,103.61,103.29,103.49,97641.89
2026-09-09 09:20:00,103.5,103.75,103.36,103.75,59347.22
2026-09-09 09:25:00,103.75,103.75,103.5,103.56,31598.88
2026-09-09 09:30:00,103.55,103.66,103.46,103.55,14105.89
2026-09-09 09:35:00,103.55,103.62,103.48,103.58,8596.12
2026-09-09 09:40:00,103.58,103.69,103.52,103.68,13144.21
2026-09-09 09:45:00,103.67,103.68,103.58,103.6,13131.86
2026-09-09 09:50:00,103.59,103.68,103.54,103.55,10508.35
2026-09-09 09:55:00,103.54,103.54,103.4,103.42,19604.65
2026-09-09 10:00:00,103.41,103.44,103.22,103.27,54759.72
2026-09-09 10:05:00,103.28,103.38,103.2,103.22,25391.02
2026-09-09 10:10:00,103.23,103.27,102.96,103.0,146768.53
2026-09-09 10:15:00,103.0,103.09,102.91,102.92,74340.55
2026-09-09 10:20:00,102.92,103.02,102.9,103.01,35917.12
2026-09-09 10:25:00,103.01,103.03,102.95,103.01,23592.96
2026-09-09 10:30:00,103.01,103.1,103.0,103.08,23971.85
2026-09-09 10:35:00,103.08,103.19,103.04,103.17,15922.58
2026-09-09 10:40:00,103.17,103.34,103.17,103.25,47275.99
2026-09-09 10:45:00,103.24,103.31,103.12,103.15,38618.87
2026-09-09 10:50:00,103.16,103.22,103.07,103.21,22344.39
2026-09-09 10:55:00,103.21,103.34,103.16,103.25,37741.14
2026-09-09 11:00:00,103.25,103.91,103.24,103.91,218133.54
2026-09-09 11:05:00,103.91,103.96,103.61,103.61,112186.64
2026-09-09 11:10:00,103.6,103.72,103.51,103.61,66036.78
2026-09-09 11:15:00,103.61,103.69,103.52,103.64,46448.86
2026-09-09 11:20:00,103.63,103.88,103.6,103.88,23354.93
2026-09-09 11:25:00,103.87,103.96,103.83,103.9,39528.92
2026-09-09 11:30:00,103.89,103.92,103.78,103.9,32999.28
2026-09-09 11:35:00,103.89,104.01,103.89,103.94,26806.95
2026-09-09 11:40:00,103.93,104.29,103.92,104.29,125808.85
2026-09-09 11:45:00,104.29,104.33,104.0,104.17,86144.09
2026-09-09 11:50:00,104.18,104.39,104.18,104.35,61631.96
2026-09-09 11:55:00,104.35,104.39,104.27,104.38,48457.83
2026-09-09 12:00:00,104.38,104.41,104.11,104.16,70610.53
2026-09-09 12:05:00,104.17,104.23,104.08,104.22,30504.77
2026-09-09 12:10:00,104.21,104.5,104.2,104.41,99893.71
2026-09-09 12:15:00,104.4,104.68,104.36,104.55,140421.17
2026-09-09 12:20:00,104.56,104.6,104.42,104.48,49016.36
2026-09-09 12:25:00,104.48,104.56,104.29,104.31,75679.2
2026-09-09 12:30:00,104.3,104.42,104.08,104.19,89298.66
2026-09-09 12:35:00,104.18,104.25,103.97,104.0,80189.0
2026-09-09 12:40:00,104.0,104.07,103.83,103.93,65793.18
2026-09-09 12:45:00,103.92,103.93,103.69,103.81,85412.6
2026-09-09 12:50:00,103.82,103.96,103.8,103.95,53406.76
2026-09-09 12:55:00,103.95,104.03,103.92,104.03,27289.08
2026-09-09 13:00:00,104.03,104.14,103.93,104.01,60008.67
2026-09-09 13:05:00,104.01,104.17,103.98,104.07,19867.96
2026-09-09 13:10:00,104.07,104.32,104.06,104.3,40689.5
2026-09-09 13:15:00,104.29,104.4,104.25,104.39,27597.46
2026-09-09 13:20:00,104.39,104.67,104.37,104.6,99226.9
2026-09-09 13:25:00,104.59,104.63,104.48,104.55,67649.51
2026-09-09 13:30:00,104.56,104.69,104.47,104.6,47970.78
2026-09-09 13:35:00,104.6,104.74,104.52,104.58,44286.72
2026-09-09 13:40:00,104.59,104.6,104.52,104.55,15251.76
2026-09-09 13:45:00,104.55,104.58,104.47,104.52,22156.34
2026-09-09 13:50:00,104.53,104.58,104.4,104.45,32384.12
2026-09-09 13:55:00,104.45,104.5,104.42,104.48,11931.94
2026-09-09 14:00:00,104.48,104.68,104.46,104.68,30164.09
2026-09-09 14:05:00,104.68,105.19,104.66,104.91,248940.06
2026-09-09 14:10:00,104.92,104.95,104.73,104.77,71624.49
2026-09-09 14:15:00,104.76,104.92,104.75,104.78,57372.25
2026-09-09 14:20:00,104.77,104.87,104.73,104.84,35263.92
2026-09-09 14:25:00,104.84,104.84,104.68,104.74,40099.95
2026-09-09 14:30:00,104.74,104.78,104.6,104.65,26933.36
2026-09-09 14:35:00,104.64,104.71,104.62,104.65,13199.37
2026-09-09 14:40:00,104.65,104.68,104.58,104.62,16571.89
2026-09-09 14:45:00,104.62,104.67,104.55,104.56,25410.11
2026-09-09 14:50:00,104.55,104.61,104.44,104.46,45546.73
2026-09-09 14:55:00,104.46,104.53,104.43,104.53,22941.25
2026-09-09 15:00:00,104.53,104.84,104.5,104.82,74456.51
2026-09-09 15:05:00,104.82,104.87,104.62,104.67,58115.76
2026-09-09 15:10:00,104.68,104.82,104.58,104.59,45033.44
2026-09-09 15:15:00,104.58,104.76,104.57,104.75,51105.44
2026-09-09 15:20:00,104.74,104.84,104.63,104.7,29394.8
2026-09-09 15:25:00,104.69,104.97,104.66,104.94,72092.72
2026-09-09 15:30:00,104.93,104.95,104.82,104.91,29798.81
2026-09-09 15:35:00,104.9,105.03,104.71,104.75,61125.99
2026-09-09 15:40:00,104.75,104.87,104.7,104.74,24066.07
2026-09-09 15:45:00,104.73,104.81,104.7,104.71,15970.94
2026-09-09 15:50:00,104.7,104.86,104.66,104.8,31409.64
2026-09-09 15:55:00,104.79,104.81,104.71,104.78,14593.68
2026-09-09 16:00:00,104.78,104.8,104.66,104.71,23643.99
2026-09-09 16:05:00,104.7,104.71,104.46,104.47,51120.02
2026-09-09 16:10:00,104.46,104.55,104.41,104.52,35971.62
2026-09-09 16:15:00,104.51,104.54,104.33,104.35,46781.22
2026-09-09 16:20:00,104.36,104.4,104.27,104.27,49843.12
2026-09-09 16:25:00,104.28,104.32,104.22,104.23,48086.45
2026-09-09 16:30:00,104.22,104.29,104.12,104.17,40741.58
2026-09-09 16:35:00,104.16,104.17,103.9,103.95,98896.98
2026-09-09 16:40:00,103.94,103.97,103.53,103.55,220506.84
2026-09-09 16:45:00,103.55,103.64,103.39,103.45,157032.5
2026-09-09 16:50:00,103.44,103.68,103.39,103.53,90712.68
2026-09-09 16:55:00,103.52,103.57,103.43,103.52,25575.12
